{
  "test_loss_values": [
    0.520281553864479,
    0.5197140857577324,
    0.3519103392958641,
    0.49995212033391,
    0.16811777651309967,
    0.2354556977748871,
    0.5533811002969742,
    0.4348431169986725
  ],
  "log_exp_r_n_values": [
    857928.0753118558,
    849747.4092590108,
    865533.8413163504,
    857209.871803119,
    842408.6376042635,
    866252.0448250872,
    850257.0097529056,
    873713.0387798009
  ],
  "log_exp_r_n_acc_values": [
    -Infinity,
    -Infinity,
    -Infinity,
    -Infinity,
    -Infinity,
    -Infinity,
    -Infinity,
    -Infinity
  ],
  "model_data_levels": [
    200,
    100,
    2000,
    500,
    10000,
    5000,
    0,
    1000
  ],
  "loss_landscape_data_param": 1000,
  "train_loss_values": [
    0.18805904686450958,
    0.22511667013168335,
    0.009237187914550304,
    0.13538746535778046,
    0.06421869248151779,
    0.028568603098392487,
    0.2877993881702423,
    0.0047323559410870075
  ],
  "num_params": 235146,
  "dataset_type": "data",
  "top_r_vals": [
    [
      38.4172924235657,
      38.34570056035517,
      36.9444850984148,
      35.77137157378247,
      35.76678514729841,
      35.7019369868491,
      34.46078639556529,
      34.3268527142228,
      33.106422933507844,
      33.08451830199601,
      33.07384937949405,
      31.891826500655068,
      31.819028718788026,
      30.63989388202495,
      30.63052691750109,
      30.626174804613512,
      30.62026217316067,
      30.604620382751534,
      29.422228143424757,
      29.395314056203063,
      29.387491097260856,
      29.372753663965046,
      29.356830204963952,
      28.237623221320167,
      28.236859746281656,
      28.21188878595237,
      28.21039379529557,
      27.021988440220987,
      27.012792540898193,
      27.01183413821053,
      27.010816154538738,
      26.993774290762264,
      25.964883594470074,
      25.918909173201907,
      25.89251065203037,
      24.85994243768727,
      24.82772553190734,
      24.819543733069647,
      24.7827716735977,
      24.76430917845203,
      24.71936780429092,
      23.753594904583377,
      23.729473334894482,
      23.72180181638011,
      23.71012296633529,
      23.70786865585781,
      23.68727550726702,
      23.672703799501594,
      22.662230164531337,
      22.651677441709566
    ],
    [
      37.10374659484832,
      36.98843883771506,
      36.9444850984148,
      35.72220175609617,
      35.70204484989233,
      35.7019369868491,
      35.634425957520016,
      34.45877323414092,
      33.17264735265524,
      33.08451830199601,
      31.86800020496814,
      31.819028718788026,
      30.65342800908791,
      30.57863293222452,
      29.42655408429677,
      29.422228143424757,
      29.392677415594584,
      29.372753663965046,
      28.236859746281656,
      28.225082699931818,
      28.219633618784876,
      28.20774826551097,
      28.200241352806746,
      28.170819155450616,
      27.07331149995497,
      27.048638163267704,
      27.012792540898193,
      27.01183413821053,
      26.993774290762264,
      25.908504023804444,
      25.896466598189008,
      25.884349270940522,
      25.87364734404888,
      24.848246351040597,
      24.804249090611467,
      24.797744849231435,
      24.778985855558364,
      23.753594904583377,
      23.736531669023513,
      23.729473334894482,
      23.72870946529523,
      23.72180181638011,
      23.63293633042332,
      22.699275835695683,
      22.651677441709566,
      22.644637068571253,
      22.622816328996237,
      22.61195440541126,
      22.608899444875227,
      20.603141647689117
    ],
    [
      39.68020895363625,
      37.05749667770608,
      37.03647441194051,
      36.98843883771506,
      36.96643982218726,
      35.70204484989233,
      34.45877323414092,
      34.442191711011176,
      34.404926577763334,
      34.369235173930015,
      33.16645646032061,
      33.07906714940517,
      31.86800020496814,
      31.8410470462147,
      31.819463673458174,
      30.63989388202495,
      30.63978214118941,
      30.63895371775353,
      30.635389570413103,
      30.607365739486724,
      30.57863293222452,
      30.571290788703244,
      30.56729509054971,
      30.549767191899345,
      29.46204419202394,
      29.413378282350827,
      29.402165621236882,
      29.399628895430407,
      29.387491097260856,
      28.26545099871215,
      28.21700584423373,
      28.21039379529557,
      28.19728688196005,
      28.184092967980604,
      28.176280665260975,
      28.17350197122547,
      28.17244020826494,
      27.103146252182167,
      27.083676888880646,
      27.066869944413046,
      27.058067279585543,
      26.96547332329809,
      25.97710528303519,
      25.93572602099004,
      25.934710128798436,
      25.89251065203037,
      25.889604841620358,
      24.7609634266481,
      23.72870946529523,
      23.71749460635464
    ],
    [
      38.30013397310043,
      37.108504461828524,
      37.10374659484832,
      37.05749667770608,
      37.03647441194051,
      36.98843883771506,
      35.70204484989233,
      34.46078639556529,
      34.369235173930015,
      34.3268527142228,
      33.154747734629495,
      33.07906714940517,
      31.863472266719903,
      31.857320764956366,
      31.8410470462147,
      30.63989388202495,
      30.63052691750109,
      30.57863293222452,
      30.56729509054971,
      29.425651150530502,
      29.395314056203063,
      29.387491097260856,
      29.372753663965046,
      29.36066767347061,
      29.33999641110014,
      28.237623221320167,
      28.233575028092723,
      28.21188878595237,
      28.17350197122547,
      28.17244020826494,
      27.047204815020798,
      27.030508520952306,
      27.021988440220987,
      25.97710528303519,
      25.964883594470074,
      25.94344060519305,
      25.927341241456773,
      25.918909173201907,
      25.896466598189008,
      25.889604841620358,
      25.83021346858251,
      24.845573182738296,
      24.820342718575063,
      24.819543733069647,
      24.797744849231435,
      24.76430917845203,
      24.7609634266481,
      23.71749460635464,
      23.71012296633529,
      22.662230164531337
    ],
    [
      35.963643487393796,
      34.37500018041436,
      33.52053275756783,
      33.094952540199884,
      32.79914289142512,
      31.35533937847127,
      31.071540456485554,
      30.79346111314016,
      30.408446549349417,
      30.344034418528228,
      30.151421538120765,
      30.11763452091414,
      29.934425269629617,
      29.220038897306495,
      28.98848678880175,
      28.922829238088344,
      28.74324498200956,
      28.652432025828613,
      28.179044469403618,
      27.775019782581268,
      27.547128737812706,
      27.538707266817575,
      27.49676446135747,
      26.845014893756996,
      26.83246609731765,
      26.81857815465621,
      26.568390732238782,
      26.411856348692595,
      26.36679659874586,
      26.324183817499026,
      25.950444457238333,
      25.9290315232973,
      25.898653973104494,
      25.256405648152374,
      25.053546451679903,
      25.0016621284725,
      24.792118705301665,
      24.785246618390556,
      24.661262375359684,
      24.521811211054015,
      24.143190483167693,
      23.968998661747683,
      23.954228153935183,
      23.929830668885028,
      23.5637567451437,
      22.27247386348553,
      22.26210263163721,
      22.25518334233629,
      21.448479603133894,
      20.390384232145003
    ],
    [
      39.80158899367505,
      37.03647441194051,
      35.70204484989233,
      35.613262329579356,
      34.3268527142228,
      33.118875566490594,
      33.06338466683686,
      31.907180200071394,
      31.891826500655068,
      31.87676744795078,
      31.8410470462147,
      31.824272227622632,
      31.819028718788026,
      30.67684734696369,
      30.66425338417215,
      30.571290788703244,
      29.417558051568058,
      29.399628895430407,
      29.395314056203063,
      29.36771906810844,
      29.356830204963952,
