{
  "test_loss_values": [
    0.5435654744505882
  ],
  "log_exp_r_n_values": [
    797165.2365511539
  ],
  "log_exp_r_n_acc_values": [
    -Infinity
  ],
  "model_data_levels": [
    0
  ],
  "loss_landscape_data_param": 0,
  "train_loss_values": [
    0.002496715635061264
  ],
  "num_params": 235146,
  "dataset_type": "data",
  "top_r_vals": [
    [
      29.66900657439735,
      26.340834493252103,
      26.116171063847254,
      25.264677944237874,
      25.255178474328776,
      25.03883108195098,
      23.32631587859194,
      23.293446769556454,
      22.889976321608543,
      22.65170031729365,
      22.490087067898827,
      22.23050300340909,
      21.850498894849395,
      21.79288838427078,
      21.687783944955818,
      21.588493358183943,
      21.447639474620313,
      21.371647625507688,
      21.233970326066572,
      21.192624807906533,
      21.015940709227745,
      20.80024116243038,
      20.63741423487876,
      20.602474036150017,
      20.25739442109621,
      20.235731574585568,
      19.82460711117285,
      19.639030271121346,
      19.47417912821793,
      19.421987394598673,
      19.41586553786644,
      19.409258091299503,
      19.281998544130246,
      19.04825714584411,
      18.607998014495816,
      18.510486948272874,
      18.45209105380806,
      18.44957601418942,
      18.304058794609528,
      18.110569810759472,
      18.104679906377967,
      17.562821459002794,
      17.15413927822577,
      17.148711632463453,
      16.812392412251423,
      16.626643218784828,
      16.269777560092383,
      16.10887459062404,
      15.594577914675504,
      15.21411018573516
    ]
  ],
  "top_r_val_seeds": [
    [
      34,
      18,
      13,
      5,
      37,
      48,
      10,
      27,
      25,
      45,
      44,
      3,
      1,
      20,
      14,
      29,
      47,
      12,
      46,
      17,
      36,
      50,
      26,
      42,
      39,
      2,
      43,
      15,
      40,
      24,
      38,
      7,
      28,
      33,
      16,
      22,
      41,
      11,
      19,
      35,
      49,
      21,
      31,
      23,
      4,
      32,
      30,
      8,
      9,
      6
    ]
  ],
  "loss_predicts_minimas": true,
  "loss_ordering_violations": 0,
  "test_loss_ranks": [
    1
  ],
  "log_exp_r_n_ranks": [
    1
  ],
  "data_level_ranks": [
    1
  ],
  "accuracy_predicts_minimas": true,
  "accuracy_ordering_violations": 0,
  "log_exp_r_n_acc_ranks": [
    1
  ]
}