{
  "test_loss_values": [
    0.519700785279274,
    0.540205081999302,
    0.34727831184864044,
    0.4926590397953987,
    0.17276766896247864,
    0.22612890005111694,
    0.5674010798335075,
    0.4351556599140167
  ],
  "log_exp_r_n_values": [
    795234.892160036,
    785755.6879094142,
    840691.9403156285,
    814059.9480923371,
    816054.3064742085,
    840246.1566471094,
    767707.3467858309,
    849777.5604368697
  ],
  "log_exp_r_n_acc_values": [
    -Infinity,
    -Infinity,
    -Infinity,
    -Infinity,
    -Infinity,
    -Infinity,
    -Infinity,
    -Infinity
  ],
  "model_data_levels": [
    200,
    100,
    2000,
    500,
    10000,
    5000,
    0,
    1000
  ],
  "loss_landscape_data_param": 1000,
  "train_loss_values": [
    0.1910284161567688,
    0.237218976020813,
    0.010554255917668343,
    0.1340567022562027,
    0.06620956212282181,
    0.03038504533469677,
    0.2948414981365204,
    0.005252356640994549
  ],
  "num_params": 235146,
  "dataset_type": "data",
  "top_r_vals": [
    [
      29.42644676839832,
      29.36066767347061,
      29.34096595473442,
      28.263799762000957,
      28.209023091272943,
      28.205218144743817,
      28.185714020794926,
      27.074562700621804,
      26.97863391153662,
      25.954224064363313,
      25.933606181745922,
      25.9169899033632,
      24.829276687361215,
      24.81231853211246,
      24.797744849231435,
      24.79301179642298,
      24.760933776795362,
      24.745311425438477,
      23.767332621907435,
      23.714087031814223,
      23.69355356053588,
      23.684152891893515,
      23.673567628599187,
      23.671313318121705,
      22.68859629781435,
      22.683515146101897,
      22.66985901654156,
      22.65433770818381,
      22.65101201886893,
      22.608801127581856,
      22.570919046979704,
      21.609828942135298,
      21.58524990084195,
      21.57844617861015,
      20.624893096386703,
      20.59923594714578,
      20.561072783627772,
      20.557433940235985,
      20.554656553182944,
      19.610503690326635,
      19.608930379362267,
      19.58350093944913,
      19.576638048518348,
      18.642835197507495,
      18.624254706351376,
      18.62152131590373,
      18.609682875285714,
      17.680472500176567,
      16.77130687815057,
      16.766094184355893
    ],
    [
      28.263799762000957,
      28.237623221320167,
      28.155595818287413,
      27.074562700621804,
      27.04589062874216,
      25.88583805034812,
      25.875540523558435,
      23.74639782070292,
      23.72753382224013,
      23.700218024402794,
      23.684152891893515,
      22.671275355521423,
      22.646745903269636,
      22.609724455206553,
      22.59460781512876,
      21.645583488017586,
      21.640735920888993,
      21.627707574461503,
      21.614286365751298,
      21.612899792988774,
      21.60725698559932,
      21.60159106866383,
      21.56828341589188,
      21.54382535986899,
      20.636821351976444,
      20.581260656684957,
      20.569617394169686,
      20.554656553182944,
      20.554631940144695,
      19.600751874952653,
      19.58144922358337,
      19.566861573097903,
      18.638571014639343,
      18.63287684191436,
      18.598153875095733,
      18.56699181744518,
      17.698479580519788,
      17.67410959785284,
      17.66757532670123,
      17.66398882194618,
      17.662218381652885,
      16.796834413416654,
      16.779777373693463,
      16.763053710055903,
      16.762165410485956,
      16.75026093026351,
      15.883233607283433,
      15.86685839934992,
      15.007195709082868,
      13.336944168563598
    ],
    [
      35.70204484989233,
      34.45877323414092,
      34.36357234566534,
      34.3268527142228,
      33.079519328347146,
      31.90308922089271,
      31.87762933969347,
      30.64119816729493,
      30.63989388202495,
      30.608656538793795,
      30.604620382751534,
      30.571290788703244,
      29.43955225992804,
      29.407699791103518,
      29.3844122411398,
      28.248434382970125,
      28.230904640981286,
      28.224949535680913,
      28.17244020826494,
      28.15466544405444,
      28.13887393942072,
      27.118821157951196,
      27.10606231577712,
      27.058067279585543,
      27.05097203553197,
      27.030508520952306,
      27.01183413821053,
      27.00926194200973,
      26.96547332329809,
      25.959068712358906,
      25.890103819165514,
      25.877174430421974,
      24.814665552034622,
      24.81072680317589,
      24.807201591736952,
      24.7609634266481,
      24.760855750867098,
      23.753594904583377,
      23.729473334894482,
      23.72870946529523,
      23.705823215973872,
      23.69603613673345,
      23.680093342714674,
      22.660570169650516,
      22.618223913974017,
      21.60364509949145,
      21.582827476662718,
      20.59354774446392,
      20.5823229035989,
      20.58039272323088
    ],
    [
      31.879102573253654,
      31.87762933969347,
      31.819028718788026,
      30.608749013968033,
      30.571290788703244,
      29.453725359619927,
      29.372753663965046,
      29.34096595473442,
      29.32354007315502,
      28.237726201674196,
      28.205218144743817,
      27.058067279585543,
      27.034638334309786,
      26.993774290762264,
      25.964883594470074,
      25.959068712358906,
      25.954224064363313,
      25.94344060519305,
      25.927341241456773,
      25.9169899033632,
      25.912112642456158,
      25.907166894435075,
      25.874622470101173,
      25.87364734404888,
      24.85994243768727,
      24.829276687361215,
      24.759509023345274,
      23.72028004491285,
      23.716909768692712,
      23.716797873731885,
      23.689934131536297,
      23.680093342714674,
      23.675902503448462,
      23.63293633042332,
      22.618223913974017,
      22.608899444875227,
      22.608801127581856,
      21.64325486140758,
      21.620580318585112,
      21.616330880883492,
      21.583243448491476,
      20.603948696259103,
      20.60163247981748,
      20.58341364982029,
      20.574915674508745,
      20.567308950266458,
      19.60123521186334,
      19.59055124673304,
      18.62763276435743,
      18.62152131590373
    ],
    [
      32.150630625696444,
      30.549553470473416,
      30.09680794642254,
      29.214585666127693,
      28.95479963176859,
      28.703735730524386,
      27.266184644975425,
      27.054914796161903,
      26.4017480770415,
      25.25992344047313,
      25.255178474328776,
      25.206512766285428,
      24.78186836293857,
      24.780442404904516,
      24.56484227180094,
      24.366663241068895,
      24.168728252712473,
      23.929830668885028,
      23.883906611689813,
      23.78101792616008,
      23.7628630066684,
      23.7466332016243,
      23.728155687314402,
      23.69834852350929,
      23.524564618343945,
      23.12065171794041,
      23.065677768741548,
      22.689761287892626,
      22.637329369065014,
      22.42811213248707,
      21.87864103624395,
      21.809619469358307,
      21.65323719753115,
      21.482699669202212,
      21.47028248886027,
      21.223521079165817,
      21.207324278971704,
      21.033730513233454,
      20.638512036562062,
      20.4284608584905,
      20.40293551157519,
      20.21184046958699,
      20.037828298180905,
      19.610509589883556,
      19.0651171752147,
      18.41860486519168,
      17.724279286900714,
      17.722617129714806,
      17.181233195313684,
      16.812392412251423
    ],
    [
      35.634425957520016,
      34.36357234566534,
      33.17070944290391,
      31.90308922089271,
      31.87762933969347,
      31.819463673458174,
      30.64119816729493,
      30.604620382751534,
      29.413239511792487,
      29.39664255301491,
      28.174501590868914,
      27.030508520952306,
      27.010816154538738,
      26.993774290762264,
      25.945061466892014,
      25.94344060519305,
      25.933606181745922,
      25.927341241456773,
      25.918909173201907,
      25.9169899033632,
