{
  "test_loss_values": [
    1.2431249131560325,
    0.46131550073623656,
    0.10554559528827667,
    0.7161361780762673,
    0.2522964417934418,
    0.06357774138450623
  ],
  "log_exp_r_n_values": [
    908585.844587802,
    807494.8982618888,
    767857.145942068,
    860718.2577153906,
    787935.5932895254,
    767208.2032263995
  ],
  "log_exp_r_n_acc_values": [
    -Infinity,
    -Infinity,
    -Infinity,
    -Infinity,
    -Infinity,
    -Infinity
  ],
  "model_data_levels": [
    0,
    1940,
    19940,
    540,
    5940,
    59940
  ],
  "loss_landscape_data_param": 0,
  "train_loss_values": [
    0.00018064241157844663,
    0.0013028584653511643,
    0.0026704699266701937,
    0.0006687884451821446,
    0.002882277127355337,
    0.0049422988668084145
  ],
  "num_params": 235146,
  "dataset_type": "data",
  "top_r_vals": [
    [
      47.65314391398598,
      47.582301548993925,
      44.680805749253906,
      44.57967178442809,
      44.56814292158087,
      44.524403861950475,
      44.517543712157085,
      44.50629228183827,
      44.50612133856319,
      44.48825636514291,
      44.47050068332473,
      44.46605055347509,
      44.454860774829264,
      44.442219379519635,
      44.43095113510819,
      44.41993510208621,
      41.71586320400481,
      41.70400076824212,
      41.698362837955784,
      41.68568076811059,
      41.6840100762747,
      41.68346539931253,
      41.67396235750617,
      41.65186104231034,
      41.65048887534794,
      41.64912980158175,
      41.63250929831777,
      41.63195676543788,
      41.631621579615,
      41.62645238575285,
      41.620471413725916,
      41.61308423242646,
      41.60936576470394,
      41.60792027584279,
      41.60401850337338,
      41.6001691036888,
      41.597788760618535,
      41.59318519283248,
      41.58928865764156,
      41.58530308871643,
      41.585022894317625,
      41.58500194520369,
      41.5765070795052,
      41.57221251114961,
      41.56871662776259,
      41.56822956086373,
      41.55431411193592,
      41.55140218509969,
      41.54932298554217,
      41.54889091006737
    ],
    [
      31.001681929254474,
      30.92649335484641,
      30.902823238102304,
      30.871431093631433,
      30.8605408549321,
      28.562134125344354,
      28.53511320592287,
      28.516677786386595,
      28.5134530676079,
      28.495335098140497,
      28.48445929465106,
      28.473452565427,
      28.438256858356294,
      28.42875846533517,
      26.24990419392294,
      26.222917151784383,
      26.199565388088196,
      26.19171503147001,
      26.18893298104447,
      26.18503086295205,
      26.175174267483474,
      26.172835302649688,
      26.17191618829951,
      26.171300151082725,
      26.165256727156553,
      26.164464443998067,
      26.16265751130605,
      26.15428665265443,
      26.15203992868733,
      26.146960092386347,
      26.143469763877338,
      26.14295585047724,
      26.122148946406544,
      26.112646489979703,
      26.106215983845125,
      24.0054328824267,
      23.995123215663583,
      23.9934699918017,
      23.9910587263696,
      23.99037302276235,
      23.987484025366513,
      23.98303524064429,
      23.980198989679785,
      23.979472595968367,
      23.977337119020063,
      23.976784035011576,
      23.97515643084491,
      23.97395682629244,
      23.972853672357257,
      23.972576376832563
    ],
    [
      26.192546846428503,
      26.12036177961453,
      26.10905074333734,
      23.99223421826775,
      23.98613070264275,
      23.971165786554785,
      23.965722354841823,
      23.96550684799383,
      23.95318980275849,
      23.950181749131946,
      23.94958797501929,
      23.949476453993057,
      23.943996853298614,
      23.93222686390818,
      23.929441852334108,
      23.9254768277392,
      23.919545114776238,
      23.90909227912809,
      23.893978165991513,
      23.885460370852627,
      21.865610001829378,
      21.858083761756415,
      21.852820474363668,
      21.850399609330164,
      21.849064906657127,
      21.8471191518344,
      21.846778610411647,
      21.84122558817938,
      21.841133587069205,
      21.834681150998627,
      21.82079035651257,
      21.82066814608263,
      21.818942095403614,
      21.81807563718686,
      21.81465099884678,
      21.814282994406067,
      21.81411958944918,
      21.813702151576134,
      21.813191339442007,
      21.812624228121056,
      21.8114556767067,
      21.808414147467218,
      21.8032799362589,
      21.80115292551761,
      21.79998712040505,
      21.799459830460144,
      21.797371267944,
      21.79403313811051,
      21.793497609260218,
      21.7874571184591
    ],
    [
      38.876238115052054,
      38.85881557645586,
      38.82884549009669,
      38.80997778646632,
      38.72512316385128,
      38.711462448426836,
      36.174253605614034,
      36.1011128070926,
      36.10019576648051,
      36.058011898324516,
      36.02757931543777,
      36.02687110585615,
      36.01750094831483,
      35.98014743268983,
      35.97624093047844,
      33.531419174681645,
      33.50128998964153,
      33.491990650567395,
      33.4890080422677,
      33.48274603825105,
      33.47248477116494,
      33.469942081802884,
      33.45643930675522,
      33.451080294242146,
      33.45032043425895,
      33.44559077946049,
      33.44244188601212,
      33.43762172157577,
      33.436131469863575,
      33.43399712630966,
      33.42967792219465,
      33.429042249854135,
      33.42644272885899,
      33.40156520769167,
      33.38689422685266,
      33.337002367623526,
      30.982203659214864,
      30.98170740995319,
      30.98018947103513,
      30.977605082723347,
      30.969828564881578,
      30.966331467143423,
      30.963392893084098,
      30.962579433510058,
      30.96218632625179,
      30.96198782654712,
      30.96175624355834,
      30.95965448197948,
      30.958105405852844,
      30.956322800661887
    ],
    [
      28.52731505394858,
      28.519672936753906,
      28.466235508494034,
      26.206394506539517,
      26.18024257367612,
      26.170194907840845,
      26.160206539705577,
      26.15428665265443,
      26.15203992868733,
      26.14295585047724,
      26.12036177961453,
      24.000126591435187,
      23.99223421826775,
      23.977421513310187,
      23.965722354841823,
      23.96193063994985,
      23.956919728973766,
      23.94170313705633,
      23.93947874469522,
      23.93819625289352,
      23.93222686390818,
      23.93114631558642,
      23.92939814814815,
      23.922738534432874,
      23.910743995949076,
      23.895348066165127,
      23.893978165991513,
      23.890694323881174,
      23.888053988233025,
      23.88737581983025,
      23.885460370852627,
      21.874786769281958,
      21.870795019620928,
      21.863325078734793,
      21.858083761756415,
      21.857571576471393,
      21.855131487325316,
      21.852311035380442,
      21.841496098906326,
      21.840506057108733,
      21.839693151777006,
      21.836339917283635,
      21.8306125048873,
      21.829108904653786,
      21.828929021886122,
      21.821835324346093,
      21.821733711179625,
      21.82079035651257,
      21.82077525185269,
      21.81936777218205
    ],
    [
      26.12036177961453,
      23.99223421826775,
      23.971165786554785,
      23.9644473982446,
      23.963686342592595,
      23.93947874469522,
      23.925609447337965,
      23.9254768277392,
      23.919545114776238,
      23.888053988233025,
      21.875407433487936,
      21.857798146369593,
      21.855131487325316,
      21.852820474363668,
      21.849064906657127,
      21.844669450632033,
      21.836832878456082,
      21.836536277862074,
      21.836339917283635,
      21.83308143020224,
      21.825117154992757,
      21.822376345799977,
      21.821733711179625,
      21.82066814608263,
      21.81956413276049,
      21.81674093451382,
      21.8114556767067,
      21.806016625998986,
      21.803479043139134,
