{
  "test_loss_values": [
    0.5297451055049897,
    0.5344185465574265,
    0.3504063472151756,
    0.5177828721702099,
    0.1741010695695877,
    0.2271109938621521,
    0.5579330787062645,
    0.4424054384231567
  ],
  "log_exp_r_n_values": [
    840715.8270845321,
    831925.0664659808,
    866143.2087101726,
    840715.8270845321,
    847458.4491906789,
    857819.2391969411,
    819267.7189196708,
    857819.2391969411
  ],
  "log_exp_r_n_acc_values": [
    -Infinity,
    -Infinity,
    -Infinity,
    -Infinity,
    -Infinity,
    -Infinity,
    -Infinity,
    -Infinity
  ],
  "model_data_levels": [
    200,
    100,
    2000,
    500,
    10000,
    5000,
    0,
    1000
  ],
  "loss_landscape_data_param": 2000,
  "train_loss_values": [
    0.3362802267074585,
    0.36346375942230225,
    0.010853273794054985,
    0.29791706800460815,
    0.07073645293712616,
    0.033230554312467575,
    0.41389063000679016,
    0.17011946439743042
  ],
  "num_params": 235146,
  "dataset_type": "data",
  "top_r_vals": [
    [
      35.70567174472098,
      33.04372009229566,
      31.83542871469199,
      30.610236323020363,
      28.26874104347112,
      28.237726201674196,
      28.230904640981286,
      27.098408712786508,
      27.074562700621804,
      27.044668367410473,
      25.94344060519305,
      25.896466598189008,
      25.88583805034812,
      24.838045241179447,
      24.78974251002875,
      24.760855750867098,
      23.72870946529523,
      23.724045683327915,
      23.68727550726702,
      23.64447046298547,
      22.65433770818381,
      22.651118885492156,
      22.65101201886893,
      22.648422996810172,
      22.646745903269636,
      22.644637068571253,
      22.625355479964156,
      22.608899444875227,
      22.60757144897057,
      21.629058803212434,
      21.597468053772907,
      20.636821351976444,
      20.58518967484348,
      20.564597629789773,
      20.563133801725435,
      19.633182302056767,
      19.62878541577233,
      19.576638048518348,
      19.5703250766237,
      19.566861573097903,
      19.565626104770082,
      18.641243454699648,
      18.63342422327759,
      18.62236290009816,
      18.58647835955157,
      17.69904932623328,
      17.657351061827075,
      17.65668561663827,
      17.627045486121524,
      16.777891055841838
    ],
    [
      34.39548420127613,
      31.83542871469199,
      30.610236323020363,
      30.550776712551443,
      29.419445331161494,
      27.074562700621804,
      27.07341023415725,
      25.962090298604558,
      25.903750691960905,
      24.82772553190734,
      24.791966248984252,
      24.772600213589293,
      24.760855750867098,
      23.749442855570255,
      23.69355356053588,
      22.65793412627754,
      22.644637068571253,
      22.625355479964156,
      22.60757144897057,
      22.58193485850213,
      21.636697187871874,
      21.620580318585112,
      21.612899792988774,
      21.60725698559932,
      21.582827476662718,
      21.579982283729418,
      21.56955036276901,
      20.61136499331072,
      20.592942781892198,
      20.58518967484348,
      20.567705349724587,
      19.633182302056767,
      19.62878541577233,
      19.600751874952653,
      19.596967790822834,
      19.58959936893955,
      19.58954018482804,
      19.566861573097903,
      18.67257898652955,
      18.605905123393452,
      18.59891341069182,
      17.69753816475101,
      17.69011477870666,
      17.657977559554997,
      17.645545530041066,
      16.777891055841838,
      16.744859393686152,
      16.73961399527548,
      15.88501933988804,
      15.820395394746187
    ],
    [
      39.783171295815656,
      37.10374659484832,
      37.06531533809393,
      35.73837222399391,
      35.70377964717097,
      34.428450260772586,
      34.38735146205963,
      34.37768179315355,
      34.3268527142228,
      33.09611658766904,
      31.912758443606073,
      31.907180200071394,
      31.863321936764784,
      31.819028718788026,
      30.65342800908791,
      30.65151300235473,
      30.61741085528833,
      30.608656538793795,
      30.607365739486724,
      30.568957717119865,
      30.53263231273949,
      29.407699791103518,
      29.37066285421938,
      29.358554660435605,
      28.23912531407035,
      28.233575028092723,
      28.225082699931818,
      28.214323028458875,
      28.189815479722732,
      27.118821157951196,
      27.09999186465067,
      27.065133584303968,
      27.058067279585543,
      27.014498259358287,
      26.993774290762264,
      25.93572602099004,
      25.89251065203037,
      25.890103819165514,
      25.886191900437332,
      25.88175491383484,
      25.874622470101173,
      24.848246351040597,
      24.81822353436343,
      24.807813315014535,
      24.762745538849636,
      24.759509023345274,
      23.672675452778183,
      22.63823077073076,
      21.618845743246894,
      21.533315953960088
    ],
    [
      35.70567174472098,
      34.3268527142228,
      33.13210336337388,
      31.83542871469199,
      29.42655408429677,
      29.3844122411398,
      28.26874104347112,
      28.21039379529557,
      28.185714020794926,
      27.094934290254514,
      27.04224257019926,
      27.010848498501556,
      25.957552211976576,
      25.94344060519305,
      25.934710128798436,
      25.91457654791605,
      25.90607436190157,
      25.87356581177026,
      25.84281998950271,
      24.829276687361215,
      24.814665552034622,
      24.807084552844557,
      24.778985855558364,
      24.77620501147506,
      23.72870946529523,
      23.716909768692712,
      23.714087031814223,
      23.71233102689563,
      23.70786865585781,
      23.684152891893515,
      23.68246700781704,
      22.65433770818381,
      22.638162376091895,
      21.572464884340437,
      21.56828341589188,
      21.555915730604184,
      20.636821351976444,
      20.62711215609839,
      20.567705349724587,
      20.561072783627772,
      20.556135926324067,
      20.55540660313803,
      19.62878541577233,
      19.60946057036123,
      19.60123521186334,
      19.56419458907288,
      19.531352339192825,
      18.62236290009816,
      17.69904932623328,
      17.697059667374443
    ],
    [
      36.74432319800176,
      34.66091468869585,
      33.54045275470509,
      33.154965267176756,
      32.579548023365156,
      31.812783754725697,
      31.599775020425746,
      30.917206783958783,
      30.08253932561018,
      29.911918781112195,
      29.8059368607534,
      29.627426611813863,
      29.401674442205085,
      28.74324498200956,
      28.716729129989098,
      28.683669631545605,
      28.258447744524215,
      27.763360652157527,
      27.517883958651506,
      27.303766909648335,
      27.023506012933918,
      26.858370893089358,
      26.661072000262507,
      26.411856348692595,
      25.942605721076422,
      25.903093856763228,
      25.71482639890892,
      25.486783934937257,
      25.01756399283745,
      25.002604391144935,
      24.835645566693877,
      24.644139428173954,
      24.442538290292294,
      24.360206834712592,
      23.897310233410494,
      23.73268545622015,
      23.5006047474644,
      23.273655201359333,
      23.088324786223247,
      22.63895863769175,
      22.481994776754288,
      22.45730657463542,
      22.271444582441983,
      22.229224454303296,
      22.226996445949165,
      21.601408908027015,
      21.361222210518164,
      21.233970326066572,
      20.788965005242254,
      18.30259029707123
    ],
    [
      38.39951529199074,
      37.10374659484832,
      35.69093046214604,
      33.13210336337388,
      33.10803160697884,
      33.04372009229566,
      31.8410470462147,
      30.67354713918307,
      30.668185505643393,
      30.596014411849005,
      30.583457053813934,
      30.53263231273949,
      29.427806719870063,
      29.42655408429677,
      29.404961385418922,
      29.35842699152193,
      28.248434382970125,
      28.225082699931818,
      28.224949535680913,
      28.20774826551097,
