{
  "test_loss_values": [
    0.5004135519266129,
    0.5037397129833698,
    0.34344325959682465,
    0.472473981231451,
    0.1695643812417984,
    0.2279261529445648,
    0.5297454953193664,
    0.42469351887702944
  ],
  "log_exp_r_n_values": [
    906119.1062991467,
    898471.9134173153,
    882794.061656829,
    913643.9388316472,
    832357.3466957749,
    841148.1073143262,
    874754.6864034171,
    882794.061656829
  ],
  "log_exp_r_n_acc_values": [
    -Infinity,
    -Infinity,
    -Infinity,
    -Infinity,
    -Infinity,
    -Infinity,
    -Infinity,
    -Infinity
  ],
  "model_data_levels": [
    200,
    100,
    2000,
    500,
    10000,
    5000,
    0,
    1000
  ],
  "loss_landscape_data_param": 500,
  "train_loss_values": [
    0.06165796518325806,
    0.10945432633161545,
    0.009983695112168789,
    0.0037425218615680933,
    0.06600740551948547,
    0.033720552921295166,
    0.1706087440252304,
    0.005313454195857048
  ],
  "num_params": 235146,
  "dataset_type": "data",
  "top_r_vals": [
    [
      47.1554020334773,
      35.72744659657329,
      35.71547379877462,
      35.70567174472098,
      35.70377964717097,
      34.418668028001925,
      34.3984519908598,
      34.36404208333103,
      34.34990233018697,
      34.345412763741656,
      33.18007809047594,
      33.17264735265524,
      33.154747734629495,
      33.10195740598407,
      33.087593952311025,
      33.06338466683686,
      31.90308922089271,
      31.87676744795078,
      31.85967994305206,
      31.845342474132348,
      30.64119816729493,
      30.63989388202495,
      30.63978214118941,
      30.635389570413103,
      30.626030312153766,
      30.608656538793795,
      30.57863293222452,
      30.53263231273949,
      29.428012100296407,
      29.387491097260856,
      29.36252164813004,
      29.33999641110014,
      28.26874104347112,
      28.225082699931818,
      27.118821157951196,
      27.083676888880646,
      27.02354265275,
      27.01183413821053,
      27.010848498501556,
      26.99466630321046,
      25.90607436190157,
      25.889604841620358,
      24.807813315014535,
      24.77668253015603,
      24.71936780429092,
      23.729473334894482,
      23.71012296633529,
      23.69355356053588,
      20.563133801725435,
      17.65668561663827
    ],
    [
      45.64652730659964,
      35.70875258289327,
      35.70377964717097,
      34.468505679048405,
      34.418668028001925,
      34.404926577763334,
      34.39548420127613,
      34.36404208333103,
      33.154747734629495,
      33.02409510945905,
      31.90308922089271,
      31.86800020496814,
      31.802213812207924,
      30.64119816729493,
      30.63989388202495,
      30.626030312153766,
      30.62252974149563,
      30.604620382751534,
      30.591340562417727,
      30.573221207965464,
      30.571290788703244,
      30.568957717119865,
      29.455446114543356,
      29.425651150530502,
      29.39664255301491,
      29.396553739857573,
      29.36771906810844,
      28.237623221320167,
      28.233575028092723,
      28.185714020794926,
      28.15466544405444,
      27.083676888880646,
      27.074751657457206,
      27.061288057356503,
      27.037470984526955,
      27.01183413821053,
      25.90607436190157,
      25.873678326314757,
      25.858177409503547,
      24.845573182738296,
      24.77668253015603,
      24.77620501147506,
      24.71936780429092,
      23.767332621907435,
      23.729473334894482,
      23.71749460635464,
      23.69355356053588,
      22.644637068571253,
      19.572286783319868,
      17.65668561663827
    ],
    [
      42.702381498057875,
      36.986427059565166,
      35.70567174472098,
      34.468505679048405,
      34.41646004450423,
      34.36404208333103,
      33.154747734629495,
      33.13210336337388,
      33.118875566490594,
      33.106422933507844,
      33.06590811706145,
      31.90308922089271,
      31.87676744795078,
      31.85132560634615,
      31.84688987047039,
      31.8410470462147,
      30.608656538793795,
      30.591340562417727,
      30.573221207965464,
      30.568957717119865,
      30.549767191899345,
      30.53263231273949,
      29.427806719870063,
      29.413378282350827,
      29.413239511792487,
      29.409877563732415,
      29.387491097260856,
      28.26874104347112,
      28.26545099871215,
      28.237726201674196,
      28.185714020794926,
      28.1724739432085,
      27.118821157951196,
      27.083676888880646,
      27.034638334309786,
      27.01928005891359,
      25.934891130456972,
      25.933511604302726,
      25.874622470101173,
      24.814665552034622,
      24.807813315014535,
      24.791966248984252,
      24.746129137166676,
      24.71936780429092,
      23.729473334894482,
      23.6877320387072,
      22.644637068571253,
      22.622816328996237,
      20.563133801725435,
      18.598212481237407
    ],
    [
      48.68881130875946,
      37.06293757017634,
      37.05051722952443,
      35.781474745498464,
      35.72973868624195,
      35.70567174472098,
      35.67303193840986,
      35.65835357594348,
      35.6536929936172,
      34.46078639556529,
      34.442191711011176,
      34.42592839726787,
      34.3984519908598,
      34.393661532545686,
      34.38735146205963,
      33.16645646032061,
      33.12132816840169,
      33.106422933507844,
      33.087593952311025,
      33.06338466683686,
      31.766150658174173,
      30.67354713918307,
      30.641412016135355,
      30.64119816729493,
      30.63989388202495,
      30.608656538793795,
      30.599220217889258,
      30.57863293222452,
      30.573221207965464,
      30.549767191899345,
      29.42644676839832,
      29.413239511792487,
      28.285090062435287,
      28.248434382970125,
      28.233575028092723,
      28.225082699931818,
      28.185714020794926,
      28.17350197122547,
      28.155595818287413,
      27.010848498501556,
      26.96547332329809,
      25.93572602099004,
      25.922633567689264,
      25.90607436190157,
      25.896466598189008,
      25.890103819165514,
      24.77620501147506,
      23.71012296633529,
      21.57844617861015,
      18.598212481237407
    ],
    [
      34.45877323414092,
      34.3984519908598,
      33.18007809047594,
      31.87004469235778,
      31.86800020496814,
      31.802213812207924,
      30.62252974149563,
      30.61185849170179,
      29.449948950158944,
      29.43955225992804,
      29.407699791103518,
      29.39807096462877,
      29.372753663965046,
      29.36771906810844,
      29.33999641110014,
      28.238928230979013,
      28.237726201674196,
      28.205218144743817,
      28.185714020794926,
      28.176280665260975,
      27.103146252182167,
      27.072579505007024,
      25.921872056206954,
      25.907166894435075,
      25.899179992421477,
      25.89251065203037,
      24.85994243768727,
      24.82772553190734,
      24.819543733069647,
      24.807813315014535,
      24.807201591736952,
      24.793086701314113,
      24.762745538849636,
      24.71936780429092,
      23.75083035308452,
      23.6877320387072,
      23.67260085613763,
      23.64447046298547,
      22.66311786994829,
      22.62881225900353,
      22.609724455206553,
      21.616330880883492,
      21.60364509949145,
      21.596557265781836,
      21.56955036276901,
      21.556628048376304,
      20.567308950266458,
      19.60946057036123,
      16.74653787897806,
      16.73961399527548
    ],
    [
      35.77137157378247,
      35.70875258289327,
      33.12997791396919,
      31.87004469235778,
      31.857320764956366,
      31.848577574766548,
      31.819463673458174,
      30.67684734696369,
      30.66425338417215,
      30.65342800908791,
      30.62252974149563,
      30.610236323020363,
      30.56729509054971,
      29.427806719870063,
      29.36771906810844,
      29.36252164813004,
      28.26874104347112,
      28.205218144743817,
      28.192979462324182,
      28.185714020794926,
      28.15466544405444,
