{
  "test_loss_values": [
    0.5222830557823182,
    0.5336812135577201,
    0.3461505815386772,
    0.49116983115673063,
    0.1755058318376541,
    0.22398731112480164,
    0.5609321743249893,
    0.424371337890625
  ],
  "log_exp_r_n_values": [
    920937.0859017326,
    928228.5807961049,
    913530.7596064724,
    906005.9270739721,
    890585.135718902,
    906005.9270739721,
    920937.0859017326,
    928228.5807961049
  ],
  "log_exp_r_n_acc_values": [
    -Infinity,
    -Infinity,
    -Infinity,
    -Infinity,
    -Infinity,
    -Infinity,
    -Infinity,
    -Infinity
  ],
  "model_data_levels": [
    200,
    100,
    2000,
    500,
    10000,
    5000,
    0,
    1000
  ],
  "loss_landscape_data_param": 0,
  "train_loss_values": [
    0.0025859803427010775,
    0.002275921870023012,
    0.008963002823293209,
    0.00346956099383533,
    0.06768512725830078,
    0.02618836611509323,
    0.0019226761069148779,
    0.004762931726872921
  ],
  "num_params": 235146,
  "dataset_type": "data",
  "top_r_vals": [
    [
      50.22257645008964,
      47.090584207967645,
      47.025766382457995,
      45.57519821853235,
      44.0169049303916,
      42.734547963254016,
      42.696906412121315,
      42.638810412058525,
      42.53890149455664,
      41.26711041639376,
      41.21058081708795,
      41.18913399625621,
      41.18713267319539,
      39.786603958100216,
      39.783171295815656,
      38.47689753139125,
      38.434682885612105,
      38.43454271790801,
      38.425397983557865,
      38.34862716534936,
      37.075849782426886,
      37.00598303511488,
      37.00014584799169,
      36.98843883771506,
      35.73727561638773,
      35.73311839492986,
      35.72744659657329,
      35.687191209980696,
      34.44004000944578,
      34.39188648698871,
      34.38128383682037,
      34.372430255932564,
      34.2897304504954,
      33.17264735265524,
      33.14281812890221,
      33.12608750804905,
      33.08451830199601,
      33.02409510945905,
      31.843903315361995,
      31.804043828861595,
      31.783977786452084,
      30.61741085528833,
      29.46204419202394,
      29.392677415594584,
      29.376626287679816,
      29.359625969145995,
      28.23912531407035,
      27.014498259358287,
      24.771175460139204,
      24.7609634266481
    ],
    [
      51.804293335358594,
      48.55496013839119,
      47.090584207967645,
      45.57519821853235,
      44.07659858011399,
      42.734547963254016,
      42.696906412121315,
      42.638810412058525,
      42.56190168408143,
      41.274325030484746,
      41.26711041639376,
      41.21058081708795,
      41.109125144409234,
      39.781063125397274,
      38.434682885612105,
      38.40282856651348,
      38.39951529199074,
      38.36388852830421,
      38.35783715018245,
      38.34862716534936,
      37.07413639083921,
      37.06531533809393,
      37.02117743833732,
      36.98843883771506,
      35.75192476594657,
      35.73989354233282,
      35.73727561638773,
      35.73311839492986,
      35.72744659657329,
      34.2897304504954,
      33.17264735265524,
      33.12608750804905,
      33.10632291235938,
      33.09611658766904,
      33.087593952311025,
      33.08451830199601,
      33.02409510945905,
      31.843903315361995,
      31.82365888140574,
      31.783977786452084,
      30.642398417993896,
      30.61741085528833,
      30.57020613197208,
      29.428012100296407,
      29.392677415594584,
      29.35851950522749,
      28.27178251496174,
      27.014498259358287,
      24.771175460139204,
      24.7609634266481
    ],
    [
      48.66538230722797,
      42.56190168408143,
      39.80158899367505,
      39.79703965204774,
      39.77913021855287,
      39.746804104215926,
      38.49915036275915,
      37.114992038411536,
      37.108504461828524,
      37.05767151358237,
      37.05051722952443,
      36.98843883771506,
      35.76678514729841,
      35.73311839492986,
      35.634425957520016,
      34.44004000944578,
      34.428450260772586,
      34.42685921384042,
      34.42592839726787,
      34.418668028001925,
      34.3984519908598,
      34.2897304504954,
      33.12608750804905,
      33.10978614462467,
      33.10803160697884,
      33.10632291235938,
      33.09611658766904,
      33.0926491878559,
      33.087593952311025,
      33.07906714940517,
      33.06590811706145,
      31.909044291514892,
      31.877745594858762,
      31.86800020496814,
      31.783977786452084,
      30.67684734696369,
      30.57863293222452,
      30.57020613197208,
      30.569054045426363,
      30.53263231273949,
      29.404961385418922,
      29.395314056203063,
      29.377192471557848,
      28.24003438202318,
      27.074751657457206,
      27.027474997702914,
      25.903750691960905,
      23.68246700781704,
      23.675902503448462,
      23.672703799501594
    ],
    [
      47.13271090677359,
      47.090584207967645,
      47.025766382457995,
      44.09317752935138,
      44.0169049303916,
      42.734547963254016,
      42.619622127049105,
      42.53890149455664,
      41.26711041639376,
      41.261819353742055,
      41.20567602015653,
      41.18913399625621,
      39.801776776075734,
      38.47689753139125,
      38.43454271790801,
      38.425397983557865,
      38.40282856651348,
      38.39951529199074,
      38.36388852830421,
      38.34862716534936,
      37.075849782426886,
      37.07427159725021,
      35.75192476594657,
      35.73727561638773,
      35.73311839492986,
      35.72744659657329,
      35.7019369868491,
      35.687191209980696,
      35.66691745214669,
      35.65563228124862,
      34.42979886245794,
      34.369235173930015,
      33.17264735265524,
      33.12608750804905,
      33.09611658766904,
      33.04262819475834,
      33.02409510945905,
      33.007985453235875,
      31.854354253841983,
      31.827230721139408,
      30.67684734696369,
      30.607365739486724,
      29.376626287679816,
      29.359625969145995,
      29.35851950522749,
      28.205218144743817,
      27.074751657457206,
      27.014498259358287,
      24.7609634266481,
      23.68246700781704
    ],
    [
      44.14093633308661,
      41.21038638803412,
      38.364412948852305,
      38.343614961585565,
      37.05051722952443,
      37.03658630690134,
      35.79831711026967,
      34.45877323414092,
      34.40747441754449,
      34.38128383682037,
      33.17650858574042,
      33.16645646032061,
      33.15267646334689,
      33.13909234112223,
      33.13210336337388,
      33.04262819475834,
      31.863472266719903,
      31.85132560634615,
      31.848577574766548,
      31.814009702686395,
      31.75065464640033,
      30.64119816729493,
      30.63052691750109,
      30.610236323020363,
      30.596014411849005,
      30.568957717119865,
      30.550776712551443,
      29.42655408429677,
      29.42644676839832,
      29.422228143424757,
      29.414103589802423,
      29.372352154482915,
      28.26545099871215,
      28.208937866152368,
      28.190358789866416,
      27.030508520952306,
      27.012792540898193,
      27.01183413821053,
      27.010816154538738,
      26.97863391153662,
      25.934891130456972,
      25.91457654791605,
      25.90607436190157,
      25.889604841620358,
      24.848246351040597,
      24.820342718575063,
      23.700218024402794,
      22.61195440541126,
      21.56955036276901,
      20.563133801725435
    ],
    [
      47.13271090677359,
      42.643684606642914,
      39.72525669967842,
      38.364412948852305,
      37.136457221730375,
      37.05326098720973,
      37.03658630690134,
      35.76678514729841,
      35.71547379877462,
      34.45877323414092,
      34.44004000944578,
      34.38128383682037,
      34.347280890955886,
      34.3268527142228,
      34.2897304504954,
      33.14151993774621,
      33.13909234112223,
      33.13210336337388,
      33.12527066866999,
      33.11264299867744,
      33.04262819475834,
      31.912758443606073,
