{
  "test_loss_values": [
    0.04332312754850136,
    0.0030558567246771417,
    0.00012627434371097478,
    0.37887787017971275
  ],
  "log_exp_r_n_values": [
    5937.191892218751,
    5518.389203907535,
    5961.669202296778,
    5106.881074178832
  ],
  "log_exp_r_n_acc_values": [
    -Infinity,
    -Infinity,
    -Infinity,
    -Infinity
  ],
  "model_data_levels": [
    180,
    380,
    780,
    80
  ],
  "loss_landscape_data_param": 80,
  "train_loss_values": [
    3.8066682463977486e-05,
    3.151979035465047e-05,
    1.269494168809615e-05,
    8.50074429763481e-05
  ],
  "num_params": 4353,
  "dataset_type": "data",
  "top_r_vals": [
    [
      3.9177517361111116,
      3.812359209997705,
      3.5669337252112956,
      3.5516172116562474,
      3.5461601760968575,
      3.5345394740529414,
      3.3182881673177085,
      3.2841374903549387,
      3.281421802662037,
      3.270858199508102,
      3.26772619176794,
      3.265617464795525,
      3.2635238082320606,
      3.25930936836902,
      3.256349540051119,
      3.2364113890094526,
      3.216998441719715,
      3.1914311161747686,
      3.044085703167596,
      2.970968164140966,
      2.966465259058088,
      2.9663159288979104,
      2.95361153678789,
      2.9419102314089947,
      2.9413520455688817,
      2.934267273509689,
      2.9312532072881696,
      2.924737949564,
      2.9219240200858914,
      2.8888516807030715,
      2.7444653238110277,
      2.7280606854729434,
      2.7269263569645323,
      2.7263951561862316,
      2.721172823563923,
      2.718711427226017,
      2.716834476293077,
      2.7130497485907057,
      2.711138858100418,
      2.7015183947667976,
      2.6993036051208112,
      2.697129293845973,
      2.697028097918102,
      2.6953124377255837,
      2.6924895383961145,
      2.690954162641249,
      2.6906530658343226,
      2.6847653310647517,
      2.68430979370329,
      2.682031484151809
    ],
    [
      3.5583886795658914,
      3.2873697163146223,
      3.2828832555700234,
      3.273740415219908,
      3.2662040804639276,
      3.2256371768904324,
      3.0000930379792243,
      2.982823605708183,
      2.9562507328142043,
      2.946563153227499,
      2.9406579177898484,
      2.9379428551764093,
      2.934267273509689,
      2.8957819732862182,
      2.7595316849245304,
      2.7407861512457283,
      2.7282148146553933,
      2.72730591953707,
      2.7263951561862316,
      2.722266673701186,
      2.7159050306170935,
      2.7145823219967995,
      2.7083776104439288,
      2.7056646254607317,
      2.698857408921922,
      2.698422733490206,
      2.6932365200298447,
      2.69010660782382,
      2.6867036222985865,
      2.6837396714142696,
      2.6792197942174276,
      2.6759447826194402,
      2.6726965490208276,
      2.6703883477491144,
      2.6696338931853263,
      2.6691285362901436,
      2.6678930118538613,
      2.6668567655524633,
      2.665065441943106,
      2.662109586733019,
      2.661127519174543,
      2.50212675230246,
      2.4714274535360614,
      2.45541503426737,
      2.4533931435206613,
      2.4501280499020353,
      2.446802819435627,
      2.446420922350877,
      2.445869574241767,
      2.440442645249349
    ],
    [
      3.93984366032484,
      3.882214815053949,
      3.6068620785877745,
      3.563814419116942,
      3.546399837634404,
      3.528958078039361,
      3.316071310161073,
      3.2873697163146223,
      3.2815932285638505,
      3.269985999590085,
      3.266691984953704,
      3.2491929796006946,
      3.245340606312693,
      3.2335107120466824,
      3.2261171694155095,
      3.2211525999469526,
      3.2203749668451005,
      3.2084075550974154,
      3.1836634506413968,
      3.180494143639082,
      3.0566146752503736,
      3.026913421322601,
      3.0014785472354943,
      2.9999732305633575,
      2.991222139889216,
      2.9906203565080856,
      2.986477560248257,
      2.973151130781358,
      2.960799981739896,
      2.9406579177898484,
      2.924737949564,
      2.910514852560585,
      2.8957819732862182,
      2.7595316849245304,
      2.741672004829706,
      2.7308269150828046,
      2.727029421124918,
      2.722266673701186,
      2.71697583922001,
      2.7152066230287413,
      2.7101047914036203,
      2.7031885946347955,
      2.7005123515577183,
      2.7002894091443164,
      2.6907172084839885,
      2.6867073587636154,
      2.685848594551099,
      2.683048736755976,
      2.6820043947803485,
      2.675869119202601
    ],
    [
      3.237409426842207,
      3.210777753665124,
      2.9953100101131165,
      2.9946618828891727,
      2.967038206270357,
      2.728241592654768,
      2.7185407953230225,
      2.7116737953437475,
      2.6924895383961145,
      2.6510574345490903,
      2.481749634343305,
      2.468038714062182,
      2.4578556348420983,
      2.45541503426737,
      2.44179656736438,
      2.4320170232537164,
      2.4306459593269345,
      2.419926425703034,
      2.4147956847366108,
      2.4082303708359345,
      2.399506593721155,
      2.3727288356594576,
      2.2215392057560694,
      2.217786048069473,
      2.2136515467620095,
      2.208380076510847,
      2.208296594540935,
      2.201090158509814,
      2.200750429768208,
      2.1966542645919422,
      2.1960875455998194,
      2.1922731005455836,
      2.1872344214068957,
      2.1820830037771177,
      2.1781129442955836,
      2.176624392674974,
      2.1750006557496127,
      2.173210207095816,
      2.172423559772082,
      2.1708056237086777,
      2.170168033316116,
      2.1679399979016014,
      2.1651233011040807,
      2.163014561676782,
      2.1598409857631715,
      2.1517591239992253,
      2.151592160059401,
      2.1507810482308884,
      2.150645610714747,
      2.147216040240832
    ]
  ],