{
  "test_loss_values": [
    0.49606948971748355,
    0.5079651109874248,
    0.3372538462281227,
    0.479754601418972,
    0.16964907944202423,
    0.2204059600830078,
    0.5345132321119308,
    0.42428878545761106
  ],
  "log_exp_r_n_values": [
    849002.7155664415,
    840373.262443898,
    873713.0387798009,
    849002.7155664415,
    851951.7575328468,
    873713.0387798009,
    816839.037845007,
    865533.8413163504
  ],
  "log_exp_r_n_acc_values": [
    -Infinity,
    -Infinity,
    -Infinity,
    -Infinity,
    -Infinity,
    -Infinity,
    -Infinity,
    -Infinity
  ],
  "model_data_levels": [
    200,
    100,
    2000,
    500,
    10000,
    5000,
    0,
    1000
  ],
  "loss_landscape_data_param": 2000,
  "train_loss_values": [
    0.3083205223083496,
    0.3440691828727722,
    0.009260728023946285,
    0.26818132400512695,
    0.061012059450149536,
    0.03280400484800339,
    0.39691483974456787,
    0.16005323827266693
  ],
  "num_params": 235146,
  "dataset_type": "data",
  "top_r_vals": [
    [
      36.986427059565166,
      36.9444850984148,
      33.10632291235938,
      31.78502809173853,
      30.549767191899345,
      29.45887467247143,
      28.26545099871215,
      28.248434382970125,
      28.238928230979013,
      28.225082699931818,
      28.190358789866416,
      28.185714020794926,
      27.10606231577712,
      27.085368988830083,
      27.069430224417026,
      27.05606365620477,
      27.05097203553197,
      25.97710528303519,
      25.957552211976576,
      25.918909173201907,
      25.908504023804444,
      25.90724516542255,
      25.903750691960905,
      25.899179992421477,
      25.886191900437332,
      24.7827716735977,
      24.7609634266481,
      23.74639782070292,
      23.729473334894482,
      23.72753382224013,
      23.72680575902834,
      23.72180181638011,
      23.716797873731885,
      23.705823215973872,
      23.68246700781704,
      23.6744075867718,
      23.672675452778183,
      22.662388327133716,
      22.622816328996237,
      21.619430278823256,
      21.596557265781836,
      21.576283396977626,
      21.570337446719503,
      21.569456565199783,
      20.59596629932774,
      20.569617394169686,
      17.684616510014543,
      17.627045486121524,
      16.741895933481892,
      15.877000521609302
    ],
    [
      35.6536929936172,
      33.02409510945905,
      31.78502809173853,
      29.396553739857573,
      29.33999641110014,
      28.26874104347112,
      28.238928230979013,
      27.09999186465067,
      27.083676888880646,
      27.05606365620477,
      27.02799590573564,
      27.02354265275,
      25.945061466892014,
      25.92979373239766,
      25.927341241456773,
      25.921994354624882,
      25.908504023804444,
      25.903750691960905,
      24.848246351040597,
      24.841230259571155,
      24.785368376490307,
      24.7827716735977,
      24.772938846117956,
      24.7609634266481,
      23.70786865585781,
      23.703415236416856,
      23.6744075867718,
      23.672675452778183,
      22.699275835695683,
      22.679281802933726,
      22.661265515145658,
      22.648422996810172,
      21.6212763237365,
      21.620580318585112,
      21.619430278823256,
      21.618845743246894,
      21.6097269882557,
      21.599727351744786,
      21.582827476662718,
      21.57844617861015,
      20.59596629932774,
      20.58039272323088,
      20.569617394169686,
      20.561072783627772,
      20.55540660313803,
      20.554567168991404,
      16.766094184355893,
      16.71151334522186,
      15.8491578742093,
      15.007195709082868
    ],
    [
      41.084710040022266,
      39.72525669967842,
      38.47689753139125,
      38.39549876226295,
      36.965218302198224,
      34.442191711011176,
      34.42192372131617,
      34.41157001046375,
      34.3984519908598,
      34.391990392094485,
      34.3268527142228,
      33.14151993774621,
      33.08451830199601,
      33.063488855533166,
      31.91619197978103,
      31.907180200071394,
      31.85967994305206,
      31.84688987047039,
      31.83542871469199,
      31.819028718788026,
      30.669977212144257,
      30.65151300235473,
      30.63989388202495,
      30.626030312153766,
      30.62026217316067,
      30.61185849170179,
      30.604620382751534,
      30.596014411849005,
      30.583875118664135,
      30.569090650182833,
      29.475911996487476,
      29.449948950158944,
      29.42895944064135,
      29.419445331161494,
      29.36771906810844,
      28.237623221320167,
      28.192979462324182,
      28.184092967980604,
      28.174501590868914,
      27.074751657457206,
      27.072579505007024,
      27.027474997702914,
      25.92567798297293,
      25.90607436190157,
      25.874622470101173,
      24.800102792783555,
      24.76430917845203,
      24.760855750867098,
      23.63293633042332,
      22.651677441709566
    ],
    [
      36.986427059565166,
      36.9444850984148,
      33.17650858574042,
      31.845246262961073,
      31.78502809173853,
      31.783977786452084,
      30.635389570413103,
      30.58849695080991,
      30.583457053813934,
      29.43955225992804,
      29.427806719870063,
      29.413378282350827,
      29.387491097260856,
      28.263799762000957,
      28.248434382970125,
      28.219633618784876,
      28.21039379529557,
      28.209023091272943,
      27.118821157951196,
      27.10606231577712,
      27.09999186465067,
      27.058067279585543,
      27.04224257019926,
      27.010848498501556,
      27.010816154538738,
      25.933606181745922,
      25.927341241456773,
      25.921872056206954,
      25.912112642456158,
      25.9098770273764,
      25.886191900437332,
      24.820342718575063,
      24.7827716735977,
      24.77620501147506,
      24.771175460139204,
      24.768692675101867,
      23.74639782070292,
      23.72744729013709,
      23.72680575902834,
      23.689934131536297,
      23.6744075867718,
      22.662388327133716,
      22.65433770818381,
      22.637207700924385,
      22.609724455206553,
      22.608801127581856,
      19.595142947384538,
      18.600747782926195,
      17.69011477870666,
      17.627045486121524
    ],
    [
      37.45320669137723,
      35.63122544166717,
      34.45158175269512,
      32.589595046390066,
      31.777739701663624,
      30.869458140573,
      30.390552273442857,
      30.339449523953856,
      29.681168265714728,
      29.411304448936196,
      29.37595247956818,
      29.123886923122164,
      28.748270083553514,
      28.74324498200956,
      28.633205550356095,
      28.493444219457587,
      28.482076149470842,
      28.217259560008653,
      27.967661848222097,
      27.766534380993473,
      27.75608046405174,
      27.752215047478295,
      27.73250544033201,
      27.51541571591846,
      27.318359429216045,
      27.050140974483774,
      26.902088191194835,
      26.841819856364552,
      26.83246609731765,
      26.81857815465621,
      26.401844362105674,
      26.20140564112661,
      25.898653973104494,
      25.892435525245826,
      25.444191303222272,
      25.0608418967859,
      24.85904502262621,
      24.782802342023306,
      24.61921122832477,
      24.178381328874806,
      24.143190483167693,
      23.745109837204957,
      23.29964749207127,
      22.856842307814823,
      22.85050665700902,
      22.67311193161067,
      22.480075242889786,
      21.601340838300846,
      19.375258240832796,
      19.250622899717552
    ],
    [
      41.084710040022266,
      36.986427059565166,
      35.777625383143146,
      35.7019369868491,
      35.633248452631406,
      34.41157001046375,
      33.118875566490594,
      31.91619197978103,
      31.907180200071394,
      31.891826500655068,
      31.879102573253654,
      31.8730593090578,
      31.832093394087714,
      31.819463673458174,
      31.819028718788026,
      31.78502809173853,
      30.669977212144257,
      30.65151300235473,
      30.63989388202495,
      30.632492014953648,
