{
  "test_loss_values": [
    0.47271486520767214,
    0.3252427339553833,
    0.6667976319789887,
    0.2425159215927124
  ],
  "log_exp_r_n_values": [
    807325.160784314,
    747375.8863077619,
    825777.0102809058,
    724885.5999605083
  ],
  "log_exp_r_n_acc_values": [
    -Infinity,
    -Infinity,
    -Infinity,
    -Infinity
  ],
  "model_data_levels": [
    1500,
    4500,
    500,
    8500
  ],
  "loss_landscape_data_param": 500,
  "train_loss_values": [
    0.00015895185060799122,
    0.0002562915033195168,
    0.00013782930909655988,
    0.00031658768421038985
  ],
  "num_params": 235146,
  "dataset_type": "data",
  "top_r_vals": [
    [
      30.9793117909684,
      30.919779394247282,
      28.556177901170802,
      28.555010330578515,
      28.553071553604227,
      28.551342616505973,
      28.54866491620753,
      28.53857108011938,
      28.526375258264466,
      28.518767217630856,
      28.506275467745642,
      28.497078383264466,
      28.496325111914604,
      28.49081905704775,
      28.485659148301195,
      28.476535597451793,
      28.473199681473833,
      28.467139434113868,
      28.443020402892564,
      28.419977473599637,
      26.26527053401758,
      26.241737582904694,
      26.218772901416916,
      26.21595131919137,
      26.21141010366549,
      26.208535812373267,
      26.204902181089228,
      26.204251553547437,
      26.20294041551385,
      26.19983716921325,
      26.1978474019462,
      26.196829458096,
      26.1952926593707,
      26.19278733154522,
      26.18893298104447,
      26.188036926910964,
      26.187392888002506,
      26.187042043277437,
      26.186566014519013,
      26.18431929055191,
      26.178718952217494,
      26.178404344975768,
      26.176803307075456,
      26.175103439675127,
      26.174083848666598,
      26.17334592173312,
      26.17295719236638,
      26.17158675663278,
      26.168152431507114,
      26.16724649442361
    ],
    [
      24.00770248601466,
      23.961140950520836,
      23.949381510416668,
      23.94527030285494,
      23.94020212432485,
      23.92033480420525,
      23.901552553530095,
      23.900037977430557,
      21.863323705583895,
      21.860945408228236,
      21.859002399707304,
      21.857237900803135,
      21.852814981760076,
      21.850399609330164,
      21.848758694006833,
      21.845674597089506,
      21.839805750150656,
      21.834681150998627,
      21.830388681290895,
      21.82851570346577,
      21.82627197489813,
      21.825976747455023,
      21.825117154992757,
      21.823006622062245,
      21.82188063832573,
      21.82089196967904,
      21.81936777218205,
      21.816397646789273,
      21.81570283243479,
      21.81197198144442,
      21.811836039505497,
      21.809352009530677,
      21.807999455895967,
      21.80799533644327,
      21.806177284654073,
      21.806166299446886,
      21.800020076026605,
      21.79034760109978,
      21.789169437629134,
      21.785232614004034,
      21.77885432808196,
      21.766059308012657,
      21.76340500732646,
      21.7627719847624,
      21.759045253224723,
      21.75543386636249,
      19.860317984134277,
      19.858135888557296,
      19.856364804133513,
      19.842523692177462
    ],
    [
      33.5081729318716,
      33.49511007576157,
      33.49318411486233,
      33.485962287709015,
      33.478870962824274,
      33.469942081802884,
      33.454544918985476,
      33.41721074579444,
      33.40935114142531,
      33.40750937553806,
      30.985436090680125,
      30.984169195506205,
      30.952389782003674,
      30.950885465614363,
      30.946109796249072,
      30.94582566922082,
      30.94049731440331,
      30.939736398868742,
      30.936105021918607,
      30.933160609632672,
      30.92961486000612,
      30.923140266697917,
      30.922680992871427,
      30.921462749585906,
      30.92145107313269,
      30.92130900961856,
      30.921061858025492,
      30.919779394247282,
      30.91700429053298,
      30.91593394898819,
      30.911609769147248,
      30.908918346680988,
      30.902381478955636,
      30.88201190632055,
      30.878904023689593,
      30.864215045544025,
      30.8570359728918,
      30.851425437121577,
      30.85058667856557,
      30.845916097279222,
      30.842434568145354,
      30.837649168402383,
      28.598857897153355,
      28.57323411673554,
      28.57115006600092,
      28.562134125344354,
      28.558319344008268,
      28.553071553604227,
      28.54866491620753,
      28.5460266729798
    ],
    [
      21.81790124702279,
      21.81263109387555,
      21.807999455895967,
      21.795181092261394,
      21.759045253224723,
      19.841076434722865,
      19.840544611200393,
      19.82852191222516,
      19.82515909369899,
      19.821152357699475,
      19.81895656175072,
      19.816057064888156,
      19.81063545413096,
      19.80740465736915,
      19.8046994566881,
      19.80259582687673,
      19.79910721402791,
      19.796804306081654,
      19.79602463037892,
      19.79514033365537,
      19.794634665388102,
      19.794110314795688,
      19.78963776615588,
      19.788115779400705,
      19.78757897392486,
      19.785291011838723,
      19.78397826712517,
      19.780494636229726,
      19.780028823589436,
      19.77884560966356,
      19.778835645756818,
      19.773772735642414,
      19.773121345239012,
      19.772752680689475,
      19.771175892447204,
      19.77096415942889,
      19.754062882614026,
      19.75309762914818,
      19.75209750200873,
      19.742457422233706,
      19.741386302258704,
      19.7394757231405,
      19.732819833435368,
      17.92196763942296,
      17.907877632190157,
      17.89718788597684,
      17.895342190573867,
      17.89415743846989,
      17.89365049046335,
      17.89361564481323
    ]
  ],