{
  "test_loss_values": [
    0.011657291728829379,
    0.010521328452852216,
    0.01100398668181359,
    0.009342264649303322,
    0.0065656512398528126,
    0.011719008281119053,
    0.004397411946680816,
    0.011890757655732208,
    0.011857599010996901
  ],
  "log_exp_r_n_values": [
    101229.16462941298,
    88711.86855962474,
    133621.44703769172,
    88711.86855962474,
    74778.0921333113,
    112997.8978560689,
    59375.01690723102,
    101432.40980724667,
    101432.40980724667
  ],
  "log_exp_r_n_acc_values": [
    -Infinity,
    -Infinity,
    -Infinity,
    -Infinity,
    -Infinity,
    -Infinity,
    -Infinity,
    -Infinity,
    -Infinity
  ],
  "model_data_levels": [
    1000,
    1500,
    200,
    2000,
    3000,
    400,
    4000,
    600,
    800
  ],
  "loss_landscape_data_param": 0,
  "train_loss_values": [
    0.005742900539189577,
    0.005085464101284742,
    0.00784064456820488,
    0.004472188651561737,
    0.00319331674836576,
    0.006725158076733351,
    0.002098453463986516,
    0.006247598212212324,
    0.00596395181491971
  ],
  "num_params": 73097,
  "dataset_type": "data",
  "top_r_vals": [
    [
      3.994609177714647,
      3.991960173467631,
      3.9861680548381546,
      3.9852999992825993,
      3.984742668158862,
      3.9840248184974754,
      3.983528914858816,
      3.983277824408862,
      3.982036720184803,
      3.982033133178375,
      3.982012956267218,
      3.9819968147382925,
      3.981962738177227,
      3.9813067643767224,
      3.98077454229798,
      3.980662896722911,
      3.980648100321396,
      3.980463817866162,
      3.9801584739439857,
      3.9798638910410933,
      3.9798558202766303,
      3.97944331453742,
      3.9791249677169427,
      3.97838963139922,
      3.9783273071625347,
      3.9779026952766303,
      3.9771296953914144,
      3.976956622331268,
      3.9765920928030307,
      3.9758572048611116,
      3.9753644398530765,
      3.9751007948806247,
      3.9748833326159323,
      3.974807108729339,
      3.974721468950873,
      3.974559605285813,
      3.9739408466769977,
      3.9738547585227275,
      3.9731512568870526,
      3.9731364604855375,
      3.972371979740588,
      3.9722742338154275,
      3.9721711073806247,
      3.972085019226355,
      3.972002069702709,
      3.9717998522153355,
      3.9713747919536275,
      3.9709367287936184,
      3.970477591970845,
      3.970456966683885
    ],
    [
      3.3659272370515048,
      3.3596579469280483,
      3.35808723355517,
      3.3565813229407797,
      3.356307418258102,
      3.355955900969329,
      3.3558971263744217,
      3.355888084129051,
      3.355745668764468,
      3.355742277922454,
      3.355544478804977,
      3.354966528621721,
      3.354577712070795,
      3.3544838987750776,
      3.3543554235387734,
      3.3539522900993446,
      3.3537929205246915,
      3.352740629219715,
      3.3526724356192132,
      3.3526701750578707,
      3.352643801842207,
      3.3525850272472995,
      3.3525164568865744,
      3.3524475097656254,
      3.352409456983025,
      3.35235294294946,
      3.3521483621479558,
      3.3520839361496915,
      3.3520119749469526,
      3.351569281684028,
      3.3514675564236116,
      3.3514524860146606,
      3.3513515142746915,
      3.3511209370177473,
      3.3511141553337196,
      3.350836483048804,
      3.350769419728974,
      3.3507426697530867,
      3.350645842375579,
      3.350448043258102,
      3.3503361454716436,
      3.350169240692516,
      3.3500607337480712,
      3.350038881655093,
      3.350038504894869,
      3.350008364076968,
      3.349871976875965,
      3.3495965651523925,
      3.3494884349681717,
      3.3494692201967595
    ],
    [
      6.221926770591211,
      6.221895244167528,
      6.219960222340594,
      6.216676570167227,
      6.215472961369735,
      6.213425145004735,
      6.212585841547579,
      6.211094992000977,
      6.20804883888602,
      6.208025719508653,
      6.206831218344669,
      6.20638284254118,
      6.200021510829173,
      6.191933231686539,
      6.187338780875158,
      6.1872582133479685,
      6.181911331891357,
      6.180890576351226,
      5.45224577241401,
      5.442090558660311,
      5.439546262618293,
      5.4371069363338265,
      5.43666325602139,
      5.436093856115609,
      5.435998650986668,
      5.435984004043754,
      5.4357533146928585,
      5.435747822089266,
      5.435427420213022,
      5.434491236445103,
      5.433861417899802,
      5.433709455867069,
      5.433501347219833,
      5.432848337681585,
      5.432590185312725,
      5.43088564733111,
      5.430775184969967,
      5.430771523234238,
      5.430728802984072,
      5.430633597855132,
      5.430522525204701,
      5.4304108422649815,
      5.430349203046885,
      5.430257659653673,
      5.429926272570244,
      5.429821913101981,
      5.429705347847958,
      5.428988257934461,
      5.428823479826678,
      5.428799068255155
    ],
    [
      3.3659272370515048,
      3.3596579469280483,
      3.35808723355517,
      3.3565813229407797,
      3.356307418258102,
      3.355955900969329,
      3.3558971263744217,
      3.355888084129051,
      3.355745668764468,
      3.355742277922454,
      3.355544478804977,
      3.354966528621721,
      3.354577712070795,
      3.3544838987750776,
      3.3543554235387734,
      3.3539522900993446,
      3.3537929205246915,
      3.352740629219715,
      3.3526724356192132,
      3.3526701750578707,
      3.352643801842207,
      3.3525850272472995,
      3.3525164568865744,
      3.3524475097656254,
      3.352409456983025,
      3.35235294294946,
      3.3521483621479558,
      3.3520839361496915,
      3.3520119749469526,
      3.3514675564236116,
      3.3514524860146606,
      3.3513515142746915,
      3.3511209370177473,
      3.3511141553337196,
      3.350836483048804,
      3.350769419728974,
      3.3507426697530867,
      3.350645842375579,
      3.350448043258102,
      3.3503361454716436,
      3.350169240692516,
      3.3500607337480712,
      3.350038881655093,
      3.350038504894869,
      3.350008364076968,
      3.349871976875965,
      3.3495965651523925,
      3.3494884349681717,
      3.3494692201967595,
      3.3489771713445218
    ],
    [
      2.7817580471500047,
      2.7765768156430157,
      2.7752787054174965,
      2.7740341511907274,
      2.7738077836843824,
      2.7735172735283715,
      2.7734686994829936,
      2.7734612265529353,
      2.7733435279045193,
      2.7733407255557476,
      2.7731772552107254,
      2.7726996104311747,
      2.7723782744386742,
      2.7723007427893207,
      2.772194564908078,
      2.7718613967763184,
      2.771729686384043,
      2.7708600241485253,
      2.770803665801003,
      2.7708017975684887,
      2.770780001522486,
      2.7707314274771075,
      2.7706747577575,
      2.7706177766658064,
      2.770586328085145,
      2.7705396222722816,
      2.770370547229716,
      2.7703173026030514,
      2.770257830534672,
      2.769891968333908,
      2.769807897870754,
      2.7697954429873235,
      2.7697119952683407,
      2.769521435551858,
      2.769515830854314,
      2.7692863496271114,
      2.769230925395847,
      2.7692088179777583,
      2.7691287953517185,
      2.7689653250066963,
      2.7688728474972266,
      2.7687349096632365,
      2.768645234502539,
      2.7686271749215647,
      2.7686268635494793,
      2.7686019537826185,
      2.7684892370875747,
      2.7682616240928866,
      2.7681722603042744,
      2.768156380327901
    ],
    [
      4.6924148184366965,
      4.6881177155123295,
      4.6872441922629475,
      4.687162102126259,
      4.6858623416286855,
      4.685319283801359,
      4.685008814694651,
      4.682658195203695,
      4.682655037890746,
      4.682618202573001,
      4.682440340610175,
      4.68192622481822,
      4.681836241399157,
      4.680954298648577,
      4.679962902382411,
      4.679827664144405,
      4.67916199733087,
