{
  "test_loss_values": [
    0.01083015138283372
  ],
  "log_exp_r_n_values": [
    6943.606689798362
  ],
  "log_exp_r_n_acc_values": [
    -Infinity
  ],
  "model_data_levels": [
    780
  ],
  "loss_landscape_data_param": 780,
  "train_loss_values": [
    0.008583078160881996
  ],
  "num_params": 4353,
  "dataset_type": "data",
  "top_r_vals": [
    [
      4.93601819503406,
      4.925458041104404,
      4.87396076296972,
      4.56370748226624,
      4.184058510202642,
      3.9136181595787423,
      3.878991889778467,
      3.8735270854855375,
      3.8694473140495873,
      3.86333774535124,
      3.652886153167517,
      3.6246896850224757,
      3.607868492329636,
      3.6021462642785282,
      3.600413041921943,
      3.5838891613083277,
      3.5703762861286283,
      3.544926454504952,
      3.5439216879214244,
      3.5296922988665864,
      3.5243542704968034,
      3.514498086817812,
      3.5097596240814783,
      3.5060234571911715,
      3.4999895044254203,
      3.4872466757667038,
      3.323157039689429,
      3.3201535071855712,
      3.317640516493056,
      3.315026930820795,
      3.309571066020448,
      3.3055190098138505,
      3.300953429422261,
      3.290987367983218,
      3.2834193853684415,
      3.280163046754437,
      3.27935188199267,
      3.2711871111834494,
      3.270858199508102,
      3.2697350772810574,
      3.2696322217399696,
      3.265617464795525,
      3.262970724223573,
      3.2601092303240744,
      3.2592370304060574,
      3.252970754364391,
      3.2457821692949462,
      3.2394710587866515,
      3.2388780381944446,
      3.233962824315201
    ]
  ],
  "top_r_val_seeds": [
    [
      162,
      251,
      59,
      76,
      498,
      157,
      144,
      340,
      295,
      423,
      439,
      93,
      257,
      352,
      57,
      485,
      267,
      309,
      479,
      441,
      493,
      424,
      149,
      199,
      269,
      16,
      346,
      185,
      275,
      266,
      84,
      357,
      75,
      238,
      254,
      235,
      64,
      123,
      81,
      77,
      73,
      236,
      277,
      137,
      63,
      190,
      117,
      298,
      241,
      401
    ]
  ],
  "loss_predicts_minimas": true,
  "loss_ordering_violations": 0,
  "test_loss_ranks": [
    1
  ],
  "log_exp_r_n_ranks": [
    1
  ],
  "data_level_ranks": [
    1
  ],
  "accuracy_predicts_minimas": true,
  "accuracy_ordering_violations": 0,
  "log_exp_r_n_acc_ranks": [
    1
  ]
}