{
  "test_loss_values": [
    4.451995035540312
  ],
  "log_exp_r_n_values": [
    4131.795704850179
  ],
  "log_exp_r_n_acc_values": [
    -Infinity
  ],
  "model_data_levels": [
    0
  ],
  "loss_landscape_data_param": 0,
  "train_loss_values": [
    1.2653643352678046e-05
  ],
  "num_params": 4353,
  "dataset_type": "data",
  "top_r_vals": [
    [
      2.5859221606666285,
      2.205788176656445,
      2.162542808327753,
      2.032649740739208,
      1.9892724452283022,
      1.8648911269040016,
      1.8580051326602731,
      1.8240239291872287,
      1.8124251404864478,
      1.776839047496179,
      1.737652507639872,
      1.6652635578589348,
      1.6571899120873874,
      1.5137519333979437,
      1.5080805881543144,
      1.4903668814881357,
      1.4898888136173274,
      1.475082548496806,
      1.4424426116497062,
      1.4186300485287768,
      1.386343825660523,
      1.3769829267612206,
      1.370165519750018,
      1.3581068454139995,
      1.350865669490034,
      1.3492247156316575,
      1.3465623277911303,
      1.3135600350485757,
      1.2932020260875758,
      1.2868720574625943,
      1.2288941113305027,
      1.218689414534185,
      1.1884821021076113,
      1.1798692846751022,
      1.1531223254152236,
      1.124216814416902,
      1.1201451174316648,
      1.0974687790388837,
      1.0935412389366344,
      1.0877395162930699,
      1.0851534717901083,
      1.0767794704961775,
      1.071114530130484,
      1.0537165971596065,
      1.0292887646712419,
      1.0262885651239093,
      0.9927221464942428,
      0.907819023715957,
      0.720522801887614,
      0.6158491411183984
    ]
  ],
  "top_r_val_seeds": [
    [
      7,
      41,
      38,
      13,
      27,
      36,
      47,
      35,
      17,
      44,
      28,
      19,
      15,
      1,
      40,
      4,
      50,
      18,
      12,
      26,
      22,
      31,
      43,
      11,
      42,
      34,
      25,
      48,
      24,
      2,
      5,
      8,
      33,
      16,
      29,
      23,
      45,
      21,
      3,
      46,
      6,
      14,
      30,
      20,
      49,
      10,
      39,
      37,
      9,
      32
    ]
  ],
  "loss_predicts_minimas": true,
  "loss_ordering_violations": 0,
  "test_loss_ranks": [
    1
  ],
  "log_exp_r_n_ranks": [
    1
  ],
  "data_level_ranks": [
    1
  ],
  "accuracy_predicts_minimas": true,
  "accuracy_ordering_violations": 0,
  "log_exp_r_n_acc_ranks": [
    1
  ]
}