{
  "test_loss_values": [
    0.51194744348526,
    0.5336634787917137,
    0.3613476872444153,
    0.4949553184211254,
    0.18404729664325714,
    0.23918715715408326,
    0.5505193188786507,
    0.4391642689704895
  ],
  "log_exp_r_n_values": [
    764965.3968547417,
    710582.4088584066,
    849002.7155664415,
    784980.843038986,
    822624.288116189,
    822624.288116189,
    594027.0436633932,
    822624.288116189
  ],
  "log_exp_r_n_acc_values": [
    -Infinity,
    -Infinity,
    -Infinity,
    -Infinity,
    -Infinity,
    -Infinity,
    -Infinity,
    -Infinity
  ],
  "model_data_levels": [
    200,
    100,
    2000,
    500,
    10000,
    5000,
    0,
    1000
  ],
  "loss_landscape_data_param": 2000,
  "train_loss_values": [
    0.31574931740760803,
    0.35906267166137695,
    0.01088708732277155,
    0.27815791964530945,
    0.07423147559165955,
    0.03633145987987518,
    0.39959627389907837,
    0.164585679769516
  ],
  "num_params": 235146,
  "dataset_type": "data",
  "top_r_vals": [
    [
      25.872158564641282,
      23.64447046298547,
      21.569456565199783,
      20.59923594714578,
      19.642423654468956,
      19.631070169077173,
      18.616565580563833,
      17.69753816475101,
      17.693327387837233,
      17.682935092488982,
      17.679613430467942,
      17.6795600168073,
      16.79389838289033,
      16.791745153172673,
      16.773276540023602,
      16.747730014980487,
      16.729605327793177,
      15.884507989164572,
      15.883720988441738,
      15.874719417991338,
      15.86918744209821,
      15.86834650985376,
      15.858550947557353,
      15.848157144863766,
      15.847016593054784,
      15.028288833950691,
      15.006825654260625,
      14.996263987548256,
      14.979401004666324,
      14.953691634694508,
      14.18497421323601,
      14.17325961228883,
      14.16904502848038,
      14.168490032557177,
      14.167452199089233,
      14.158809228869494,
      14.140977200948601,
      14.13955986786062,
      14.13513059060515,
      14.126212349534258,
      13.352633240758696,
      13.340698803974183,
      13.33256851612042,
      13.324092472837698,
      12.532127503093356,
      11.772991899125419,
      11.756280891486082,
      11.011858902291571,
      10.284831614359584,
      7.054251461058432
    ],
    [
      20.530141967086042,
      17.65566964430152,
      16.77593932875822,
      15.008958189575539,
      14.978789281388739,
      14.191651090353815,
      14.167835262085985,
      13.361397133828147,
      13.34673777501007,
      13.333818942307673,
      13.307918335987411,
      12.561688783111537,
      12.539699123759501,
      12.53565250877503,
      12.533440601247444,
      12.522000707052852,
      12.521556431655766,
      12.52109953031489,
      11.787339000875779,
      11.771300432630925,
      11.766003120969318,
      11.756441595614499,
      11.030908325808733,
      11.030831340226179,
      11.027697125383318,
      11.01911635396577,
      11.018651666215225,
      11.012882602470386,
      10.986385690795965,
      10.319691447518588,
      10.311168973992134,
      10.30810282781315,
      10.302645204271988,
      9.618104853728441,
      9.602514217503188,
      9.592367767405653,
      9.590420523826735,
      9.58645534864571,
      8.930812793405234,
      8.926417936180245,
      8.921797802495174,
      8.288686933657374,
      8.284773085280557,
      8.281278596406382,
      8.268462344873512,
      8.266999014633864,
      8.260657048689586,
      7.6458642634534835,
      7.047589697466604,
      4.421154127503636
    ],
    [
      36.986427059565166,
      34.30646566659409,
      33.10632291235938,
      30.668185505643393,
      30.599220217889258,
      29.413378282350827,
      29.36066767347061,
      29.33999641110014,
      28.26874104347112,
      28.26545099871215,
      28.237623221320167,
      28.19728688196005,
      28.17235143209767,
      27.118821157951196,
      27.094934290254514,
      27.074562700621804,
      27.066869944413046,
      27.05097203553197,
      27.048638163267704,
      25.964883594470074,
      25.94344060519305,
      25.933606181745922,
      25.92979373239766,
      25.92567798297293,
      25.903750691960905,
      25.89251065203037,
      25.873678326314757,
      24.807084552844557,
      24.794291421646502,
      24.793086701314113,
      24.772938846117956,
      24.772600213589293,
      24.76186696689739,
      23.738014650237687,
      23.72870946529523,
      23.72680575902834,
      23.71233102689563,
      23.672675452778183,
      23.658521486199845,
      23.63293633042332,
      22.648422996810172,
      22.61595691667326,
      22.61195440541126,
      21.6212763237365,
      21.583243448491476,
      21.57844617861015,
      20.59354774446392,
      20.567308950266458,
      19.58871407327151,
      15.872065787381473
    ],
    [
      28.170819155450616,
      28.13887393942072,
      23.67260085613763,
      22.682189999973858,
      21.616330880883492,
      21.590809785742664,
      20.636821351976444,
      20.58518967484348,
      20.556135926324067,
      19.62512216587018,
      19.610503690326635,
      19.60946057036123,
      19.603537227200704,
      19.58959936893955,
      19.58954018482804,
      19.58695704496099,
      18.66178607947899,
      18.659614135868573,
      18.636808141897806,
      18.624254706351376,
      18.611771598174954,
      18.604040275965406,
      18.598234751571244,
      18.587092551916307,
      17.698356061429557,
      17.697602706257616,
      17.689678567144767,
      17.68757317868788,
      17.67225792428399,
      17.645545530041066,
      17.627045486121524,
      16.784768520089454,
      16.767655566022786,
      16.762165410485956,
      16.747730014980487,
      16.740244877867916,
      15.902877664665981,
      15.890737079911176,
      15.883233607283433,
      15.876534113820515,
      15.853552294489091,
      15.84699761714903,
      15.014775224817013,
      14.988074636571334,
      14.985893956368834,
      14.980878391903083,
      14.16189244057126,
      13.33256851612042,
      13.324349271772798,
      9.601620044218423
    ],
    [
      33.06158636993858,
      29.32354007315502,
      27.098408712786508,
      27.074562700621804,
      27.045808917678205,
      25.912112642456158,
      25.899179992421477,
      25.875540523558435,
      24.82772553190734,
      24.760855750867098,
      24.745311425438477,
      23.72180181638011,
      23.72028004491285,
      23.684152891893515,
      22.699275835695683,
      22.68859629781435,
      22.660570169650516,
      22.651118885492156,
      22.640530540462645,
      22.635177235083038,
      22.61595691667326,
      22.609724455206553,
      22.608899444875227,
      21.64325486140758,
      21.640735920888993,
      21.616330880883492,
      21.6097269882557,
      21.598582749523175,
      21.59753330425585,
      21.569524534452846,
      21.556628048376304,
      20.61864397551736,
      20.603285439649422,
      20.602264646273582,
      20.59058899818167,
      20.589064285233242,
      20.57276009052728,
      20.569617394169686,
      20.567705349724587,
      20.52012705136446,
      19.618193925816268,
      19.60946057036123,
      19.573412514440925,
      18.63342422327759,
      18.609682875285714,
      18.600747782926195,
      16.74653787897806,
      15.88501933988804,
      15.86685839934992,
      15.002531319091286
    ],
    [
      33.06158636993858,
      30.608656538793795,
      30.53263231273949,
      28.225082699931818,
      28.200241352806746,
      27.098408712786508,
      27.012792540898193,
      27.010731038847116,
      26.993774290762264,
      25.94344060519305,
      25.927341241456773,
      25.92567798297293,
      25.912112642456158,
      25.886191900437332,
      24.845573182738296,
      24.76186696689739,
      23.75083035308452,
      23.728543860753202,
      23.72753382224013,
