{
  "test_loss_values": [
    3.3357967254638674,
    3.7049621734619143,
    3.068089094543457
  ],
  "log_exp_r_n_values": [
    2852375.0969503964,
    3121019.53195757,
    2851525.4152455744
  ],
  "log_exp_r_n_acc_values": [
    -Infinity,
    -Infinity,
    -Infinity
  ],
  "model_data_levels": [
    19950,
    4950,
    49950
  ],
  "loss_landscape_data_param": 4950,
  "train_loss_values": [
    5.9720401623053476e-05,
    0.0006072596297599375,
    4.352442374511156e-06
  ],
  "num_params": 1276234,
  "dataset_type": "data",
  "top_r_vals": [
    [
      9.346452697249484,
      9.344366404635847,
      9.344147485149794,
      9.340564065728307,
      9.340232155539773,
      9.338972107438018,
      9.338246747481922,
      9.337062362797004,
      9.336853531766529,
      9.336494382747935,
      9.335885040030991,
      9.335625766722623,
      9.33518691890496,
      9.335104193569215,
      9.335049715909092,
      9.333655491348141,
      9.33312483858471,
      9.330667290805785,
      9.330399946732955,
      9.330372707902892,
      9.329541419163224,
      9.328042274664256,
      9.327926257425103,
      9.327781992510332,
      9.327777957128099,
      9.32586215941374,
      9.325415240831612,
      9.323621513429753,
      7.385702032955821,
      7.382083939138864,
      7.381325885113765,
      7.380808559075605,
      7.3792693347617595,
      7.379043751913071,
      7.377459092184472,
      7.377396120293849,
      7.377332351290685,
      7.375704647484952,
      7.375560370115295,
      7.375542036526886,
      7.375404933170086,
      7.375037464289359,
      7.374834997704316,
      7.374378252219162,
      7.373485486174881,
      7.373428094072034,
      7.373419325834099,
      7.372886854657689,
      7.372720258136925,
      7.371510241301909
    ],
    [
      11.536254820538087,
      11.53598454956765,
      11.532513373555636,
      11.53156057497322,
      11.531150809308365,
      11.529755862364174,
      11.529595194367925,
      11.52697966884757,
      11.525463909534107,
      11.52492212210489,
      11.524819992060763,
      11.52428443207326,
      11.52407020807826,
      11.523031470800177,
      11.522466019092443,
      11.519342334328133,
      11.517952369337316,
      11.51595834250013,
      11.515780237667078,
      11.515775255713706,
      11.512858322014338,
      9.34752913545971,
      9.346452697249484,
      9.342949985472623,
      9.341990573347108,
      9.339387751807852,
      9.338246747481922,
      9.337062362797004,
      9.337016964746901,
      9.336936257102273,
      9.336494382747935,
      9.335885040030991,
      9.335049715909092,
      9.334876194473141,
      9.33469359342717,
      9.33403179074122,
      9.333775543969525,
      9.33312483858471,
      9.332067568440083,
      9.331994931559917,
      9.33198383425878,
      9.331309925426137,
      9.331099076704545,
      9.330399946732955,
      9.330372707902892,
      9.329567649147728,
      9.328042274664256,
      9.32586215941374,
      9.323621513429753,
      7.377459092184472
    ],
    [
      9.340232155539773,
      9.339387751807852,
      9.337062362797004,
      9.333655491348141,
      9.333197475464877,
      7.385702032955821,
      7.384851513876136,
      7.383203085144374,
      7.383030111723294,
      7.382083939138864,
      7.381325885113765,
      7.380808559075605,
      7.38019876798286,
      7.379043751913071,
      7.3789409243954704,
      7.378367800479544,
      7.377459092184472,
      7.377396120293849,
      7.377266988062443,
      7.376983215998369,
      7.376501760024488,
      7.376296902101827,
      7.375950158147129,
      7.375884794918886,
      7.375841750841752,
      7.375704647484952,
      7.375542036526886,
      7.375404933170086,
      7.375037464289359,
      7.374834997704316,
      7.373485486174881,
      7.373428094072034,
      7.373419325834099,
      7.372886854657689,
      7.372379093970004,
      7.372146337108459,
      7.371510241301909,
      7.371489516375881,
      7.37030500714213,
      7.370213339200083,
      7.370096163656771,
      7.36858244694419,
      7.368229326089176,
      7.366812059993879,
      5.648270081456933,
      5.6469134083695245,
      5.645964408526556,
      5.644738947636085,
      5.6443160171594435,
      5.642732316456869
    ]
  ],
  "top_r_val_seeds": [
    [
      19,
      45,
      10,
      43,
      21,
      2,
      24,
      23,
      32,
      11,
      40,
      47,
      39,
      20,
      5,
      41,
      28,
      26,
      3,
      14,
      6,
      48,
      17,
      31,
      27,
      50,
      49,
      4,
      13,
      35,
      18,
      25,
      33,
      30,
      46,
      34,
      15,
      29,
      12,
      44,
      8,
      16,
      7,
      9,
      1,
      37,
      38,
      42,
      36,
      22
    ],
    [
      45,
      10,
      25,
      43,
      21,
      30,
      2,
      32,
      47,
      39,
      20,
      44,
      8,
      41,
      9,
      26,
      6,
      17,
      31,
      27,
      49,
      13,
      19,
      35,
      18,
      33,
      24,
      23,
      34,
      15,
      11,
      40,
      5,
      29,
      12,
      16,
      7,
      28,
      1,
      37,
      38,
      42,
      36,
      3,
      14,
      22,
      48,
      50,
      4,
      46
    ],
    [
      21,
      33,
      23,
      41,
      9,
      13,
      19,
      45,
      10,
      35,
      18,
      25,
      43,
      30,
      2,
      24,
      46,
      34,
      32,
      11,
      40,
      47,
      39,
      20,
      5,
      29,
      44,
      8,
      16,
      7,
      1,
      37,
      38,
      42,
      26,
      14,
      22,
      6,
      48,
      17,
      27,
      50,
      49,
      4,
      15,
      12,
      28,
      36,
      3,
      31
    ]
  ],
  "loss_predicts_minimas": true,
  "loss_ordering_violations": 2,
  "test_loss_ranks": [
    2,
    1,
    3
  ],
  "log_exp_r_n_ranks": [
    2,
    1,
    3
  ],
  "data_level_ranks": [
    2,
    3,
    1
  ],
  "accuracy_predicts_minimas": false,
  "accuracy_ordering_violations": 1,
  "log_exp_r_n_acc_ranks": [
    1,
    2,
    3
  ]
}