{
  "test_loss_values": [
    11.929447615146637,
    0.05448868670500815,
    3.439955973625183,
    0.01021659336402081,
    0.0020742715540109204,
    0.2278042444260791
  ],
  "log_exp_r_n_values": [
    9666.863394148542,
    6599.01799847783,
    6945.2429166551865,
    7093.535166209984,
    8409.851465328928,
    6891.387829711086
  ],
  "log_exp_r_n_acc_values": [
    -Infinity,
    -Infinity,
    -Infinity,
    -Infinity,
    -Infinity,
    -Infinity
  ],
  "model_data_levels": [
    0,
    180,
    30,
    380,
    780,
    80
  ],
  "loss_landscape_data_param": 0,
  "train_loss_values": [
    1.612036612641532e-05,
    1.830446854000911e-05,
    4.9982940254267305e-05,
    3.914240005542524e-05,
    2.4916265829233453e-05,
    1.8521659512771294e-05
  ],
  "num_params": 4353,
  "dataset_type": "data",
  "top_r_vals": [
    [
      9.22874251405459,
      7.738619552657456,
      6.925540123456791,
      6.459016346685766,
      6.448478264366409,
      6.1167167894768,
      6.085645747469368,
      6.009066663169336,
      5.964879227735452,
      5.961789638214532,
      5.736127948556648,
      5.70922601297186,
      5.708960875748688,
      5.679888088232935,
      5.660959254477829,
      5.623169016928079,
      5.618002441705167,
      5.284176374501009,
      5.283579511577265,
      5.275543222231789,
      5.25481962887636,
      5.252775770050571,
      5.237752888935123,
      5.18432511320991,
      4.999185609423425,
      4.930790042089038,
      4.919665817386849,
      4.917700649293002,
      4.893746368155993,
      4.875676241787998,
      4.866849725896663,
      4.865213693666065,
      4.853635488462843,
      4.64143421245879,
      4.6408827351302655,
      4.601415270822972,
      4.597951698517292,
      4.570878792412366,
      4.565994955498205,
      4.527379965687295,
      4.521888872249166,
      4.5196124496125245,
      4.509879506226646,
      4.509024400636137,
      4.502094098711828,
      4.4998550376117565,
      4.49817061115316,
      4.492717405470425,
      4.4830034059622434,
      4.296657954195473
    ],
    [
      4.5610690210780485,
      4.189801379109315,
      3.9494030324552347,
      3.5911778369347385,
      3.506709910426721,
      3.3201535071855712,
      3.306812804422261,
      3.283892596209491,
      3.27264102888696,
      3.268443166473766,
      3.2568404586226856,
      3.2457286693431717,
      3.228101942274306,
      3.015700271088011,
      3.009000324568035,
      3.0014785472354943,
      2.9979392507954192,
      2.9899300048940223,
      2.984508461860258,
      2.9833927767554815,
      2.9831981326156636,
      2.9775881246211227,
      2.976512260892394,
      2.961468362939588,
      2.957151863091139,
      2.956924949905214,
      2.956824023314197,
      2.9502291228379325,
      2.949788341399614,
      2.9413520455688817,
      2.9347317418010004,
      2.933263843490839,
      2.9301814630121354,
      2.9247008744897487,
      2.9192384802167632,
      2.8998876944717957,
      2.752729761711178,
      2.738007466752437,
      2.7376534366909318,
      2.7227038401095878,
      2.710715703435875,
      2.709935093616883,
      2.7035557023239027,
      2.7031885946347955,
      2.6974067263743824,
      2.6935843226496345,
      2.688385965677929,
      2.686128206684108,
      2.681587778929606,
      2.6806589559977945
    ],
    [
      4.938660361550072,
      3.883863044507576,
      3.312989034770448,
      3.266280186029128,
      3.252970754364391,
      3.2528061101466053,
      3.2289669837480712,
      2.9535126699232204,
      2.9078948806468454,
      2.7295421938569735,
      2.7176315888326137,
      2.6966964866467715,
      2.695378448607764,
      2.6819265517589095,
      2.679744144809842,
      2.6789485891307336,
      2.675865694109658,
      2.6706962947419277,
      2.6594373914930562,
      2.6265596129580215,
      2.4733692554901627,
      2.450473977283439,
      2.4402026598848336,
      2.419629956663732,
      2.4075969668410653,
      2.4060834291674342,
      2.387130486650159,
      2.3681727669066577,
      2.2243284115121384,
      2.205167912254649,
      2.204380508296746,
      2.2037353515625,
      2.199409421810434,
      2.196022475061338,
      2.194454224641658,
      2.192549019805656,
      2.191737403554365,
      2.1897181991703256,
      2.1856447330191116,
      2.1834300648082388,
      2.1818517259329804,
      2.173778943779055,
      2.1705859475884557,
      2.167971524325284,
      2.149455929590651,
      2.147776958370997,
      2.146211734487991,
      2.1435400592394114,
      2.122012051669034,
      2.111704172181689
    ],
    [
      5.109802688242114,
      4.935512006775408,
      4.5954805749154275,
      4.5050267162231545,
      4.498591059994278,
      4.225183464947824,
      4.213795517430162,
      4.208350398080494,
      4.20042111330915,
      4.176341834183604,
      4.167935760905945,
      4.16533726354653,
      3.9422209488349407,
      3.938663086834252,
      3.9270761593204777,
      3.9110081640266303,
      3.908998543675391,
      3.889894147440313,
      3.8832496664084024,
      3.8424053209653355,
      3.8294468118686873,
      3.801512102559688,
      3.7970162383780997,
      3.640485109863033,
      3.610786433317701,
      3.6008116542386865,
      3.5980740770881567,
      3.590782518934662,
      3.579762206103362,
      3.5769155047132277,
      3.562265266704142,
      3.553854876252514,
      3.5462478872781245,
      3.5165413867307076,
      3.3326171121479558,
      3.310731864269869,
      3.2948860827787425,
      3.2936062282986116,
      3.2902681327160495,
      3.282790195794753,
      3.2824480975115744,
      3.2742000626929015,
      3.2739800347222223,
      3.2567443847656254,
      3.250450605227624,
      3.2488998601466053,
      3.2451311276282797,
      3.24459989571277,
      3.235205756293403,
      3.233863359616127
    ],
    [
      6.914036992398736,
      6.427996816519341,
      6.061207865004807,
      6.022707095816116,
      5.964879227735452,
      5.683454020219656,
      5.570726183504124,
      5.321553541949644,
      5.278954739352173,
      5.275387598463329,
      5.191087118521868,
      4.9420714575397096,
      4.922923694957388,
      4.884277469855696,
      4.590658305603782,
      4.5106062144238726,
      4.502094098711828,
      4.486724299273313,
      4.483271777562957,
      4.285376554313406,
      4.277548465469932,
      4.27522193216667,
      4.271479628910983,
      4.2598313937903844,
      4.257719901833847,
      4.248780117340447,
      4.247986605040651,
      4.243715455758062,
      4.2280476016179,
      4.226104445195226,
      4.222565993351933,
      4.205630757518964,
      4.165150440295076,
      4.154703906817943,
      4.073503418560358,
      3.9301860938934805,
      3.907540425562443,
      3.9067916379706156,
      3.9038233901515156,
      3.8960521407254367,
      3.890822733729339,
      3.8832496664084024,
      3.882663639233242,
      3.86333774535124,
      3.854331220586548,
      3.8528421645431594,
      3.852658778839532,
      3.845680706209826,
      3.839951360192838,
      3.8145948117539032
    ],
    [
      4.8779359297318905,
      4.6521132972918915,
      4.58518405116805,
      4.557424955715418,
      4.220613593070462,
      4.208941032005663,
      4.1987888424533475,
      4.193875488243886,
      4.177693383643341,
      4.167935760905945,
      3.9427307521235084,
      3.917359855658862,
      3.9102427865300737,
      3.8480212279040407,
      3.815384401543848,
      3.6462233977078937,
      3.63931686281489,
      3.5699632611764653,
      3.5650683183984344,
      3.559925478291189,
      3.559455214586931,
      3.5562399615196423,
      3.5094511936835016,
      3.506709910426721,
      3.5054424220889757,
      3.309571066020448,
      3.301139925733025,
      3.2970403977382334,
      3.291243564935378,
      3.290987367983218,
