{
  "test_loss_values": [
    0.23677033185958862,
    0.375013667345047,
    0.14346647262573242
  ],
  "log_exp_r_n_values": [
    721301.963729552,
    838063.0217152191,
    676698.1538815586
  ],
  "log_exp_r_n_acc_values": [
    -Infinity,
    -Infinity,
    -Infinity
  ],
  "model_data_levels": [
    19940,
    5940,
    59940
  ],
  "loss_landscape_data_param": 5940,
  "train_loss_values": [
    0.00014874372573103756,
    0.0001125739436247386,
    0.0003406605392228812
  ],
  "num_params": 300938,
  "dataset_type": "data",
  "top_r_vals": [
    [
      10.98860405566875,
      10.973974200854828,
      10.971700262967431,
      10.97091421036438,
      10.970693285642094,
      10.96540085693584,
      10.962804686304336,
      10.96002420830783,
      9.487273917710487,
      9.476105449370204,
      9.474601515968558,
      9.471221086237216,
      9.46869628831521,
      9.46751124352147,
      9.465513716862041,
      9.462671082769777,
      9.460102082466475,
      9.460083138588779,
      9.459742148790225,
      9.457874071961728,
      9.457540449226723,
      9.45712894610563,
      9.45440839478075,
      9.45240876324602,
      9.451564708250835,
      9.445749990235374,
      8.070664026629936,
      8.06397515639348,
      8.063081095041323,
      8.061515366735538,
      8.061084925964188,
      8.059447457529846,
      8.059334466827366,
      8.0586708706382,
      8.058191108528467,
      8.057193920741506,
      8.055924120466024,
      8.053237452651516,
      8.05175512224518,
      8.04684271694215,
      8.046675024391645,
      8.03911899535124,
      6.785259482301313,
      6.781729992525078,
      6.773634168836806,
      6.767385223765433,
      6.764558015046297,
      6.761208616657022,
      6.755807382089121,
      5.598574100179511
    ],
    [
      16.197374331222584,
      14.371255165289258,
      14.318765304560761,
      14.318441676869709,
      14.317163108356292,
      14.31513365983063,
      12.616116722534294,
      12.614468941456469,
      12.614114444336835,
      12.598230731498221,
      12.597674465267017,
      12.594161721081555,
      12.592710104417758,
      12.59184417864727,
      12.587832616380425,
      12.587381438228164,
      12.575702649721649,
      12.561123430236313,
      10.985281640784427,
      10.984374750902337,
      10.980072211421351,
      10.977755553283789,
      10.97596618509113,
      10.972618138056708,
      10.971700262967431,
      10.971479338245144,
      10.971457367830775,
      10.971061900372096,
      10.970693285642094,
      10.968508449990757,
      10.968031203767477,
      10.966736169898166,
      10.962045486429961,
      10.961350977220123,
      10.959333360833721,
      10.957465875612186,
      10.952647031393484,
      9.46869628831521,
      9.462921562930443,
      9.460695657300995,
      9.460578836721862,
      9.458657085573222,
      9.457745674568447,
      9.457182620425773,
      9.45440839478075,
      9.44334096045485,
      8.075019549185033,
      8.061946704258494,
      8.046675024391645,
      8.039969115874657
    ],
    [
      9.474867782693972,
      8.083831030475208,
      8.073033244375575,
      8.070664026629936,
      8.065289794249312,
      8.06251165777089,
      8.06084100952709,
      8.0606625559573,
      8.060263501492196,
      8.058780274334252,
      8.058191108528467,
      8.056212874483473,
      8.055924120466024,
      8.055827271292472,
      8.054305483815428,
      8.05226268365473,
      8.04684271694215,
      6.784667215229553,
      6.779362431278936,
      6.778513967255016,
      6.775227864583334,
      6.775048526716821,
      6.773634168836806,
      6.773209183304399,
      6.7729514793113434,
      6.772723916136189,
      6.772174599729939,
      6.7715220510223775,
      6.771080488040124,
      6.7702810028452935,
      6.767700948832948,
      6.767385223765433,
      6.767096625434029,
      6.766956470630787,
      6.765710901331019,
      6.764558015046297,
      6.76293342496142,
      6.761442207995756,
      6.761208616657022,
      6.755093044704862,
      5.60765246471183,
      5.604735531012462,
      5.604272832093028,
      5.598574100179511,
      5.598274560233014,
      5.597975643030687,
      5.596760046407893,
      5.596177780607529,
      5.583311886024068,
      4.535986025471333
    ]
  ],
  "top_r_val_seeds": [
    [
      29,
      9,
      43,
      26,
      23,
      49,
      15,
      39,
      7,
      31,
      13,
      5,
      24,
      45,
      30,
      27,
      48,
      33,
      32,
      36,
      20,
      41,
      14,
      34,
      44,
      16,
      46,
      37,
      4,
      22,
      11,
      10,
      1,
      38,
      12,
      19,
      50,
      3,
      25,
      6,
      47,
      42,
      35,
      40,
      18,
      8,
      28,
      17,
      2,
      21
    ],
    [
      46,
      7,
      15,
      34,
      44,
      39,
      31,
      29,
      13,
      27,
      9,
      26,
      1,
      36,
      49,
      50,
      16,
      42,
      40,
      5,
      45,
      30,
      37,
      22,
      43,
      48,
      33,
      32,
      23,
      20,
      41,
      19,
      8,
      3,
      25,
      28,
      6,
      24,
      4,
      18,
      11,
      10,
      38,
      12,
      14,
      17,
      35,
      21,
      47,
      2
    ],
    [
      29,
      7,
      13,
      46,
      30,
      9,
      43,
      33,
      26,
      36,
      12,
      49,
      50,
      14,
      15,
      39,
      6,
      31,
      24,
      45,
      4,
      27,
      18,
      48,
      32,
      23,
      10,
      38,
      41,
      19,
      34,
      8,
      44,
      3,
      25,
      28,
      16,
      47,
      17,
      42,
      35,
      40,
      5,
      21,
      22,
      11,
      1,
      20,
      2,
      37
    ]
  ],
  "loss_predicts_minimas": true,
  "loss_ordering_violations": 2,
  "test_loss_ranks": [
    2,
    1,
    3
  ],
  "log_exp_r_n_ranks": [
    2,
    1,
    3
  ],
  "data_level_ranks": [
    2,
    3,
    1
  ],
  "accuracy_predicts_minimas": false,
  "accuracy_ordering_violations": 1,
  "log_exp_r_n_acc_ranks": [
    1,
    2,
    3
  ]
}