{
  "test_loss_values": [
    0.5108863067626953,
    0.5264020019769668,
    0.34872429072856903,
    0.4991643585264683,
    0.17467248439788818,
    0.23179587125778198,
    0.5450306430459022,
    0.4402742624282837
  ],
  "log_exp_r_n_values": [
    832068.4248854688,
    814153.7833275343,
    775741.2587657727,
    823285.9537614423,
    711690.461120114,
    755290.558501409,
    755580.7997073943,
    814153.7833275343
  ],
  "log_exp_r_n_acc_values": [
    -Infinity,
    -Infinity,
    -Infinity,
    -Infinity,
    -Infinity,
    -Infinity,
    -Infinity,
    -Infinity
  ],
  "model_data_levels": [
    200,
    100,
    2000,
    500,
    10000,
    5000,
    0,
    1000
  ],
  "loss_landscape_data_param": 200,
  "train_loss_values": [
    0.003061632625758648,
    0.06767471879720688,
    0.011123002506792545,
    0.004097259137779474,
    0.07535440474748611,
    0.03750302270054817,
    0.13287705183029175,
    0.005995108745992184
  ],
  "num_params": 235146,
  "dataset_type": "data",
  "top_r_vals": [
    [
      34.41646004450423,
      33.154747734629495,
      33.12511438562553,
      31.931214953296088,
      30.607365739486724,
      30.53263231273949,
      29.419445331161494,
      29.414103589802423,
      29.39664255301491,
      28.263799762000957,
      28.238928230979013,
      28.214323028458875,
      28.21188878595237,
      28.205218144743817,
      28.186099309360873,
      27.10606231577712,
      27.083676888880646,
      27.07331149995497,
      27.02799590573564,
      27.02354265275,
      27.00926194200973,
      25.933606181745922,
      25.877174430421974,
      24.842681541836853,
      24.838045241179447,
      24.817552511380367,
      24.7827716735977,
      24.778985855558364,
      24.76186696689739,
      23.729473334894482,
      23.714087031814223,
      23.672703799501594,
      23.672675452778183,
      23.67260085613763,
      23.658521486199845,
      23.657739713406862,
      22.65793412627754,
      22.638162376091895,
      22.622816328996237,
      21.64325486140758,
      21.620580318585112,
      21.609828942135298,
      21.598582749523175,
      20.574915674508745,
      19.596967790822834,
      19.5703250766237,
      18.599573315847064,
      18.56699181744518,
      15.872065787381473,
      14.985032068479274
    ],
    [
      31.891826500655068,
      30.63052691750109,
      29.413239511792487,
      28.285090062435287,
      28.230904640981286,
      28.209023091272943,
      27.044668367410473,
      25.922633567689264,
      25.9098770273764,
      25.84281998950271,
      24.848246351040597,
      24.841230259571155,
      24.82772553190734,
      24.8193705155089,
      24.818314044440214,
      24.81822353436343,
      24.797744849231435,
      24.77668253015603,
      24.772938846117956,
      23.74639782070292,
      23.714087031814223,
      23.700218024402794,
      23.675902503448462,
      22.61952483700079,
      22.60757144897057,
      22.59460781512876,
      21.640735920888993,
      21.6212763237365,
      21.618845743246894,
      21.58524990084195,
      21.570337446719503,
      21.56955036276901,
      21.556628048376304,
      20.57276009052728,
      20.567308950266458,
      20.554631940144695,
      19.631070169077173,
      19.606649325064396,
      19.59055124673304,
      19.58954018482804,
      19.56413293895672,
      18.64223507061676,
      18.616565580563833,
      17.689678567144767,
      17.686263431217608,
      17.662218381652885,
      17.657977559554997,
      16.71151334522186,
      13.336944168563598,
      13.321387691897083
    ],
    [
      27.085368988830083,
      27.06116038381907,
      27.044668367410473,
      25.97710528303519,
      25.9098770273764,
      25.886191900437332,
      24.8193705155089,
      24.81822353436343,
      24.81072680317589,
      24.807813315014535,
      24.797744849231435,
      24.793086701314113,
      24.745311425438477,
      24.731432173318993,
      23.75615058548869,
      23.736531669023513,
      23.72180181638011,
      23.700218024402794,
      22.62325234481901,
      22.61195440541126,
      22.60757144897057,
      21.640735920888993,
      21.639471692781985,
      21.597468053772907,
      21.570337446719503,
      21.569524534452846,
      21.556628048376304,
      20.61864397551736,
      20.603948696259103,
      20.602264646273582,
      20.59058899818167,
      20.5823229035989,
      20.57276009052728,
      20.567308950266458,
      20.564316522984498,
      20.554656553182944,
      20.554567168991404,
      19.631070169077173,
      19.608930379362267,
      19.58350093944913,
      19.57845795994735,
      18.63296475112687,
      18.62936750615096,
      17.698479580519788,
      17.695001015870613,
      17.627045486121524,
      15.851963312065193,
      14.979932486464595,
      13.336944168563598,
      12.526263541324713
    ],
    [
      33.154747734629495,
      30.691286960107732,
      30.63052691750109,
      29.413239511792487,
      28.238928230979013,
      28.214323028458875,
      28.21188878595237,
      28.209023091272943,
      28.13887393942072,
      27.083676888880646,
      27.066869944413046,
      27.061955364378818,
      27.044668367410473,
      27.04224257019926,
      27.02799590573564,
      25.964883594470074,
      25.933511604302726,
      25.886191900437332,
      25.877174430421974,
      24.841230259571155,
      24.804249090611467,
      24.76186696689739,
      24.759509023345274,
      24.745311425438477,
      23.75083035308452,
      23.74639782070292,
      23.72753382224013,
      23.69355356053588,
      23.68382914247352,
      23.672675452778183,
      22.66311786994829,
      22.639330784505866,
      22.622816328996237,
      22.608801127581856,
      22.59535445660305,
      21.64325486140758,
      21.618845743246894,
      21.597468053772907,
      21.56955036276901,
      20.59923594714578,
      20.593039938622134,
      20.574915674508745,
      20.569617394169686,
      19.610503690326635,
      19.5703250766237,
      18.62936750615096,
      18.56699181744518,
      17.657977559554997,
      15.002531319091286,
      14.985032068479274
    ],
    [
      20.62711215609839,
      20.592942781892198,
      20.58341364982029,
      20.57854674536214,
      19.62878541577233,
      19.58871407327151,
      19.55185100281559,
      19.54088468015328,
      18.67257898652955,
      18.656131758930343,
      18.64954560072909,
      18.648380510632627,
      18.636808141897806,
      18.63561257660767,
      18.62586168675606,
      18.62236290009816,
      18.60722962219527,
      17.698356061429557,
      17.680472500176567,
      17.67410959785284,
      17.667915838787806,
      17.659092569720855,
      17.657351061827075,
      17.65566964430152,
      16.779777373693463,
      16.77840588979687,
      16.778344700515326,
      16.77130687815057,
      16.747501082668517,
      16.73961399527548,
      16.729605327793177,
      15.89838736612554,
      15.883233607283433,
      15.874719417991338,
      15.858550947557353,
      15.030038098199709,
      15.003928464848732,
      14.998241704008965,
      14.992047061806018,
      14.165804137359022,
      14.143848391735883,
      14.135147516644542,
      14.135086048396227,
      14.111402065066812,
      13.340761744889647,
      12.550722361809045,
      12.525008049039165,
      11.005664683933173,
      9.601620044218423,
      9.590420523826735
    ],
    [
      24.829276687361215,
      24.807084552844557,
      23.767332621907435,
      23.703415236416856,
      23.702344028658526,
      22.640530540462645,
      21.645583488017586,
      21.627707574461503,
      21.614286365751298,
      21.61036182107933,
      21.60159106866383,
      21.594620142069488,
      21.579982283729418,
      21.555915730604184,
      21.54382535986899,
      20.59596629932774,
      20.567705349724587,
      20.557433940235985,
      20.542342261519597,
