{
  "test_loss_values": [
    0.5208079701662064,
    0.5257817530632019,
    0.3692728832364082,
    0.5049176961183548,
    0.17535579204559326,
    0.23104109168052672,
    0.5418064892292023,
    0.4461737871170044
  ],
  "log_exp_r_n_values": [
    722345.1410233473,
    699555.1513229742,
    823192.1185071694,
    755403.7377265836,
    840941.0928348785,
    849570.5459574221,
    649849.3095060263,
    795452.7737265632
  ],
  "log_exp_r_n_acc_values": [
    -Infinity,
    -Infinity,
    -Infinity,
    -Infinity,
    -Infinity,
    -Infinity,
    -Infinity,
    -Infinity
  ],
  "model_data_levels": [
    200,
    100,
    2000,
    500,
    10000,
    5000,
    0,
    1000
  ],
  "loss_landscape_data_param": 5000,
  "train_loss_values": [
    0.4339951276779175,
    0.4490964710712433,
    0.18259195983409882,
    0.39715757966041565,
    0.06664164364337921,
    0.035608913749456406,
    0.4824713468551636,
    0.2952311933040619
  ],
  "num_params": 235146,
  "dataset_type": "data",
  "top_r_vals": [
    [
      21.583243448491476,
      20.592942781892198,
      20.581322836992115,
      19.62763872361178,
      17.704313910160096,
      17.67722873307729,
      17.657977559554997,
      16.77912011641071,
      15.910363160119852,
      15.854464136697148,
      15.025484158244359,
      15.020179724453081,
      15.006825654260625,
      15.001104908794327,
      14.16904502848038,
      14.135147516644542,
      14.134317249870188,
      14.118289181410741,
      13.339173955395498,
      13.325587948989163,
      13.3223360016901,
      13.315879942187726,
      13.307478588791357,
      12.563884908209388,
      12.548255568041212,
      12.542059386126613,
      12.537952797909144,
      11.775129930548186,
      11.76596757351234,
      11.761107939914762,
      11.751187237130072,
      11.75070734646088,
      11.030908325808733,
      11.011646671766695,
      10.998279616518523,
      10.319691447518588,
      10.307260301913194,
      10.297829196608484,
      10.296317834763336,
      10.293577681297949,
      9.60837588588751,
      9.590420523826735,
      8.94336535506127,
      8.931861649143322,
      8.930812793405234,
      8.898972409544731,
      8.28499709097762,
      8.278947895269967,
      8.268462344873512,
      7.044070166315244
    ],
    [
      19.58959936893955,
      18.610041544872757,
      17.71394394805963,
      17.68959510830002,
      16.784768520089454,
      16.759090121594745,
      16.740838835893904,
      15.828116590924155,
      15.038730610452793,
      14.179150764841204,
      14.168490032557177,
      14.156144713931623,
      13.352633240758696,
      13.322153892641353,
      13.315895887219643,
      11.778937951876857,
      11.772701594893439,
      11.771300432630925,
      11.761107939914762,
      11.759311312193379,
      11.756441595614499,
      11.750744375061899,
      11.750068232807314,
      11.743330508566112,
      11.04247697010591,
      11.023294382337845,
      11.004824778163156,
      10.305745051486971,
      10.304770313830408,
      10.296752059650235,
      10.289772056617544,
      10.283817342795409,
      10.277281286102308,
      9.609146808260052,
      9.608670721403026,
      9.599370110899189,
      9.59846989590304,
      9.595915460330074,
      8.945368686374616,
      8.934318904096932,
      8.28499709097762,
      8.281521877012262,
      8.277446536156168,
      8.251996363308969,
      7.667494303036064,
      7.6576317293752725,
      7.654352713822083,
      7.64542452473432,
      6.47043872845871,
      5.918975625862116
    ],
    [
      33.14151993774621,
      31.863321936764784,
      31.766150658174173,
      30.668185505643393,
      29.372352154482915,
      28.190358789866416,
      27.118821157951196,
      27.083676888880646,
      27.04589062874216,
      27.04224257019926,
      27.012792540898193,
      27.010816154538738,
      25.9169899033632,
      25.896466598189008,
      24.845573182738296,
      24.838045241179447,
      24.829276687361215,
      24.820342718575063,
      24.807201591736952,
      23.714087031814223,
      23.70786865585781,
      23.689934131536297,
      23.672703799501594,
      23.671313318121705,
      23.658521486199845,
      22.638162376091895,
      22.619834037764,
      21.569456565199783,
      21.555915730604184,
      20.62711215609839,
      20.60163247981748,
      20.59923594714578,
      20.59728763085484,
      20.5823229035989,
      20.557433940235985,
      20.55540660313803,
      20.52012705136446,
      19.58350093944913,
      18.64223507061676,
      18.641311437823987,
      18.641243454699648,
      18.63561257660767,
      18.624254706351376,
      18.609682875285714,
      18.605905123393452,
      17.69011477870666,
      17.684616510014543,
      17.678814451127536,
      16.744859393686152,
      15.899316186775586
    ],
    [
      24.841230259571155,
      24.807084552844557,
      23.6877320387072,
      22.610526667324923,
      20.61864397551736,
      20.610077342783327,
      20.603141647689117,
      20.581322836992115,
      20.57854674536214,
      20.530141967086042,
      19.593279880874224,
      19.573412514440925,
      19.56419458907288,
      18.64954560072909,
      17.68757317868788,
      17.66524626854041,
      16.770893323006366,
      16.751818091979953,
      16.729052514284085,
      15.910363160119852,
      15.873543910566495,
      15.86834650985376,
      15.867527549710708,
      15.860973871102528,
      15.014775224817013,
      15.011340889502426,
      14.999810660933882,
      14.979401004666324,
      14.978854418589593,
      14.978789281388739,
      14.977974594369362,
      14.183448197158253,
      14.149079428751994,
      14.126679151883788,
      13.347399074228564,
      13.34673777501007,
      13.343513521713811,
      13.324092472837698,
      12.56523667331633,
      12.549715442791848,
      12.544790535592535,
      12.526263541324713,
      11.774374547087424,
      11.765471390258702,
      11.73101849872769,
      11.041191796371937,
      11.030321570828193,
      11.008307855600831,
      11.006359634867572,
      10.299697011718996
    ],
    [
      35.73989354233282,
      35.72220175609617,
      30.65151300235473,
      30.604620382751534,
      30.53263231273949,
      29.453725359619927,
      29.39664255301491,
      29.372352154482915,
      28.221723409762376,
      28.186099309360873,
      28.174501590868914,
      27.085368988830083,
      27.02799590573564,
      27.010848498501556,
      27.010816154538738,
      25.97710528303519,
      25.964883594470074,
      25.962090298604558,
      25.954224064363313,
      25.9169899033632,
      25.912112642456158,
      25.896466598189008,
      25.872158564641282,
      24.79301179642298,
      24.745311425438477,
      23.729473334894482,
      23.716909768692712,
      23.689934131536297,
      23.658521486199845,
      23.63293633042332,
      22.640530540462645,
      22.639330784505866,
      21.616330880883492,
      21.614286365751298,
      21.60364509949145,
      21.590809785742664,
      21.570337446719503,
      21.569456565199783,
      19.610503690326635,
      19.609532084495974,
      19.608930379362267,
      19.60123521186334,
      19.58871407327151,
      19.576260749807457,
      19.5703250766237,
      19.566861573097903,
      18.659614135868573,
      18.641243454699648,
      18.605905123393452,
      17.692192347548634
    ],
    [
      37.075849782426886,
      34.411407658735975,
      33.17070944290391,
      31.88983412764987,
      31.8410470462147,
      30.608749013968033,
      30.583457053813934,
      30.53263231273949,
      29.372753663965046,
      29.36066767347061,
      29.35851950522749,
      28.25019925317542,
      28.219633618784876,
      28.214323028458875,
      28.19728688196005,
      28.190358789866416,
      27.118821157951196,
      27.103146252182167,
      27.07562324213941,
