{
  "test_loss_values": [
    0.5373830795288086,
    0.5377539253234863,
    0.3503900572657585,
    0.5108822338283062,
    0.16711190342903137,
    0.22618953585624696,
    0.5721011132001876,
    0.440893167257309
  ],
  "log_exp_r_n_values": [
    913516.0689089203,
    912993.3907513303,
    897821.3653369985,
    912993.3907513303,
    878720.3700747963,
    882204.1194337163,
    904104.4053600231,
    905374.9972537571
  ],
  "log_exp_r_n_acc_values": [
    -Infinity,
    -Infinity,
    -Infinity,
    -Infinity,
    -Infinity,
    -Infinity,
    -Infinity,
    -Infinity
  ],
  "model_data_levels": [
    200,
    100,
    2000,
    500,
    10000,
    5000,
    0,
    1000
  ],
  "loss_landscape_data_param": 200,
  "train_loss_values": [
    0.0030117640271782875,
    0.06982078403234482,
    0.010278655216097832,
    0.003999329637736082,
    0.06630811095237732,
    0.031110020354390144,
    0.14431513845920563,
    0.006191456224769354
  ],
  "num_params": 235146,
  "dataset_type": "data",
  "top_r_vals": [
    [
      48.66234204253838,
      47.081715117451864,
      47.02512356594433,
      45.65941959122077,
      45.64652730659964,
      45.50230920990592,
      44.02109683003981,
      44.0169049303916,
      42.65268188162147,
      42.619622127049105,
      42.59538259911046,
      42.59060229379985,
      42.53890149455664,
      42.51363723225848,
      41.2324113112526,
      41.19131678643394,
      41.133768378886025,
      39.85870238490269,
      39.80743278198443,
      38.47689753139125,
      38.45166009459989,
      38.436318981054775,
      38.4172924235657,
      38.3836618413203,
      38.32162796551855,
      37.02117743833732,
      37.012081310480006,
      36.98843883771506,
      35.76678514729841,
      35.66691745214669,
      34.42869054132969,
      34.42685921384042,
      34.42192372131617,
      34.38735146205963,
      34.361595983965934,
      33.11579158107987,
      33.10803160697884,
      33.079519328347146,
      33.007985453235875,
      31.877745594858762,
      31.87676744795078,
      31.863472266719903,
      31.85967994305206,
      31.85132560634615,
      30.626930018536456,
      30.608656538793795,
      29.475911996487476,
      29.36252164813004,
      27.044668367410473,
      25.87364734404888
    ],
    [
      48.55429641863501,
      47.129766392420656,
      45.65941959122077,
      45.64652730659964,
      45.57519821853235,
      45.50230920990592,
      44.02109683003981,
      44.0169049303916,
      42.619622127049105,
      42.59538259911046,
      42.59060229379985,
      42.56440182131459,
      42.53890149455664,
      42.51363723225848,
      41.2324113112526,
      39.85870238490269,
      39.80998662263377,
      39.783171295815656,
      38.47689753139125,
      38.42293296531338,
      38.37021057509596,
      37.09064789099639,
      37.075849782426886,
      37.05749667770608,
      37.025056463646024,
      36.965218302198224,
      35.76678514729841,
      35.6972292144414,
      35.687191209980696,
      35.65563228124862,
      34.42685921384042,
      34.42192372131617,
      34.35815196264747,
      33.14175123665201,
      33.11264299867744,
      33.10803160697884,
      33.079519328347146,
      33.07716466381058,
      33.007985453235875,
      31.864257991285335,
      30.63989388202495,
      30.626174804613512,
      30.62252974149563,
      30.61741085528833,
      29.475911996487476,
      29.425651150530502,
      29.396553739857573,
      28.176280665260975,
      27.044668367410473,
      24.760933776795362
    ],
    [
      45.52041747889667,
      45.50230920990592,
      42.635653049908925,
      42.59538259911046,
      39.86763081211402,
      39.85637388313417,
      39.83470629786022,
      39.82286098402488,
      39.72903988911093,
      39.72525669967842,
      39.68020895363625,
      38.45166009459989,
      38.425397983557865,
      38.32289430822454,
      37.075849782426886,
      37.040348774959185,
      37.03658630690134,
      37.025056463646024,
      37.01136798010473,
      35.65578733437327,
      35.65563228124862,
      35.633248452631406,
      34.46078639556529,
      34.45435510245583,
      34.41646004450423,
      34.411407658735975,
      34.38735146205963,
      34.369235173930015,
      33.17650858574042,
      33.0926491878559,
      31.87932506158723,
      31.84688987047039,
      31.814009702686395,
      31.75065464640033,
      30.63978214118941,
      30.635389570413103,
      30.61741085528833,
      30.583875118664135,
      30.58169809893728,
      29.425651150530502,
      29.402165621236882,
      28.285090062435287,
      28.237726201674196,
      28.2257787050832,
      28.225082699931818,
      28.221723409762376,
      28.208937866152368,
      27.014498259358287,
      25.90607436190157,
      23.672675452778183
    ],
    [
      48.55429641863501,
      47.129766392420656,
      47.00641671671013,
      45.65941959122077,
      45.57519821853235,
      44.162187128126504,
      44.02109683003981,
      44.0169049303916,
      42.65268188162147,
      42.619622127049105,
      42.59538259911046,
      42.53890149455664,
      42.51363723225848,
      41.19131678643394,
      41.159088226470175,
      41.133768378886025,
      39.82286098402488,
      39.80743278198443,
      38.47689753139125,
      38.472419414913766,
      38.45166009459989,
      38.436318981054775,
      38.3836618413203,
      37.10374659484832,
      37.05749667770608,
      37.02117743833732,
      36.98843883771506,
      36.965218302198224,
      35.740142975620294,
      35.67842284342469,
      35.66691745214669,
      34.42685921384042,
      34.42192372131617,
      34.361595983965934,
      33.12132816840169,
      33.11579158107987,
      33.10803160697884,
      33.10195740598407,
      33.007985453235875,
      31.87676744795078,
      31.864257991285335,
      31.845246262961073,
      31.819463673458174,
      30.691286960107732,
      30.626174804613512,
      30.61449981386596,
      29.42655408429677,
      29.36252164813004,
      27.044668367410473,
      24.760933776795362
    ],
    [
      41.96897256098827,
      39.68999187089836,
      39.110566256321384,
      38.984872688177006,
      38.622798959617356,
      38.31300132603379,
      37.870016210255855,
      37.27694269692161,
      37.02220119806602,
      36.55501938585192,
      35.71877076040263,
      35.590820255440136,
      34.921033211307375,
      34.84670873384489,
      34.60543123002075,
      34.33056577583942,
      32.84517352971794,
      32.52689448436428,
      32.385725377774314,
      32.31650206763809,
      32.29648147078138,
      31.37677796699782,
      31.159441395713316,
      31.11479314425538,
      30.419185408296226,
      30.185464503215997,
      30.092060587066424,
      29.901501513635132,
      29.876211570366664,
      29.67138704964217,
      29.62014713343982,
      29.07499689764972,
      28.44007625259006,
      28.011191442005067,
      27.775019782581268,
      27.758719706908707,
      27.752215047478295,
      27.547128737812706,
      27.293487221605403,
      27.0859982850836,
      27.034651174925237,
      26.67362138518903,
      26.353574003294888,
      25.670364674462768,
      25.045398558236467,
      24.609549867382164,
      24.376731429878326,
      23.94236623505015,
      23.741736033064473,
      21.19384430968595
    ],
    [
      42.59538259911046,
      42.58440560173054,
      42.56746529419041,
      41.26711041639376,
      39.83470629786022,
      39.76674659516889,
      39.72525669967842,
      38.41005687001275,
      38.34726657194579,
      38.32289430822454,
      37.118985289826085,
      37.07730208577263,
      37.06531533809393,
      36.9444850984148,
      35.70567174472098,
      35.70204484989233,
      35.65578733437327,
      34.442191711011176,
      33.17264735265524,
      33.16645646032061,
      33.14151993774621,
      33.12997791396919,
