{
  "test_loss_values": [
    0.015132444263560123,
    0.012087946390153682,
    0.024128212581519013,
    0.01091298543877693,
    0.009387465550005277,
    0.005169926405638751,
    0.003477456353614494,
    0.002637155633845375,
    0.021927895006206125
  ],
  "log_exp_r_n_values": [
    101213.19286491527,
    101213.19286491527,
    123682.18255407261,
    101213.19286491527,
    112626.87930790533,
    101213.19286491527,
    101142.89210051234,
    100925.11570228032,
    112626.87930790533
  ],
  "log_exp_r_n_acc_values": [
    -Infinity,
    -Infinity,
    -Infinity,
    -Infinity,
    -Infinity,
    -Infinity,
    -Infinity,
    -Infinity,
    -Infinity
  ],
  "model_data_levels": [
    1693,
    2634,
    282,
    3104,
    3575,
    4516,
    5457,
    6398,
    752
  ],
  "loss_landscape_data_param": 282,
  "train_loss_values": [
    0.004828897304832935,
    0.0062487199902534485,
    8.633212564745918e-05,
    0.006538829300552607,
    0.00627575907856226,
    0.004169521387666464,
    0.003144008805975318,
    0.0024645705707371235,
    0.0016915597952902317
  ],
  "num_params": 73097,
  "dataset_type": "data",
  "top_r_vals": [
    [
      4.005731587896006,
      3.9982706145259415,
      3.996401335801194,
      3.994609177714647,
      3.99428320850551,
      3.993864873880854,
      3.99379492725551,
      3.9937841662362263,
      3.993614680182507,
      3.9936106448002757,
      3.993375247503444,
      3.9926874390208913,
      3.99222471519169,
      3.992113069616621,
      3.991960173467631,
      3.9914804113578977,
      3.9912907483930216,
      3.9900384347738753,
      3.989957278753444,
      3.989954588498623,
      3.989923202192379,
      3.9898532555670343,
      3.9897716511707992,
      3.9896895983987606,
      3.9896443124426084,
      3.989577056072085,
      3.98933358801079,
      3.9892569157483933,
      3.989171275969927,
      3.9886444344008267,
      3.988523372933885,
      3.988505437901745,
      3.98838527318641,
      3.9881108671946746,
      3.9881027964302116,
      3.98777234346304,
      3.9876925325700188,
      3.987660697887971,
      3.987545465306474,
      3.9873100680096423,
      3.987176900396006,
      3.98697826991506,
      3.986849137683655,
      3.9868231318870526,
      3.9868226835112495,
      3.98678681344697,
      3.986624501406107,
      3.9862967386937562,
      3.9861680548381546,
      3.9861451876721765
    ],
    [
      4.005731587896006,
      3.9982706145259415,
      3.996401335801194,
      3.994609177714647,
      3.99428320850551,
      3.993864873880854,
      3.99379492725551,
      3.9937841662362263,
      3.993614680182507,
      3.9936106448002757,
      3.993375247503444,
      3.9926874390208913,
      3.99222471519169,
      3.992113069616621,
      3.991960173467631,
      3.9914804113578977,
      3.9912907483930216,
      3.9900384347738753,
      3.989957278753444,
      3.989954588498623,
      3.989923202192379,
      3.9898532555670343,
      3.9897716511707992,
      3.9896895983987606,
      3.9896443124426084,
      3.989577056072085,
      3.98933358801079,
      3.9892569157483933,
      3.989171275969927,
      3.9886444344008267,
      3.988523372933885,
      3.988505437901745,
      3.98838527318641,
      3.9881108671946746,
      3.9881027964302116,
      3.98777234346304,
      3.9876925325700188,
      3.987660697887971,
      3.987545465306474,
      3.9873100680096423,
      3.987176900396006,
      3.98697826991506,
      3.986849137683655,
      3.9868231318870526,
      3.9868226835112495,
      3.98678681344697,
      3.986624501406107,
      3.9862967386937562,
      3.9861680548381546,
      3.9861451876721765
    ],
    [
      5.442090558660311,
      5.4371069363338265,
      5.43666325602139,
      5.435998650986668,
      5.4357533146928585,
      5.435427420213022,
      5.434491236445103,
      5.433861417899802,
      5.433501347219833,
      5.432848337681585,
      5.432590185312725,
      5.43088564733111,
      5.430775184969967,
      5.430771523234238,
      5.430728802984072,
      5.430633597855132,
      5.430522525204701,
      5.4304108422649815,
      5.430349203046885,
      5.430257659653673,
      5.429926272570244,
      5.429821913101981,
      5.428823479826678,
      5.428799068255155,
      5.4286355107259485,
      5.428262013681642,
      5.428251028474456,
      5.427801245269139,
      5.4276492832364065,
      5.427492438889369,
      5.427172037013126,
      5.426990781094565,
      5.426720422939945,
      5.426544659624977,
      5.426509262846268,
      5.4264598294139335,
      5.4262389046916475,
      5.425792783222058,
      5.4256176301963785,
      5.425586505442687,
      5.424789467632451,
      5.424436110134651,
      5.424330530087812,
      5.424035760361668,
      5.423803850432196,
      5.423761740471319,
      5.4237538067105735,
      5.423677520549563,
      5.423553631824083,
      5.423527389384695
    ],
    [
      4.005731587896006,
      3.9982706145259415,
      3.996401335801194,
      3.994609177714647,
      3.99428320850551,
      3.993864873880854,
      3.99379492725551,
      3.9937841662362263,
      3.993614680182507,
      3.9936106448002757,
      3.993375247503444,
      3.9926874390208913,
      3.99222471519169,
      3.992113069616621,
      3.991960173467631,
      3.9914804113578977,
      3.9912907483930216,
      3.9900384347738753,
      3.989957278753444,
      3.989954588498623,
      3.989923202192379,
      3.9898532555670343,
      3.9897716511707992,
      3.9896895983987606,
      3.9896443124426084,
      3.989577056072085,
      3.98933358801079,
      3.9892569157483933,
      3.989171275969927,
      3.9886444344008267,
      3.988523372933885,
      3.988505437901745,
      3.98838527318641,
      3.9881108671946746,
      3.9881027964302116,
      3.98777234346304,
      3.9876925325700188,
      3.987660697887971,
      3.987545465306474,
      3.9873100680096423,
      3.987176900396006,
      3.98697826991506,
      3.986849137683655,
      3.9868231318870526,
      3.9868226835112495,
      3.98678681344697,
      3.986624501406107,
      3.9862967386937562,
      3.9861680548381546,
      3.9861451876721765
    ],
    [
      4.6881177155123295,
      4.677192360269162,
      4.673362539661332,
      4.668510802095491,
      4.667603600841313,
      4.666972664470224,
      4.666110191816166,
      4.664877787328184,
      4.663742733322812,
      4.6629170959865,
      4.662057254426567,
      4.657858554422461,
      4.654968560635954,
      4.653243089109012,
      4.650829849577891,
      4.64803036542927,
      4.647318391359142,
      4.644261059986307,
      4.005731587896006,
      3.9982706145259415,
      3.996401335801194,
      3.99428320850551,
      3.993864873880854,
      3.99379492725551,
      3.9937841662362263,
      3.993614680182507,
      3.9936106448002757,
      3.993375247503444,
      3.9926874390208913,
      3.99222471519169,
      3.992113069616621,
      3.991960173467631,
      3.9914804113578977,
      3.9912907483930216,
      3.9900384347738753,
      3.989957278753444,
      3.989954588498623,
      3.989923202192379,
      3.9898532555670343,
      3.9897716511707992,
      3.9896895983987606,
      3.9896443124426084,
      3.989577056072085,
      3.98933358801079,
      3.9892569157483933,
      3.989171275969927,
      3.9886444344008267,
      3.988523372933885,
      3.988505437901745,
      3.98838527318641
    ],
    [
      4.666972664470224,
      4.005731587896006,
      3.9982706145259415,
      3.996401335801194,
      3.994609177714647,
      3.99428320850551,
      3.993864873880854,
      3.99379492725551,
      3.9937841662362263,
      3.993614680182507,
      3.9936106448002757,
      3.993375247503444,
      3.9926874390208913,
      3.99222471519169,
      3.992113069616621,
      3.991960173467631,
      3.9914804113578977,
      3.9912907483930216,
