{
  "test_loss_values": [
    4.171614646911621,
    4.418910980224609
  ],
  "log_exp_r_n_values": [
    4747243.92732942,
    4063782.779866423
  ],
  "log_exp_r_n_acc_values": [
    -Infinity,
    -Infinity
  ],
  "model_data_levels": [
    19950,
    49950
  ],
  "loss_landscape_data_param": 19950,
  "train_loss_values": [
    0.0005901173572055995,
    0.0003233006864320487
  ],
  "num_params": 1707274,
  "dataset_type": "data",
  "top_r_vals": [
    [
      16.142772533275465,
      16.138084129050927,
      16.136791087962965,
      16.128711841724538,
      13.350770668331041,
      13.348591063730746,
      13.348036821418098,
      13.347858716585046,
      13.347496279477225,
      13.346281928342774,
      13.345789960447279,
      13.34543624175786,
      13.345413822967686,
      13.344916873118818,
      13.344900681770358,
      13.344437360106753,
      13.344266728203758,
      13.344138442904427,
      13.344015139558467,
      13.343743623099687,
      13.343357521713349,
      13.343340084876546,
      13.34332887548146,
      13.343254146180879,
      13.343094723672971,
      13.342870535771226,
      13.342632647497709,
      13.342214163414452,
      13.342074668720032,
      13.342072177743347,
      13.342029831139683,
      13.341948874397387,
      13.341875390585148,
      13.341790697377823,
      13.341753332727532,
      13.341671130496891,
      13.341615083521456,
      13.341585191801222,
      13.341242682506891,
      13.341220263716716,
      13.341134325021047,
      13.34092508297942,
      13.34092134651439,
      13.340771887913228,
      13.34076441498317,
      13.340679721775842,
      13.340674739822472,
      13.340553927453197,
      13.340522790244622,
      13.340516562802907
    ],
    [
      10.808432334710744,
      10.80809638913998,
      10.807906726175103,
      10.806919066373966,
      10.806850464876034,
      10.806708217652377,
      10.806019176136363,
      10.80476215457128,
      10.804632013494318,
      10.80452305817407,
      10.80404486537965,
      10.804001485020661,
      10.80378559207128,
      10.80318028473657,
      10.803055187887397,
      10.802765649212294,
      10.802506375903926,
      10.802314695247935,
      10.802244076058885,
      10.801829440534608,
      10.801690219847623,
      10.801557052233989,
      10.801330061983471,
      10.801116186725206,
      10.800992098721592,
      10.800759055397728,
      10.800684400826446,
      10.800137606534092,
      10.800022598140496,
      10.799986279700413,
      10.799671519886363,
      10.799651342975206,
      10.799339609697832,
      10.799252848979856,
      10.799095469072832,
      10.798868478822314,
      10.79844375484246,
      10.798070481986054,
      10.79800188048812,
      10.797699226820765,
      10.797484342716942,
      10.796906274212294,
      10.796139551588327,
      10.79611937467717,
      10.795706756844009,
      10.795571571539256,
      10.795203342910641,
      10.79513373256715,
      10.794784672004132,
      10.79428831998967
    ]
  ],
  "top_r_val_seeds": [
    [
      163,
      122,
      363,
      19,
      440,
      58,
      361,
      377,
      482,
      242,
      217,
      246,
      328,
      78,
      160,
      64,
      257,
      373,
      431,
      338,
      384,
      71,
      351,
      422,
      30,
      458,
      444,
      33,
      199,
      260,
      99,
      438,
      483,
      310,
      380,
      114,
      206,
      412,
      366,
      249,
      241,
      158,
      148,
      316,
      388,
      116,
      311,
      268,
      325,
      425
    ],
    [
      338,
      351,
      30,
      483,
      310,
      206,
      388,
      46,
      13,
      481,
      235,
      216,
      156,
      122,
      35,
      105,
      463,
      363,
      191,
      276,
      445,
      100,
      83,
      476,
      92,
      435,
      381,
      394,
      28,
      95,
      285,
      315,
      168,
      202,
      102,
      347,
      416,
      181,
      164,
      152,
      94,
      19,
      485,
      332,
      250,
      418,
      345,
      356,
      452,
      298
    ]
  ],
  "loss_predicts_minimas": true,
  "loss_ordering_violations": 0,
  "test_loss_ranks": [
    2,
    1
  ],
  "log_exp_r_n_ranks": [
    1,
    2
  ],
  "data_level_ranks": [
    2,
    1
  ],
  "accuracy_predicts_minimas": true,
  "accuracy_ordering_violations": 0,
  "log_exp_r_n_acc_ranks": [
    1,
    2
  ]
}