{
  "test_loss_values": [
    0.4757929009199142,
    0.48931986823678014,
    0.33311471343040466,
    0.4677643060684204,
    0.17463581264019012,
    0.22011089324951172,
    0.5147746473550796,
    0.4134564220905304
  ],
  "log_exp_r_n_values": [
    804953.945356334,
    784714.040285798,
    865533.8413163504,
    831315.6990721587,
    865533.8413163504,
    881752.4140332128,
    775854.4379909473,
    857209.871803119
  ],
  "log_exp_r_n_acc_values": [
    -Infinity,
    -Infinity,
    -Infinity,
    -Infinity,
    -Infinity,
    -Infinity,
    -Infinity,
    -Infinity
  ],
  "model_data_levels": [
    200,
    100,
    2000,
    500,
    10000,
    5000,
    0,
    1000
  ],
  "loss_landscape_data_param": 5000,
  "train_loss_values": [
    0.4019261598587036,
    0.4278174638748169,
    0.1627194732427597,
    0.37857431173324585,
    0.0712876245379448,
    0.034454334527254105,
    0.4660044014453888,
    0.2786969542503357
  ],
  "num_params": 235146,
  "dataset_type": "data",
  "top_r_vals": [
    [
      30.668185505643393,
      30.53263231273949,
      25.92567798297293,
      25.907166894435075,
      25.872158564641282,
      24.838045241179447,
      24.746129137166676,
      23.75083035308452,
      23.72744729013709,
      23.716797873731885,
      23.703415236416856,
      23.684152891893515,
      22.64248406233527,
      22.635177235083038,
      22.608801127581856,
      21.627707574461503,
      21.596557265781836,
      21.582827476662718,
      21.571102780509015,
      21.569524534452846,
      20.602264646273582,
      20.593039938622134,
      20.58341364982029,
      20.574915674508745,
      19.642423654468956,
      19.618193925816268,
      19.58144922358337,
      19.57845795994735,
      19.576638048518348,
      18.642835197507495,
      18.64223507061676,
      18.642104964982245,
      18.638571014639343,
      18.63074709472595,
      18.605905123393452,
      17.71894702760623,
      17.717040827592147,
      17.697059667374443,
      17.680472500176567,
      17.627045486121524,
      16.774352627388623,
      16.744859393686152,
      16.741895933481892,
      16.739634040040123,
      16.729052514284085,
      15.873543910566495,
      15.847594858814329,
      15.002531319091286,
      14.985893956368834,
      12.544790535592535
    ],
    [
      28.13887393942072,
      27.098408712786508,
      25.92567798297293,
      24.838045241179447,
      24.79301179642298,
      23.658521486199845,
      22.683515146101897,
      22.65101201886893,
      22.63823077073076,
      22.60757144897057,
      21.619430278823256,
      21.594620142069488,
      21.579982283729418,
      21.571102780509015,
      20.610077342783327,
      20.58518967484348,
      20.567705349724587,
      20.567308950266458,
      20.554567168991404,
      19.618193925816268,
      19.609532084495974,
      19.58871407327151,
      19.58350093944913,
      19.56419458907288,
      18.67257898652955,
      18.624254706351376,
      18.614615168168942,
      17.717040827592147,
      17.698356061429557,
      17.669558308852483,
      17.66398882194618,
      16.779777373693463,
      16.77593932875822,
      16.770893323006366,
      16.76889728644301,
      16.741895933481892,
      16.739634040040123,
      15.902877664665981,
      15.884507989164572,
      15.883233607283433,
      15.879883860551974,
      14.999015798279983,
      14.979401004666324,
      14.969385924030684,
      14.141790541683564,
      14.13955986786062,
      14.111402065066812,
      13.338186202628789,
      13.336944168563598,
      11.025694806673128
    ],
    [
      39.68020895363625,
      34.45877323414092,
      31.802213812207924,
      30.66425338417215,
      30.65342800908791,
      30.608656538793795,
      30.550776712551443,
      29.475911996487476,
      29.455446114543356,
      29.413239511792487,
      29.39664255301491,
      29.372753663965046,
      28.248434382970125,
      28.24003438202318,
      28.237623221320167,
      28.22909360716901,
      28.225082699931818,
      28.190358789866416,
      28.174501590868914,
      28.17235143209767,
      27.05097203553197,
      25.9098770273764,
      25.903750691960905,
      25.896466598189008,
      25.889604841620358,
      24.8193705155089,
      24.791966248984252,
      24.71936780429092,
      23.753594904583377,
      23.72753382224013,
      23.714087031814223,
      23.69603613673345,
      23.689934131536297,
      23.68246700781704,
      23.675902503448462,
      23.672703799501594,
      23.672675452778183,
      23.657739713406862,
      22.68859629781435,
      22.646745903269636,
      22.639330784505866,
      21.620580318585112,
      21.618845743246894,
      21.60364509949145,
      21.579687297171116,
      21.570337446719503,
      20.59923594714578,
      20.59728763085484,
      20.561072783627772,
      16.77130687815057
    ],
    [
      34.30646566659409,
      31.907180200071394,
      28.22909360716901,
      27.094934290254514,
      25.921872056206954,
      25.907166894435075,
      25.872158564641282,
      25.858177409503547,
      24.842681541836853,
      24.797744849231435,
      24.793086701314113,
      23.736531669023513,
      23.72744729013709,
      23.684152891893515,
      23.67260085613763,
      22.671275355521423,
      22.610526667324923,
      21.65577207905202,
      21.609828942135298,
      21.594620142069488,
      21.590809785742664,
      21.588547769000662,
      21.583243448491476,
      21.582827476662718,
      21.569524534452846,
      20.602264646273582,
      20.58341364982029,
      20.58039272323088,
      19.631070169077173,
      19.610366827068763,
      19.59841903455721,
      19.57845795994735,
      19.572286783319868,
      18.663793925892715,
      18.642835197507495,
      18.640739441881255,
      18.623267778925598,
      18.600747782926195,
      17.698479580519788,
      17.695001015870613,
      17.693327387837233,
      17.645545530041066,
      16.740244877867916,
      16.739634040040123,
      16.71151334522186,
      15.873543910566495,
      15.854464136697148,
      15.851963312065193,
      14.157490779485325,
      13.341090716074483
    ],
    [
      39.68020895363625,
      34.44004000944578,
      31.931214953296088,
      31.891826500655068,
      31.863472266719903,
      31.845342474132348,
      30.669977212144257,
      30.668185505643393,
      30.66425338417215,
      30.56729509054971,
      29.417558051568058,
      29.402165621236882,
      29.396553739857573,
      29.372753663965046,
      29.34096595473442,
      28.224949535680913,
      28.190358789866416,
      28.189815479722732,
      28.174501590868914,
      27.103146252182167,
      27.07331149995497,
      27.048638163267704,
      27.04224257019926,
      27.034638334309786,
      27.010731038847116,
      26.993774290762264,
      25.964883594470074,
      25.918909173201907,
      25.873678326314757,
      25.83021346858251,
      24.818314044440214,
      24.791966248984252,
      24.778985855558364,
      24.76430917845203,
      24.760933776795362,
      23.729473334894482,
      23.728543860753202,
      23.72680575902834,
      23.71233102689563,
      22.644637068571253,
      22.6311832731509,
      22.61952483700079,
      22.618223913974017,
      22.609724455206553,
      21.620580318585112,
      21.576283396977626,
      20.59728763085484,
      20.5823229035989,
      19.606649325064396,
      16.77130687815057
    ],
    [
      42.51363723225848,
      34.442191711011176,
      34.44004000944578,
      33.17070944290391,
      33.12527066866999,
      33.106422933507844,
      33.06158636993858,
      31.931214953296088,
      31.90308922089271,
      31.86800020496814,
      31.863321936764784,
      31.845246262961073,
      31.78502809173853,
      30.669977212144257,
      30.583875118664135,
      29.399628895430407,
      29.377192471557848,
      29.36066767347061,
      28.26874104347112,
