{
  "test_loss_values": [
    0.5208079701662064,
    0.5257817530632019,
    0.3692728832364082,
    0.5049176961183548,
    0.17535579204559326,
    0.23104109168052672,
    0.5418064892292023,
    0.4461737871170044
  ],
  "log_exp_r_n_values": [
    874754.6864034171,
    881752.4140332128,
    866368.474460519,
    890698.3149440766,
    858044.5049472876,
    866368.474460519,
    874754.6864034171,
    874754.6864034171
  ],
  "log_exp_r_n_acc_values": [
    -Infinity,
    -Infinity,
    -Infinity,
    -Infinity,
    -Infinity,
    -Infinity,
    -Infinity,
    -Infinity
  ],
  "model_data_levels": [
    200,
    100,
    2000,
    500,
    10000,
    5000,
    0,
    1000
  ],
  "loss_landscape_data_param": 500,
  "train_loss_values": [
    0.06997431069612503,
    0.11919940263032913,
    0.010807137936353683,
    0.0037906882353127003,
    0.07098307460546494,
    0.03411688655614853,
    0.17637845873832703,
    0.005660306196659803
  ],
  "num_params": 235146,
  "dataset_type": "data",
  "top_r_vals": [
    [
      41.26711041639376,
      41.21038638803412,
      41.084710040022266,
      38.436318981054775,
      38.36388852830421,
      37.012081310480006,
      36.99126185433094,
      35.718118690480516,
      35.70204484989233,
      35.6972292144414,
      34.442191711011176,
      34.404926577763334,
      34.36404208333103,
      34.34738912544106,
      33.195695976052534,
      33.17650858574042,
      33.16645646032061,
      33.15267646334689,
      33.14281812890221,
      31.863472266719903,
      31.85132560634615,
      31.802213812207924,
      30.596014411849005,
      30.591340562417727,
      30.57020613197208,
      30.569090650182833,
      30.568957717119865,
      30.549767191899345,
      29.419445331161494,
      29.399628895430407,
      29.39807096462877,
      29.396553739857573,
      29.34096595473442,
      28.27178251496174,
      28.236859746281656,
      28.200241352806746,
      26.96547332329809,
      25.934891130456972,
      25.933606181745922,
      25.92979373239766,
      24.81822353436343,
      24.807813315014535,
      24.800102792783555,
      24.768692675101867,
      23.75083035308452,
      23.72028004491285,
      23.702344028658526,
      23.68246700781704,
      22.622816328996237,
      22.61195440541126
    ],
    [
      42.51363723225848,
      41.26711041639376,
      38.4172924235657,
      37.05051722952443,
      37.00598303511488,
      36.99126185433094,
      35.75415842980015,
      35.73989354233282,
      35.718118690480516,
      35.70204484989233,
      34.48473002837705,
      34.38735146205963,
      34.369235173930015,
      34.36404208333103,
      33.17650858574042,
      33.15267646334689,
      33.14281812890221,
      33.063488855533166,
      31.90308922089271,
      31.85132560634615,
      30.626174804613512,
      30.61185849170179,
      30.596014411849005,
      30.56729509054971,
      30.549767191899345,
      29.387491097260856,
      29.379923476145997,
      29.359625969145995,
      29.358554660435605,
      29.35842699152193,
      28.236859746281656,
      28.21039379529557,
      28.208937866152368,
      28.155595818287413,
      27.10606231577712,
      27.066869944413046,
      26.96547332329809,
      25.933606181745922,
      24.819543733069647,
      24.814665552034622,
      24.800102792783555,
      23.72744729013709,
      23.71749460635464,
      23.68727550726702,
      23.68246700781704,
      23.680093342714674,
      22.683515146101897,
      22.65433770818381,
      22.637207700924385,
      22.61195440541126
    ],
    [
      39.821301138216505,
      38.30013397310043,
      37.108504461828524,
      37.05749667770608,
      35.672544307568586,
      35.65835357594348,
      34.404926577763334,
      33.195695976052534,
      33.15267646334689,
      33.106422933507844,
      33.08451830199601,
      33.063488855533166,
      31.880351314080855,
      31.8410470462147,
      31.832093394087714,
      30.67354713918307,
      30.66425338417215,
      30.65342800908791,
      30.626174804613512,
      30.56729509054971,
      30.550776712551443,
      29.409877563732415,
      29.402165621236882,
      29.379923476145997,
      29.372753663965046,
      28.208937866152368,
      28.1724739432085,
      27.10606231577712,
      27.072579505007024,
      27.010731038847116,
      26.993774290762264,
      25.927341241456773,
      25.908504023804444,
      25.899179992421477,
      25.877174430421974,
      25.874622470101173,
      25.83021346858251,
      24.814665552034622,
      24.795605378278456,
      23.72870946529523,
      23.72753382224013,
      23.72744729013709,
      23.72028004491285,
      23.68246700781704,
      23.680093342714674,
      22.644637068571253,
      22.637207700924385,
      21.61036182107933,
      21.582827476662718,
      20.622492677445805
    ],
    [
      44.162187128126504,
      42.643684606642914,
      41.084710040022266,
      39.821301138216505,
      39.73044950899875,
      38.36388852830421,
      38.34582139458284,
      37.09064789099639,
      37.05051722952443,
      37.012081310480006,
      37.00648889358362,
      35.75192476594657,
      35.718118690480516,
      35.6972292144414,
      34.45435510245583,
      34.3984519908598,
      34.391990392094485,
      33.17650858574042,
      33.10978614462467,
      33.0926491878559,
      33.06158636993858,
      31.880351314080855,
      31.863472266719903,
      31.845246262961073,
      31.827230721139408,
      31.805242459703756,
      31.783977786452084,
      30.691286960107732,
      30.63895371775353,
      30.610236323020363,
      30.568957717119865,
      30.550776712551443,
      29.46204419202394,
      29.419445331161494,
      29.387491097260856,
      29.358554660435605,
      28.125147368437663,
      27.07341023415725,
      27.07331149995497,
      27.069430224417026,
      27.061955364378818,
      25.934891130456972,
      25.92567798297293,
      25.91457654791605,
      25.884349270940522,
      25.88175491383484,
      25.877174430421974,
      24.77620501147506,
      23.75083035308452,
      23.702344028658526
    ],
    [
      38.436318981054775,
      37.05749667770608,
      33.10195740598407,
      33.02409510945905,
      31.907180200071394,
      31.88983412764987,
      31.819028718788026,
      30.62252974149563,
      30.608749013968033,
      30.583875118664135,
      29.407699791103518,
      29.36066767347061,
      29.35851950522749,
      28.285090062435287,
      28.27178251496174,
      28.26874104347112,
      28.260175918853058,
      28.25019925317542,
      28.19728688196005,
      28.190358789866416,
      28.1724739432085,
      28.170819155450616,
      27.05097203553197,
      25.93572602099004,
      25.89251065203037,
      25.858177409503547,
      25.857322951223612,
      24.807201591736952,
      24.794291421646502,
      24.79301179642298,
      24.71936780429092,
      23.724045683327915,
      23.72180181638011,
      23.71012296633529,
      23.705823215973872,
      23.69603613673345,
      23.673567628599187,
      23.67260085613763,
      22.660570169650516,
      21.620580318585112,
      21.61950912315681,
      21.61036182107933,
      21.576283396977626,
      21.572464884340437,
      20.622492677445805,
      20.602189511735766,
      20.58039272323088,
      20.567308950266458,
      19.603537227200704,
      19.572286783319868
    ],
    [
      39.821301138216505,
      35.77137157378247,
      35.72220175609617,
      33.15267646334689,
      33.10195740598407,
      33.079519328347146,
      33.07906714940517,
      33.02409510945905,
      31.857320764956366,
      31.845342474132348,
      31.80637093656686,
      31.804043828861595,
      30.65342800908791,
      30.596014411849005,
      29.45887467247143,
      29.42895944064135,
      29.402165621236882,
      29.377192471557848,
      28.285090062435287,
      28.27178251496174,
