{
  "test_loss_values": [
    0.5012937211990356,
    0.5234235793352127,
    0.344224089384079,
    0.49274585843086244,
    0.18278881907463074,
    0.23172153234481813,
    0.547071884572506,
    0.42166078090667725
  ],
  "log_exp_r_n_values": [
    794708.6646811737,
    794708.6646811737,
    734023.1468972772,
    785011.5788640247,
    564716.7411041788,
    688104.5557691242,
    804209.8363109445,
    755403.7377265836
  ],
  "log_exp_r_n_acc_values": [
    -Infinity,
    -Infinity,
    -Infinity,
    -Infinity,
    -Infinity,
    -Infinity,
    -Infinity,
    -Infinity
  ],
  "model_data_levels": [
    200,
    100,
    2000,
    500,
    10000,
    5000,
    0,
    1000
  ],
  "loss_landscape_data_param": 0,
  "train_loss_values": [
    0.003023376688361168,
    0.002778759691864252,
    0.013536377809941769,
    0.004083959851413965,
    0.08238401263952255,
    0.037421517074108124,
    0.0025481292977929115,
    0.006232909392565489
  ],
  "num_params": 235146,
  "dataset_type": "data",
  "top_r_vals": [
    [
      29.36066767347061,
      25.957552211976576,
      24.807084552844557,
      23.753594904583377,
      23.72753382224013,
      23.72180181638011,
      23.703343623641924,
      23.672703799501594,
      23.67260085613763,
      22.679281802933726,
      22.62881225900353,
      22.619834037764,
      21.627707574461503,
      21.605656989382172,
      21.59753330425585,
      21.56828341589188,
      20.622492677445805,
      20.61136499331072,
      20.59596629932774,
      20.5823229035989,
      20.542342261519597,
      20.530141967086042,
      19.610366827068763,
      19.60946057036123,
      19.606649325064396,
      19.600751874952653,
      19.593279880874224,
      19.564931924462137,
      19.56419458907288,
      18.642835197507495,
      18.63074709472595,
      18.624254706351376,
      18.611771598174954,
      18.610041544872757,
      18.606975271540406,
      18.604040275965406,
      18.58647835955157,
      17.697059667374443,
      17.67722873307729,
      17.67410959785284,
      16.779237220035725,
      16.749938104054003,
      16.741895933481892,
      15.910363160119852,
      15.902877664665981,
      15.872065787381473,
      15.820395394746187,
      14.152845917938663,
      14.140977200948601,
      12.544790535592535
    ],
    [
      29.36066767347061,
      27.098408712786508,
      24.807084552844557,
      24.79301179642298,
      24.7609634266481,
      23.753594904583377,
      23.684152891893515,
      23.67260085613763,
      22.683515146101897,
      22.66985901654156,
      22.661265515145658,
      22.655791094259722,
      22.646745903269636,
      22.62881225900353,
      22.58193485850213,
      21.636697187871874,
      21.59753330425585,
      21.56828341589188,
      20.61136499331072,
      20.59596629932774,
      20.593039938622134,
      20.5823229035989,
      20.564316522984498,
      20.542342261519597,
      19.6111349875161,
      19.60946057036123,
      19.606649325064396,
      19.57845795994735,
      19.564931924462137,
      19.56419458907288,
      18.642104964982245,
      18.62586168675606,
      18.624254706351376,
      18.610041544872757,
      18.604040275965406,
      18.58647835955157,
      17.68757317868788,
      17.67722873307729,
      17.67410959785284,
      17.659092569720855,
      16.806548739354998,
      16.79864160719732,
      16.779237220035725,
      16.777891055841838,
      16.749938104054003,
      16.71151334522186,
      15.002531319091286,
      14.140977200948601,
      13.33256851612042,
      12.544790535592535
    ],
    [
      22.682189999973858,
      22.638162376091895,
      22.610526667324923,
      19.62512216587018,
      18.66178607947899,
      18.648380510632627,
      18.641311437823987,
      18.636808141897806,
      18.623267778925598,
      18.598153875095733,
      17.689678567144767,
      17.686263431217608,
      17.67225792428399,
      17.665004794282932,
      17.65566964430152,
      17.646128629169716,
      17.645545530041066,
      16.7948795213702,
      16.785817177776543,
      16.77593932875822,
      16.77081419893541,
      16.76889728644301,
      16.751818091979953,
      16.739634040040123,
      16.71966945445615,
      15.88501933988804,
      15.883663061992594,
      15.878865154032567,
      15.854680861515492,
      15.851963312065193,
      15.84699761714903,
      15.001104908794327,
      14.999810660933882,
      14.993617906765742,
      14.168490032557177,
      14.157490779485325,
      14.153485544058821,
      14.15157646498431,
      14.144120990054502,
      14.137057486563231,
      14.13566331542389,
      13.36912459982293,
      13.34632823945344,
      13.293526685863114,
      12.56523667331633,
      12.550722361809045,
      12.52880687987677,
      12.526263541324713,
      11.025694806673128,
      10.296317834763336
    ],
    [
      28.174501590868914,
      25.957552211976576,
      23.716797873731885,
      23.703343623641924,
      23.67260085613763,
      22.646745903269636,
      21.64325486140758,
      21.61950912315681,
      21.614286365751298,
      21.588547769000662,
      21.579982283729418,
      21.56955036276901,
      20.61864397551736,
      20.610077342783327,
      20.593039938622134,
      20.581322836992115,
      20.553449218885632,
      20.542342261519597,
      20.530141967086042,
      19.62878541577233,
      19.59055124673304,
      18.64954560072909,
      18.641243454699648,
      18.638571014639343,
      18.63561257660767,
      18.616565580563833,
      18.611771598174954,
      18.604040275965406,
      18.59891341069182,
      18.598212481237407,
      18.58647835955157,
      17.69904932623328,
      17.698356061429557,
      17.68757317868788,
      17.682935092488982,
      17.681409464806958,
      17.67722873307729,
      17.667915838787806,
      17.665004794282932,
      16.741895933481892,
      16.71151334522186,
      15.902877664665981,
      15.884507989164572,
      15.856771207344037,
      15.038730610452793,
      15.013087321699235,
      15.002531319091286,
      14.140977200948601,
      13.33256851612042,
      12.544790535592535
    ],
    [
      11.040546782031626,
      9.58715679133734,
      8.294127146435105,
      8.291614115080153,
      8.288169115836723,
      8.276580728089845,
      8.269766787351292,
      7.663357002271978,
      7.658123003738412,
      7.65362495346649,
      7.647835140604432,
      7.642272662545708,
      7.642263511356591,
      7.637441797974836,
      7.066362749678038,
      7.060008595505795,
      7.059732057744753,
      7.058393757023181,
      7.057273401792252,
      7.0562706749829545,
      7.052598448823892,
      7.047589697466604,
      6.483202606676649,
      6.475937672990226,
      6.474116649547252,
      6.471547975109333,
      6.47043872845871,
      6.464544352375887,
      6.460704997375678,
      5.931861822534272,
      5.929199468432971,
      5.928521757953556,
      5.928082756723907,
      5.926455803993468,
      5.924009034183363,
      5.918975625862116,
      5.918150214034408,
      5.917828329530426,
      5.411395872004396,
      5.405145079646278,
      5.4048772807892025,
      5.392584361679876,
      5.383328988490022,
      4.910605913617239,
      4.8987857368461345,
      4.897399842234887,
      4.894065187451864,
      4.422528694676665,
      4.415997205486545,
      3.5382114794846657
    ],
    [
      18.65852406163345,
      16.740838835893904,
      15.867527549710708,
      15.011340889502426,
      14.978854418589593,
      14.179150764841204,
      14.17325961228883,
      14.16154322965329,
      14.154173275764617,
      14.145435876061958,
      14.126212349534258,
      13.361397133828147,
      13.347828750878143,
      13.34668910070211,
      13.343513521713811,
      13.338186202628789,
      13.327623877801429,
      13.3223360016901,
      13.322153892641353,
      13.315837981577415,
