{
  "test_loss_values": [
    0.5283146405220032,
    0.5406798395514488,
    0.3619833692908287,
    0.5002955384552479,
    0.1779220551252365,
    0.23786835074424745,
    0.5812531426548958,
    0.4444130003452301
  ],
  "log_exp_r_n_values": [
    866119.3219412691,
    866119.3219412691,
    866119.3219412691,
    866119.3219412691,
    804953.945356334,
    840594.0887555381,
    866021.4703811787,
    866119.3219412691
  ],
  "log_exp_r_n_acc_values": [
    -Infinity,
    -Infinity,
    -Infinity,
    -Infinity,
    -Infinity,
    -Infinity,
    -Infinity,
    -Infinity
  ],
  "model_data_levels": [
    200,
    100,
    2000,
    500,
    10000,
    5000,
    0,
    1000
  ],
  "loss_landscape_data_param": 100,
  "train_loss_values": [
    0.0028100961353629827,
    0.0026863189414143562,
    0.011940155178308487,
    0.003850227687507868,
    0.07510342448949814,
    0.03752213343977928,
    0.08048997819423676,
    0.00555724510923028
  ],
  "num_params": 235146,
  "dataset_type": "data",
  "top_r_vals": [
    [
      39.77913021855287,
      37.043544774777835,
      35.777625383143146,
      35.75415842980015,
      35.687191209980696,
      34.418668028001925,
      34.345412763741656,
      33.17264735265524,
      33.17070944290391,
      33.14151993774621,
      33.12511438562553,
      31.824272227622632,
      31.766150658174173,
      30.63052691750109,
      30.626174804613512,
      30.62026217316067,
      30.608656538793795,
      30.604620382751534,
      30.583875118664135,
      30.573221207965464,
      29.449948950158944,
      29.437713087461496,
      29.42644676839832,
      29.422228143424757,
      29.404961385418922,
      29.309235604001234,
      28.24003438202318,
      28.185714020794926,
      27.07341023415725,
      27.058067279585543,
      27.048638163267704,
      27.047204815020798,
      27.044668367410473,
      27.037470984526955,
      27.030508520952306,
      27.01928005891359,
      27.012792540898193,
      27.010816154538738,
      26.993774290762264,
      25.964883594470074,
      25.874622470101173,
      25.87356581177026,
      24.771175460139204,
      24.7609634266481,
      24.746129137166676,
      23.767332621907435,
      23.72680575902834,
      23.68727550726702,
      21.620580318585112,
      21.61036182107933
    ],
    [
      39.77913021855287,
      37.043544774777835,
      35.77137157378247,
      35.75415842980015,
      35.687191209980696,
      34.4647975655861,
      34.46078639556529,
      34.418668028001925,
      34.345412763741656,
      33.08451830199601,
      31.863321936764784,
      31.766150658174173,
      30.64119816729493,
      30.63052691750109,
      30.626174804613512,
      30.62026217316067,
      30.608656538793795,
      30.604620382751534,
      30.583875118664135,
      30.573221207965464,
      30.517738029988777,
      29.449948950158944,
      29.437713087461496,
      29.42895944064135,
      29.42644676839832,
      29.422228143424757,
      28.21700584423373,
      28.20774826551097,
      28.185714020794926,
      28.15466544405444,
      27.10606231577712,
      27.07341023415725,
      27.058067279585543,
      27.048638163267704,
      27.047204815020798,
      27.037470984526955,
      27.030508520952306,
      27.012792540898193,
      27.010816154538738,
      25.874622470101173,
      25.873678326314757,
      25.87356581177026,
      25.858177409503547,
      24.768692675101867,
      23.767332621907435,
      23.72680575902834,
      23.68727550726702,
      23.68246700781704,
      21.620580318585112,
      21.61036182107933
    ],
    [
      39.77913021855287,
      34.45877323414092,
      34.37768179315355,
      33.14151993774621,
      33.11264299867744,
      31.912758443606073,
      31.891826500655068,
      30.669977212144257,
      30.632492014953648,
      30.63052691750109,
      30.626030312153766,
      30.58849695080991,
      29.413378282350827,
      29.36252164813004,
      29.356830204963952,
      29.32354007315502,
      28.233575028092723,
      28.186099309360873,
      28.125147368437663,
      27.07562324213941,
      27.07331149995497,
      27.05606365620477,
      27.045808917678205,
      25.94344060519305,
      25.903750691960905,
      25.899179992421477,
      25.88583805034812,
      25.875540523558435,
      24.848246351040597,
      24.838045241179447,
      24.800102792783555,
      24.795605378278456,
      24.794291421646502,
      24.76186696689739,
      24.760933776795362,
      24.760855750867098,
      23.72753382224013,
      23.702344028658526,
      23.689934131536297,
      23.657739713406862,
      22.660570169650516,
      22.648422996810172,
      22.618223913974017,
      22.61595691667326,
      22.59535445660305,
      21.582827476662718,
      21.56955036276901,
      20.636821351976444,
      20.603285439649422,
      20.59354774446392
    ],
    [
      39.77913021855287,
      38.37964047822341,
      37.043544774777835,
      35.75415842980015,
      34.4647975655861,
      34.45877323414092,
      34.418668028001925,
      33.08451830199601,
      33.06158636993858,
      31.909044291514892,
      31.863321936764784,
      31.857320764956366,
      30.64119816729493,
      30.604620382751534,
      30.583875118664135,
      30.573221207965464,
      29.449948950158944,
      29.437713087461496,
      29.417558051568058,
      29.396553739857573,
      29.32354007315502,
      28.237623221320167,
      28.233575028092723,
      28.225082699931818,
      28.21700584423373,
      28.200241352806746,
      28.125147368437663,
      27.07562324213941,
      27.048638163267704,
      27.047204815020798,
      27.044668367410473,
      27.030508520952306,
      27.02354265275,
      25.964883594470074,
      25.918909173201907,
      25.88175491383484,
      25.875540523558435,
      25.874622470101173,
      25.87364734404888,
      25.858177409503547,
      25.857322951223612,
      24.818314044440214,
      23.72680575902834,
      23.68246700781704,
      23.672703799501594,
      23.67260085613763,
      22.699275835695683,
      22.622816328996237,
      21.620580318585112,
      20.59354774446392
    ],
    [
      30.668185505643393,
      30.608749013968033,
      30.596014411849005,
      28.25019925317542,
      28.230904640981286,
      28.190358789866416,
      27.074562700621804,
      27.065133584303968,
      27.061288057356503,
      25.959068712358906,
      25.954224064363313,
      25.921872056206954,
      25.84281998950271,
      25.83021346858251,
      24.848246351040597,
      24.845573182738296,
      24.82772553190734,
      24.797744849231435,
      24.762745538849636,
      23.71233102689563,
      23.700218024402794,
      23.68382914247352,
      23.675902503448462,
      23.671313318121705,
      22.66311786994829,
      22.6311832731509,
      21.619430278823256,
      21.616330880883492,
      21.60364509949145,
      21.599727351744786,
      21.598582749523175,
      21.597468053772907,
      21.596557265781836,
      21.579982283729418,
      21.569456565199783,
      21.556628048376304,
      20.569617394169686,
      20.563133801725435,
      20.55540660313803,
      20.541663459833128,
      19.642423654468956,
      19.609532084495974,
      19.59841903455721,
      19.56419458907288,
      18.640739441881255,
      18.609682875285714,
      18.604040275965406,
      17.69011477870666,
      17.656706759545607,
      16.779237220035725
    ],
    [
      35.687191209980696,
      34.391990392094485,
      31.907180200071394,
      29.455446114543356,
      29.43955225992804,
      29.427806719870063,
      29.413239511792487,
      28.26874104347112,
      28.230904640981286,
      28.214323028458875,
      28.190358789866416,
      28.176280665260975,
      28.13887393942072,
      27.00926194200973,
      26.96547332329809,
      25.964883594470074,
      25.94344060519305,
      25.92567798297293,
      25.9169899033632,
