{
  "test_loss_values": [
    4.881623458862305,
    4.201220273971558,
    5.668289351463318,
    4.2544660568237305,
    4.496769666671753
  ],
  "log_exp_r_n_values": [
    6234777.6447212305,
    4749042.190044457,
    6957327.451989097,
    5572847.378028581,
    4063310.2929615933
  ],
  "log_exp_r_n_acc_values": [
    -Infinity,
    -Infinity,
    -Infinity,
    -Infinity,
    -Infinity
  ],
  "model_data_levels": [
    1950,
    19950,
    450,
    4950,
    49950
  ],
  "loss_landscape_data_param": 450,
  "train_loss_values": [
    0.00020057824440300465,
    0.0005620074225589633,
    4.3317540985299274e-05,
    0.0006830767379142344,
    0.0006114810821600258
  ],
  "num_params": 1707274,
  "dataset_type": "data",
  "top_r_vals": [
    [
      38.547610236678665,
      38.538838349462914,
      38.536041568024004,
      38.53551964613386,
      38.52745325333513,
      38.51041340348722,
      38.50762382097093,
      38.49798086411783,
      38.49084673179874,
      38.48684773028184,
      34.1664817365575,
      34.16522229874503,
      34.16298719518417,
      34.16175964187328,
      34.1583224926028,
      34.155596367717585,
      34.15538911845731,
      34.154534613814924,
      34.15358126721763,
      34.153523875114786,
      34.15235690235691,
      34.151738343026224,
      34.15146094786247,
      34.15086789613305,
      34.150169625548415,
      34.14854351596776,
      34.14601826344251,
      34.14559101112132,
      34.14395533619019,
      34.143824609733706,
      34.142632129374554,
      34.14207415059688,
      34.14171704417917,
      34.14115268850118,
      34.14103152739517,
      34.14054688297113,
      34.14048949086828,
      34.14042572186512,
      34.13911526885012,
      34.13848714416897,
      34.138193806754416,
      34.13796742679319,
      34.137686843179274,
      34.13700451484543,
      34.136861034588314,
      34.13661552392613,
      34.13634769411285,
      34.135158402203864,
      34.13479491888583,
      34.13430389756148
    ],
    [
      16.145730854552472,
      16.14487334828318,
      16.141291112075617,
      16.138085636091823,
      16.138084129050927,
      16.13426227334105,
      16.13353889371142,
      16.13234079619985,
      16.132015275366513,
      16.13196705005787,
      16.131807303722994,
      16.13087143132716,
      16.129448784722225,
      16.12917601032022,
      16.128093954957563,
      16.12745346257716,
      16.1272891951196,
      16.12682502652392,
      16.126167956693674,
      16.12607452015818,
      16.12548225308642,
      16.124801070601855,
      16.12380491657022,
      16.123441719714506,
      16.122569143036266,
      16.119119526427472,
      13.350770668331041,
      13.348591063730746,
      13.347858716585046,
      13.347496279477225,
      13.346281928342774,
      13.345789960447279,
      13.345413822967686,
      13.344916873118818,
      13.344437360106753,
      13.344138442904427,
      13.344015139558467,
      13.343743623099687,
      13.343357521713349,
      13.343340084876546,
      13.34332887548146,
      13.343094723672971,
      13.342973911303698,
      13.342632647497709,
      13.342554181732098,
      13.342214163414452,
      13.342074668720032,
      13.342072177743347,
      13.342029831139683,
      13.341948874397387
    ],
    [
      58.85710330399163,
      58.84420667075586,
      58.83652251832961,
      58.83170550497877,
      58.82178586289027,
      58.81364582436583,
      58.81347006105086,
      58.80840038793475,
      58.80607701661502,
      58.80046906834683,
      58.7995847591684,
      58.79821160827021,
      58.79443818960199,
      58.79176329165232,
      58.788868689558946,
      58.76866140094124,
      58.76502529736284,
      58.7639212840407,
      58.76076852957846,
      58.74659211970559,
      53.383159841789116,
      53.37774944042701,
      53.371482143084904,
      53.368119324558734,
      53.366684521987565,
      53.36488105486686,
      53.361657731035116,
      53.35608292521173,
      53.349930212797176,
      53.34972595270892,
      53.34681649193961,
      53.34486854817112,
      53.3446045046424,
      53.34171995363995,
      53.34138616276402,
      53.33954284001634,
      53.33950298438936,
      53.33846175613459,
      53.33708175505052,
      53.336404209391915,
      53.33635937181157,
      53.33597077944854,
      53.334281897255394,
      53.33326557876749,
      53.33161157024795,
      53.33133258085911,
      53.32944940248446,
      53.3288166944062,
      53.32692853407817,
      53.322250479861765
    ],
    [
      26.158712579551842,
      26.15509722580924,
      26.152026250111607,
      26.148213162639664,
      26.147424668879463,
      26.144978629412826,
      26.14146580427062,
      26.140416106695117,
      26.140025521550744,
      26.139752111949683,
      26.138856207274777,
      26.138812266446035,
      26.13706683908212,
      26.137049750982055,
      26.135170059974758,
      26.133939716769984,
      26.133541808154153,
      26.132352964620967,
      26.131430207217385,
      26.129345459009294,
      26.127578061231006,
      26.126613804155838,
      26.126379453069212,
      26.125151551021588,
      26.12380891458781,
      26.122790952055286,
      26.12205128143813,
      26.121726607536868,
      26.121646049350844,
      26.121575255793424,
      26.121177347177593,
      26.119954327444276,
      26.11964430048593,
      26.118521368195857,
      26.117898873122012,
      26.11781099146453,
      26.117789021050157,
      26.115897124257103,
      26.114422665337095,
      26.111747157098137,
      26.109596497646933,
      26.109520821775213,
      26.10504618071499,
      26.103442340465907,
      26.086141859727334,
      22.55911889770496,
      22.55726871231651,
      22.554385033155903,
      22.552909515570803,
      22.55181077066435
    ],
    [
      10.804930631779442,
      8.543098280787676,
      8.542629578614427,
      8.542397618865422,
      8.541620434139375,
      8.541064846699317,
      8.540746798796043,
      8.54043991046832,
      8.540330706050405,
      8.540169689317418,
      8.53989069992858,
      8.539748813896543,
      8.539737654320989,
      8.539730480308133,
      8.5395806231507,
      8.53923467630854,
      8.539017064585247,
      8.53892778798082,
      8.53892619375574,
      8.538899091929396,
      8.538847279614327,
      8.538722132945619,
      8.53866952351801,
      8.538633653453731,
      8.53861452275278,
      8.538395316804408,
      8.538380968778696,
      8.538353866952352,
      8.538325968013469,
      8.538234300071423,
      8.538189661769207,
      8.538089225589227,
      8.538035021936539,
      8.53803183348638,
      8.537954513570044,
      8.537865236965617,
      8.53785965717784,
      8.537724148046118,
      8.537716974033263,
      8.537659581930416,
      8.537638059891849,
      8.537574290888687,
      8.537561537088052,
      8.537555957300276,
      8.537542406387104,
      8.537456318232834,
      8.537215590245895,
      8.537139864554637,
      8.53713587899194,
      8.537096023364963
    ]
  ],