{
  "test_loss_values": [
    0.5373830795288086,
    0.5377539253234863,
    0.3503900572657585,
    0.5108822338283062,
    0.16711190342903137,
    0.22618953585624696,
    0.5721011132001876,
    0.440893167257309
  ],
  "log_exp_r_n_values": [
    865924.9408596498,
    882143.5135765121,
    857507.4103813457,
    874104.1383231002,
    831767.4044726621,
    840558.1650912134,
    866641.893578058,
    865831.3798945772
  ],
  "log_exp_r_n_acc_values": [
    -Infinity,
    -Infinity,
    -Infinity,
    -Infinity,
    -Infinity,
    -Infinity,
    -Infinity,
    -Infinity
  ],
  "model_data_levels": [
    200,
    100,
    2000,
    500,
    10000,
    5000,
    0,
    1000
  ],
  "loss_landscape_data_param": 100,
  "train_loss_values": [
    0.0029315033461898565,
    0.002692484064027667,
    0.010122518986463547,
    0.0038948189467191696,
    0.0667395293712616,
    0.03025205433368683,
    0.07741505652666092,
    0.005963284522294998
  ],
  "num_params": 235146,
  "dataset_type": "data",
  "top_r_vals": [
    [
      39.746260787136606,
      39.73044950899875,
      38.48103731203126,
      38.470171898279084,
      38.44925791015379,
      38.41005687001275,
      38.343614961585565,
      37.03658630690134,
      37.01552208052547,
      36.98994941968623,
      35.72973868624195,
      35.67773521652409,
      35.634425957520016,
      35.613262329579356,
      34.42979886245794,
      34.39548420127613,
      34.347430254545436,
      33.17264735265524,
      33.14151993774621,
      33.12997791396919,
      33.04262819475834,
      31.863321936764784,
      31.83542871469199,
      30.67354713918307,
      30.65342800908791,
      30.596014411849005,
      30.58849695080991,
      30.568957717119865,
      29.449948950158944,
      29.422228143424757,
      29.37066285421938,
      29.36771906810844,
      28.23912531407035,
      28.237623221320167,
      28.214323028458875,
      28.205218144743817,
      28.125147368437663,
      27.07341023415725,
      27.058067279585543,
      27.047204815020798,
      27.023912054851635,
      25.932810426706595,
      25.922633567689264,
      25.921994354624882,
      25.91457654791605,
      24.85994243768727,
      24.79301179642298,
      23.675902503448462,
      22.637207700924385,
      21.569524534452846
    ],
    [
      42.58440560173054,
      39.86763081211402,
      39.83470629786022,
      39.73044950899875,
      38.470171898279084,
      38.34726657194579,
      38.343614961585565,
      37.05051722952443,
      37.01552208052547,
      36.988599686721244,
      36.96643982218726,
      36.9444850984148,
      35.741293514748094,
      35.72973868624195,
      35.70204484989233,
      35.67773521652409,
      34.39548420127613,
      33.17264735265524,
      33.09611658766904,
      33.08451830199601,
      33.04262819475834,
      31.912758443606073,
      31.879102573253654,
      31.86800020496814,
      31.863321936764784,
      31.803943608891515,
      30.66425338417215,
      30.65342800908791,
      30.604620382751534,
      30.596014411849005,
      29.42644676839832,
      29.422228143424757,
      29.36771906810844,
      28.23912531407035,
      28.214323028458875,
      28.21039379529557,
      28.186099309360873,
      28.184092967980604,
      28.125147368437663,
      27.07341023415725,
      27.061955364378818,
      25.932810426706595,
      25.921994354624882,
      25.918909173201907,
      25.91457654791605,
      24.85994243768727,
      24.79301179642298,
      23.702344028658526,
      22.61195440541126,
      21.569524534452846
    ],
    [
      38.34862716534936,
      37.00598303511488,
      34.372430255932564,
      34.345412763741656,
      33.18007809047594,
      33.17070944290391,
      33.14281812890221,
      33.118875566490594,
      33.02409510945905,
      31.88983412764987,
      31.805242459703756,
      31.78502809173853,
      30.65342800908791,
      30.64119816729493,
      30.632492014953648,
      30.61185849170179,
      30.599220217889258,
      30.58790742157414,
      30.569090650182833,
      30.549767191899345,
      29.417558051568058,
      29.39664255301491,
      29.35842699152193,
      28.26545099871215,
      28.224949535680913,
      28.205218144743817,
      28.190358789866416,
      27.094934290254514,
      27.034638334309786,
      25.962090298604558,
      25.934891130456972,
      25.92979373239766,
      25.908504023804444,
      25.83021346858251,
      24.81822353436343,
      24.800102792783555,
      24.797744849231435,
      24.772938846117956,
      24.771175460139204,
      24.768692675101867,
      23.72680575902834,
      23.716909768692712,
      22.699275835695683,
      22.661265515145658,
      22.651677441709566,
      22.648422996810172,
      21.597468053772907,
      21.596557265781836,
      20.557433940235985,
      19.56419458907288
    ],
    [
      41.15309981161204,
      39.73044950899875,
      38.48103731203126,
      38.44925791015379,
      37.01552208052547,
      36.986427059565166,
      36.9444850984148,
      35.77137157378247,
      35.72973868624195,
      35.71547379877462,
      35.70204484989233,
      35.657088432332245,
      35.634425957520016,
      34.42979886245794,
      34.39548420127613,
      34.368572778880704,
      34.347430254545436,
      33.12997791396919,
      33.04262819475834,
      31.909044291514892,
      31.879102573253654,
      31.83542871469199,
      31.832093394087714,
      31.803943608891515,
      30.67354713918307,
      30.66425338417215,
      30.65342800908791,
      30.626030312153766,
      29.428012100296407,
      29.377192471557848,
      29.36771906810844,
      28.237623221320167,
      28.233575028092723,
      28.184092967980604,
      27.058067279585543,
      27.053544231732772,
      27.047204815020798,
      27.04224257019926,
      27.023912054851635,
      26.96547332329809,
      25.932810426706595,
      25.922633567689264,
      25.921994354624882,
      25.912112642456158,
      24.85994243768727,
      24.79301179642298,
      23.72753382224013,
      22.637207700924385,
      22.61195440541126,
      20.554631940144695
    ],
    [
      34.372430255932564,
      33.06590811706145,
      33.04372009229566,
      31.83542871469199,
      30.668185505643393,
      30.608749013968033,
      30.57020613197208,
      28.27178251496174,
      28.248434382970125,
      28.24003438202318,
      28.230904640981286,
      28.219633618784876,
      28.1724739432085,
      28.170819155450616,
      28.13887393942072,
      27.02354265275,
      26.993774290762264,
      25.959068712358906,
      25.934710128798436,
      25.9098770273764,
      25.889604841620358,
      25.87356581177026,
      24.829276687361215,
      24.807084552844557,
      23.753594904583377,
      23.74639782070292,
      23.72028004491285,
      23.700218024402794,
      23.6877320387072,
      23.63293633042332,
      22.662388327133716,
      22.660570169650516,
      22.65793412627754,
      22.64248406233527,
      22.62881225900353,
      22.61595691667326,
      21.61950912315681,
      21.619430278823256,
      21.598582749523175,
      21.579982283729418,
      21.57844617861015,
      20.636821351976444,
      20.58714705909588,
      19.60123521186334,
      19.600751874952653,
      19.59841903455721,
      19.58871407327151,
      19.566861573097903,
      18.622306638202154,
      16.73961399527548
    ],
    [
      35.68173963200405,
      35.65835357594348,
      33.07906714940517,
      33.06158636993858,
      31.907180200071394,
      31.83542871469199,
      31.78502809173853,
      30.67684734696369,
      30.65151300235473,
      30.642398417993896,
      30.57020613197208,
      30.53263231273949,
      29.419445331161494,
      29.407699791103518,
      29.358554660435605,
      28.21188878595237,
      28.209023091272943,
      28.15466544405444,
      27.09999186465067,
      27.085368988830083,
      27.074562700621804,
