{
  "test_loss_values": [
    4.622847792816162,
    1.469973140335083
  ],
  "log_exp_r_n_values": [
    4424242.137514128,
    -Infinity
  ],
  "log_exp_r_n_acc_values": [
    -Infinity,
    -Infinity
  ],
  "model_data_levels": [
    19950,
    49950
  ],
  "loss_landscape_data_param": 19950,
  "train_loss_values": [
    0.00011918452946702018,
    0.9435886740684509
  ],
  "num_params": 1707274,
  "dataset_type": "data",
  "top_r_vals": [
    [
      13.348591063730746,
      13.347858716585046,
      13.347496279477225,
      13.345789960447279,
      13.34543624175786,
      13.344437360106753,
      13.343340084876546,
      13.34332887548146,
      13.343254146180879,
      13.343094723672971,
      13.342973911303698,
      13.342870535771226,
      13.342632647497709,
      13.342554181732098,
      13.342074668720032,
      13.342072177743347,
      13.341948874397387,
      13.341875390585148,
      13.341753332727532,
      13.341671130496891,
      13.341615083521456,
      13.341585191801222,
      13.341242682506891,
      13.341134325021047,
      13.341134325021047,
      13.3409910938616,
      13.34092508297942,
      13.34092134651439,
      13.340771887913228,
      13.340679721775842,
      13.340674739822472,
      13.340553927453197,
      13.340522790244622,
      13.340414432758779,
      13.340182771926976,
      13.340093096766278,
      13.339959829513575,
      13.339939901700085,
      13.339931183281685,
      13.339910009979853,
      13.339780479192179,
      13.33969080403148,
      13.339420533061043,
      13.339399359759213,
      13.339320893993602,
      13.339212536507759,
      13.339020731302933,
      13.338988348606014,
      13.338650821265054,
      13.338632138939907
    ],
    [
      0.0,
      0.0,
      0.0,
      0.0,
      0.0,
      0.0,
      0.0,
      0.0,
      0.0,
      0.0,
      0.0,
      0.0,
      0.0,
      0.0,
      0.0,
      0.0,
      0.0,
      0.0,
      0.0,
      0.0,
      0.0,
      0.0,
      0.0,
      0.0,
      0.0,
      0.0,
      0.0,
      0.0,
      0.0,
      0.0,
      0.0,
      0.0,
      0.0,
      0.0,
      0.0,
      0.0,
      0.0,
      0.0,
      0.0,
      0.0,
      0.0,
      0.0,
      0.0,
      0.0,
      0.0,
      0.0,
      0.0,
      0.0,
      0.0,
      0.0
    ]
  ],
  "top_r_val_seeds": [
    [
      58,
      377,
      482,
      217,
      246,
      64,
      71,
      351,
      422,
      30,
      228,
      458,
      444,
      301,
      199,
      260,
      438,
      483,
      380,
      114,
      206,
      412,
      366,
      163,
      241,
      178,
      158,
      148,
      316,
      116,
      311,
      268,
      325,
      349,
      357,
      259,
      450,
      32,
      362,
      143,
      215,
      131,
      165,
      18,
      428,
      46,
      41,
      149,
      487,
      43
    ],
    [
      1,
      2,
      3,
      4,
      5,
      6,
      7,
      8,
      9,
      10,
      11,
      12,
      13,
      14,
      15,
      16,
      17,
      18,
      19,
      20,
      21,
      22,
      23,
      24,
      25,
      26,
      27,
      28,
      29,
      30,
      31,
      32,
      33,
      34,
      35,
      36,
      37,
      38,
      39,
      40,
      41,
      42,
      43,
      44,
      45,
      46,
      47,
      48,
      49,
      50
    ]
  ],
  "loss_predicts_minimas": true,
  "loss_ordering_violations": 1,
  "test_loss_ranks": [
    1,
    2
  ],
  "log_exp_r_n_ranks": [
    1,
    2
  ],
  "data_level_ranks": [
    2,
    1
  ],
  "accuracy_predicts_minimas": true,
  "accuracy_ordering_violations": 1,
  "log_exp_r_n_acc_ranks": [
    1,
    2
  ]
}