{
  "test_loss_values": [
    0.04518910404440248,
    0.00041761639877222476,
    7.100317525328137e-05,
    3.6125060677528382
  ],
  "log_exp_r_n_values": [
    7420.992081894658,
    8371.623405806424,
    9174.315806510662,
    4789.205680549944
  ],
  "log_exp_r_n_acc_values": [
    -Infinity,
    -Infinity,
    -Infinity,
    -Infinity
  ],
  "model_data_levels": [
    180,
    380,
    780,
    80
  ],
  "loss_landscape_data_param": 80,
  "train_loss_values": [
    9.198027692036703e-05,
    9.402548312209547e-05,
    7.73410574765876e-05,
    0.00020839502394665033
  ],
  "num_params": 5409,
  "dataset_type": "data",
  "top_r_vals": [
    [
      3.9481545206892563,
      3.9157405036308983,
      3.6568388762297457,
      3.6470250259211037,
      3.6428655930507334,
      3.344043307834202,
      3.3135068348726078,
      3.3084848787502157,
      3.2746586795242916,
      3.054952801471949,
      2.997836262921195,
      2.985580346253731,
      2.967747132786196,
      2.7626347996704244,
      2.73578229206896,
      2.726047429074172,
      2.7237032160638806,
      2.720865543685803,
      2.7201911117480546,
      2.7188773745359813,
      2.714560448107775,
      2.713961889763023,
      2.707453340550441,
      2.705645862957274,
      2.701236764164242,
      2.6776260260768896,
      2.676851553401708,
      2.675114610148698,
      2.65759792664552,
      2.4614774845848397,
      2.4613001799780476,
      2.4576625351078256,
      2.449579664498321,
      2.4428794167258525,
      2.4411497510169164,
      2.440096768465909,
      2.43585205078125,
      2.4348570768498194,
      2.4348479972397987,
      2.4308176592361828,
      2.426618339601627,
      2.416310460114282,
      2.415929368704804,
      2.413161600916839,
      2.4011979536576704,
      2.3964288884943183,
      2.3931261803493027,
      2.3403421197055785,
      2.2219623152716608,
      2.2095565468957754
    ],
    [
      4.706752505816681,
      4.6641344246165195,
      4.001620868410023,
      3.9846176647213145,
      3.980604363441371,
      3.9612745486063794,
      3.9525244317484356,
      3.9281053094520417,
      3.9248455831097444,
      3.9058316108852305,
      3.703920340832369,
      3.6825173460407026,
      3.6697862413194446,
      3.65392463589892,
      3.644093077859761,
      3.6105889214409723,
      3.5889090078848382,
      3.3625846211246886,
      3.330902597026282,
      3.3244446683521116,
      3.323003546484465,
      3.321388034452749,
      3.3157862653635974,
      3.3107426821145585,
      3.309062288702903,
      3.307780452339446,
      3.306107267970006,
      3.304830580922417,
      3.3046531011688263,
      3.303093201748487,
      3.302817198417951,
      3.2965000177108448,
      3.2949064760934994,
      3.2922827280147895,
      3.2889233143423766,
      3.2867709003094694,
      3.285206194860986,
      3.2780699296431113,
      3.2710057548473914,
      3.261805987117267,
      3.251047693117701,
      3.054952801471949,
      3.048534177296163,
      3.0483943712296586,
      3.031052502913447,
      3.026669318062252,
      3.025411374835796,
      3.024202317026803,
      3.0241724253065705,
      3.0237564321999995
    ],
    [
      5.4597204539401485,
      4.3949038502927005,
      3.9870192215717792,
      3.984604487454645,
      3.9841721083920616,
      3.653852297935957,
      3.6471199694974925,
      3.6441356517650467,
      3.637255633318866,
      3.633103735652971,
      3.595874927662037,
      3.595512484326775,
      3.3435118984366037,
      3.3434350019863053,
      3.343206029074033,
      3.337417511462728,
      3.333691466500499,
      3.32108456810425,
      3.3086129250714715,
      3.300730695628157,
      3.2653857915088387,
      3.264668663452261,
      3.2619834668708574,
      3.0582097534889625,
      3.037373667626391,
      3.035886243172732,
      3.034296688674945,
      3.0332034612818535,
      3.0261664521437552,
      3.025173175190192,
      3.025143594842045,
      3.0233407504655148,
      3.0130931837511805,
      3.007480390533333,
      2.979778861551915,
      2.9684299717702602,
      2.9619191814570907,
      2.9615931748833035,
      2.7521029829358636,
      2.7466709957039126,
      2.7396799466425326,
      2.7328279991683133,
      2.7315690595511826,
      2.7275182527250794,
      2.726566179639624,
      2.7259709934545606,
      2.7199275212657175,
      2.71421901693929,
      2.710864280075605,
      2.708135078834182
    ],
    [
      2.427085939517691,
      2.3958160148179237,
      2.191489500776139,
      2.1829594523672453,
      2.182763506692109,
      2.176277727341728,
      2.170114324745044,
      2.1390876431402392,
      2.1365560970067037,
      1.9601280322161005,
      1.9450364997831857,
      1.9412805054968882,
      1.9400561406361598,
      1.9395830543439447,
      1.938890762103357,
      1.9386283127997146,
      1.9384670967885933,
      1.936982275405571,
      1.9337561616799308,
      1.9310280440133663,
      1.9302612217503319,
      1.9300055479032754,
      1.9298353643760844,
      1.9216249059407207,
      1.9197437203474137,
      1.9184504052520153,
      1.9107714216023877,
      1.9102052724211818,
      1.9099378411641672,
      1.899179412496174,
      1.8949519261427408,
      1.8752971236991125,
      1.7181061953990366,
      1.7167593165205859,
      1.7144051684054682,
      1.7102865914449001,
      1.7059771044742527,
      1.705787595638559,
      1.703203830070951,
      1.7030715942382815,
      1.70164327209865,
      1.7007946858611867,
      1.6999767503134149,
      1.6948771761359154,
      1.694768760267806,
      1.6943282660702372,
      1.6937928423080235,
      1.6911864828034429,
      1.6901567947766014,
      1.6895632222773727
    ]
  ],