{
  "test_loss_values": [
    0.5151745909452439,
    0.5178864473104476,
    0.3581356003880501,
    0.4984141021966934,
    0.17840200662612915,
    0.22694928646087648,
    0.5439713522791862,
    0.44305325746536256
  ],
  "log_exp_r_n_values": [
    913187.7718329495,
    905662.9393004491,
    882337.8946581314,
    920594.0981282096,
    882835.1679845825,
    866119.3219412691,
    905662.9393004491,
    913187.7718329495
  ],
  "log_exp_r_n_acc_values": [
    -Infinity,
    -Infinity,
    -Infinity,
    -Infinity,
    -Infinity,
    -Infinity,
    -Infinity,
    -Infinity
  ],
  "model_data_levels": [
    200,
    100,
    2000,
    500,
    10000,
    5000,
    0,
    1000
  ],
  "loss_landscape_data_param": 1000,
  "train_loss_values": [
    0.180049866437912,
    0.21575240790843964,
    0.011183463968336582,
    0.13253751397132874,
    0.0755506381392479,
    0.03156131133437157,
    0.27768009901046753,
    0.0059014069847762585
  ],
  "num_params": 235146,
  "dataset_type": "data",
  "top_r_vals": [
    [
      48.59444993457566,
      42.643684606642914,
      41.21908125532163,
      41.131352273843696,
      39.86334186208233,
      39.85870238490269,
      39.85637388313417,
      38.390435808123534,
      38.36388852830421,
      37.118985289826085,
      37.08833073284924,
      37.05051722952443,
      37.043544774777835,
      37.03838595085466,
      36.99126185433094,
      35.73989354233282,
      35.67842284342469,
      35.67303193840986,
      35.613262329579356,
      34.40747441754449,
      34.35815196264747,
      34.35207134927,
      34.347280890955886,
      33.1401092227982,
      33.13909234112223,
      33.09611658766904,
      33.0926491878559,
      33.087593952311025,
      31.931214953296088,
      31.90308922089271,
      31.8730593090578,
      31.86800020496814,
      31.783977786452084,
      30.641412016135355,
      30.63978214118941,
      30.57020613197208,
      30.569090650182833,
      30.550776712551443,
      29.43955225992804,
      29.399628895430407,
      28.24003438202318,
      28.225082699931818,
      28.21700584423373,
      28.20774826551097,
      27.061955364378818,
      27.045808917678205,
      27.027474997702914,
      27.021988440220987,
      25.87364734404888,
      25.83021346858251
    ],
    [
      47.06401248387727,
      42.643684606642914,
      41.274325030484746,
      41.21908125532163,
      39.85870238490269,
      39.85637388313417,
      39.72525669967842,
      38.36388852830421,
      38.34862716534936,
      37.03838595085466,
      36.9444850984148,
      35.781474745498464,
      35.75192476594657,
      35.73989354233282,
      35.71547379877462,
      35.70875258289327,
      35.6972292144414,
      35.67842284342469,
      34.37768179315355,
      34.35207134927,
      34.347280890955886,
      33.195695976052534,
      33.1401092227982,
      33.13909234112223,
      33.12997791396919,
      33.12132816840169,
      33.09611658766904,
      33.079519328347146,
      33.07384937949405,
      31.90308922089271,
      31.827230721139408,
      31.804081912450226,
      31.78502809173853,
      31.783977786452084,
      30.635389570413103,
      30.57020613197208,
      29.43955225992804,
      29.42895944064135,
      29.428012100296407,
      29.404961385418922,
      28.237623221320167,
      28.225082699931818,
      28.21188878595237,
      28.20774826551097,
      28.189815479722732,
      27.061955364378818,
      27.045808917678205,
      25.884349270940522,
      25.87364734404888,
      24.71936780429092
    ],
    [
      42.619622127049105,
      41.131352273843696,
      39.86334186208233,
      39.85870238490269,
      39.80998662263377,
      39.80158899367505,
      38.373777601496805,
      38.36388852830421,
      37.118985289826085,
      37.108504461828524,
      37.075849782426886,
      37.05051722952443,
      37.012081310480006,
      36.9444850984148,
      35.75192476594657,
      35.73727561638773,
      35.70875258289327,
      35.70377964717097,
      35.66691745214669,
      35.65835357594348,
      34.48473002837705,
      34.42192372131617,
      34.37768179315355,
      34.35207134927,
      34.347280890955886,
      33.154747734629495,
      33.13998836391048,
      33.10195740598407,
      33.09611658766904,
      33.079519328347146,
      31.90308922089271,
      31.877745594858762,
      31.85967994305206,
      31.848577574766548,
      30.641412016135355,
      30.61741085528833,
      30.608656538793795,
      30.57020613197208,
      30.569090650182833,
      30.550776712551443,
      30.549767191899345,
      29.417558051568058,
      29.413378282350827,
      29.37066285421938,
      29.35851950522749,
      28.24003438202318,
      28.2257787050832,
      28.20774826551097,
      27.027474997702914,
      26.96547332329809
    ],
    [
      50.14937438448524,
      42.643684606642914,
      42.56190168408143,
      41.274325030484746,
      39.85870238490269,
      39.85637388313417,
      39.80998662263377,
      39.79409272023962,
      39.746260787136606,
      38.373777601496805,
      37.118985289826085,
      37.08833073284924,
      37.03838595085466,
      37.03159066312937,
      37.012081310480006,
      36.9444850984148,
      35.65835357594348,
      34.428450260772586,
      34.42592839726787,
      34.40747441754449,
      34.3984519908598,
      34.38128383682037,
      34.37768179315355,
      34.36404208333103,
      34.35207134927,
      34.347280890955886,
      33.195695976052534,
      33.1401092227982,
      33.13523735935883,
      33.07384937949405,
      33.04372009229566,
      31.87762933969347,
      31.86800020496814,
      31.848577574766548,
      30.66425338417215,
      30.65342800908791,
      30.641412016135355,
      30.57020613197208,
      30.549767191899345,
      29.404961385418922,
      29.358554660435605,
      28.24003438202318,
      28.2257787050832,
      28.225082699931818,
      28.208937866152368,
      28.20774826551097,
      27.027474997702914,
      27.021988440220987,
      26.96547332329809,
      25.87364734404888
    ],
    [
      42.70984703659852,
      42.619622127049105,
      39.85870238490269,
      39.7737646494239,
      38.4172924235657,
      38.364412948852305,
      38.343614961585565,
      37.075849782426886,
      37.06531533809393,
      37.01552208052547,
      35.781474745498464,
      35.77137157378247,
      35.71547379877462,
      34.42592839726787,
      34.393661532545686,
      34.369235173930015,
      34.30646566659409,
      33.154747734629495,
      33.13998836391048,
      33.0926491878559,
      33.07906714940517,
      33.067996058535456,
      33.06590811706145,
      33.04372009229566,
      33.04262819475834,
      31.931214953296088,
      31.90308922089271,
      31.88983412764987,
      31.814009702686395,
      31.803943608891515,
      30.641412016135355,
      30.63989388202495,
      30.635389570413103,
      30.61449981386596,
      30.599220217889258,
      29.399628895430407,
      29.359625969145995,
      29.358554660435605,
      28.225082699931818,
      28.221723409762376,
      28.21700584423373,
      28.189815479722732,
      28.125147368437663,
      27.045808917678205,
      25.92567798297293,
      25.90607436190157,
      25.884349270940522,
      24.820342718575063,
      24.807813315014535,
      24.760933776795362
    ],
    [
      39.77913021855287,
      39.72525669967842,
      38.48103731203126,
      38.472419414913766,
      38.425397983557865,
      37.114992038411536,
      37.075849782426886,
      37.05051722952443,
      37.03838595085466,
      37.01552208052547,
      37.00598303511488,
      35.77137157378247,
      35.73727561638773,
      35.72220175609617,
      35.67303193840986,
      34.38735146205963,
      34.369235173930015,
      34.35815196264747,
      34.35207134927,
      34.30646566659409,
      33.195695976052534,
      33.15267646334689,
      33.13998836391048,
