{
  "test_loss_values": [
    0.04660448273061775,
    0.002548871503677219,
    0.0019108597887679934,
    1.5104183033108711
  ],
  "log_exp_r_n_values": [
    5507.525022975136,
    3915.186520550302,
    6812.38121523212,
    2898.206496337413
  ],
  "log_exp_r_n_acc_values": [
    -Infinity,
    -Infinity,
    -Infinity,
    -Infinity
  ],
  "model_data_levels": [
    180,
    380,
    780,
    80
  ],
  "loss_landscape_data_param": 80,
  "train_loss_values": [
    0.0009035354014486074,
    0.00033903043367899954,
    0.0007127183489501476,
    0.00774721335619688
  ],
  "num_params": 4353,
  "dataset_type": "data",
  "top_r_vals": [
    [
      5.338756986691411,
      4.5640142678411735,
      4.457300247458607,
      4.428262440261398,
      4.301242421639354,
      4.223640227047793,
      4.21358826038558,
      4.201730822144863,
      4.189980904577509,
      4.078779715857279,
      4.071139909821912,
      3.9512570664026634,
      3.9507804429235542,
      3.936712652089073,
      3.9135854281450877,
      3.8998669220615247,
      3.896123880853995,
      3.8728235838498626,
      3.872349202249771,
      3.863590180928605,
      3.8606403165174474,
      3.8555454222623973,
      3.8424949961260335,
      3.8266453598484853,
      3.8000257367711208,
      3.6377965356729294,
      3.6314681533550375,
      3.6088687292277464,
      3.607868492329636,
      3.597220849071325,
      3.586201771608775,
      3.5727238985436665,
      3.571933262543513,
      3.569147094222141,
      3.555416382352816,
      3.547076819709535,
      3.542873271642055,
      3.54128252848133,
      3.530590823737594,
      3.529478168283212,
      3.5259470726054447,
      3.487698408939708,
      3.3036306875723382,
      3.3032441315827548,
      3.2960796591676313,
      3.2905394000771606,
      3.2822227948977627,
      3.27482925226659,
      3.273090880594136,
      3.2702120557243446
    ],
    [
      3.24459989571277,
      2.9878905325224907,
      2.9775829753052547,
      2.965130556385051,
      2.9636575087590216,
      2.886389277854899,
      2.7271343535178176,
      2.7191548210761347,
      2.711219192098543,
      2.705033785614989,
      2.7049142187340585,
      2.699784363621219,
      2.6987879729467985,
      2.698422733490206,
      2.688269512517856,
      2.676618903185103,
      2.6753242180525274,
      2.671397193306966,
      2.666760240205879,
      2.6492243870802414,
      2.642650699605749,
      2.4750041909125886,
      2.4603934660211855,
      2.4575493303370375,
      2.4479215334123676,
      2.443549247362604,
      2.428561121599369,
      2.421344137838843,
      2.4187062659223235,
      2.4147956847366108,
      2.4137503152331,
      2.4117379789388425,
      2.4008534905035006,
      2.399217431027845,
      2.3924846331959615,
      2.392182824903819,
      2.3915193524850586,
      2.3647969540449183,
      2.241912841796875,
      2.215616525697314,
      2.2029426511654187,
      2.201955495787061,
      2.201448046471462,
      2.1985410579965134,
      2.192133375435821,
      2.1920451014495095,
      2.1911220077640756,
      2.1909575659381457,
      2.190943189888946,
      2.1899366142336003
    ],
    [
      4.786904894615994,
      4.607274191219727,
      4.231840016318638,
      4.202282534559313,
      4.163668017255544,
      3.910247270288109,
      3.885506341827365,
      3.8829479094926542,
      3.8799325822141877,
      3.8788475127697435,
      3.862685358557163,
      3.855914435548669,
      3.8430612947658407,
      3.806415091970845,
      3.8054170074322777,
      3.660407078118973,
      3.6377965356729294,
      3.6074739979087265,
      3.5991274348425275,
      3.595138429148005,
      3.566418988232029,
      3.5597068180223967,
      3.5521636564334362,
      3.5512873681999335,
      3.550602150333134,
      3.5470434647532785,
      3.544825566057016,
      3.531588589898204,
      3.5291668553581514,
      3.5230093657173764,
      3.3273537718219526,
      3.317423125843943,
      3.3155461064091436,
      3.308219627097801,
      3.303815676842207,
      3.3009609646267366,
      3.297133457513503,
      3.2785459918740356,
      3.277734450352045,
      3.27482925226659,
      3.2742904851466053,
      3.2563412513261962,
      3.233194986979167,
      3.2285932376060957,
      3.2248391987364973,
      3.2242397732204866,
      3.209875789689429,
      3.2077794958043984,
      3.186651159215857,
      3.158607011959877
    ],
    [
      3.8230076869547753,
      3.259430685161073,
      2.6982682929356705,
      2.6374557677269865,
      2.4472945927235688,
      2.4268609910896273,
      2.2164243587777634,
      2.197026780814179,
      2.192479661673554,
      2.1705859475884557,
      2.1694409078802943,
      2.165395437193311,
      2.1588006137816373,
      2.1473565219847623,
      1.993250743818094,
      1.9753625459323652,
      1.9746943959264467,
      1.9728170518862478,
      1.9656775203751935,
      1.962335420547609,
      1.9614598515836241,
      1.9588558662911972,
      1.9533102212420732,
      1.9511743908864534,
      1.9495411353164303,
      1.9488840086607777,
      1.9484502735727607,
      1.947787072826145,
      1.9467022851734384,
      1.9453482128213764,
      1.9443855818869233,
      1.9436321696411922,
      1.943529809960151,
      1.9391798609653896,
      1.9355205586097426,
      1.9340339810881568,
      1.9339581674342865,
      1.9337770695370595,
      1.9334047502576672,
      1.9312995153231938,
      1.9252175505386793,
      1.9237545944819492,
      1.9199661614517578,
      1.919052123245008,
      1.9166650054965897,
      1.9003799176924017,
      1.759055397727273,
      1.758848746301398,
      1.745365986251403,
      1.7429668767855322
    ]
  ],