{
  "test_loss_values": [
    0.5278571861982345,
    0.5351414972543717,
    0.36472122073173524,
    0.5108099102973938,
    0.1698162704706192,
    0.2321321666240692,
    0.56555777490139,
    0.45390955209732053
  ],
  "log_exp_r_n_values": [
    866447.6190172399,
    874626.8164806903,
    849777.5604368697,
    874754.6864034171,
    827782.7510074779,
    841148.1073143262,
    854031.5195726827,
    874754.6864034171
  ],
  "log_exp_r_n_acc_values": [
    -Infinity,
    -Infinity,
    -Infinity,
    -Infinity,
    -Infinity,
    -Infinity,
    -Infinity,
    -Infinity
  ],
  "model_data_levels": [
    200,
    100,
    2000,
    500,
    10000,
    5000,
    0,
    1000
  ],
  "loss_landscape_data_param": 200,
  "train_loss_values": [
    0.002710402011871338,
    0.06865575909614563,
    0.008669767528772354,
    0.0037046989891678095,
    0.06835418939590454,
    0.03129327669739723,
    0.1378202885389328,
    0.004815151449292898
  ],
  "num_params": 235146,
  "dataset_type": "data",
  "top_r_vals": [
    [
      39.83470629786022,
      38.470171898279084,
      38.41005687001275,
      38.36388852830421,
      37.07413639083921,
      37.03658630690134,
      35.633248452631406,
      34.38128383682037,
      34.36404208333103,
      34.34990233018697,
      34.34868360988383,
      33.16645646032061,
      33.10978614462467,
      33.10632291235938,
      33.063528447237765,
      33.02409510945905,
      31.91619197978103,
      31.87004469235778,
      31.84688987047039,
      31.824272227622632,
      31.803943608891515,
      30.626174804613512,
      30.58790742157414,
      29.475911996487476,
      29.43955225992804,
      29.413239511792487,
      29.409877563732415,
      29.402165621236882,
      29.379923476145997,
      28.238928230979013,
      28.233575028092723,
      28.2257787050832,
      28.20774826551097,
      28.205218144743817,
      28.176280665260975,
      28.17244020826494,
      28.170819155450616,
      27.09999186465067,
      27.07341023415725,
      27.065133584303968,
      25.962090298604558,
      25.93572602099004,
      25.88175491383484,
      24.817552511380367,
      23.72870946529523,
      23.658521486199845,
      23.63293633042332,
      21.60364509949145,
      21.588547769000662,
      16.74653787897806
    ],
    [
      41.244675895968534,
      39.85637388313417,
      38.36388852830421,
      37.03658630690134,
      35.73824188948334,
      35.71547379877462,
      34.38128383682037,
      34.36404208333103,
      33.18007809047594,
      33.16645646032061,
      33.04262819475834,
      33.02409510945905,
      31.848577574766548,
      31.824272227622632,
      31.80637093656686,
      31.805242459703756,
      31.804081912450226,
      30.632492014953648,
      30.610236323020363,
      30.608656538793795,
      30.58790742157414,
      30.568957717119865,
      29.43955225992804,
      28.285090062435287,
      28.233575028092723,
      28.225082699931818,
      28.224949535680913,
      28.221723409762376,
      28.214323028458875,
      28.20774826551097,
      28.192979462324182,
      28.176280665260975,
      27.09999186465067,
      27.074562700621804,
      27.00926194200973,
      25.962090298604558,
      25.933606181745922,
      25.92567798297293,
      25.922633567689264,
      25.87364734404888,
      24.820342718575063,
      24.78974251002875,
      24.768692675101867,
      23.72680575902834,
      23.63293633042332,
      22.662388327133716,
      22.59535445660305,
      20.58714705909588,
      20.57276009052728,
      15.853552294489091
    ],
    [
      37.108504461828524,
      34.325718416818106,
      33.07906714940517,
      31.88983412764987,
      31.857320764956366,
      31.845342474132348,
      31.80637093656686,
      30.67684734696369,
      30.53263231273949,
      29.42644676839832,
      29.419445331161494,
      29.39807096462877,
      29.396553739857573,
      29.387491097260856,
      28.285090062435287,
      28.22909360716901,
      28.225082699931818,
      28.224949535680913,
      28.21188878595237,
      28.20774826551097,
      28.190358789866416,
      28.176280665260975,
      28.17235143209767,
      27.094934290254514,
      27.085368988830083,
      27.04224257019926,
      27.030508520952306,
      27.01183413821053,
      27.010848498501556,
      27.00926194200973,
      25.959068712358906,
      25.933606181745922,
      25.918909173201907,
      25.912112642456158,
      25.889604841620358,
      25.886191900437332,
      25.87364734404888,
      24.820342718575063,
      24.8193705155089,
      24.814665552034622,
      24.807813315014535,
      23.753594904583377,
      23.72870946529523,
      22.61595691667326,
      22.570919046979704,
      21.556628048376304,
      20.60163247981748,
      20.57276009052728,
      18.62763276435743,
      14.985032068479274
    ],
    [
      41.26711041639376,
      39.83470629786022,
      37.00598303511488,
      35.71547379877462,
      35.70204484989233,
      35.67303193840986,
      34.42685921384042,
      34.34990233018697,
      34.325718416818106,
      33.10978614462467,
      33.10632291235938,
      33.09611658766904,
      33.06473495234101,
      33.02409510945905,
      31.91619197978103,
      31.84688987047039,
      31.824272227622632,
      30.591340562417727,
      30.568957717119865,
      29.475911996487476,
      29.449948950158944,
      29.43955225992804,
      29.419445331161494,
      29.413378282350827,
      29.413239511792487,
      29.395314056203063,
      29.376626287679816,
      29.358554660435605,
      28.26545099871215,
      28.238928230979013,
      28.233575028092723,
      28.2257787050832,
      28.221723409762376,
      28.214323028458875,
      28.176280665260975,
      27.07341023415725,
      27.065133584303968,
      27.04224257019926,
      27.010816154538738,
      27.00926194200973,
      25.962090298604558,
      25.93572602099004,
      24.819543733069647,
      24.817552511380367,
      24.768692675101867,
      24.71936780429092,
      23.658521486199845,
      21.588547769000662,
      20.58714705909588,
      16.74653787897806
    ],
    [
      33.794881381945004,
      33.41379716074894,
      30.121697456657017,
      29.681168265714728,
      27.77061114659782,
      27.291132425898326,
      26.856942245291258,
      26.61703278447366,
      26.611894150405682,
      26.53573554154873,
      26.145571207781853,
      25.892435525245826,
      25.69219436853978,
      25.323280263124893,
      25.311366185653558,
      25.234655104851473,
      24.61401907889335,
      24.594866642171365,
      24.59382945072263,
      24.578667879007863,
      24.34610952919887,
      24.19490621524155,
      24.13967778532034,
      23.911021291473766,
      23.74887941739556,
      23.56101428787396,
      23.5006047474644,
      23.311190984718884,
      23.061595667092032,
      22.9022098873463,
      22.87817185222082,
      22.861483172030077,
      22.707800230551502,
      22.4281828075189,
      22.42811213248707,
      21.839065849273318,
      21.81347996040569,
      21.67524822418476,
      21.04105837256175,
      20.828911113096574,
      20.637489497878327,
      20.390384232145003,
      20.239709607728507,
      19.835418721751342,
      19.78609831287118,
      19.764700931473538,
      18.276939926276885,
      16.63209996269236,
      16.464355858689647,
      12.426153944234525
    ],
    [
      35.77137157378247,
      35.633248452631406,
      33.15267646334689,
      30.63978214118941,
      29.39664255301491,
      29.36066767347061,
      29.32354007315502,
      28.285090062435287,
      28.22909360716901,
      28.219633618784876,
      28.20774826551097,
      27.10606231577712,
      27.066869944413046,
      27.061288057356503,
      27.04224257019926,
      27.037470984526955,
      27.030508520952306,
      27.02799590573564,
      27.023912054851635,
      25.945061466892014,
