{
  "test_loss_values": [
    0.005254814767977223
  ],
  "log_exp_r_n_values": [
    2308.1210389480348
  ],
  "log_exp_r_n_acc_values": [
    -Infinity
  ],
  "model_data_levels": [
    0
  ],
  "loss_landscape_data_param": 30,
  "train_loss_values": [
    1.2749193956551608e-05
  ],
  "num_params": 4353,
  "dataset_type": "data",
  "top_r_vals": [
    [
      1.700862631983427,
      1.4832945285454606,
      1.4641490513456075,
      1.4452255939750513,
      1.3765217920623325,
      1.2657183772128062,
      1.2430698892317675,
      1.1614020318599914,
      1.156774426013147,
      1.1243568050736545,
      1.122402351581818,
      1.099977980983987,
      1.0383378356978175,
      1.0205307632858476,
      1.003976260189627,
      0.9994252390686452,
      0.995427715838923,
      0.9834026236941298,
      0.9829608698548897,
      0.9806970829328941,
      0.9799581214196056,
      0.9772056444867715,
      0.9404211582353392,
      0.9251407326367969,
      0.9115757260672042,
      0.8959888290753274,
      0.8935514208381069,
      0.8637971431784226,
      0.8308206268393018,
      0.8223791240174093,
      0.8113352457682291,
      0.7719248624680425,
      0.7705625613472427,
      0.7683599456720235,
      0.7643405144590947,
      0.7583649078292297,
      0.7299809059872575,
      0.6666714831796416,
      0.6639035133624692,
      0.6326170329368779,
      0.6005919348402456,
      0.5935962002064954,
      0.5884132928064142,
      0.5286883205174115,
      0.5009813450018104,
      0.4810189029173028,
      0.48084078160163307,
      0.4769398227802006,
      0.37480512648483044,
      0.35870760956633274
    ]
  ],
  "top_r_val_seeds": [
    [
      39,
      47,
      21,
      34,
      15,
      23,
      40,
      2,
      1,
      5,
      11,
      13,
      35,
      20,
      36,
      42,
      16,
      48,
      12,
      8,
      24,
      3,
      30,
      18,
      41,
      32,
      31,
      27,
      6,
      10,
      25,
      29,
      44,
      49,
      14,
      4,
      28,
      9,
      46,
      19,
      43,
      17,
      37,
      38,
      33,
      22,
      26,
      50,
      7,
      45
    ]
  ],
  "test_acc_values": [
    0.9985
  ],
  "loss_predicts_minimas": true,
  "loss_ordering_violations": 0,
  "test_loss_ranks": [
    1
  ],
  "log_exp_r_n_ranks": [
    1
  ],
  "data_level_ranks": [
    1
  ],
  "accuracy_predicts_minimas": true,
  "accuracy_ordering_violations": 0,
  "log_exp_r_n_acc_ranks": [
    1
  ]
}