{
  "test_loss_values": [
    0.012029216668452136
  ],
  "log_exp_r_n_values": [
    5943.988471566079
  ],
  "log_exp_r_n_acc_values": [
    -Infinity
  ],
  "model_data_levels": [
    0
  ],
  "loss_landscape_data_param": 0,
  "train_loss_values": [
    1.9508843251969665e-05
  ],
  "num_params": 4353,
  "dataset_type": "data",
  "top_r_vals": [
    [
      3.9211740375348816,
      3.1357432511343837,
      2.900564258072737,
      2.762900861209253,
      2.4059106140326607,
      2.3400820947372627,
      2.3162950879448276,
      2.2044802837055357,
      2.1271929168897636,
      1.9354202020343427,
      1.9198686649114143,
      1.8693464103884287,
      1.8473510637608326,
      1.8417899240704847,
      1.8181444698491838,
      1.801753633461287,
      1.7955893507635434,
      1.785442231833936,
      1.7363782606214977,
      1.7284177154039002,
      1.7162662189655964,
      1.6914207986139291,
      1.6578401097512185,
      1.638113789905474,
      1.6109069835777499,
      1.6014939838094508,
      1.57161770976893,
      1.5597890143792703,
      1.5561767748203756,
      1.52196400761372,
      1.5143133738708303,
      1.4538050103416493,
      1.4422810444446854,
      1.3561963568298028,
      1.2910551692589345,
      1.2895830123364358,
      1.259693432721632,
      1.221850037795866,
      1.2150873308130035,
      1.2053546470057706,
      1.201839220559418,
      1.1724374172713932,
      1.1685940627290272,
      1.0964646705916616,
      0.9962414522544873,
      0.9772301562161262,
      0.8940457985033565,
      0.8751474253184459,
      0.8337543370290962,
      0.8042356703016492
    ]
  ],
  "top_r_val_seeds": [
    [
      31,
      41,
      17,
      46,
      21,
      23,
      4,
      26,
      1,
      33,
      2,
      6,
      32,
      50,
      34,
      29,
      14,
      15,
      9,
      47,
      28,
      48,
      30,
      45,
      5,
      12,
      13,
      7,
      39,
      49,
      11,
      20,
      3,
      35,
      19,
      38,
      37,
      42,
      16,
      43,
      24,
      36,
      44,
      8,
      25,
      10,
      18,
      22,
      27,
      40
    ]
  ],
  "test_acc_values": [
    0.9975
  ],
  "loss_predicts_minimas": true,
  "loss_ordering_violations": 0,
  "test_loss_ranks": [
    1
  ],
  "log_exp_r_n_ranks": [
    1
  ],
  "data_level_ranks": [
    1
  ],
  "accuracy_predicts_minimas": true,
  "accuracy_ordering_violations": 0,
  "log_exp_r_n_acc_ranks": [
    1
  ]
}