{
  "test_loss_values": [
    1.2362084627151488,
    0.5671654343605042,
    1.5615981459617614,
    0.8970629215240479,
    0.3586181104183197
  ],
  "log_exp_r_n_values": [
    701949.6102579223,
    376585.70871562447,
    806449.9456555408,
    566670.6748011615,
    -Infinity
  ],
  "log_exp_r_n_acc_values": [
    -Infinity,
    -Infinity,
    -Infinity,
    -Infinity,
    -Infinity
  ],
  "model_data_levels": [
    1940,
    19940,
    540,
    5940,
    59940
  ],
  "loss_landscape_data_param": 540,
  "train_loss_values": [
    0.0005514419171959162,
    0.03273995220661163,
    0.00017098180251196027,
    0.0025669890455901623,
    0.18372544646263123
  ],
  "num_params": 235146,
  "dataset_type": "data",
  "top_r_vals": [
    [
      19.790290402047628,
      19.78688772789448,
      17.906571482337384,
      17.89361564481323,
      17.88605751089753,
      17.87598936612017,
      17.865624471290204,
      17.853600473893373,
      17.848036410406944,
      16.084232551007233,
      16.08365549134814,
      16.062056107954547,
      16.06012820409349,
      16.05431220945248,
      16.052067528086262,
      16.04113365993027,
      16.040732139398244,
      16.03920777376033,
      16.03778933690599,
      16.03276629487345,
      16.02881363797779,
      16.02734375,
      16.02560651794938,
      16.02457850432593,
      16.020856873063018,
      16.016317068052686,
      16.007623845880683,
      16.007111352337294,
      16.006884362086776,
      16.000012106146695,
      15.99730940889721,
      15.985759136105372,
      14.349079743537017,
      14.339492578334246,
      14.336953158379092,
      14.336223367598217,
      14.33609288712568,
      14.334598210816143,
      14.333822526903548,
      14.33256181557925,
      14.328740087531928,
      14.327665648330491,
      14.321782328817097,
      14.317101229381691,
      14.316892460625635,
      14.316427230251142,
      14.315552561152485,
      14.315015341551767,
      14.31492715474964,
      14.313361389079203
    ],
    [
      4.960585774091931,
      4.954586568115659,
      4.954354595911771,
      4.021058137751808,
      4.019027331643853,
      4.018111047665935,
      4.017279758926265,
      4.015032051023373,
      4.0147276318762914,
      4.0144234649406,
      4.014063559287836,
      4.013733666790419,
      4.013368212487087,
      4.01308951890173,
      4.01275155563985,
      4.012058730952996,
      4.011679152811855,
      4.011653679461519,
      4.0115215206934405,
      4.011429715747676,
      4.010283414982568,
      4.01014116775891,
      4.0100100178363896,
      4.00985036802686,
      4.0096962668678975,
      4.009319210840651,
      4.008630421536028,
      4.00841351974109,
      4.008388046390754,
      4.008330542193956,
      4.008191573718363,
      4.008057649470558,
      4.007877822749871,
      4.0077090933303205,
      4.007533806414644,
      4.007518673731276,
      4.007325732018337,
      4.007283360504907,
      4.007156498176007,
      4.006844764898632,
      4.006705039788869,
      4.006578934094137,
      4.006280568020403,
      4.006255599092846,
      4.0061867453835225,
      4.005932516302944,
      4.0056270883103045,
      4.005243222575542,
      4.005005891658058,
      4.004906772581999
    ],
    [
      30.864220883770635,
      28.551339029499545,
      28.538418632346193,
      28.522662706611573,
      28.493055555555557,
      28.479571998393023,
      26.26527053401758,
      26.241737582904694,
      26.237342964470507,
      26.22803981420204,
      26.22426782161798,
      26.203900708822367,
      26.18113368633463,
      26.16815902014045,
      26.10240281230272,
      24.026201413001544,
      24.00923514660494,
      23.988808714313272,
      23.98358832465278,
      23.98236762152778,
      23.979014455536266,
      23.97086889949846,
      23.962081344039355,
      23.96193063994985,
      23.959804205246915,
      23.95768530574846,
      23.957380883487655,
      23.947787061149693,
      23.946879822530867,
      23.94625289351852,
      23.941070179880402,
      23.938613703221453,
      23.93668318383488,
      23.933834876543212,
      23.932564441068674,
      23.929441852334108,
      23.924013491030095,
      23.911518614969136,
      23.896035276813272,
      23.891343858506946,
      23.890694323881174,
      23.887077425733025,
      21.871856465265225,
      21.870795019620928,
      21.86069274846297,
      21.859002399707304,
      21.857798146369593,
      21.8498434832164,
      21.847770025360138,
      21.8471191518344
    ],
    [
      11.13277887181474,
      11.130682714933426,
      11.128746992519298,
      11.109573322222582,
      9.723331553779593,
      9.722748117220185,
      9.722127453014206,
      9.721208357346352,
      9.71776144344726,
      9.716552460367568,
      9.715863443761323,
      9.715386197538042,
      9.715109736490541,
      9.713042686671804,
      9.709867961795197,
      9.707211372524172,
      9.705628282110885,
      9.705523312353336,
      9.704072654715562,
      9.703895670822018,
      9.703652775685361,
      9.70293995779688,
      9.70284780411438,
      9.702730628571068,
      9.702571343066879,
      9.70174928339583,
      9.701562534873677,
      9.701201243615133,
      9.700382235390526,
      9.699527220097922,
      9.698593477487155,
      9.698509867854687,
      9.697864181787896,
      9.697666448058557,
      9.697338112421567,
      9.697242297003339,
      9.695574986668296,
      9.695572545511144,
      9.693880823604578,
      9.693741067357609,
      9.693456062260074,
      9.69162946642084,
      9.69034663833729,
      9.688924054006769,
      9.688883164624468,
      9.68622474448558,
      9.684888821233965,
      9.684598933822127,
      9.6773847041477,
      9.67439184547894
    ],
    [
      0.0,
      0.0,
      0.0,
      0.0,
      0.0,
      0.0,
      0.0,
      0.0,
      0.0,
      0.0,
      0.0,
      0.0,
      0.0,
      0.0,
      0.0,
      0.0,
      0.0,
      0.0,
      0.0,
      0.0,
      0.0,
      0.0,
      0.0,
      0.0,
      0.0,
      0.0,
      0.0,
      0.0,
      0.0,
      0.0,
      0.0,
      0.0,
      0.0,
      0.0,
      0.0,
      0.0,
      0.0,
      0.0,
      0.0,
      0.0,
      0.0,
      0.0,
      0.0,
      0.0,
      0.0,
      0.0,
      0.0,
      0.0,
      0.0,
      0.0
    ]
  ],