{
  "test_loss_values": [
    0.23216105997562408,
    0.4767009735107422,
    0.14430533349514008
  ],
  "log_exp_r_n_values": [
    872955.8688767786,
    964557.963188002,
    802065.0865080572
  ],
  "log_exp_r_n_acc_values": [
    -Infinity,
    -Infinity,
    -Infinity
  ],
  "model_data_levels": [
    19940,
    5940,
    59940
  ],
  "loss_landscape_data_param": 5940,
  "train_loss_values": [
    0.00015828284085728228,
    5.9367299400037155e-05,
    0.0003154326986987144
  ],
  "num_params": 300938,
  "dataset_type": "data",
  "top_r_vals": [
    [
      18.188619818569215,
      18.16432479984504,
      18.14145225335744,
      18.13200945893595,
      18.113361957644628,
      16.186588545403136,
      16.17650105507809,
      16.17234187753283,
      16.168371671706417,
      16.160443858168176,
      16.135771350609556,
      16.13406520594798,
      14.354337248750129,
      14.34784715845322,
      14.343113904193451,
      14.334366391184576,
      14.333354058259363,
      14.332349696459547,
      14.329068781246812,
      14.327906591164169,
      14.326720487705337,
      14.326215118355272,
      14.325591776349354,
      14.323900303540457,
      14.321470704519948,
      14.318765304560761,
      14.318441676869709,
      14.317773696561577,
      14.317163108356292,
      14.316866582491585,
      14.314231328435875,
      14.305498163452711,
      14.305200043362923,
      14.304705833588411,
      12.617218045601614,
      12.614468941456469,
      12.610654944778037,
      12.60961387220931,
      12.599961181864813,
      12.59560072717588,
      12.595445196819044,
      12.595064077386077,
      12.59481046482223,
      12.594785243683283,
      12.592710104417758,
      10.980072211421351,
      10.972618138056708,
      10.965007830634315,
      10.954834308201974,
      9.459742148790225
    ],
    [
      24.66005446869261,
      22.425092345487712,
      22.3621752563514,
      20.2418583859328,
      20.23142492385583,
      20.21923344252779,
      20.213161306981593,
      20.208080586383886,
      20.201437431797064,
      20.190298064291913,
      20.171870335646158,
      20.155755908546883,
      18.153003534994834,
      18.14394410188533,
      18.13652706934401,
      18.13559287835744,
      18.133756779442148,
      18.132255617252067,
      18.13200945893595,
      18.13161600916839,
      18.130827091942148,
      18.12868632166839,
      18.12647896758781,
      18.122187338584713,
      18.121777747288224,
      18.11978426846591,
      18.105396113119834,
      16.22379977643983,
      16.202584551470757,
      16.197374331222584,
      16.181012979831863,
      16.178149608358687,
      16.177301935219866,
      16.176718822487427,
      16.174636534118815,
      16.167597787524475,
      16.159425210617066,
      16.14922973645268,
      16.13406520594798,
      14.355590309662281,
      14.348122959391901,
      14.341318806754414,
      14.334366391184576,
      14.332349696459547,
      14.330994605142335,
      14.329068781246812,
      14.321642880828488,
      14.317163108356292,
      14.30835501479441,
      12.596117760524278
    ],
    [
      14.371255165289258,
      14.329357335986126,
      12.616116722534294,
      12.614114444336835,
      12.610654944778037,
      12.610412541609275,
      12.60201530351455,
      12.599961181864813,
      12.598230731498221,
      12.59481046482223,
      12.59167323537219,
      12.59085214718205,
      12.587832616380425,
      12.583980787993573,
      12.583444138203772,
      12.581660443210515,
      12.580867378508094,
      12.578723581697659,
      10.984374750902337,
      10.981446582898114,
      10.974749268250694,
      10.973974200854828,
      10.973205236351843,
      10.972167744562103,
      10.971700262967431,
      10.971457367830775,
      10.969803483860069,
      10.969649690959473,
      10.968895373399402,
      10.96809345327486,
      10.965007830634315,
      10.962556908853374,
      10.961350977220123,
      10.952647031393484,
      10.95204040384113,
      10.943291296607175,
      9.476932665362991,
      9.474867782693972,
      9.46751124352147,
      9.460578836721862,
      9.459742148790225,
      9.459424312619968,
      9.457540449226723,
      9.456012309759132,
      9.45440839478075,
      9.45262240808894,
      9.445749990235374,
      9.443667216126306,
      9.434799376488611,
      8.061515366735538
    ]
  ],
  "top_r_val_seeds": [
    [
      7,
      13,
      27,
      38,
      28,
      30,
      26,
      12,
      49,
      39,
      2,
      42,
      31,
      46,
      24,
      4,
      9,
      21,
      23,
      10,
      36,
      20,
      41,
      19,
      14,
      15,
      34,
      8,
      44,
      3,
      25,
      6,
      47,
      17,
      35,
      29,
      40,
      5,
      37,
      18,
      11,
      43,
      48,
      33,
      1,
      45,
      22,
      50,
      16,
      32
    ],
    [
      39,
      13,
      28,
      31,
      5,
      30,
      27,
      43,
      12,
      8,
      17,
      2,
      24,
      37,
      48,
      26,
      10,
      36,
      38,
      20,
      41,
      19,
      49,
      15,
      34,
      3,
      6,
      7,
      29,
      46,
      9,
      11,
      33,
      32,
      1,
      14,
      25,
      47,
      42,
      35,
      40,
      45,
      4,
      21,
      18,
      23,
      50,
      44,
      16,
      22
    ],
    [
      7,
      26,
      31,
      13,
      40,
      46,
      30,
      37,
      27,
      48,
      38,
      41,
      49,
      8,
      44,
      39,
      25,
      28,
      5,
      24,
      4,
      9,
      21,
      18,
      43,
      33,
      10,
      1,
      36,
      12,
      50,
      34,
      3,
      6,
      17,
      2,
      35,
      29,
      45,
      11,
      32,
      23,
      20,
      19,
      14,
      15,
      16,
      47,
      42,
      22
    ]
  ],
  "loss_predicts_minimas": true,
  "loss_ordering_violations": 2,
  "test_loss_ranks": [
    2,
    1,
    3
  ],
  "log_exp_r_n_ranks": [
    2,
    1,
    3
  ],
  "data_level_ranks": [
    2,
    3,
    1
  ],
  "accuracy_predicts_minimas": false,
  "accuracy_ordering_violations": 1,
  "log_exp_r_n_acc_ranks": [
    1,
    2,
    3
  ]
}