{
  "test_loss_values": [
    0.6324106614291668
  ],
  "log_exp_r_n_values": [
    787668.7551406533
  ],
  "log_exp_r_n_acc_values": [
    -Infinity
  ],
  "model_data_levels": [
    0
  ],
  "loss_landscape_data_param": 0,
  "train_loss_values": [
    0.0022123001981526613
  ],
  "num_params": 235146,
  "dataset_type": "data",
  "top_r_vals": [
    [
      28.494682262970617,
      26.174512109833348,
      23.967723705150465,
      23.956966447241513,
      23.914146894290127,
      23.911021291473766,
      23.89809992283951,
      23.883906611689817,
      21.859881216282144,
      21.858604185946827,
      21.84808585006672,
      21.839369088165032,
      21.837769367368647,
      21.835229038207,
      21.83316381925613,
      21.80716458014987,
      21.803833316070868,
      21.7742020928389,
      19.829864548658943,
      19.823856312892186,
      19.80810835828296,
      19.796882771847265,
      19.795416832067524,
      19.789984011915244,
      19.787914010289136,
      19.785304712210493,
      19.781813608384994,
      19.77488122026771,
      19.771623022762352,
      19.762335416188403,
      19.762311751909888,
      17.898378258346966,
      17.883596958377975,
      17.878279062548827,
      17.871352646548146,
      17.846486341003352,
      17.842863517444414,
      17.84107514875615,
      17.805546074275547,
      16.071479734310433,
      16.037383780991735,
      16.027534421810433,
      16.015233567923556,
      16.0080758086906,
      16.007422076769114,
      14.312067382737775,
      14.305303095068428,
      14.297505762002725,
      14.280216649459003,
      12.667887045964699
    ]
  ],
  "top_r_val_seeds": [
    [
      37,
      48,
      26,
      25,
      7,
      17,
      29,
      12,
      22,
      39,
      44,
      47,
      34,
      2,
      35,
      6,
      24,
      20,
      40,
      9,
      8,
      49,
      5,
      33,
      30,
      36,
      27,
      45,
      3,
      18,
      11,
      28,
      21,
      10,
      1,
      42,
      38,
      31,
      16,
      14,
      15,
      32,
      50,
      13,
      23,
      19,
      46,
      43,
      41,
      4
    ]
  ],
  "loss_predicts_minimas": true,
  "loss_ordering_violations": 0,
  "test_loss_ranks": [
    1
  ],
  "log_exp_r_n_ranks": [
    1
  ],
  "data_level_ranks": [
    1
  ],
  "accuracy_predicts_minimas": true,
  "accuracy_ordering_violations": 0,
  "log_exp_r_n_acc_ranks": [
    1
  ]
}