{
  "test_loss_values": [
    0.33792364854083135,
    0.3495482198894024,
    0.45983463785974893,
    0.3272330954670906,
    0.35964979957789184,
    0.33411258459091187
  ],
  "log_exp_r_n_values": [
    652816.933680788,
    626120.9188358588,
    652838.9879862099,
    625650.5954581478,
    677832.9552524693,
    597139.3208148531
  ],
  "log_exp_r_n_acc_values": [
    -Infinity,
    -Infinity,
    -Infinity,
    -Infinity,
    -Infinity,
    -Infinity
  ],
  "model_data_levels": [
    100,
    1000,
    200,
    3000,
    500,
    6000
  ],
  "loss_landscape_data_param": 0,
  "train_loss_values": [
    2.5016638574015815e-06,
    3.393085717107169e-05,
    6.691614373721677e-08,
    0.00018840387929230928,
    6.4924706748570316e-06,
    0.00035162875428795815
  ],
  "num_params": 235146,
  "dataset_type": "data",
  "top_r_vals": [
    [
      16.058624015366735,
      16.057621222882233,
      16.05335481501808,
      16.04671661124742,
      16.03391234342717,
      16.02413259458936,
      14.347503179482647,
      14.336223367598217,
      14.33609288712568,
      14.335584463215453,
      14.33517772408727,
      14.32707983600207,
      14.326679395931183,
      14.326170972020956,
      14.325239611406644,
      14.32306643663992,
      14.320448728401244,
      14.319301400108252,
      14.318307048920992,
      14.31812077679813,
      14.318084782185018,
      14.318047887706577,
      14.317957901173791,
      14.31492715474964,
      14.314800273738415,
      14.3147480815494,
      14.31318411560962,
      14.312645996143575,
      14.308556108228558,
      14.307254902964505,
      14.307155017913116,
      14.306229056490771,
      14.306082378442335,
      14.305312093721707,
      14.304452722333624,
      14.304322241861087,
      14.303384582189482,
      14.30311462259113,
      14.301623545742904,
      14.300477117315241,
      14.299401778248477,
      14.299110221882257,
      14.299095824037012,
      14.29886005932112,
      14.29864769110375,
      14.298484815479412,
      14.298430823559741,
      14.298078976216557,
      14.298013286047626,
      14.297305991899945
    ],
    [
      14.33517772408727,
      14.326957454317485,
      14.318831670407121,
      14.31318411560962,
      14.310849864949212,
      14.307375484918436,
      14.306534110836909,
      14.306082378442335,
      14.304854962135165,
      14.292204655356441,
      14.2902087540593,
      14.289831710486936,
      14.285813811798146,
      14.284521605187374,
      14.276490307136433,
      14.27161303705956,
      14.270890445201307,
      12.710603509845935,
      12.708073474645445,
      12.703167246964597,
      12.70211107284971,
      12.699215162993573,
      12.697948551168249,
      12.697088466738089,
      12.69658788006326,
      12.69428183348638,
      12.690254023824101,
      12.689126109580657,
      12.688427041883482,
      12.688101819967352,
      12.68750318845016,
      12.683231462350783,
      12.68314776553413,
      12.68311508392001,
      12.682276521528417,
      12.682111519232732,
      12.681935357361496,
      12.681389335271913,
      12.680805848892971,
      12.680571497806348,
      12.680350697632896,
      12.680192072237528,
      12.679944967350272,
      12.677081739108257,
      12.677006013417,
      12.676256727629836,
      12.676084551321296,
      12.67552657254362,
      12.674707140852975,
      12.67407901617182
    ],
    [
      16.060130221784608,
      14.318321446766237,
      14.31517641744545,
      14.3147480815494,
      14.31436923824638,
      14.303122721379081,
      14.302627795448771,
      14.300831664254408,
      14.29926319898799,
      14.29825714955147,
      14.296026383403763,
      14.295833812223606,
      14.294872756053476,
      14.294257248169236,
      14.29228384350529,
      14.291407374675979,
      14.287706228582586,
      14.285830909239376,
      14.284869853069246,
      14.284514406264751,
      14.282109966108772,
      14.279663232282385,
      14.278873150524545,
      14.267272086718076,
      14.263329776716825,
      12.710603509845935,
      12.708073474645445,
      12.70211107284971,
      12.698288918222632,
      12.693280660136722,
      12.691635419855118,
      12.69111570247934,
      12.690310618814408,
      12.689484013110908,
      12.6891229211305,
      12.68910139909193,
      12.687594856392206,
      12.687560580553006,
      12.687167604071014,
      12.6871229657688,
      12.685380477757374,
      12.685241780175494,
      12.685082357667586,
      12.684888659320478,
      12.684225461687584,
      12.683741614376085,
      12.683344652331396,
      12.683179650035711,
      12.682091591419244,
      12.681389335271913
    ],
    [
      14.306534110836909,
      14.290215053116595,
      12.710603509845935,
      12.708073474645445,
      12.698288918222632,
      12.697948551168249,
      12.683809368941946,
      12.682276521528417,
      12.678806690643814,
      12.676738980716255,
      12.666118253239468,
      12.662203633557802,
      12.654561715641263,
      12.653417062034487,
      12.646302832619122,
      12.636400303540457,
      12.634150851953883,
      12.63405360422406,
      12.631101099377616,
      11.170201437313477,
      11.164893088152477,
      11.163964810121815,
      11.161987753063304,
      11.16141957684982,
      11.15911044146185,
      11.157083642712639,
      11.15559349375323,
      11.154300910382233,
      11.154205630523991,
      11.153543575626651,
      11.152868209572645,
      11.152552244748623,
      11.152083551916538,
      11.151937829780405,
      11.151822232893567,
      11.151206416750963,
      11.151125849223773,
      11.150791669132735,
      11.149398201205953,
      11.147482095233228,
      11.14747088583814,
      11.147325864289199,
      11.147269116726571,
      11.146232247681,
      11.145475613512613,
      11.145239515628587,
      11.144839480341412,
      11.144700063490015,
      11.144482881460199,
      11.143788599551984
    ],
    [
      17.86120581804472,
      16.08365549134814,
      16.070841135072314,
      16.05513340973657,
      16.05335481501808,
      16.052946232567148,
      16.0510062225594,
      16.039159349173556,
      16.020856873063018,
      16.00387901116994,
      14.349079743537017,
      14.34068489989363,
      14.33517772408727,
      14.333822526903548,
      14.333257411477668,
      14.326957454317485,
      14.326170972020956,
      14.326107081582679,
      14.325239611406644,
      14.32483377214379,
      14.324830172682478,
      14.323896112472186,
      14.323001646336316,
      14.318755181854256,
      14.318321446766237,
      14.318307048920992,
      14.317957901173791,
      14.316716087021378,
      14.31492715474964,
      14.314629299326125,
      14.312712586177833,
      14.311325893707638,
      14.310849864949212,
      14.309481169785572,
      14.307847014350221,
      14.307375484918436,
      14.307254902964505,
      14.30634243952208,
      14.306082378442335,
      14.304854962135165,
      14.303384582189482,
      14.30311462259113,
      14.300748876644247,
      14.300353835765328,
      14.299435973130935,
      14.29858110106949,
      14.297635342609935,
      14.297280795670767,
      14.29717911088872,
      14.297156614255526
    ],
    [
      12.672916028976637,
      11.171428866075528,
      11.169205202325099,
      11.161987753063304,
      11.16141957684982,
      11.160605494531609,
      11.160306343800219,
      11.146532098999584,
      11.143482442948663,
      11.143115335259557,
      11.141665119770146,
      11.134766437681145,
      11.131021799134816,
      11.129226194159278,
      11.128889912306661,
      11.125599954848557,
      11.125595050738207,
      11.122592334029214,
      11.122173382887828,
      11.120243965758437,
      11.11997634145073,
      11.113804868868014,
      11.106211204283603,
      11.105132300006458,
      11.104234147225092,
