{
  "test_loss_values": [
    0.04752168501727283,
    0.0024538332316296875,
    0.0012702462263405323
  ],
  "log_exp_r_n_values": [
    4739.364151696243,
    5870.442553869763,
    3418.269232363175
  ],
  "log_exp_r_n_acc_values": [
    -Infinity,
    -Infinity,
    -Infinity
  ],
  "model_data_levels": [
    180,
    380,
    780
  ],
  "loss_landscape_data_param": 180,
  "train_loss_values": [
    1.0959995961457025e-05,
    2.036861769738607e-05,
    5.1694900321308523e-05
  ],
  "num_params": 4353,
  "dataset_type": "data",
  "top_r_vals": [
    [
      2.9753004552247444,
      2.966696634984433,
      2.942789391271558,
      2.7008972074557134,
      2.696763431645209,
      2.695554996580388,
      2.452914577858167,
      2.450420584755034,
      2.4438372860026845,
      2.432655485488118,
      2.431693857950212,
      2.4058988034244755,
      2.4020669059648334,
      2.398699523502316,
      2.3826280914390714,
      2.2327696745060694,
      2.2200367825090392,
      2.210929177024148,
      2.206832507425103,
      2.1976325925716687,
      2.1949601606889204,
      2.1941858717232696,
      2.192133375435821,
      2.187334297117123,
      2.1785490177879647,
      2.1762299340618543,
      2.1669672185724433,
      2.1648176209000516,
      2.164684201075026,
      2.1645336308755168,
      2.1623171971849175,
      2.1617247526310694,
      2.161378466393337,
      2.1596833536447573,
      2.159476540305398,
      2.1587030079739153,
      2.1571039877647213,
      2.1501015907476755,
      2.1324906782670454,
      1.9827877846850077,
      1.978367646194675,
      1.9753717695519755,
      1.97410340937239,
      1.9710238452542017,
      1.9702042929068748,
      1.967985674941094,
      1.9671778208430288,
      1.9652113901353743,
      1.9610918066645389,
      1.9601327751913973
    ],
    [
      3.8581347925275487,
      3.2208847234278553,
      3.0288433849100023,
      3.0125897410158946,
      2.985307978970727,
      2.9789111555115255,
      2.752795149849187,
      2.7382251158403808,
      2.72929589853714,
      2.7282148146553933,
      2.722429521302036,
      2.718568507438655,
      2.7144885989989866,
      2.7039284147105533,
      2.6937443679017137,
      2.6866933470197565,
      2.680473689606769,
      2.6672634174964616,
      2.6553313277981845,
      2.6462756934281266,
      2.497933752742815,
      2.487767815334483,
      2.478635725884058,
      2.4714274535360614,
      2.468038714062182,
      2.4620747686393316,
      2.454513262563939,
      2.451412561730139,
      2.4397850741100444,
      2.435973690621842,
      2.435656145584485,
      2.4312714949491965,
      2.4269992496368658,
      2.4242405419981665,
      2.4209243039575945,
      2.4205089662892645,
      2.420042484198988,
      2.4171857029160075,
      2.4159349126847913,
      2.415241652855447,
      2.4125467352375263,
      2.4124537198327785,
      2.412108635491297,
      2.408585290643175,
      2.4062568143780974,
      2.4060834291674342,
      2.4058988034244755,
      2.405734691652957,
      2.3962440292222955,
      2.393653648554726
    ],
    [
      2.1964762033509815,
      2.1593108374225207,
      2.1384252122611054,
      1.9608123984802457,
      1.9467022851734384,
      1.942274722794151,
      1.9255097818038942,
      1.9254789614164158,
      1.7566283893225183,
      1.7551276256887054,
      1.7467493750637693,
      1.7408100895316807,
      1.7401235763570047,
      1.7392842168528724,
      1.7391329647484952,
      1.7364207893327213,
      1.73342882741557,
      1.7333616706841142,
      1.7310281237246201,
      1.7298511870599942,
      1.7294466524461791,
      1.7287240699290891,
      1.7285742127716561,
      1.7269925422150803,
      1.7237484934573004,
      1.7236713728191002,
      1.719122052277829,
      1.7186150887026836,
      1.7164828126594227,
      1.7141612223880218,
      1.71234878775125,
      1.7122927905953476,
      1.7043784594684217,
      1.703853560861137,
      1.6977112109096013,
      1.6965657601902868,
      1.6935086343230286,
      1.5630835891317294,
      1.552236572770048,
      1.5466625259161215,
      1.53957801307419,
      1.5386225872898016,
      1.5326082213851047,
      1.5308197974282958,
      1.52673677526777,
      1.5252389198492382,
      1.5237130409429882,
      1.5234503207456311,
      1.5226034859761501,
      1.5225553206066347
    ]
  ],
  "top_r_val_seeds": [
    [
      929,
      135,
      194,
      278,
      507,
      29,
      625,
      859,
      704,
      831,
      702,
      678,
      141,
      177,
      688,
      540,
      93,
      328,
      794,
      68,
      264,
      210,
      218,
      643,
      822,
      480,
      128,
      521,
      488,
      234,
      134,
      537,
      109,
      941,
      160,
      271,
      326,
      677,
      243,
      894,
      630,
      873,
      718,
      75,
      629,
      753,
      882,
      725,
      798,
      250
    ],
    [
      409,
      9,
      948,
      656,
      651,
      848,
      283,
      630,
      586,
      896,
      57,
      38,
      868,
      976,
      144,
      489,
      309,
      282,
      850,
      206,
      668,
      333,
      346,
      913,
      334,
      75,
      605,
      988,
      737,
      816,
      642,
      463,
      989,
      680,
      117,
      347,
      595,
      717,
      934,
      954,
      80,
      320,
      401,
      649,
      385,
      160,
      678,
      196,
      471,
      437
    ],
    [
      351,
      678,
      688,
      727,
      702,
      972,
      271,
      886,
      184,
      759,
      586,
      725,
      201,
      259,
      126,
      685,
      832,
      162,
      31,
      812,
      77,
      935,
      278,
      674,
      592,
      565,
      594,
      735,
      347,
      790,
      52,
      490,
      326,
      847,
      964,
      797,
      375,
      899,
      876,
      118,
      947,
      722,
      826,
      466,
      986,
      776,
      627,
      511,
      519,
      445
    ]
  ],
  "loss_predicts_minimas": false,
  "loss_ordering_violations": 1,
  "test_loss_ranks": [
    1,
    2,
    3
  ],
  "log_exp_r_n_ranks": [
    2,
    1,
    3
  ],
  "data_level_ranks": [
    3,
    2,
    1
  ],
  "accuracy_predicts_minimas": true,
  "accuracy_ordering_violations": 2,
  "log_exp_r_n_acc_ranks": [
    1,
    2,
    3
  ]
}