{
  "test_loss_values": [
    0.1130567267537117,
    0.06748687475919724
  ],
  "log_exp_r_n_values": [
    652625.2119219663,
    597373.3367722372
  ],
  "log_exp_r_n_acc_values": [
    -Infinity,
    -Infinity
  ],
  "model_data_levels": [
    19940,
    59940
  ],
  "loss_landscape_data_param": 19940,
  "train_loss_values": [
    0.006268673110753298,
    0.02091408520936966
  ],
  "num_params": 235146,
  "dataset_type": "data",
  "top_r_vals": [
    [
      16.045536261944733,
      16.044531451769114,
      16.03477995060692,
      16.02734375,
      16.006944892820247,
      14.349079743537017,
      14.34068489989363,
      14.339492578334246,
      14.336953158379092,
      14.33256181557925,
      14.326107081582679,
      14.32523781167599,
      14.32077897897656,
      14.320050088061013,
      14.31905663673908,
      14.318831670407121,
      14.317472873762089,
      14.315552561152485,
      14.31492715474964,
      14.314203663026058,
      14.313361389079203,
      14.313275002007732,
      14.312712586177833,
      14.312246455938014,
      14.310695088112825,
      14.310111075515058,
      14.308875560419938,
      14.308098976642016,
      14.30731969326811,
      14.307254902964505,
      14.306229056490771,
      14.306082378442335,
      14.30524370395679,
      14.303191111143995,
      14.301244702439886,
      14.300831664254408,
      14.300808267755885,
      14.300477117315241,
      14.299095824037012,
      14.297348285570354,
      14.297280795670767,
      14.294961842720932,
      14.294445320022755,
      14.29416816150178,
      14.291407374675979,
      14.289831710486936,
      14.289229700582613,
      14.289163110548353,
      14.288461215592642,
      14.288421621518216
    ],
    [
      12.685534320477505,
      12.67716065324967,
      12.67251587848179,
      12.67177296959494,
      12.663580246913583,
      12.647462631364148,
      12.646302832619122,
      11.171428866075528,
      11.167932235395504,
      11.164893088152477,
      11.163964810121815,
      11.161987753063304,
      11.158568887561698,
      11.157431834547536,
      11.15592347032111,
      11.153543575626651,
      11.15165199020568,
      11.150176553577323,
      11.14882792323089,
      11.148163065984777,
      11.14805447496987,
      11.147879328171632,
      11.147819778260232,
      11.147297840801482,
      11.146821441510275,
      11.146232247681,
      11.145475613512613,
      11.145326388440514,
      11.144917946107023,
      11.144276208238278,
      11.143620458625675,
      11.143553202255152,
      11.143115335259557,
      11.142752431093607,
      11.142733515239398,
      11.141544618772958,
      11.141089937684733,
      11.140128031468809,
      11.13952342472129,
      11.139397319026559,
      11.139327260307264,
      11.138916716212194,
      11.138866273934301,
      11.138788508755884,
      11.138067604534335,
      11.136997807890697,
      11.13570242217093,
      11.13526385458814,
      11.13461581143466,
      11.134363600045198
    ]
  ],
  "top_r_val_seeds": [
    [
      326,
      392,
      436,
      485,
      207,
      419,
      173,
      246,
      182,
      259,
      424,
      458,
      475,
      202,
      342,
      391,
      348,
      371,
      118,
      218,
      339,
      330,
      328,
      422,
      479,
      52,
      172,
      217,
      359,
      301,
      428,
      138,
      57,
      396,
      311,
      62,
      125,
      440,
      166,
      21,
      33,
      338,
      73,
      144,
      226,
      486,
      50,
      337,
      252,
      126
    ],
    [
      475,
      392,
      138,
      57,
      485,
      207,
      284,
      419,
      267,
      173,
      246,
      182,
      259,
      7,
      388,
      424,
      477,
      119,
      202,
      285,
      342,
      391,
      411,
      184,
      348,
      288,
      448,
      371,
      87,
      218,
      339,
      330,
      328,
      422,
      326,
      479,
      52,
      172,
      217,
      438,
      327,
      359,
      301,
      499,
      428,
      321,
      396,
      436,
      86,
      429
    ]
  ],
  "loss_predicts_minimas": true,
  "loss_ordering_violations": 1,
  "test_loss_ranks": [
    1,
    2
  ],
  "log_exp_r_n_ranks": [
    1,
    2
  ],
  "data_level_ranks": [
    2,
    1
  ],
  "accuracy_predicts_minimas": true,
  "accuracy_ordering_violations": 1,
  "log_exp_r_n_acc_ranks": [
    1,
    2
  ]
}