{
  "test_loss_values": [
    0.09889687597751617
  ],
  "log_exp_r_n_values": [
    461143.3719780684
  ],
  "log_exp_r_n_acc_values": [
    -Infinity
  ],
  "model_data_levels": [
    59940
  ],
  "loss_landscape_data_param": 59940,
  "train_loss_values": [
    0.002348346868529916
  ],
  "num_params": 235146,
  "dataset_type": "data",
  "top_r_vals": [
    [
      7.107284672004133,
      7.104994368399909,
      6.007086106288581,
      6.00423139407311,
      6.002363416883681,
      6.001925621503665,
      6.001764744888118,
      6.001358220606675,
      5.998535156250001,
      5.998483916859568,
      5.99812787844811,
      5.9977646815924,
      5.997594762731482,
      5.997593255690587,
      5.99726434401524,
      5.996871006341628,
      5.996317168812693,
      5.995234359929592,
      5.995081772038967,
      5.9947841314621915,
      5.994769061053241,
      5.99471593786169,
      5.994512864101081,
      5.993789107711227,
      5.99348920657311,
      5.993372034143519,
      5.993255238474152,
      5.993213418089314,
      5.992779390311536,
      5.992755277657215,
      5.992717224874615,
      5.992519802517362,
      5.992324640721451,
      5.991438500675155,
      5.991430588710456,
      5.99116685655382,
      5.990482659987462,
      5.990464952256945,
      5.990285237630209,
      5.990192931375386,
      5.989932966820988,
      5.989852716893326,
      5.989743833188658,
      5.9892299322434415,
      5.988614306037809,
      5.988533302589699,
      5.988504668812693,
      5.988029950930749,
      5.987545437282987,
      5.9875107753424
    ]
  ],
  "top_r_val_seeds": [
    [
      91,
      104,
      384,
      173,
      472,
      140,
      139,
      242,
      456,
      394,
      424,
      329,
      478,
      469,
      496,
      450,
      119,
      285,
      391,
      35,
      184,
      178,
      348,
      448,
      87,
      323,
      249,
      122,
      250,
      330,
      156,
      328,
      422,
      90,
      52,
      476,
      327,
      101,
      18,
      499,
      153,
      412,
      138,
      321,
      269,
      396,
      49,
      152,
      62,
      364
    ]
  ],
  "loss_predicts_minimas": true,
  "loss_ordering_violations": 0,
  "test_loss_ranks": [
    1
  ],
  "log_exp_r_n_ranks": [
    1
  ],
  "data_level_ranks": [
    1
  ],
  "accuracy_predicts_minimas": true,
  "accuracy_ordering_violations": 0,
  "log_exp_r_n_acc_ranks": [
    1
  ]
}