{
  "test_loss_values": [
    0.49543102383613585,
    0.16545942425727844,
    0.8179899793863297,
    0.3174010157585144,
    0.10891130566596985
  ],
  "log_exp_r_n_values": [
    806629.842259966,
    746805.9874932064,
    807696.991066431,
    787559.8352983388,
    725534.6320568875
  ],
  "log_exp_r_n_acc_values": [
    -Infinity,
    -Infinity,
    -Infinity,
    -Infinity,
    -Infinity
  ],
  "model_data_levels": [
    1940,
    19940,
    540,
    5940,
    59940
  ],
  "loss_landscape_data_param": 540,
  "train_loss_values": [
    0.0001784326450433582,
    0.00048189243534579873,
    9.317595686297864e-05,
    0.000232474209042266,
    0.0008929063915275037
  ],
  "num_params": 235146,
  "dataset_type": "data",
  "top_r_vals": [
    [
      30.88784234862634,
      28.523611469811758,
      28.489958175505052,
      28.48909550045914,
      28.481765452823694,
      28.44482287362259,
      28.416976942722684,
      26.262384712617024,
      26.239823584920988,
      26.219444942017045,
      26.211079024840426,
      26.20294041551385,
      26.187045337594107,
      26.18431929055191,
      26.167050482581903,
      26.129579277649647,
      24.00332151813272,
      24.000126591435187,
      23.99223421826775,
      23.9910587263696,
      23.99037302276235,
      23.989370840567133,
      23.98303524064429,
      23.97886375144676,
      23.97086889949846,
      23.969298562885804,
      23.96929705584491,
      23.965722354841823,
      23.9644473982446,
      23.960939007040896,
      23.95986448688272,
      23.954639576099538,
      23.953093352141206,
      23.950142566068674,
      23.94958797501929,
      23.949381510416668,
      23.948552637924386,
      23.946412639853396,
      23.945580753279323,
      23.94527030285494,
      23.94520700713735,
      23.94423496576003,
      23.94208140432099,
      23.94179808063272,
      23.94170313705633,
      23.94156599633488,
      23.93975001205633,
      23.939171308352627,
      23.939022111304013,
      23.93449496045525
    ],
    [
      23.94958797501929,
      23.94156599633488,
      23.93449496045525,
      23.932594581886576,
      23.878154236593367,
      23.868504653742285,
      21.893594817134414,
      21.85899690710371,
      21.857798146369593,
      21.852311035380442,
      21.850823912957704,
      21.84851015369426,
      21.846778610411647,
      21.839693151777006,
      21.838390031574626,
      21.83537459220221,
      21.8321243440262,
      21.822340643876625,
      21.818942095403614,
      21.818184116107815,
      21.81465099884678,
      21.812624228121056,
      21.812377060959385,
      21.812208163398907,
      21.811963742539028,
      21.806007013942697,
      21.805590949220548,
      21.805032076804984,
      21.799459830460144,
      21.794461561190744,
      21.793497609260218,
      21.784937386560923,
      21.784565262667517,
      21.778067512617298,
      21.77304040717904,
      19.860317984134277,
      19.847048551327678,
      19.844176455208657,
      19.837455800109687,
      19.83275283612642,
      19.832166211116856,
      19.82969889870932,
      19.828292742370046,
      19.827321261462483,
      19.825926314518295,
      19.825461747366347,
      19.82324851458079,
      19.821487394063748,
      19.821147375746104,
      19.820138530188252
    ],
    [
      31.02833732587077,
      30.958105405852844,
      30.91358308974073,
      30.88784234862634,
      30.83439338403069,
      28.57115006600092,
      28.551342616505973,
      28.550478147956845,
      28.525446223599637,
      28.52544443009642,
      28.523611469811758,
      28.515497661271812,
      28.49722007001837,
      28.495618471648303,
      28.481765452823694,
      28.43743902089073,
      26.222917151784383,
      26.219787550950443,
      26.219444942017045,
      26.215303985966244,
      26.211079024840426,
      26.208969015015015,
      26.208303563048222,
      26.201734695613617,
      26.199889878279926,
      26.199565388088196,
      26.196000937454173,
      26.193940342378774,
      26.193704798737063,
      26.192546846428503,
      26.18996080784467,
      26.18431929055191,
      26.181827139993096,
      26.18013715554277,
      26.176183975542003,
      26.175052377766786,
      26.171517575982765,
      26.167791703832044,
      26.167050482581903,
      26.160206539705577,
      26.159809574547168,
      26.159709097888815,
      26.159088119197026,
      26.157674857346755,
      26.149865679686908,
      26.139878958709975,
      26.13615638087592,
      26.129579277649647,
      26.122148946406544,
      26.117774093872363
    ],
    [
      28.481765452823694,
      26.219444942017045,
      26.147716138061494,
      26.143469763877338,
      26.117774093872363,
      23.99037302276235,
      23.98303524064429,
      23.98140311535494,
      23.97395682629244,
      23.972853672357257,
      23.971165786554785,
      23.969298562885804,
      23.96929705584491,
      23.9644473982446,
      23.960939007040896,
      23.956919728973766,
      23.953093352141206,
      23.950142566068674,
      23.94958797501929,
      23.94708025896991,
      23.946412639853396,
      23.94520700713735,
      23.944026994116513,
      23.943383487654323,
      23.94170313705633,
      23.94111991222994,
      23.93947874469522,
      23.939171308352627,
      23.939022111304013,
      23.938753858024693,
      23.93449496045525,
      23.932403187692902,
      23.932391131365744,
      23.932216314621915,
      23.929223331404323,
      23.92750229070216,
      23.927386248553244,
      23.924795645254633,
      23.878154236593367,
      23.868504653742285,
      21.88137102783876,
      21.874786769281958,
      21.870795019620928,
      21.86496324775633,
      21.86069274846297,
      21.859621690762385,
      21.85895983202946,
      21.858083761756415,
      21.857571576471393,
      21.855551671500162
    ],
    [
      21.878204541867543,
      21.854346045011553,
      21.852311035380442,
      21.850823912957704,
      21.84851015369426,
      21.846778610411647,
      21.841496098906326,
      21.838390031574626,
      21.821835324346093,
      21.818942095403614,
      21.818184116107815,
      21.814526042115045,
      21.805590949220548,
      21.794461561190744,
      21.793497609260218,
      21.7874571184591,
      21.784937386560923,
      21.78288177966634,
      21.74795568657097,
      19.858135888557296,
      19.847048551327678,
      19.841076434722865,
      19.83481536482247,
      19.832166211116856,
      19.828292742370046,
      19.825926314518295,
      19.825667252942946,
      19.825461747366347,
      19.814670836362367,
      19.812872351195036,
      19.809245489140146,
      19.80638211143953,
      19.805328428301326,
      19.805105485887925,
      19.80242893143876,
      19.802380357393385,
      19.80191828121812,
      19.801730212478326,
      19.801166006258935,
      19.79910721402791,
      19.79350625294932,
      19.791136088632545,
      19.790987875519722,
      19.790975420636293,
      19.78942727862591,
      19.787485562299132,
      19.786049514239625,
      19.784693177434068,
      19.784468989532325,
      19.78431579446613
    ]
  ],