{
  "test_loss_values": [
    0.5543213278055191
  ],
  "log_exp_r_n_values": [
    678006.1316376815
  ],
  "log_exp_r_n_acc_values": [
    -Infinity
  ],
  "model_data_levels": [
    0
  ],
  "loss_landscape_data_param": 0,
  "train_loss_values": [
    0.002300968859344721
  ],
  "num_params": 235146,
  "dataset_type": "data",
  "top_r_vals": [
    [
      17.87418975689961,
      17.872499180842322,
      17.866686701592155,
      17.86536369094094,
      17.85121635699343,
      17.848489403858466,
      17.834460095500063,
      17.81423612979344,
      16.031270176911157,
      16.028210348334195,
      16.01248849916064,
      15.99790160123967,
      14.32861860571267,
      14.327077136406087,
      14.325409685953606,
      14.324572811198719,
      14.317679842787491,
      14.311967497686386,
      14.306983143635499,
      14.30488285796033,
      14.298263448608763,
      14.296811065969635,
      14.287351681643418,
      14.285192904721939,
      14.278287338196122,
      14.278270240754894,
      14.269261688957924,
      12.687268040250997,
      12.678225595602491,
      12.6771431167738,
      12.671513110907052,
      12.664918598867464,
      12.660360709366392,
      12.655680064534232,
      12.653838734567902,
      12.649603675645343,
      12.648804968880729,
      12.648356194520968,
      12.647839665595349,
      12.626647631619225,
      11.160749815493357,
      11.14628619289486,
      11.142060951534164,
      11.141719064984002,
      11.137346700312788,
      11.130232237368357,
      11.1292339006184,
      8.369340441808594,
      8.362784807687634,
      8.353030289329933
    ]
  ],
  "top_r_val_seeds": [
    [
      2,
      35,
      49,
      5,
      6,
      24,
      17,
      12,
      48,
      30,
      31,
      29,
      28,
      40,
      22,
      39,
      44,
      47,
      1,
      25,
      33,
      37,
      45,
      50,
      18,
      11,
      20,
      9,
      10,
      26,
      15,
      43,
      27,
      42,
      3,
      41,
      7,
      13,
      23,
      16,
      14,
      21,
      8,
      34,
      46,
      32,
      36,
      19,
      4,
      38
    ]
  ],
  "loss_predicts_minimas": true,
  "loss_ordering_violations": 0,
  "test_loss_ranks": [
    1
  ],
  "log_exp_r_n_ranks": [
    1
  ],
  "data_level_ranks": [
    1
  ],
  "accuracy_predicts_minimas": true,
  "accuracy_ordering_violations": 0,
  "log_exp_r_n_acc_ranks": [
    1
  ]
}