{
  "test_loss_values": [
    3.231523519940674
  ],
  "log_exp_r_n_values": [
    12926.085747598529
  ],
  "log_exp_r_n_acc_values": [
    -Infinity
  ],
  "model_data_levels": [
    0
  ],
  "loss_landscape_data_param": 200,
  "train_loss_values": [
    2.54170823097229
  ],
  "num_params": 4353,
  "dataset_type": "data",
  "top_r_vals": [
    [
      19.49903063254696,
      17.92601880970546,
      14.298741815749056,
      14.186851141010715,
      13.869502046203825,
      13.856692171770632,
      13.61670720976065,
      11.901264956613051,
      11.709994411641372,
      11.547173232618725,
      9.558464741967983,
      9.513704213952817,
      9.314793009300848,
      9.19453283145723,
      9.14318655450742,
      7.94434128892626,
      7.835194602349942,
      7.726668891693108,
      7.135086664248912,
      7.036315048860797,
      6.920332630487426,
      6.75416091088443,
      6.7215438282709155,
      6.661491010471337,
      6.239436004032021,
      6.007152111157117,
      5.968451946297275,
      5.5467578036884415,
      5.520118725144063,
      5.412186026440952,
      5.050783149304522,
      4.701436413746426,
      4.235910084655955,
      4.113651688879207,
      4.065404216967707,
      3.8682989729330255,
      3.8622776020451406,
      3.542655537653473,
      3.4709952058713096,
      3.4314110299157687,
      3.3600656797181343,
      3.002525641744908,
      2.903975678790594,
      2.8999692207690706,
      2.768193545311568,
      2.5866793364772604,
      2.556028225061791,
      2.3774082438050126,
      2.173503098716062,
      2.073819129258724
    ]
  ],
  "top_r_val_seeds": [
    [
      8,
      22,
      11,
      27,
      30,
      24,
      44,
      40,
      15,
      31,
      50,
      6,
      4,
      18,
      48,
      38,
      28,
      42,
      13,
      35,
      3,
      16,
      45,
      49,
      17,
      10,
      14,
      47,
      26,
      7,
      9,
      12,
      2,
      36,
      5,
      23,
      21,
      46,
      33,
      41,
      20,
      29,
      25,
      1,
      19,
      34,
      37,
      43,
      39,
      32
    ]
  ],
  "test_acc_values": [
    0.75425
  ],
  "loss_predicts_minimas": true,
  "loss_ordering_violations": 0,
  "test_loss_ranks": [
    1
  ],
  "log_exp_r_n_ranks": [
    1
  ],
  "data_level_ranks": [
    1
  ],
  "accuracy_predicts_minimas": true,
  "accuracy_ordering_violations": 0,
  "log_exp_r_n_acc_ranks": [
    1
  ]
}