{
  "test_loss_values": [
    0.015380802859487569,
    0.009017380542509936,
    0.002656900685137829,
    0.02232017235798554
  ],
  "log_exp_r_n_values": [
    176166.64735664657,
    189841.88914939112,
    160763.57213659212,
    168215.4015400101
  ],
  "log_exp_r_n_acc_values": [
    -Infinity,
    -Infinity,
    -Infinity,
    -Infinity
  ],
  "model_data_levels": [
    1787,
    3669,
    5551,
    846
  ],
  "loss_landscape_data_param": 846,
  "train_loss_values": [
    0.004665688145905733,
    0.006005651783198118,
    0.0023819601628929377,
    0.0015372552443295717
  ],
  "num_params": 73097,
  "dataset_type": "data",
  "top_r_vals": [
    [
      11.135451689798876,
      11.127032188600019,
      11.113487502869608,
      11.106307262572063,
      11.102870960233652,
      11.101461067429348,
      11.099689983005565,
      11.09613660476291,
      11.09523113473753,
      11.093874797931974,
      11.093844906211741,
      11.088778259632312,
      11.087713367099024,
      11.087705894168966,
      11.087162861251405,
      11.086461651314282,
      11.085866307886317,
      11.085029339719803,
      11.08397067462823,
      11.083440096594101,
      11.083207190273955,
      11.083120006089944,
      11.082826070840989,
      11.08269903103,
      11.08234531234058,
      11.081482188918864,
      11.080631520380576,
      11.079231591483016,
      11.078063323417256,
      11.077145398508446,
      11.076923701583388,
      11.076835271911033,
      11.076799152749086,
      11.075861300026785,
      11.07507664237068,
      11.074939638652946,
      11.074508699686259,
      11.07448877187277,
      11.074229710297422,
      11.07380873523748,
      11.072150990252911,
      11.070998913535611,
      11.07094037558349,
      11.070550537732123,
      11.070277775785,
      11.070062306301656,
      11.0697509342159,
      11.069108262230898,
      11.068901511165956,
      11.068729633774618
    ],
    [
      13.426325291763119,
      13.417421694155093,
      13.408593448591823,
      13.394775390625002,
      13.392627857349538,
      13.391631703317902,
      13.390750084394291,
      13.386763961226853,
      13.385169511959878,
      13.384067865065587,
      13.384055808738427,
      13.383819203317902,
      13.382483965084878,
      13.379065996334878,
      13.378163278838736,
      13.378092447916668,
      13.377754870756174,
      13.376737618152008,
      13.376514576099538,
      13.376360857928242,
      13.37545512635031,
      13.374682014371142,
      13.374281141493057,
      13.373509536554785,
      13.372762044270834,
      13.371809594425155,
      13.371010862750772,
      13.370540665991513,
      13.370172948013119,
      13.369690694926698,
      13.368277090567132,
      13.367594401041668,
      13.367574809510032,
      13.36755069685571,
      13.365767867476853,
      13.36506407937886,
      13.365021882233798,
      13.363926263503087,
      13.363362630208334,
      13.363297827449847,
      13.36290298273534,
      13.362108772183642,
      13.36118797019676,
      13.36105685763889,
      13.360755449459878,
      13.35886260609568,
      13.356942635995372,
      13.356517650462964,
      13.3560489607446,
      13.355574242862655
    ],
    [
      9.019715868737087,
      9.018232865767045,
      8.996108882683368,
      8.993325477789256,
      8.992183464617769,
      8.987870649857955,
      8.987137219137397,
      8.986014374031509,
      8.985094306882749,
      8.98191039030217,
      8.980601917613637,
      8.980404183884298,
      8.979551709387913,
      8.978873765173038,
      8.97758647824122,
      8.977403877195249,
      8.977327204932852,
      8.9770891173812,
      8.976699702995868,
      8.976000573024278,
      8.975311531508265,
      8.973249451188018,
      8.972308198282542,
      8.972236570247935,
      8.972207313726756,
      8.971148025891013,
      8.970701107308885,
      8.970410559788224,
      8.970270330255682,
      8.969785075542356,
      8.968878123385847,
      8.968442302104856,
      8.967509119963843,
      8.967461704222623,
      8.967145935563018,
      8.96704605985279,
      8.966924998385847,
      8.966750468104339,
      8.966263195699897,
      8.965977692407025,
      8.965879834387913,
      8.965810224044422,
      8.965671003357437,
      8.965550950736054,
      8.965422827350206,
      8.965389535446798,
      8.96531387202996,
      8.965312863184401,
      8.965274527053202,
      8.965159518659608
    ],
    [
      9.987728885261033,
      9.98156345329678,
      9.974869716314624,
      9.972381062464331,
      9.970443194696534,
      9.969095454874266,
      9.960432376633884,
      9.958457415109509,
      9.958012290030595,
      9.955299949587616,
      9.954917771489558,
      9.95324967649686,
      9.949685303705857,
      9.94855000994398,
      9.947231495505683,
      9.946304151591278,
      9.943360256183004,
      9.942818462526347,
      9.93883594193394,
      9.938793227911216,
      9.93840767765347,
      9.936991370584197,
      9.93666764325408,
      9.936658650828242,
      9.932805396357237,
      9.920581317485542,
      9.914725000159425,
      9.914667673444717,
      9.899970677467943,
      9.019715868737087,
      9.018232865767045,
      9.012896072766013,
      9.012870851627067,
      9.001924877324381,
      8.996747481921489,
      8.996108882683368,
      8.995640778344525,
      8.993325477789256,
      8.992183464617769,
      8.991903005552686,
      8.990748886234504,
      8.989351635136881,
      8.987870649857955,
      8.987535713132749,
      8.987137219137397,
      8.986598495609504,
      8.986334178073347,
      8.986195966231922,
      8.986038586324897,
      8.986014374031509
    ]
  ],