{
  "test_loss_values": [
    0.015401400185037412,
    0.0187302311686986,
    0.0011075704557670107,
    0.0006479474323350239,
    0.03700099248652479
  ],
  "log_exp_r_n_values": [
    219376.11608888337,
    113188.76972745216,
    74832.68844789178,
    88766.46486817936,
    88766.46487420524
  ],
  "log_exp_r_n_acc_values": [
    -Infinity,
    -Infinity,
    -Infinity,
    -Infinity,
    -Infinity
  ],
  "model_data_levels": [
    0,
    1787,
    3669,
    5551,
    846
  ],
  "loss_landscape_data_param": 0,
  "train_loss_values": [
    1.5062582292557636e-07,
    0.003647303208708763,
    0.000732740736566484,
    0.0005788662820123136,
    0.0006335554644465446
  ],
  "num_params": 73097,
  "dataset_type": "data",
  "top_r_vals": [
    [
      20.110839087115835,
      20.06186367066439,
      18.781793879849637,
      18.758476071279404,
      18.752470862049318,
      18.750940617706426,
      18.74780224863455,
      18.743449366514742,
      18.74058463123183,
      18.738222961145553,
      18.735114060327874,
      18.73191044012171,
      18.72997605972127,
      18.72770489927288,
      18.72585471388443,
      18.723253088013983,
      18.72192701657516,
      18.71820559704527,
      18.7157492075705,
      18.71193517352742,
      18.70787907882487,
      18.706443553870464,
      18.704014527774593,
      18.702539010189493,
      18.700455183642777,
      18.699276453474937,
      18.69783250901933,
      18.697756733508545,
      18.696937937016955,
      18.69498882248942,
      18.69358908041511,
      18.693450158645327,
      18.69343331964293,
      18.693338600254442,
      18.693262824743652,
      18.69226721872689,
      18.691237934705327,
      18.688674196590277,
      18.688448974933205,
      18.687000820727004,
      18.686464077525578,
      18.685396905748622,
      18.685104328081962,
      18.684632836014824,
      18.683249932942914,
      18.68290052364316,
      18.68268582636259,
      18.681275559911782,
      18.679781098448984,
      18.678511858643255
    ],
    [
      4.704728338940025,
      4.70395479726738,
      4.701171099683508,
      4.701157944212884,
      4.695448469962409,
      4.692747914952876,
      4.6924148184366965,
      4.692170652901929,
      4.6909629806987185,
      4.690367300988899,
      4.690221012155569,
      4.689619017819851,
      4.688890204747325,
      4.6881177155123295,
      4.687943010862453,
      4.687735154426607,
      4.687454153574095,
      4.687316284241963,
      4.6872441922629475,
      4.687162102126259,
      4.687149472874461,
      4.686979504194009,
      4.686950562158637,
      4.686945826189214,
      4.686669561306126,
      4.686464862183229,
      4.686026521902063,
      4.6858623416286855,
      4.685319283801359,
      4.685188255313952,
      4.685146157807957,
      4.685008814694651,
      4.684558897599337,
      4.684555740286388,
      4.684445760551978,
      4.684339464349343,
      4.684326308878719,
      4.684223169989033,
      4.6840300476802845,
      4.683778515081968,
      4.6834248960316165,
      4.682977610030427,
      4.682753440811007,
      4.682658195203695,
      4.682655037890746,
      4.682618202573001,
      4.682536112436312,
      4.682494014930318,
      4.6824808594596945,
      4.682440340610175
    ],
    [
      2.783862922449719,
      2.783405205483657,
      2.7817580471500047,
      2.778371875717402,
      2.776773914173299,
      2.7765768156430157,
      2.7764323389952246,
      2.775717740058413,
      2.775365266857337,
      2.7752787054174965,
      2.774922495751391,
      2.774491245412618,
      2.7740341511907274,
      2.7739307756582563,
      2.7738077836843824,
      2.7736415109905885,
      2.7734686994829936,
      2.773360653369236,
      2.7733435279045193,
      2.7733407255557476,
      2.7731772552107254,
      2.773056131469366,
      2.772796758521931,
      2.7726996104311747,
      2.7723782744386742,
      2.7722758330224604,
      2.772194564908078,
      2.771928341774756,
      2.7719264735422415,
      2.7718613967763184,
      2.7717984996149956,
      2.7717907153128514,
      2.771729686384043,
      2.7716154128285706,
      2.771466576971579,
      2.7712573349299507,
      2.7709926686570574,
      2.7708600241485253,
      2.770803665801003,
      2.7708017975684887,
      2.770780001522486,
      2.7707314274771075,
      2.7707065177102472,
      2.7706747577575,
      2.7706177766658064,
      2.7706090582474054,
      2.770586328085145,
      2.7705396222722816,
      2.770370547229716,
      2.7703484398116274
    ],
    [
      3.368474136164159,
      3.354577712070795,
      3.35347455813561,
      3.352643801842207,
      3.35235294294946,
      3.3521483621479558,
      3.351891034915124,
      3.3487590271749617,
      3.3481573410976084,
      3.3479079258294755,
      3.346916292920525,
      3.346787817684221,
      3.3466955114293984,
      3.3460418324411654,
      3.346013952184607,
      3.345996997974537,
      3.3456451039255404,
      3.3456209912712196,
      3.34533389998071,
      3.345017798152971,
      3.3447664990837196,
      3.34466251326196,
      3.3441911862220297,
      3.3436339578510808,
      3.3433430989583335,
      3.342952398606289,
      3.34288345148534,
      3.342752715687693,
      3.3427338776765048,
      3.3426811312451776,
      3.3426189658082563,
      3.3425432370032797,
      3.341898600260417,
      3.341893702377508,
      3.3417403609664356,
      3.3414419668692132,
      3.3410561644000776,
      3.3409951292438276,
      3.3408244568624617,
      3.3405320909288196,
      3.340220510223766,
      3.3401888623649696,
      3.340062270929784,
      3.3400072639371143,
      3.3397635000723382,
      3.339129412615741,
      3.338893560715664,
      3.3387496383101856,
      3.3387127158082563,
      3.338550708912037
    ],
    [
      3.368474136164159,
      3.367920298635224,
      3.3659272370515048,
      3.3659178180459106,
      3.361829969618056,
      3.3598964361496915,
      3.3596579469280483,
      3.359483130184221,
      3.358618465470679,
      3.358191972897377,
      3.35808723355517,
      3.3576562198591824,
      3.3571344069492675,
      3.3565813229407797,
      3.3564562385464893,
      3.356307418258102,
      3.3561062282986116,
      3.356007517119985,
      3.355955900969329,
      3.3558971263744217,
      3.355888084129051,
      3.355766390576775,
      3.355745668764468,
      3.355742277922454,
      3.355544478804977,
      3.3553979190779324,
      3.3550840778115356,
      3.354966528621721,
      3.354577712070795,
      3.3544838987750776,
      3.354453757957176,
      3.3543554235387734,
      3.354033293547454,
      3.3540310329861116,
      3.3539522900993446,
      3.3538761845341436,
      3.3538667655285495,
      3.3537929205246915,
      3.3536546495225696,
      3.35347455813561,
      3.3532213752652393,
      3.352901129075039,
      3.352740629219715,
      3.3526724356192132,
      3.3526701750578707,
      3.352643801842207,
      3.3525850272472995,
      3.3525548864293984,
      3.352545467423804,
      3.3525164568865744
    ]
  ],