{
  "test_loss_values": [
    0.5151745909452439,
    0.5178864473104476,
    0.3581356003880501,
    0.4984141021966934,
    0.17840200662612915,
    0.22694928646087648,
    0.5439713522791862,
    0.44305325746536256
  ],
  "log_exp_r_n_values": [
    -Infinity,
    -Infinity,
    734064.2532250307,
    -Infinity,
    580178.6387870023,
    688145.6620968776,
    -Infinity,
    765781.3480529233
  ],
  "log_exp_r_n_acc_values": [
    -Infinity,
    531624.1259734691,
    -Infinity,
    -Infinity,
    -Infinity,
    -Infinity,
    -Infinity,
    -Infinity
  ],
  "model_data_levels": [
    200,
    100,
    2000,
    500,
    10000,
    5000,
    0,
    1000
  ],
  "loss_landscape_data_param": 1000,
  "train_loss_values": [
    0.180049866437912,
    0.21575240790843964,
    0.011183463968336582,
    0.13253751397132874,
    0.0755506381392479,
    0.03156131133437157,
    0.27768009901046753,
    0.0059014069847762585
  ],
  "num_params": 235146,
  "dataset_type": "data",
  "top_r_vals": [
    [
      0.0,
      0.0,
      0.0,
      0.0,
      0.0,
      0.0,
      0.0,
      0.0,
      0.0,
      0.0,
      0.0,
      0.0,
      0.0,
      0.0,
      0.0,
      0.0,
      0.0,
      0.0,
      0.0,
      0.0,
      0.0,
      0.0,
      0.0,
      0.0,
      0.0,
      0.0,
      0.0,
      0.0,
      0.0,
      0.0,
      0.0,
      0.0,
      0.0,
      0.0,
      0.0,
      0.0,
      0.0,
      0.0,
      0.0,
      0.0,
      0.0,
      0.0,
      0.0,
      0.0,
      0.0,
      0.0,
      0.0,
      0.0,
      0.0,
      0.0
    ],
    [
      0.0,
      0.0,
      0.0,
      0.0,
      0.0,
      0.0,
      0.0,
      0.0,
      0.0,
      0.0,
      0.0,
      0.0,
      0.0,
      0.0,
      0.0,
      0.0,
      0.0,
      0.0,
      0.0,
      0.0,
      0.0,
      0.0,
      0.0,
      0.0,
      0.0,
      0.0,
      0.0,
      0.0,
      0.0,
      0.0,
      0.0,
      0.0,
      0.0,
      0.0,
      0.0,
      0.0,
      0.0,
      0.0,
      0.0,
      0.0,
      0.0,
      0.0,
      0.0,
      0.0,
      0.0,
      0.0,
      0.0,
      0.0,
      0.0,
      0.0
    ],
    [
      22.6861554641398,
      22.60757144897057,
      20.621287933994626,
      20.581322836992115,
      19.62878541577233,
      19.604794889570343,
      19.57845795994735,
      19.573412514440925,
      19.54088468015328,
      18.663793925892715,
      18.642104964982245,
      18.63287684191436,
      18.610041544872757,
      18.600747782926195,
      17.69753816475101,
      17.695001015870613,
      17.686263431217608,
      17.680472500176567,
      17.67225792428399,
      17.65662997740844,
      16.806548739354998,
      16.764500098073004,
      16.756132991316164,
      15.890737079911176,
      15.883233607283433,
      15.847016593054784,
      15.019241371153823,
      15.01429188790633,
      15.01354800219223,
      15.002531319091286,
      14.9976092123485,
      14.986098808145432,
      14.98353013679002,
      14.979932486464595,
      14.979401004666324,
      14.978836482258922,
      14.969880589150213,
      14.969385924030684,
      14.179150764841204,
      14.16904502848038,
      14.163555646652505,
      14.15985775246758,
      14.154923366562908,
      14.15157646498431,
      14.140977200948601,
      13.341090716074483,
      13.340761744889647,
      13.33313078829858,
      13.324092472837698,
      12.500065497083407
    ],
    [
      0.0,
      0.0,
      0.0,
      0.0,
      0.0,
      0.0,
      0.0,
      0.0,
      0.0,
      0.0,
      0.0,
      0.0,
      0.0,
      0.0,
      0.0,
      0.0,
      0.0,
      0.0,
      0.0,
      0.0,
      0.0,
      0.0,
      0.0,
      0.0,
      0.0,
      0.0,
      0.0,
      0.0,
      0.0,
      0.0,
      0.0,
      0.0,
      0.0,
      0.0,
      0.0,
      0.0,
      0.0,
      0.0,
      0.0,
      0.0,
      0.0,
      0.0,
      0.0,
      0.0,
      0.0,
      0.0,
      0.0,
      0.0,
      0.0,
      0.0
    ],
    [
      11.790911520301977,
      11.041191796371937,
      11.019149645028497,
      11.012882602470386,
      11.0042262325979,
      10.31677760409844,
      10.289970374252455,
      10.284831614359584,
      10.271177510005566,
      9.609079745263694,
      9.608635679477002,
      9.591103237213076,
      9.590972132076052,
      8.945368686374616,
      8.932434671560488,
      8.930550439024042,
      8.925944911792742,
      8.92273261553651,
      8.913908070312155,
      8.298923994013133,
      8.291614115080153,
      8.288686933657374,
      8.285437809163003,
      8.284773085280557,
      8.283809339839708,
      8.276231695957213,
      8.275489351496018,
      8.273162296963974,
      8.270970166793651,
      8.265882111809441,
      8.260657048689586,
      7.662878250588682,
      7.6599734705062374,
      7.655065543290167,
      7.642822697175811,
      7.64255153299302,
      7.637694178137861,
      7.057273401792252,
      7.053580757114719,
      7.04531702758453,
      7.043110052066235,
      7.031286842109416,
      6.48393150524751,
      6.478644136979012,
      5.92937365158866,
      5.929227442173178,
      5.928521757953556,
      5.926455803993468,
      5.925835905910481,
      5.92061675195426
    ],
    [
      18.66178607947899,
      18.597142333090453,
      17.714978837734527,
      17.71394394805963,
      16.79864160719732,
      16.751818091979953,
      15.884397129925697,
      15.879883860551974,
      15.867575488841032,
      15.85707681929986,
      15.854464136697148,
      15.8491578742093,
      15.013493249182817,
      14.999015798279983,
      14.986098808145432,
      14.978789281388739,
      14.960989833242355,
      14.191651090353815,
      14.17414511140225,
      14.167452199089233,
      14.165804137359022,
      14.161476416339902,
      14.158809228869494,
      14.135147516644542,
      13.335676118920015,
      13.329020326912563,
      13.327623877801429,
      13.31638179108704,
      13.307918335987411,
      13.307478588791357,
      12.560078186156915,
      12.550100534077423,
      12.540891486326103,
      12.53565250877503,
      12.52880687987677,
      11.778937951876857,
      11.778558779002436,
      11.771300432630925,
      11.765471390258702,
      11.75442649914711,
      11.751604179177532,
      11.750744375061899,
      11.034544680847707,
      11.026989690300397,
      11.025694806673128,
      11.025422929660868,
      11.020269057012648,
      11.009411315617426,
      10.986385690795965,
      10.296752059650235
    ],
    [
      0.0,
      0.0,
      0.0,
      0.0,
      0.0,
      0.0,
      0.0,
      0.0,
      0.0,
      0.0,
      0.0,
      0.0,
      0.0,
      0.0,
      0.0,
      0.0,
      0.0,
      0.0,
      0.0,
      0.0,
      0.0,
      0.0,
      0.0,
      0.0,
      0.0,
      0.0,
      0.0,
      0.0,
      0.0,
      0.0,
      0.0,
      0.0,
      0.0,
      0.0,
      0.0,
      0.0,
      0.0,
      0.0,
      0.0,
      0.0,
      0.0,
      0.0,
      0.0,
      0.0,
      0.0,
      0.0,
      0.0,
      0.0,
      0.0,
      0.0
    ],
    [
      25.962090298604558,
      25.90724516542255,
      24.759509023345274,
      23.749442855570255,
      22.683515146101897,
      22.61952483700079,
      21.58524990084195,
      20.603141647689117,
      20.59728763085484,
      20.592942781892198,
      20.530141967086042,
      19.596967790822834,
      19.58350093944913,
      19.576638048518348,
      19.566861573097903,
      18.641243454699648,
      18.638571014639343,
      18.62586168675606,
      18.619851040866042,
      18.60722962219527,
      18.598153875095733,
      17.72728734815823,
      17.71894702760623,
      17.697602706257616,
      17.697059667374443,
      17.680472500176567,
      17.67225792428399,
      17.656706759545607,
      16.785817177776543,
      16.784768520089454,
      16.779237220035725,
      16.76889728644301,
      16.766094184355893,
      16.760593478942933,
