{
  "test_loss_values": [
    3.689566075755283
  ],
  "log_exp_r_n_values": [
    13876.448399143299
  ],
  "log_exp_r_n_acc_values": [
    -Infinity
  ],
  "model_data_levels": [
    0
  ],
  "loss_landscape_data_param": 500,
  "train_loss_values": [
    3.0513923168182373
  ],
  "num_params": 4353,
  "dataset_type": "data",
  "top_r_vals": [
    [
      24.25659060412203,
      16.46975559120098,
      15.506340014325845,
      14.151708138256115,
      13.26526292970965,
      12.359387442994883,
      12.237859581095089,
      11.248972548036978,
      7.477635166110139,
      6.8246642386916845,
      6.619952393286023,
      5.691695020887036,
      5.339028867173498,
      5.204441960729498,
      5.149589225822869,
      4.946614025554822,
      4.896895736373885,
      4.841605410077783,
      4.760007112891767,
      4.741249056607812,
      4.702895557304745,
      4.6124893016608945,
      4.59118782352172,
      4.569533762502351,
      4.545016717513768,
      4.4091013821945015,
      4.079598197699301,
      3.923343516336556,
      3.905049151505813,
      3.719060246066897,
      3.698716777822877,
      3.6243586504908536,
      3.4545407352289783,
      3.441047307108475,
      3.311545714193586,
      3.1399641419268893,
      3.040330676403906,
      2.793675477391916,
      2.7420511827019167,
      2.693154117277704,
      2.688781787887554,
      2.6160512190070344,
      2.533368285539219,
      2.2581649905860175,
      2.1385813000502942,
      1.974617645071913,
      1.9487028636406287,
      1.9155774063495505,
      1.8519809435013352,
      1.6995929942079215
    ]
  ],
  "top_r_val_seeds": [
    [
      24,
      30,
      3,
      43,
      1,
      39,
      12,
      21,
      32,
      6,
      47,
      35,
      13,
      15,
      7,
      20,
      33,
      11,
      36,
      22,
      27,
      29,
      49,
      44,
      28,
      4,
      40,
      18,
      5,
      2,
      25,
      14,
      16,
      50,
      41,
      48,
      17,
      37,
      8,
      9,
      26,
      42,
      45,
      34,
      38,
      10,
      19,
      23,
      31,
      46
    ]
  ],
  "test_acc_values": [
    0.7715
  ],
  "loss_predicts_minimas": true,
  "loss_ordering_violations": 0,
  "test_loss_ranks": [
    1
  ],
  "log_exp_r_n_ranks": [
    1
  ],
  "data_level_ranks": [
    1
  ],
  "accuracy_predicts_minimas": true,
  "accuracy_ordering_violations": 0,
  "log_exp_r_n_acc_ranks": [
    1
  ]
}