{
  "test_loss_values": [
    0.5163066011667251,
    0.5316241231560707,
    0.3541771560907364,
    0.4865005545318127,
    0.17895710468292236,
    0.23996829986572266,
    0.56284858584404,
    0.43476603031158445
  ],
  "log_exp_r_n_values": [
    -Infinity,
    -Infinity,
    785387.9519766747,
    688104.5557691242,
    813899.2266199695,
    823031.3970538776,
    -Infinity,
    734023.1468972772
  ],
  "log_exp_r_n_acc_values": [
    -Infinity,
    -Infinity,
    -Infinity,
    -Infinity,
    -Infinity,
    -Infinity,
    -Infinity,
    -Infinity
  ],
  "model_data_levels": [
    200,
    100,
    2000,
    500,
    10000,
    5000,
    0,
    1000
  ],
  "loss_landscape_data_param": 10000,
  "train_loss_values": [
    0.500942051410675,
    0.5268212556838989,
    0.2815851867198944,
    0.45918145775794983,
    0.0694190263748169,
    0.15049079060554504,
    0.5692326426506042,
    0.37599024176597595
  ],
  "num_params": 235146,
  "dataset_type": "data",
  "top_r_vals": [
    [
      0.0,
      0.0,
      0.0,
      0.0,
      0.0,
      0.0,
      0.0,
      0.0,
      0.0,
      0.0,
      0.0,
      0.0,
      0.0,
      0.0,
      0.0,
      0.0,
      0.0,
      0.0,
      0.0,
      0.0,
      0.0,
      0.0,
      0.0,
      0.0,
      0.0,
      0.0,
      0.0,
      0.0,
      0.0,
      0.0,
      0.0,
      0.0,
      0.0,
      0.0,
      0.0,
      0.0,
      0.0,
      0.0,
      0.0,
      0.0,
      0.0,
      0.0,
      0.0,
      0.0,
      0.0,
      0.0,
      0.0,
      0.0,
      0.0,
      0.0
    ],
    [
      0.0,
      0.0,
      0.0,
      0.0,
      0.0,
      0.0,
      0.0,
      0.0,
      0.0,
      0.0,
      0.0,
      0.0,
      0.0,
      0.0,
      0.0,
      0.0,
      0.0,
      0.0,
      0.0,
      0.0,
      0.0,
      0.0,
      0.0,
      0.0,
      0.0,
      0.0,
      0.0,
      0.0,
      0.0,
      0.0,
      0.0,
      0.0,
      0.0,
      0.0,
      0.0,
      0.0,
      0.0,
      0.0,
      0.0,
      0.0,
      0.0,
      0.0,
      0.0,
      0.0,
      0.0,
      0.0,
      0.0,
      0.0,
      0.0,
      0.0
    ],
    [
      28.219633618784876,
      25.957552211976576,
      25.9098770273764,
      25.83021346858251,
      24.814665552034622,
      24.807084552844557,
      23.75615058548869,
      23.738014650237687,
      23.6877320387072,
      23.684152891893515,
      22.679281802933726,
      22.651118885492156,
      22.639330784505866,
      22.610526667324923,
      21.618845743246894,
      21.59753330425585,
      21.594620142069488,
      21.569456565199783,
      21.54382535986899,
      20.610077342783327,
      20.602189511735766,
      20.59728763085484,
      20.58518967484348,
      20.58039272323088,
      20.569617394169686,
      20.554656553182944,
      19.58954018482804,
      19.58350093944913,
      19.58144922358337,
      19.573412514440925,
      19.55185100281559,
      18.66178607947899,
      18.642835197507495,
      18.641311437823987,
      18.63561257660767,
      18.604040275965406,
      18.598212481237407,
      17.698356061429557,
      17.68757317868788,
      17.657351061827075,
      17.65566964430152,
      16.806548739354998,
      16.7948795213702,
      16.77130687815057,
      16.749938104054003,
      16.74653787897806,
      15.884507989164572,
      15.837522647786672,
      14.980878391903083,
      14.157490779485325
    ],
    [
      18.65852406163345,
      14.136164860696383,
      13.35734877414539,
      13.351799063825723,
      13.340698803974183,
      12.548255568041212,
      12.542059386126613,
      12.538617238201056,
      12.536777006893765,
      11.75070734646088,
      11.73101849872769,
      11.019685076287335,
      11.01911635396577,
      11.017663337790557,
      11.004872634065824,
      11.0042262325979,
      10.991747632586222,
      10.319691447518588,
      10.311813182257175,
      10.307260301913194,
      10.30722271229612,
      10.302645204271988,
      10.298717737384512,
      10.296783168298848,
      10.293577681297949,
      10.292499248146008,
      9.609146808260052,
      9.609079745263694,
      9.606349495889466,
      9.59255264377399,
      9.592367767405653,
      9.591103237213076,
      9.590972132076052,
      8.949579277567418,
      8.935323378687023,
      8.929529672620129,
      8.917623165650115,
      8.29316183816381,
      8.284773085280557,
      8.271898488077756,
      8.268462344873512,
      8.266183738085253,
      8.260657048689586,
      7.668386784795768,
      7.6576317293752725,
      7.0564446762708,
      7.043110052066235,
      6.469293607605493,
      6.464544352375887,
      5.400911274872863
    ],
    [
      31.857320764956366,
      31.75065464640033,
      29.453725359619927,
      29.422228143424757,
      29.372753663965046,
      29.36066767347061,
      28.224949535680913,
      28.209023091272943,
      27.083676888880646,
      25.964883594470074,
      25.954224064363313,
      25.927341241456773,
      25.9098770273764,
      25.903750691960905,
      25.88583805034812,
      25.84281998950271,
      24.842681541836853,
      24.829276687361215,
      24.81822353436343,
      24.817552511380367,
      24.807201591736952,
      24.791966248984252,
      24.745311425438477,
      23.72753382224013,
      23.70786865585781,
      23.704567008546977,
      23.69603613673345,
      23.69355356053588,
      23.689934131536297,
      23.680093342714674,
      23.672675452778183,
      23.67260085613763,
      22.6861554641398,
      22.65433770818381,
      22.648422996810172,
      22.638162376091895,
      22.608899444875227,
      21.583243448491476,
      21.570337446719503,
      21.56828341589188,
      21.556628048376304,
      20.603948696259103,
      20.603285439649422,
      20.603141647689117,
      20.567308950266458,
      20.557433940235985,
      19.642423654468956,
      18.63342422327759,
      18.605905123393452,
      16.766094184355893
    ],
    [
      33.118875566490594,
      30.517738029988777,
      29.372753663965046,
      28.174501590868914,
      27.10606231577712,
      27.098408712786508,
      27.069430224417026,
      27.04589062874216,
      25.954224064363313,
      25.921872056206954,
      25.9098770273764,
      25.903750691960905,
      24.829276687361215,
      24.82772553190734,
      24.817552511380367,
      24.807201591736952,
      24.797744849231435,
      24.731432173318993,
      23.753594904583377,
      23.72744729013709,
      23.72180181638011,
      23.69603613673345,
      23.68382914247352,
      22.661265515145658,
      22.65433770818381,
      22.639330784505866,
      22.637207700924385,
      22.62881225900353,
      22.625355479964156,
      22.62325234481901,
      22.608872371997343,
      22.608801127581856,
      22.59460781512876,
      21.640735920888993,
      21.597468053772907,
      21.576283396977626,
      21.56955036276901,
      21.56828341589188,
      20.59058899818167,
      19.6111349875161,
      19.610366827068763,
      19.576260749807457,
      19.564931924462137,
      19.55249709603293,
      18.67257898652955,
      18.64223507061676,
      18.63342422327759,
      17.66398882194618,
      17.659092569720855,
      15.872065787381473
    ],
    [
      0.0,
      0.0,
      0.0,
      0.0,
      0.0,
      0.0,
      0.0,
      0.0,
      0.0,
      0.0,
      0.0,
      0.0,
      0.0,
      0.0,
      0.0,
      0.0,
      0.0,
      0.0,
      0.0,
      0.0,
      0.0,
      0.0,
      0.0,
      0.0,
      0.0,
      0.0,
      0.0,
      0.0,
      0.0,
      0.0,
      0.0,
      0.0,
      0.0,
      0.0,
      0.0,
      0.0,
      0.0,
      0.0,
      0.0,
      0.0,
      0.0,
      0.0,
      0.0,
      0.0,
      0.0,
      0.0,
      0.0,
      0.0,
      0.0,
      0.0
    ],
    [
      22.682189999973858,
      22.646745903269636,
      21.533315953960088,
      20.58341364982029,
      19.606649325064396,
      19.58959936893955,
