{
  "test_loss_values": [
    5.004626655578614,
    4.1380956172943115,
    6.242158055305481,
    4.284371852874756,
    4.493167400360107
  ],
  "log_exp_r_n_values": [
    5807888.247576793,
    4064343.5717329583,
    6614807.288271252,
    5045953.880723961,
    3661636.042584518
  ],
  "log_exp_r_n_acc_values": [
    -Infinity,
    -Infinity,
    -Infinity,
    -Infinity,
    -Infinity
  ],
  "model_data_levels": [
    1950,
    19950,
    450,
    4950,
    49950
  ],
  "loss_landscape_data_param": 450,
  "train_loss_values": [
    0.00020058400696143508,
    0.000592484138906002,
    4.534536856226623e-05,
    0.00076760706724599,
    0.0002897556987591088
  ],
  "num_params": 1707274,
  "dataset_type": "data",
  "top_r_vals": [
    [
      30.019662399922524,
      30.012796645431592,
      30.00006277261249,
      29.992286254770722,
      29.98215576396063,
      29.96878575797033,
      26.15774832247667,
      26.15509722580924,
      26.151406196194912,
      26.15021979381888,
      26.150075765546895,
      26.14967541577391,
      26.148205839168206,
      26.146758232976875,
      26.14506895222746,
      26.144978629412826,
      26.144278017310107,
      26.143120908819903,
      26.14301593906235,
      26.14283773459023,
      26.142493531431754,
      26.142320209273937,
      26.141055689869027,
      26.141031278297504,
      26.140726133653462,
      26.140452724052402,
      26.140391695123594,
      26.139940081050412,
      26.13985464055008,
      26.13893432430365,
      26.138831795703254,
      26.13816535980067,
      26.137542864726825,
      26.13710101528225,
      26.13688131113854,
      26.13658837228026,
      26.136551754922976,
      26.13545567536158,
      26.135170059974758,
      26.134076421570512,
      26.134017833798858,
      26.133807894283756,
      26.133554013939914,
      26.133300133596073,
      26.133190281524218,
      26.13314878185263,
      26.132538492564546,
      26.132255318334874,
      26.132038055348318,
      26.131430207217385
    ],
    [
      10.81147198637655,
      10.810488361957646,
      10.809803355823863,
      10.808752138752583,
      10.80811959258781,
      10.80810546875,
      10.80772513397469,
      10.807468887202996,
      10.807078463972108,
      10.806978588261881,
      10.80675361570248,
      10.806406572830578,
      10.806146290676653,
      10.806019176136363,
      10.80595057463843,
      10.805818415870352,
      10.805735690534608,
      10.805728628615702,
      10.805548045260847,
      10.805351320377067,
      10.805337196539256,
      10.804849924134814,
      10.804632013494318,
      10.804606792355372,
      10.80452305817407,
      10.80430716522469,
      10.804001485020661,
      10.803878405862603,
      10.80378559207128,
      10.803713964036675,
      10.803639309465392,
      10.803567681430785,
      10.803393151149278,
      10.803360868091426,
      10.80335885040031,
      10.803181293582128,
      10.80318028473657,
      10.803158090134298,
      10.802942197184917,
      10.802916976045971,
      10.802765649212294,
      10.802730339617769,
      10.802435756714877,
      10.802315704093491,
      10.802314695247935,
      10.802066519240702,
      10.80199690889721,
      10.801985811596074,
      10.801614556430785,
      10.801542928396177
    ],
    [
      48.158059806656375,
      48.15116711225259,
      48.133434048502714,
      48.1327686089908,
      48.11954524679801,
      48.11167687419094,
      48.10605211183012,
      48.10143000495008,
      43.22969395661157,
      43.22831385588843,
      43.227676265495866,
      43.2192503873967,
      43.21809223269628,
      43.216054364669425,
      43.21272517432851,
      43.21222075154959,
      43.21176878873967,
      43.211667904183884,
      43.21116751678719,
      43.20798763558884,
      43.206228208935954,
      43.20617171358471,
      43.20615153667355,
      43.205380778667354,
      43.205320247933884,
      43.203036221590914,
      43.2020193052686,
      43.20122837035124,
      43.19969492510331,
      43.19048618285124,
      43.18886799457645,
      43.184719621642564,
      43.18343637009298,
      43.18257279829545,
      43.18138236053719,
      43.18135007747934,
      43.18130972365702,
      43.180312984245866,
      43.17824686854339,
      43.17715327995868,
      43.176975723140494,
      43.17682641399794,
      43.17552298553719,
      43.17434061854339,
      43.16931253228306,
      43.167520822572314,
      43.16386476627066,
      43.16354193569215,
      43.160366089876035,
      43.15058835872934
    ],
    [
      19.212583935950416,
      19.20986319157484,
      19.206729941460058,
      19.200162132690544,
      19.18036544421488,
      16.154432508680557,
      16.15047049816744,
      16.148405852141206,
      16.147977852527006,
      16.146407515914355,
      16.14625831886574,
      16.14546260127315,
      16.14514461564429,
      16.144490559895836,
      16.143758138020836,
      16.14356674382716,
      16.142903645833336,
      16.142519350405095,
      16.14232494212963,
      16.142222463348766,
      16.142216435185187,
      16.142070252218364,
      16.142032576195987,
      16.142025040991513,
      16.141890914351855,
      16.14069884500386,
      16.140578281732253,
      16.140522521219136,
      16.14025276089892,
      16.140221113040123,
      16.140215084876544,
      16.139375663097994,
      16.139297296971453,
      16.13929126880787,
      16.139200846354168,
      16.13912700135031,
      16.138881353684415,
      16.13876983265818,
      16.138475959683642,
      16.138353889371142,
      16.138350875289355,
      16.138100706500772,
      16.138085636091823,
      16.138050974151238,
      16.137705861786266,
      16.13762598861883,
      16.13750391830633,
      16.13741198881173,
      16.137359242380402,
      16.137077425733025
    ],
    [
      8.539737654320989,
      8.53923467630854,
      8.53892619375574,
      8.538899091929396,
      8.538380968778696,
      8.537096023364963,
      8.536976456484034,
      8.536973268033876,
      8.536495000510152,
      8.536487826497297,
      8.535992022497705,
      8.535792744362821,
      8.535162228344047,
      8.534902369656159,
      8.53477881721253,
      8.534384246505459,
      8.534326854402613,
      8.533790397663505,
      8.53357597439037,
      8.533322492602796,
      8.5325261771758,
      8.532157114069994,
      8.531803993214979,
      8.531111302418122,
      8.531108113967964,
      8.531084200591778,
      8.53106267855321,
      8.530061505203552,
      8.52978889271503,
      8.529543382052852,
      8.529509903326192,
      8.529092216355474,
      8.52896467834915,
      8.528785328027753,
      8.528603586368739,
      8.528591629680646,
      8.52841307647179,
      8.52825763952658,
      8.528101405468831,
      8.528012128864402,
      8.527639877308438,
      8.527549803591471,
      8.52683080808081,
      8.524072798694013,
      8.523691778900114,
      6.5418776274822115,
      6.540809621228066,
      6.54053804249487,
      6.5404507711266735,
      6.540273176943841
    ]
  ],