{
  "test_loss_values": [
    0.5012937211990356,
    0.5234235793352127,
    0.344224089384079,
    0.49274585843086244,
    0.18278881907463074,
    0.23172153234481813,
    0.547071884572506,
    0.42166078090667725
  ],
  "log_exp_r_n_values": [
    882049.9526114395,
    882049.9526114395,
    857507.4103813457,
    882049.9526114395,
    823399.132986617,
    840403.9982689366,
    874010.5773580276,
    857794.6420037025
  ],
  "log_exp_r_n_acc_values": [
    -Infinity,
    -Infinity,
    -Infinity,
    -Infinity,
    -Infinity,
    -Infinity,
    -Infinity,
    -Infinity
  ],
  "model_data_levels": [
    200,
    100,
    2000,
    500,
    10000,
    5000,
    0,
    1000
  ],
  "loss_landscape_data_param": 100,
  "train_loss_values": [
    0.0030672780703753233,
    0.0028386011254042387,
    0.01440984383225441,
    0.004168567713350058,
    0.08865106850862503,
    0.042188018560409546,
    0.07786727696657181,
    0.006473733112215996
  ],
  "num_params": 235146,
  "dataset_type": "data",
  "top_r_vals": [
    [
      42.56746529419041,
      38.4172924235657,
      37.108504461828524,
      37.06531533809393,
      37.03658630690134,
      37.03647441194051,
      35.73837222399391,
      35.65563228124862,
      34.4647975655861,
      34.44004000944578,
      34.37768179315355,
      34.36404208333103,
      34.347430254545436,
      34.345412763741656,
      33.17264735265524,
      33.16645646032061,
      33.118875566490594,
      33.04372009229566,
      31.863472266719903,
      31.84688987047039,
      31.819028718788026,
      30.65342800908791,
      30.63978214118941,
      30.63052691750109,
      30.57020613197208,
      30.53263231273949,
      29.42895944064135,
      29.427806719870063,
      29.425651150530502,
      29.402165621236882,
      29.399628895430407,
      29.35851950522749,
      29.33999641110014,
      28.233575028092723,
      28.221723409762376,
      28.192979462324182,
      28.190358789866416,
      28.18126811033812,
      27.037470984526955,
      25.91457654791605,
      25.903750691960905,
      25.889604841620358,
      25.877174430421974,
      25.83021346858251,
      24.848246351040597,
      24.819543733069647,
      23.767332621907435,
      22.618223913974017,
      20.59354774446392,
      20.58039272323088
    ],
    [
      42.56746529419041,
      38.4172924235657,
      38.39549876226295,
      37.108504461828524,
      37.06531533809393,
      37.03658630690134,
      35.71547379877462,
      35.67303193840986,
      35.65578733437327,
      35.65563228124862,
      34.4647975655861,
      34.46078639556529,
      34.44004000944578,
      34.42698476584324,
      34.37768179315355,
      34.36357234566534,
      33.04372009229566,
      33.02409510945905,
      31.87762933969347,
      31.86800020496814,
      31.863472266719903,
      31.84688987047039,
      31.802213812207924,
      30.66425338417215,
      30.65342800908791,
      30.57020613197208,
      29.42895944064135,
      29.427806719870063,
      29.399628895430407,
      29.377192471557848,
      29.35851950522749,
      29.33999641110014,
      28.236859746281656,
      28.233575028092723,
      28.214323028458875,
      28.200241352806746,
      28.192979462324182,
      28.18126811033812,
      27.058067279585543,
      27.027474997702914,
      25.964883594470074,
      25.903750691960905,
      25.877174430421974,
      25.83021346858251,
      24.85994243768727,
      24.819543733069647,
      23.71012296633529,
      21.57844617861015,
      20.59354774446392,
      20.58039272323088
    ],
    [
      38.34862716534936,
      37.03647441194051,
      34.418668028001925,
      34.37768179315355,
      33.17070944290391,
      33.16645646032061,
      33.15267646334689,
      33.1401092227982,
      31.863472266719903,
      31.857320764956366,
      31.803943608891515,
      30.610236323020363,
      30.583457053813934,
      30.56729509054971,
      30.550776712551443,
      30.549767191899345,
      29.45887467247143,
      29.455446114543356,
      29.42644676839832,
      29.413239511792487,
      29.39664255301491,
      29.358554660435605,
      29.32354007315502,
      28.22909360716901,
      28.221723409762376,
      28.186099309360873,
      27.085368988830083,
      27.07562324213941,
      27.069430224417026,
      27.05097203553197,
      27.048638163267704,
      27.030508520952306,
      27.01928005891359,
      27.010816154538738,
      25.934710128798436,
      25.899179992421477,
      25.874622470101173,
      24.800102792783555,
      23.75615058548869,
      23.72680575902834,
      23.700218024402794,
      23.6877320387072,
      23.675902503448462,
      23.63293633042332,
      22.699275835695683,
      22.622816328996237,
      22.618223913974017,
      21.620580318585112,
      19.60123521186334,
      19.58871407327151
    ],
    [
      42.56746529419041,
      37.05749667770608,
      37.03658630690134,
      37.03647441194051,
      35.77137157378247,
      35.72973868624195,
      35.71547379877462,
      35.65563228124862,
      34.37768179315355,
      34.347430254545436,
      33.17650858574042,
      33.15267646334689,
      33.1401092227982,
      33.12527066866999,
      33.079519328347146,
      33.04372009229566,
      31.909044291514892,
      31.90308922089271,
      31.87762933969347,
      31.819028718788026,
      31.802213812207924,
      30.610236323020363,
      30.57020613197208,
      30.53263231273949,
      29.43955225992804,
      29.417558051568058,
      29.399628895430407,
      29.379923476145997,
      29.35851950522749,
      29.33999641110014,
      28.238928230979013,
      28.233575028092723,
      28.214323028458875,
      28.200241352806746,
      28.18126811033812,
      27.07562324213941,
      27.058067279585543,
      27.02799590573564,
      26.96547332329809,
      25.964883594470074,
      25.932810426706595,
      25.903750691960905,
      25.877174430421974,
      24.819543733069647,
      24.800102792783555,
      24.77620501147506,
      23.767332621907435,
      22.618223913974017,
      20.59354774446392,
      20.58039272323088
    ],
    [
      33.17070944290391,
      33.06590811706145,
      30.65151300235473,
      30.632492014953648,
      30.608656538793795,
      30.569090650182833,
      29.449948950158944,
      29.3844122411398,
      28.24003438202318,
      28.219633618784876,
      27.07341023415725,
      27.061288057356503,
      27.047204815020798,
      27.023912054851635,
      27.02354265275,
      25.962090298604558,
      25.92567798297293,
      25.921872056206954,
      25.89251065203037,
      25.857322951223612,
      24.8193705155089,
      24.797744849231435,
      24.760855750867098,
      24.759509023345274,
      24.746129137166676,
      24.731432173318993,
      23.75083035308452,
      23.738014650237687,
      23.72680575902834,
      23.724045683327915,
      23.705823215973872,
      23.703415236416856,
      23.680093342714674,
      23.672675452778183,
      22.661182871623694,
      22.648422996810172,
      22.62325234481901,
      22.609724455206553,
      21.594620142069488,
      21.590809785742664,
      21.533315953960088,
      20.58714705909588,
      20.557433940235985,
      19.633182302056767,
      19.572286783319868,
      18.67257898652955,
      18.64223507061676,
      18.609682875285714,
      16.77130687815057,
      16.760593478942933
    ],
    [
      35.65835357594348,
      31.907180200071394,
      31.88983412764987,
      31.845246262961073,
      30.66425338417215,
      30.63989388202495,
      30.632492014953648,
      30.62026217316067,
      30.596014411849005,
      30.569090650182833,
      29.413378282350827,
      29.39807096462877,
      29.35842699152193,
      29.356830204963952,
      28.24003438202318,
      28.237623221320167,
      28.233575028092723,
      28.186099309360873,
      28.185714020794926,
      28.155595818287413,
      28.15466544405444,
