{
  "test_loss_values": [
    5.212853259965778
  ],
  "log_exp_r_n_values": [
    5036.440504487917
  ],
  "log_exp_r_n_acc_values": [
    -Infinity
  ],
  "model_data_levels": [
    0
  ],
  "loss_landscape_data_param": 5,
  "train_loss_values": [
    0.694095253944397
  ],
  "num_params": 4353,
  "dataset_type": "data",
  "top_r_vals": [
    [
      3.1832515568387443,
      2.892616887223844,
      2.777707136199051,
      2.5120204053772635,
      2.2070396747772256,
      2.0339391726149807,
      1.8759472583154662,
      1.8612745498016767,
      1.851360737790625,
      1.7370530345128175,
      1.7231966231747262,
      1.720887849901675,
      1.712427310758048,
      1.652901889983301,
      1.6419429963384988,
      1.583291085763987,
      1.5394662475209822,
      1.528491172917467,
      1.4577628346300582,
      1.4423737702546295,
      1.3840131305291778,
      1.323104591308739,
      1.2498622837720326,
      1.2061325976063164,
      1.191068305161158,
      1.1863731195278013,
      1.1856077708320256,
      1.1336596290341079,
      1.1307271325054686,
      1.1193294478303732,
      1.1172322742648026,
      1.1048018365864853,
      1.103123352657891,
      1.0979729323109402,
      1.0624895030644772,
      1.057246435624814,
      1.0383378356978175,
      1.0064083743050798,
      0.9799581214196056,
      0.97505058363622,
      0.9095268234031249,
      0.8782621155047216,
      0.8711287294698586,
      0.8181812616042149,
      0.7683095660324599,
      0.7377191039617198,
      0.7051831772846733,
      0.7027245442536725,
      0.6463729044744967,
      0.5746732052700497
    ]
  ],
  "top_r_val_seeds": [
    [
      20,
      12,
      10,
      38,
      50,
      11,
      27,
      43,
      15,
      33,
      45,
      1,
      44,
      28,
      17,
      14,
      7,
      36,
      26,
      25,
      3,
      39,
      41,
      29,
      9,
      48,
      47,
      42,
      8,
      6,
      13,
      46,
      40,
      34,
      49,
      5,
      35,
      32,
      24,
      23,
      18,
      30,
      16,
      31,
      19,
      2,
      37,
      4,
      21,
      22
    ]
  ],
  "test_acc_values": [
    0.675
  ],
  "loss_predicts_minimas": true,
  "loss_ordering_violations": 0,
  "test_loss_ranks": [
    1
  ],
  "log_exp_r_n_ranks": [
    1
  ],
  "data_level_ranks": [
    1
  ],
  "accuracy_predicts_minimas": true,
  "accuracy_ordering_violations": 0,
  "log_exp_r_n_acc_ranks": [
    1
  ]
}