{
  "test_loss_values": [
    0.5058243107795716,
    0.5087785768508911,
    0.3386245757341385,
    0.4758927784860134,
    0.16560503840446472,
    0.22102737426757812,
    0.5475466012954712,
    0.425159353017807
  ],
  "log_exp_r_n_values": [
    -Infinity,
    -Infinity,
    722829.0722865154,
    -Infinity,
    663218.7591380712,
    699883.4483989449,
    -Infinity,
    744280.9148434192
  ],
  "log_exp_r_n_acc_values": [
    -Infinity,
    -Infinity,
    -Infinity,
    -Infinity,
    -Infinity,
    -Infinity,
    -Infinity,
    -Infinity
  ],
  "model_data_levels": [
    200,
    100,
    2000,
    500,
    10000,
    5000,
    0,
    1000
  ],
  "loss_landscape_data_param": 1000,
  "train_loss_values": [
    0.1812303364276886,
    0.2205674797296524,
    0.007273815106600523,
    0.13078828155994415,
    0.05517134815454483,
    0.02156110852956772,
    0.28809088468551636,
    0.004247269593179226
  ],
  "num_params": 235146,
  "dataset_type": "data",
  "top_r_vals": [
    [
      0.0,
      0.0,
      0.0,
      0.0,
      0.0,
      0.0,
      0.0,
      0.0,
      0.0,
      0.0,
      0.0,
      0.0,
      0.0,
      0.0,
      0.0,
      0.0,
      0.0,
      0.0,
      0.0,
      0.0,
      0.0,
      0.0,
      0.0,
      0.0,
      0.0,
      0.0,
      0.0,
      0.0,
      0.0,
      0.0,
      0.0,
      0.0,
      0.0,
      0.0,
      0.0,
      0.0,
      0.0,
      0.0,
      0.0,
      0.0,
      0.0,
      0.0,
      0.0,
      0.0,
      0.0,
      0.0,
      0.0,
      0.0,
      0.0,
      0.0
    ],
    [
      0.0,
      0.0,
      0.0,
      0.0,
      0.0,
      0.0,
      0.0,
      0.0,
      0.0,
      0.0,
      0.0,
      0.0,
      0.0,
      0.0,
      0.0,
      0.0,
      0.0,
      0.0,
      0.0,
      0.0,
      0.0,
      0.0,
      0.0,
      0.0,
      0.0,
      0.0,
      0.0,
      0.0,
      0.0,
      0.0,
      0.0,
      0.0,
      0.0,
      0.0,
      0.0,
      0.0,
      0.0,
      0.0,
      0.0,
      0.0,
      0.0,
      0.0,
      0.0,
      0.0,
      0.0,
      0.0,
      0.0,
      0.0,
      0.0,
      0.0
    ],
    [
      21.627707574461503,
      21.588547769000662,
      21.571102780509015,
      20.593039938622134,
      20.574915674508745,
      20.564597629789773,
      20.554631940144695,
      19.642423654468956,
      19.62512216587018,
      19.618193925816268,
      19.60946057036123,
      19.59841903455721,
      19.57845795994735,
      19.56413293895672,
      18.636808141897806,
      18.62586168675606,
      18.62236290009816,
      18.59891341069182,
      18.576053499070714,
      17.692192347548634,
      17.68959510830002,
      17.6795600168073,
      17.667915838787806,
      17.65566964430152,
      17.646128629169716,
      16.796834413416654,
      16.77840588979687,
      16.77130687815057,
      16.760593478942933,
      16.741895933481892,
      16.729052514284085,
      16.71151334522186,
      15.902877664665981,
      15.881385953302157,
      15.873543910566495,
      15.86834650985376,
      15.865435206418399,
      15.856771207344037,
      15.854464136697148,
      15.853552294489091,
      15.847016593054784,
      15.028288833950691,
      15.01429188790633,
      15.013087321699235,
      14.98353013679002,
      14.180968977809506,
      14.16904502848038,
      14.168490032557177,
      14.154923366562908,
      11.022267907903803
    ],
    [
      0.0,
      0.0,
      0.0,
      0.0,
      0.0,
      0.0,
      0.0,
      0.0,
      0.0,
      0.0,
      0.0,
      0.0,
      0.0,
      0.0,
      0.0,
      0.0,
      0.0,
      0.0,
      0.0,
      0.0,
      0.0,
      0.0,
      0.0,
      0.0,
      0.0,
      0.0,
      0.0,
      0.0,
      0.0,
      0.0,
      0.0,
      0.0,
      0.0,
      0.0,
      0.0,
      0.0,
      0.0,
      0.0,
      0.0,
      0.0,
      0.0,
      0.0,
      0.0,
      0.0,
      0.0,
      0.0,
      0.0,
      0.0,
      0.0,
      0.0
    ],
    [
      16.784768520089454,
      14.191651090353815,
      14.149079428751994,
      13.339173955395498,
      13.33313078829858,
      12.550054765031186,
      12.546263825408449,
      12.544481199969697,
      12.527155248604833,
      12.522000707052852,
      12.52108453700664,
      12.513184641801974,
      11.787339000875779,
      11.775129930548186,
      11.766003120969318,
      11.765471390258702,
      11.759311312193379,
      11.75070734646088,
      11.750068232807314,
      11.743718568304779,
      11.030361797528986,
      11.028740245348722,
      11.02537091237536,
      11.014565188265648,
      11.011646671766695,
      11.009411315617426,
      11.008307855600831,
      11.006359634867572,
      10.991747632586222,
      10.31738033416533,
      10.311813182257175,
      10.297283499064052,
      10.289970374252455,
      9.617542974569771,
      9.60837588588751,
      9.604605253813036,
      9.60070714162837,
      9.597608952030884,
      9.590972132076052,
      9.586816642986447,
      9.570362646204485,
      8.945368686374616,
      8.944406345785787,
      8.935323378687023,
      8.935035743905074,
      8.928868449693654,
      8.926417936180245,
      8.913946833593318,
      8.285379984436553,
      7.054251461058432
    ],
    [
      19.616968321507034,
      17.72728734815823,
      17.69753816475101,
      17.657977559554997,
      17.65668561663827,
      17.635648423838333,
      16.770893323006366,
      16.76889728644301,
      16.756132991316164,
      16.747730014980487,
      16.729052514284085,
      15.890737079911176,
      15.876534113820515,
      15.867575488841032,
      15.860973871102528,
      15.8491578742093,
      15.84694768055494,
      15.031655200012214,
      15.025484158244359,
      15.009921087327292,
      15.008958189575539,
      14.9976092123485,
      14.98975687558469,
      14.977974594369362,
      14.969880589150213,
      14.158809228869494,
      14.156144713931623,
      14.153442783538253,
      14.13566331542389,
      13.361397133828147,
      13.359842073610041,
      13.34673777501007,
      13.34477569687195,
      13.33137263872657,
      13.324349271772798,
      13.324092472837698,
      13.315895887219643,
      13.293526685863114,
      12.561688783111537,
      12.550722361809045,
      12.550634769324006,
      12.549715442791848,
      12.544790535592535,
      12.538617238201056,
      12.537952797909144,
      12.52698400924219,
      12.526263541324713,
      12.525008049039165,
      11.031263430477807,
      8.92803700540208
    ],
    [
      0.0,
      0.0,
      0.0,
      0.0,
      0.0,
      0.0,
      0.0,
      0.0,
      0.0,
      0.0,
      0.0,
      0.0,
      0.0,
      0.0,
      0.0,
      0.0,
      0.0,
      0.0,
      0.0,
      0.0,
      0.0,
      0.0,
      0.0,
      0.0,
      0.0,
      0.0,
      0.0,
      0.0,
      0.0,
      0.0,
      0.0,
      0.0,
      0.0,
      0.0,
      0.0,
      0.0,
      0.0,
      0.0,
      0.0,
      0.0,
      0.0,
      0.0,
      0.0,
      0.0,
      0.0,
      0.0,
      0.0,
      0.0,
      0.0,
      0.0
    ],
    [
      23.69355356053588,
      23.684152891893515,
      22.66985901654156,
      22.610526667324923,
      21.65577207905202,
      21.629058803212434,
      21.619430278823256,
      21.609828942135298,
      21.569524534452846,
      21.56828341589188,
      20.61864397551736,
      20.59728763085484,
      20.581322836992115,
      20.574915674508745,
      19.633182302056767,
      19.59841903455721,
      19.593279880874224,
      19.58954018482804,
      19.57845795994735,
      19.566861573097903,
      19.56413293895672,
      19.55185100281559,
      19.54088468015328,
      18.641311437823987,
      18.619851040866042,
      18.587092551916307,
      17.714978837734527,
      17.697059667374443,
      17.68959510830002,
      17.678814451127536,
      17.667915838787806,
      17.66757532670123,
      17.657351061827075,
      17.627045486121524,
