{
  "test_loss_values": [
    0.5345328444242478,
    0.5333628770709038,
    0.36673222333192823,
    0.49618795663118365,
    0.18272170424461365,
    0.23914813995361328,
    0.5469314098358155,
    0.44533042311668397
  ],
  "log_exp_r_n_values": [
    733566.9798985797,
    711167.8894833252,
    813834.682322915,
    754947.570727886,
    831901.1796970773,
    823465.5376247084,
    687648.3887704265,
    785323.4076796202
  ],
  "log_exp_r_n_acc_values": [
    -Infinity,
    -Infinity,
    -Infinity,
    -Infinity,
    -Infinity,
    -Infinity,
    -Infinity,
    -Infinity
  ],
  "model_data_levels": [
    200,
    100,
    2000,
    500,
    10000,
    5000,
    0,
    1000
  ],
  "loss_landscape_data_param": 10000,
  "train_loss_values": [
    0.5148098468780518,
    0.5251306891441345,
    0.28784918785095215,
    0.46727365255355835,
    0.08080869168043137,
    0.1566702425479889,
    0.5477955341339111,
    0.3797934651374817
  ],
  "num_params": 235146,
  "dataset_type": "data",
  "top_r_vals": [
    [
      22.63823077073076,
      20.553449218885632,
      18.624254706351376,
      17.69753816475101,
      17.678814451127536,
      16.79864160719732,
      16.7948795213702,
      16.77840588979687,
      16.759090121594745,
      15.876609018711648,
      15.876534113820515,
      15.858550947557353,
      15.837522647786672,
      15.011340889502426,
      15.005039573332864,
      15.003928464848732,
      14.153442783538253,
      14.13513059060515,
      14.135086048396227,
      14.126212349534258,
      13.347828750878143,
      13.343513521713811,
      13.333818942307673,
      13.329020326912563,
      13.327623877801429,
      13.324092472837698,
      13.321387691897083,
      13.320052505277003,
      13.300014635429324,
      12.57115113886013,
      12.550722361809045,
      12.550634769324006,
      12.527155248604833,
      12.500065497083407,
      11.787339000875779,
      11.76821372845008,
      11.040546782031626,
      11.034544680847707,
      11.026989690300397,
      11.010044539373022,
      11.005274207509952,
      11.004872634065824,
      10.318581257621187,
      10.289970374252455,
      10.284831614359584,
      10.284182221319774,
      9.612915023649972,
      9.60837588588751,
      8.930812793405234,
      7.654352713822083
    ],
    [
      20.581322836992115,
      19.563068857951823,
      18.624254706351376,
      17.678814451127536,
      17.67722873307729,
      16.79864160719732,
      16.778344700515326,
      15.899316186775586,
      15.874719417991338,
      15.858550947557353,
      14.165804137359022,
      14.158809228869494,
      14.13513059060515,
      13.34673777501007,
      13.340761744889647,
      13.340698803974183,
      13.33313078829858,
      13.321387691897083,
      13.307918335987411,
      13.307478588791357,
      12.560078186156915,
      12.547068729325016,
      12.537952797909144,
      12.532127503093356,
      12.52880687987677,
      12.5210450809323,
      12.506166195298098,
      11.762340251756635,
      11.756441595614499,
      11.048863305638788,
      11.034544680847707,
      11.031263430477807,
      11.030831340226179,
      11.026989690300397,
      11.02121993299175,
      11.008307855600831,
      10.986385690795965,
      10.318581257621187,
      10.31677760409844,
      10.307771002227936,
      10.289970374252455,
      10.28827495290301,
      10.284831614359584,
      10.284182221319774,
      10.283817342795409,
      9.612915023649972,
      9.58646682789734,
      8.284773085280557,
      8.281521877012262,
      6.478644136979012
    ],
    [
      31.848577574766548,
      30.608749013968033,
      28.27178251496174,
      28.225082699931818,
      28.192979462324182,
      28.185714020794926,
      27.09999186465067,
      27.07331149995497,
      27.00926194200973,
      26.97863391153662,
      25.934710128798436,
      25.918909173201907,
      25.9169899033632,
      25.907166894435075,
      24.818314044440214,
      24.807084552844557,
      24.760855750867098,
      24.746129137166676,
      23.700218024402794,
      23.69603613673345,
      23.69355356053588,
      22.682189999973858,
      22.679281802933726,
      22.66311786994829,
      22.655791094259722,
      22.639330784505866,
      22.619834037764,
      22.59460781512876,
      22.570919046979704,
      21.629058803212434,
      21.60159106866383,
      21.596557265781836,
      21.57844617861015,
      21.576283396977626,
      21.569524534452846,
      20.610077342783327,
      20.59596629932774,
      20.557433940235985,
      19.606649325064396,
      19.576638048518348,
      18.67257898652955,
      18.66178607947899,
      18.609682875285714,
      18.59891341069182,
      18.598234751571244,
      17.697059667374443,
      17.69011477870666,
      17.657977559554997,
      16.779237220035725,
      15.002531319091286
    ],
    [
      24.793086701314113,
      23.705823215973872,
      23.671313318121705,
      21.645583488017586,
      21.640735920888993,
      20.602189511735766,
      20.59058899818167,
      20.57854674536214,
      20.569617394169686,
      19.609532084495974,
      19.600751874952653,
      19.60065939977842,
      19.58871407327151,
      19.55249709603293,
      18.62936750615096,
      18.622306638202154,
      18.598153875095733,
      17.67225792428399,
      17.645545530041066,
      17.627045486121524,
      16.791745153172673,
      16.774352627388623,
      16.71966945445615,
      15.881385953302157,
      15.870556703508118,
      15.86834650985376,
      15.862635760953795,
      15.853552294489091,
      15.851963312065193,
      15.84699761714903,
      15.027410897765268,
      15.019241371153823,
      15.014187101974521,
      14.988074636571334,
      14.986098808145432,
      14.985893956368834,
      14.191651090353815,
      14.16904502848038,
      14.137057486563231,
      13.352633240758696,
      13.347399074228564,
      13.324349271772798,
      13.31638179108704,
      13.315895887219643,
      12.546263825408449,
      11.790911520301977,
      11.77761380910446,
      11.772991899125419,
      11.751604179177532,
      10.299697011718996
    ],
    [
      34.391990392094485,
      33.118875566490594,
      33.10978614462467,
      33.04372009229566,
      31.91619197978103,
      31.909044291514892,
      31.85967994305206,
      31.802213812207924,
      30.626174804613512,
      30.583457053813934,
      29.427806719870063,
      29.42655408429677,
      29.413239511792487,
      29.402165621236882,
      29.396553739857573,
      29.379923476145997,
      29.309235604001234,
      28.24003438202318,
      28.237623221320167,
      28.205218144743817,
      28.18126811033812,
      28.13887393942072,
      27.098408712786508,
      27.069430224417026,
      27.044668367410473,
      25.954224064363313,
      25.927341241456773,
      25.908504023804444,
      25.899179992421477,
      25.896466598189008,
      25.87364734404888,
      25.87356581177026,
      24.829276687361215,
      24.82772553190734,
      23.753594904583377,
      23.684152891893515,
      23.657739713406862,
      22.65433770818381,
      22.62325234481901,
      22.61195440541126,
      21.65577207905202,
      21.582827476662718,
      21.57844617861015,
      21.570337446719503,
      20.603285439649422,
      20.60163247981748,
      20.58714705909588,
      20.554656553182944,
      19.60123521186334,
      18.599573315847064
    ],
    [
      33.18007809047594,
      33.06158636993858,
      31.848577574766548,
      31.819028718788026,
      30.669977212144257,
      30.63989388202495,
      30.626174804613512,
      30.53263231273949,
      29.427806719870063,
      29.42644676839832,
      29.413239511792487,
      29.407699791103518,
      29.39664255301491,
      29.379923476145997,
      28.24003438202318,
      28.221723409762376,
      28.208937866152368,
      28.205218144743817,
      28.155595818287413,
