{
  "test_loss_values": [
    3.718890313245356
  ],
  "log_exp_r_n_values": [
    13511.540733904194
  ],
  "log_exp_r_n_acc_values": [
    665.8091223886188
  ],
  "model_data_levels": [
    0
  ],
  "loss_landscape_data_param": 50,
  "train_loss_values": [
    1.7449140548706055
  ],
  "num_params": 4353,
  "dataset_type": "data",
  "top_r_vals": [
    [
      22.306081436870432,
      8.228805163267282,
      4.120982354124759,
      4.00849076445049,
      3.8869903499656853,
      3.813777794545672,
      3.574685453937264,
      3.542273309521515,
      2.9925628358906224,
      2.803463036122392,
      2.7275651005654127,
      2.692000340464646,
      2.3590405252325963,
      2.3287931805415356,
      2.256521643515877,
      2.24013570568362,
      2.1818832360475997,
      2.1445828951851356,
      1.9413202634231967,
      1.894883943804446,
      1.8371733989066412,
      1.7963050947758752,
      1.685754589048508,
      1.666608140707209,
      1.6368273611948945,
      1.5968594194648618,
      1.5338680175968638,
      1.4944018840274256,
      1.4739746124573334,
      1.444561993634259,
      1.438129889222102,
      1.4350371307328185,
      1.4300861070877848,
      1.4281002510395233,
      1.4000934794771691,
      1.3723768337060447,
      1.3326285238225024,
      1.282049840007189,
      1.2017214785402892,
      1.1856077708320256,
      1.1810097917903417,
      1.0000198284554418,
      0.9727797663412341,
      0.967187846202924,
      0.8308206268393018,
      0.8197948323699075,
      0.7284341525280692,
      0.708091980217209,
      0.5925520570714241,
      0.5527247403610233
    ]
  ],
  "top_r_val_seeds": [
    [
      35,
      36,
      27,
      4,
      20,
      28,
      11,
      15,
      16,
      44,
      33,
      7,
      38,
      8,
      5,
      32,
      19,
      24,
      46,
      13,
      49,
      34,
      25,
      14,
      31,
      39,
      1,
      45,
      23,
      21,
      26,
      30,
      29,
      37,
      41,
      40,
      43,
      50,
      12,
      47,
      17,
      22,
      18,
      42,
      6,
      9,
      48,
      3,
      2,
      10
    ]
  ],
  "test_acc_values": [
    0.72825
  ],
  "loss_predicts_minimas": true,
  "loss_ordering_violations": 0,
  "test_loss_ranks": [
    1
  ],
  "log_exp_r_n_ranks": [
    1
  ],
  "data_level_ranks": [
    1
  ],
  "accuracy_predicts_minimas": true,
  "accuracy_ordering_violations": 0,
  "log_exp_r_n_acc_ranks": [
    1
  ]
}