{
  "test_loss_values": [
    2.2788678636550905,
    0.5736378490924835,
    0.16879180073738098,
    0.7863510105013848,
    0.3294579029083252,
    0.09716315567493439
  ],
  "log_exp_r_n_values": [
    825661.0875686234,
    807324.7028663936,
    807324.7028663936,
    807070.8495732322,
    806183.3900385518,
    768002.1962980224
  ],
  "log_exp_r_n_acc_values": [
    -Infinity,
    -Infinity,
    -Infinity,
    -Infinity,
    -Infinity,
    -Infinity
  ],
  "model_data_levels": [
    0,
    1940,
    19940,
    540,
    5940,
    59940
  ],
  "loss_landscape_data_param": 0,
  "train_loss_values": [
    2.9672331947949715e-05,
    0.0003248860884923488,
    0.0007493704906664789,
    0.00013426478835754097,
    0.0005616837879642844,
    0.0019552982412278652
  ],
  "num_params": 235146,
  "dataset_type": "data",
  "top_r_vals": [
    [
      33.491658080270035,
      33.490005753159764,
      33.47810478821518,
      33.47778063741902,
      33.466266969529585,
      33.451080294242146,
      33.44413210087779,
      33.41854734160976,
      33.35917722890602,
      30.979251462626785,
      30.956896892945,
      30.956322800661887,
      30.952105654975423,
      30.95009925109783,
      30.944842901075152,
      30.941079190988567,
      30.933160609632672,
      30.93079028962985,
      30.929184777312667,
      30.923418555499563,
      30.921061858025492,
      30.919779394247282,
      30.919724904132277,
      30.91953418872975,
      30.903615290845448,
      30.89886297438659,
      30.895673356583117,
      30.892680292408784,
      30.889566571551217,
      30.88784234862634,
      30.877477550321718,
      30.875607371731643,
      30.864215045544025,
      30.846301420235346,
      30.84387466404198,
      28.58990652261249,
      28.57468864784206,
      28.57038424012856,
      28.569995049931133,
      28.556177901170802,
      28.554603205348947,
      28.55148250975666,
      28.551339029499545,
      28.55052657254362,
      28.54822909492654,
      28.547011306244265,
      28.539851641414145,
      28.539297448921033,
      28.537554163797065,
      28.533778839531685
    ],
    [
      30.979251462626785,
      28.53727079028926,
      26.211079024840426,
      26.19784904910453,
      26.192546846428503,
      26.181827139993096,
      26.152099226387342,
      26.137121615659442,
      26.134696998592307,
      26.098543520326974,
      26.093880415084406,
      23.987419222608025,
      23.98359435281636,
      23.964177637924386,
      23.9513557339892,
      23.950181749131946,
      23.947298779899693,
      23.94625289351852,
      23.945461697048614,
      23.94208140432099,
      23.933213975694446,
      23.930804217303244,
      23.918675552179785,
      23.913054289641206,
      23.90909227912809,
      23.901552553530095,
      23.88737581983025,
      21.86496324775633,
      21.860945408228236,
      21.855628567950458,
      21.849726765390052,
      21.844669450632033,
      21.841133587069205,
      21.838390031574626,
      21.834681150998627,
      21.83228362953039,
      21.83078552190047,
      21.823352656088588,
      21.81998294378444,
      21.816996340580882,
      21.816957892355735,
      21.813283340552186,
      21.811616335361787,
      21.811601230701907,
      21.810077033204923,
      21.80799533644327,
      21.80748177800735,
      21.79212033890934,
      21.7882109783022,
      21.773493546975438
    ],
    [
      30.979251462626785,
      28.499022540748395,
      26.232361957669543,
      26.204902181089228,
      23.987419222608025,
      23.98140311535494,
      23.969298562885804,
      23.947554976851855,
      23.938372576678244,
      23.932391131365744,
      23.93222686390818,
      23.930804217303244,
      23.913736979166668,
      23.896532600308642,
      23.890694323881174,
      23.88875777633102,
      23.88737581983025,
      23.88438132957176,
      21.848847948815216,
      21.848703767970903,
      21.84483972134341,
      21.842781368147026,
      21.838390031574626,
      21.83228362953039,
      21.831614905042976,
      21.82851570346577,
      21.823446030349665,
      21.823352656088588,
      21.819749508131746,
      21.818795168257505,
      21.8114556767067,
      21.80748177800735,
      21.806007013942697,
      21.799793506128402,
      21.797626674011067,
      21.79515362924343,
      21.793952122207518,
      21.787094606621974,
      21.784937386560923,
      21.78288177966634,
      21.778067512617298,
      21.77266141753114,
      21.75700887044271,
      21.753121480249945,
      19.829868285123972,
      19.829585559270107,
      19.823699381360964,
      19.820138530188252,
      19.818346272462637,
      19.81637217343894
    ],
    [
      30.94582566922082,
      30.94144505318933,
      30.933160609632672,
      30.919724904132277,
      28.550478147956845,
      28.53727079028926,
      28.513679049012858,
      28.499569559228654,
      28.48909550045914,
      28.459323347107443,
      28.45851089015152,
      28.44482287362259,
      28.429596031336093,
      28.412240300734624,
      26.211079024840426,
      26.208535812373267,
      26.202523684455436,
      26.201431618480225,
      26.199455028479843,
      26.198102711487913,
      26.19784904910453,
      26.196164006129205,
      26.19225200508678,
      26.19171503147001,
      26.191678793986668,
      26.17982090114271,
      26.176954845642154,
      26.173803831749876,
      26.17265905670799,
      26.16815902014045,
      26.164047712939652,
      26.159088119197026,
      26.155775683788054,
      26.152099226387342,
      26.151496366437225,
      26.150097929011952,
      26.14251935351882,
      26.14066135891846,
      26.135971899142554,
      26.134696998592307,
      26.098543520326974,
      24.007058979552472,
      23.997630931712965,
      23.993935667438272,
      23.990379050925927,
      23.98170603057485,
      23.978051456404323,
      23.97575171199846,
      23.974648558063272,
      23.969310619212965
    ],
    [
      30.829253798540172,
      28.44482287362259,
      28.424387698002757,
      26.217654480908365,
      26.203900708822367,
      26.19784904910453,
      26.18127369479299,
      26.174083848666598,
      26.17045515885756,
      26.137121615659442,
      26.135971899142554,
      26.098543520326974,
      24.007058979552472,
      23.99033233265818,
      23.97575171199846,
      23.9644473982446,
      23.959410867573304,
      23.950181749131946,
      23.933834876543212,
      23.92104160638503,
      23.90480173369985,
      23.89776385271991,
      23.896532600308642,
      23.890694323881174,
      21.85899690710371,
      21.851702729532544,
      21.85109991628824,
      21.850823912957704,
      21.850399609330164,
      21.850186770940947,
      21.849726765390052,
      21.848847948815216,
      21.837816054499186,
      21.836832878456082,
      21.834681150998627,
      21.834650941678866,
      21.833016892110024,
      21.82851570346577,
      21.825174827330482,
      21.824041977839478,
      21.811616335361787,
      21.809671953689957,
      21.80799533644327,
      21.806916039837297,
      21.80467231126966,
      21.801655498746346,
      21.799459830460144,
      21.797626674011067,
      21.795293690635045,
      21.79403313811051
    ],
    [
      26.2087087639983,
      26.149865679686908,
      23.987419222608025,
      23.980937439718367,
      23.97575171199846,
      23.967756860050155,
      23.94423496576003,
      23.943383487654323,
      23.93440303096065,
      23.923018844039355,
      23.92030466338735,
      23.913736979166668,
      23.88737581983025,
      21.86856639571317,
      21.86211807909529,
      21.850823912957704,
      21.847550321216428,
      21.842781368147026,
      21.83537459220221,
      21.826438126156813,
      21.823352656088588,
      21.822208821390397,
      21.819749508131746,
      21.8114556767067,
      21.804720371551095,
      21.785347958679484,
