{
  "test_loss_values": [
    0.5165852731466294,
    0.5320527070760727,
    0.3529278069734573,
    0.49262897819280627,
    0.1807314157485962,
    0.2341211497783661,
    0.5543213278055191,
    0.44756011962890624
  ],
  "log_exp_r_n_values": [
    804603.6223993021,
    804702.350446517,
    794411.126102947,
    804603.6223993021,
    743793.2857785912,
    755196.723247136,
    822357.4853630009,
    795102.4507695313
  ],
  "log_exp_r_n_acc_values": [
    -Infinity,
    -Infinity,
    -Infinity,
    -Infinity,
    -Infinity,
    -Infinity,
    -Infinity,
    -Infinity
  ],
  "model_data_levels": [
    200,
    100,
    2000,
    500,
    10000,
    5000,
    0,
    1000
  ],
  "loss_landscape_data_param": 0,
  "train_loss_values": [
    0.0029384728986769915,
    0.002587606431916356,
    0.011442395858466625,
    0.0038669591303914785,
    0.07386854290962219,
    0.034454379230737686,
    0.002300968859344721,
    0.005288155283778906
  ],
  "num_params": 235146,
  "dataset_type": "data",
  "top_r_vals": [
    [
      30.62252974149563,
      30.53263231273949,
      29.407699791103518,
      29.3844122411398,
      29.379923476145997,
      28.230904640981286,
      28.155595818287413,
      27.103146252182167,
      27.074562700621804,
      27.069430224417026,
      27.05097203553197,
      27.010848498501556,
      27.00926194200973,
      25.945061466892014,
      25.92567798297293,
      25.907166894435075,
      25.88175491383484,
      24.848246351040597,
      24.841230259571155,
      24.795605378278456,
      23.74639782070292,
      23.6877320387072,
      23.684152891893515,
      23.6744075867718,
      23.672675452778183,
      22.683515146101897,
      22.651118885492156,
      22.63823077073076,
      22.6311832731509,
      22.61952483700079,
      22.61195440541126,
      22.570919046979704,
      21.65577207905202,
      21.6212763237365,
      21.61036182107933,
      21.6097269882557,
      21.555915730604184,
      20.610077342783327,
      20.5823229035989,
      20.58039272323088,
      20.567308950266458,
      20.55540660313803,
      20.554567168991404,
      19.58695704496099,
      18.641311437823987,
      18.641243454699648,
      18.640739441881255,
      15.01429188790633,
      14.985032068479274,
      14.157490779485325
    ],
    [
      30.635389570413103,
      30.632492014953648,
      30.62252974149563,
      30.596014411849005,
      30.53263231273949,
      29.407699791103518,
      29.379923476145997,
      29.34096595473442,
      28.214323028458875,
      28.208937866152368,
      27.103146252182167,
      27.074562700621804,
      27.010848498501556,
      27.00926194200973,
      25.945061466892014,
      25.92567798297293,
      25.87364734404888,
      24.848246351040597,
      24.841230259571155,
      24.795605378278456,
      24.772938846117956,
      24.768692675101867,
      23.74639782070292,
      23.703415236416856,
      23.6877320387072,
      23.6744075867718,
      23.63293633042332,
      22.699275835695683,
      22.651118885492156,
      22.65101201886893,
      22.6311832731509,
      22.61195440541126,
      22.59460781512876,
      21.640735920888993,
      21.627707574461503,
      21.6212763237365,
      21.61036182107933,
      21.598582749523175,
      21.579687297171116,
      21.570337446719503,
      20.602264646273582,
      20.58039272323088,
      20.554567168991404,
      19.60946057036123,
      19.576260749807457,
      18.640739441881255,
      18.619851040866042,
      15.01429188790633,
      14.985032068479274,
      14.157490779485325
    ],
    [
      29.32354007315502,
      28.221723409762376,
      28.155595818287413,
      27.030508520952306,
      25.934710128798436,
      25.927341241456773,
      25.9169899033632,
      25.873678326314757,
      24.7827716735977,
      23.724045683327915,
      23.671313318121705,
      22.68859629781435,
      22.6861554641398,
      22.671275355521423,
      22.65433770818381,
      22.638162376091895,
      22.61595691667326,
      21.609828942135298,
      21.60159106866383,
      21.583243448491476,
      21.569524534452846,
      20.621287933994626,
      20.61864397551736,
      20.564597629789773,
      20.564316522984498,
      20.557433940235985,
      20.554567168991404,
      20.52012705136446,
      19.60065939977842,
      19.59158943468915,
      19.58959936893955,
      19.58871407327151,
      19.58350093944913,
      19.564931924462137,
      19.55185100281559,
      18.67257898652955,
      18.659614135868573,
      18.648380510632627,
      18.642835197507495,
      18.641243454699648,
      18.63342422327759,
      18.623267778925598,
      18.609682875285714,
      17.697059667374443,
      17.657977559554997,
      16.759090121594745,
      15.883720988441738,
      13.336944168563598,
      13.321387691897083,
      12.550722361809045
    ],
    [
      30.62252974149563,
      29.34096595473442,
      29.32354007315502,
      28.230904640981286,
      28.219633618784876,
      28.192979462324182,
      27.069430224417026,
      27.034638334309786,
      25.934710128798436,
      25.88175491383484,
      25.873678326314757,
      25.872158564641282,
      24.848246351040597,
      24.845573182738296,
      24.81072680317589,
      24.797744849231435,
      24.79301179642298,
      24.77668253015603,
      23.749442855570255,
      23.738014650237687,
      23.716909768692712,
      23.684152891893515,
      23.6744075867718,
      22.679281802933726,
      22.651677441709566,
      22.63823077073076,
      22.61952483700079,
      22.61195440541126,
      22.608872371997343,
      22.570919046979704,
      21.640735920888993,
      21.6212763237365,
      21.599727351744786,
      21.596557265781836,
      21.590809785742664,
      21.570337446719503,
      21.555915730604184,
      20.636821351976444,
      20.610077342783327,
      20.592942781892198,
      20.554567168991404,
      19.59055124673304,
      19.58695704496099,
      19.576260749807457,
      18.641311437823987,
      18.640739441881255,
      16.778344700515326,
      15.01429188790633,
      13.336944168563598,
      13.321387691897083
    ],
    [
      23.64447046298547,
      22.662230164531337,
      21.645583488017586,
      20.59728763085484,
      20.59058899818167,
      19.596967790822834,
      19.573680075945052,
      19.55249709603293,
      18.656131758930343,
      18.638571014639343,
      18.614615168168942,
      18.604040275965406,
      18.598212481237407,
      18.597142333090453,
      17.714978837734527,
      17.705420018049182,
      17.669558308852483,
      17.667915838787806,
      17.665004794282932,
      17.659092569720855,
      17.656706759545607,
      16.773276540023602,
      16.76130032064349,
      16.740244877867916,
      16.729052514284085,
      15.901166836952507,
      15.876609018711648,
      15.870556703508118,
      15.86918744209821,
      15.862635760953795,
      15.820395394746187,
      15.027410897765268,
      15.019241371153823,
      15.00675485295535,
      14.999015798279983,
      14.998287016844342,
      14.978789281388739,
      14.191651090353815,
      14.16904502848038,
      14.167886931048338,
      14.16189244057126,
      14.152845917938663,
      14.143848391735883,
      13.34668910070211,
      13.316854267559135,
      12.549715442791848,
      12.53565250877503,
      11.778558779002436,
      11.022267907903803,
      9.590420523826735
    ],
    [
      24.8193705155089,
      24.731432173318993,
      23.714087031814223,
      22.65793412627754,
      22.655791094259722,
      22.646745903269636,
      22.625355479964156,
      22.59535445660305,
      21.645583488017586,
      21.56828341589188,
      20.622492677445805,
      20.61136499331072,
      20.59596629932774,
      20.581260656684957,
      20.57276009052728,
      20.554656553182944,
      20.541663459833128,
      19.62512216587018,
      19.573412514440925,
