{
  "test_loss_values": [
    0.04752168501727283,
    0.0024538332316296875,
    0.0012702462263405323
  ],
  "log_exp_r_n_values": [
    5528.263485501533,
    6567.2943668755715,
    3888.9784607421966
  ],
  "log_exp_r_n_acc_values": [
    -Infinity,
    -Infinity,
    -Infinity
  ],
  "model_data_levels": [
    180,
    380,
    780
  ],
  "loss_landscape_data_param": 180,
  "train_loss_values": [
    1.0959995961457025e-05,
    2.036861769738607e-05,
    5.1694900321308523e-05
  ],
  "num_params": 4353,
  "dataset_type": "data",
  "top_r_vals": [
    [
      3.566469638350789,
      3.5300126711624817,
      3.265409116391783,
      3.2559663749035495,
      2.9777391712199233,
      2.9718493837298774,
      2.930267284943272,
      2.7179108895935373,
      2.708871446571939,
      2.7078529484794287,
      2.697129293845973,
      2.6954631418150896,
      2.694397626537631,
      2.675268171077091,
      2.665815848669779,
      2.661569978908403,
      2.640031126248279,
      2.487746458323121,
      2.4735595014992695,
      2.463411829955918,
      2.4610510371604906,
      2.4588473308038963,
      2.450420584755034,
      2.449668312131137,
      2.4485968083900382,
      2.445619191384878,
      2.4424695942355914,
      2.438328863151122,
      2.437122473022474,
      2.4273339364859736,
      2.424750019124474,
      2.4232496890762905,
      2.4154625293150596,
      2.4120344479781446,
      2.4118857919385324,
      2.4117180269940173,
      2.4092484820486275,
      2.408588381789556,
      2.408202550518502,
      2.4063138600794987,
      2.4060834291674342,
      2.405221561353653,
      2.4034399369847668,
      2.395637883518244,
      2.384271457260719,
      2.380303830373605,
      2.3760158483160603,
      2.222313999144499,
      2.217962343830708,
      2.2146036447572315
    ],
    [
      4.527949860674693,
      3.8331190096992658,
      3.573342406497953,
      3.324172785252701,
      3.31325239016686,
      3.306334318938079,
      3.2763924304349925,
      3.227388735170718,
      3.2258847083574462,
      3.201993589048033,
      3.039073702389216,
      3.034956652708728,
      3.0090487281371963,
      3.0078568331575704,
      3.0014785472354943,
      2.9972217794511167,
      2.9946618828891727,
      2.9927236803963826,
      2.9810810772183847,
      2.9754137401738445,
      2.9698531656116387,
      2.9648384185314622,
      2.962079415089281,
      2.956339987622586,
      2.9552222427914625,
      2.9390619731584313,
      2.927502788897498,
      2.7677936318479945,
      2.7529825958448124,
      2.7464107766028345,
      2.7384237712310933,
      2.734668935248955,
      2.7280606854729434,
      2.721064154705994,
      2.719682285389406,
      2.704976181779124,
      2.7033629630028195,
      2.7022603944471553,
      2.699139823403703,
      2.6979332565713965,
      2.68613910470711,
      2.6824646027230967,
      2.6820043947803485,
      2.6783221084941915,
      2.6769361913404888,
      2.6761680364049276,
      2.673181978102522,
      2.673078913942137,
      2.6727762602747815,
      2.6726965490208276
    ],
    [
      2.447308362375631,
      2.4058988034244755,
      2.3826280914390714,
      2.1982810280539775,
      2.1824620774954804,
      2.177498305139463,
      2.176652135927815,
      2.1587030079739153,
      2.158668455013559,
      1.9830687676336245,
      1.9719162866930835,
      1.9662529842523448,
      1.9652113901353743,
      1.964436381121775,
      1.9634888229315632,
      1.9633180734856064,
      1.9602562817076428,
      1.9568028235457384,
      1.9541684677984974,
      1.9528398166419467,
      1.9523831349880698,
      1.9515674070683862,
      1.9513982323867527,
      1.9496126746099933,
      1.945950447692031,
      1.9458633857215628,
      1.9407276293292681,
      1.9384167751673842,
      1.9377481752288017,
      1.935127317461478,
      1.9340339810881568,
      1.93308124867231,
      1.9330180331330296,
      1.9240834952592734,
      1.923490933940893,
      1.9213717510938382,
      1.9165567966909174,
      1.9152636902148164,
      1.9118124817162316,
      1.9027731095317826,
      1.7784417725232122,
      1.766100278351699,
      1.7597582517090096,
      1.7551276256887054,
      1.7506105882052854,
      1.743767576331497,
      1.7429668767855322,
      1.7370871754157742,
      1.7353829488062444,
      1.7336468376951333
    ]
  ],
  "top_r_val_seeds": [
    [
      507,
      194,
      929,
      135,
      278,
      29,
      177,
      625,
      210,
      704,
      146,
      831,
      702,
      128,
      678,
      141,
      688,
      540,
      93,
      328,
      629,
      794,
      859,
      798,
      68,
      264,
      218,
      408,
      643,
      822,
      480,
      728,
      446,
      521,
      488,
      234,
      134,
      537,
      109,
      941,
      160,
      271,
      326,
      677,
      531,
      951,
      243,
      922,
      630,
      873
    ],
    [
      409,
      9,
      848,
      948,
      630,
      656,
      651,
      282,
      160,
      206,
      333,
      283,
      586,
      896,
      57,
      38,
      988,
      868,
      976,
      642,
      144,
      989,
      489,
      595,
      309,
      678,
      850,
      668,
      962,
      346,
      913,
      334,
      75,
      171,
      605,
      796,
      737,
      77,
      816,
      4,
      680,
      117,
      347,
      717,
      934,
      954,
      80,
      320,
      495,
      401
    ],
    [
      351,
      678,
      688,
      727,
      702,
      972,
      744,
      271,
      886,
      184,
      586,
      466,
      725,
      201,
      259,
      126,
      685,
      162,
      31,
      812,
      77,
      935,
      278,
      674,
      592,
      565,
      594,
      19,
      347,
      790,
      881,
      52,
      490,
      326,
      847,
      252,
      964,
      797,
      375,
      398,
      899,
      876,
      118,
      759,
      722,
      826,
      96,
      986,
      776,
      627
    ]
  ],
  "loss_predicts_minimas": false,
  "loss_ordering_violations": 1,
  "test_loss_ranks": [
    1,
    2,
    3
  ],
  "log_exp_r_n_ranks": [
    2,
    1,
    3
  ],
  "data_level_ranks": [
    3,
    2,
    1
  ],
  "accuracy_predicts_minimas": true,
  "accuracy_ordering_violations": 2,
  "log_exp_r_n_acc_ranks": [
    1,
    2,
    3
  ]
}