{
  "test_loss_values": [
    0.8606279492378235,
    1.9962192532762693,
    0.6702414751052856
  ],
  "log_exp_r_n_values": [
    -Infinity,
    5045595.887429462,
    -Infinity
  ],
  "log_exp_r_n_acc_values": [
    -Infinity,
    -Infinity,
    -Infinity
  ],
  "model_data_levels": [
    29940,
    5940,
    59940
  ],
  "loss_landscape_data_param": 5940,
  "train_loss_values": [
    0.16531722247600555,
    0.00815059244632721,
    0.3504432737827301
  ],
  "num_params": 1707274,
  "dataset_type": "data",
  "top_r_vals": [
    [
      0.0,
      0.0,
      0.0,
      0.0,
      0.0,
      0.0,
      0.0,
      0.0,
      0.0,
      0.0,
      0.0,
      0.0,
      0.0,
      0.0,
      0.0,
      0.0,
      0.0,
      0.0,
      0.0,
      0.0,
      0.0,
      0.0,
      0.0,
      0.0,
      0.0,
      0.0,
      0.0,
      0.0,
      0.0,
      0.0,
      0.0,
      0.0,
      0.0,
      0.0,
      0.0,
      0.0,
      0.0,
      0.0,
      0.0,
      0.0,
      0.0,
      0.0,
      0.0,
      0.0,
      0.0,
      0.0,
      0.0,
      0.0,
      0.0,
      0.0
    ],
    [
      19.208555727731866,
      19.20184623220845,
      19.1949394513315,
      16.154432508680557,
      16.1517951871142,
      16.148405852141206,
      16.147977852527006,
      16.147349416473766,
      16.14732982494213,
      16.146769205729168,
      16.146562741126544,
      16.14625831886574,
      16.145929783950617,
      16.14546260127315,
      16.14514461564429,
      16.14487334828318,
      16.144585503472225,
      16.144490559895836,
      16.144422743055557,
      16.144079137731485,
      16.143758138020836,
      16.143669222608025,
      16.14352153260031,
      16.14335425106096,
      16.143318082079478,
      16.142903645833336,
      16.14259922357253,
      16.14251482928241,
      16.142333984375,
      16.14232494212963,
      16.142222463348766,
      16.142032576195987,
      16.141901463638117,
      16.141890914351855,
      16.141621154031636,
      16.141471956983025,
      16.14130618248457,
      16.141291112075617,
      16.14113437982253,
      16.14069884500386,
      16.140578281732253,
      16.140447169174383,
      16.140215084876544,
      16.139328944830247,
      16.139310860339506,
      16.13929126880787,
      16.1392822265625,
      16.13876983265818,
      16.13866283275463,
      16.13835841049383
    ],
    [
      0.0,
      0.0,
      0.0,
      0.0,
      0.0,
      0.0,
      0.0,
      0.0,
      0.0,
      0.0,
      0.0,
      0.0,
      0.0,
      0.0,
      0.0,
      0.0,
      0.0,
      0.0,
      0.0,
      0.0,
      0.0,
      0.0,
      0.0,
      0.0,
      0.0,
      0.0,
      0.0,
      0.0,
      0.0,
      0.0,
      0.0,
      0.0,
      0.0,
      0.0,
      0.0,
      0.0,
      0.0,
      0.0,
      0.0,
      0.0,
      0.0,
      0.0,
      0.0,
      0.0,
      0.0,
      0.0,
      0.0,
      0.0,
      0.0,
      0.0
    ]
  ],
  "top_r_val_seeds": [
    [
      1,
      2,
      3,
      4,
      5,
      6,
      7,
      8,
      9,
      10,
      11,
      12,
      13,
      14,
      15,
      16,
      17,
      18,
      19,
      20,
      21,
      22,
      23,
      24,
      25,
      26,
      27,
      28,
      29,
      30,
      31,
      32,
      33,
      34,
      35,
      36,
      37,
      38,
      39,
      40,
      41,
      42,
      43,
      44,
      45,
      46,
      47,
      48,
      49,
      50
    ],
    [
      443,
      225,
      23,
      440,
      58,
      217,
      246,
      78,
      160,
      64,
      257,
      431,
      338,
      384,
      30,
      458,
      444,
      301,
      488,
      33,
      438,
      483,
      380,
      206,
      412,
      366,
      178,
      148,
      316,
      388,
      116,
      325,
      349,
      456,
      357,
      237,
      97,
      143,
      215,
      165,
      428,
      46,
      41,
      15,
      216,
      320,
      82,
      139,
      324,
      390
    ],
    [
      1,
      2,
      3,
      4,
      5,
      6,
      7,
      8,
      9,
      10,
      11,
      12,
      13,
      14,
      15,
      16,
      17,
      18,
      19,
      20,
      21,
      22,
      23,
      24,
      25,
      26,
      27,
      28,
      29,
      30,
      31,
      32,
      33,
      34,
      35,
      36,
      37,
      38,
      39,
      40,
      41,
      42,
      43,
      44,
      45,
      46,
      47,
      48,
      49,
      50
    ]
  ],
  "loss_predicts_minimas": true,
  "loss_ordering_violations": 2,
  "test_loss_ranks": [
    2,
    1,
    3
  ],
  "log_exp_r_n_ranks": [
    2,
    1,
    3
  ],
  "data_level_ranks": [
    2,
    3,
    1
  ],
  "accuracy_predicts_minimas": false,
  "accuracy_ordering_violations": 1,
  "log_exp_r_n_acc_ranks": [
    1,
    2,
    3
  ]
}