{
  "test_loss_values": [
    0.5247679626941681,
    0.5174245566129685,
    0.3569228991866112,
    0.49386005401611327,
    0.1806485503911972,
    0.23310291171073913,
    0.5535140320658684,
    0.44005684852600097
  ],
  "log_exp_r_n_values": [
    882763.91047897,
    898015.7464186178,
    890585.135718902,
    906005.9270739721,
    875643.948534323,
    882337.8946581314,
    893034.8779265805,
    898015.7464186178
  ],
  "log_exp_r_n_acc_values": [
    -Infinity,
    -Infinity,
    -Infinity,
    -Infinity,
    -Infinity,
    -Infinity,
    -Infinity,
    -Infinity
  ],
  "model_data_levels": [
    200,
    100,
    2000,
    500,
    10000,
    5000,
    0,
    1000
  ],
  "loss_landscape_data_param": 500,
  "train_loss_values": [
    0.06770548224449158,
    0.11459454149007797,
    0.012816237285733223,
    0.004531722515821457,
    0.08831534534692764,
    0.0471612811088562,
    0.18636034429073334,
    0.0066535198129713535
  ],
  "num_params": 235146,
  "dataset_type": "data",
  "top_r_vals": [
    [
      42.696906412121315,
      42.681833159854015,
      42.619622127049105,
      42.58498771522795,
      42.56746529419041,
      41.274325030484746,
      41.21908125532163,
      41.216437020189474,
      41.19487094953805,
      41.15309981161204,
      39.85637388313417,
      39.8183842515925,
      38.39549876226295,
      38.390435808123534,
      38.37021057509596,
      38.30013397310043,
      37.05749667770608,
      37.040348774959185,
      37.02117743833732,
      36.986427059565166,
      35.79831711026967,
      35.73311839492986,
      35.72237029210122,
      35.70377964717097,
      35.68173963200405,
      35.65578733437327,
      35.65563228124862,
      34.468505679048405,
      34.46078639556529,
      34.40747441754449,
      34.404926577763334,
      34.38128383682037,
      34.35207134927,
      34.34868360988383,
      34.2897304504954,
      33.15267646334689,
      31.879102573253654,
      31.877745594858762,
      31.87762933969347,
      31.843903315361995,
      31.78502809173853,
      31.783977786452084,
      30.626930018536456,
      30.57863293222452,
      28.21700584423373,
      28.184092967980604,
      28.17244020826494,
      27.07562324213941,
      25.934891130456972,
      25.889604841620358
    ],
    [
      45.55806203239003,
      44.02265873573269,
      42.70984703659852,
      42.681833159854015,
      42.58498771522795,
      41.26711041639376,
      41.261819353742055,
      41.15309981161204,
      39.80998662263377,
      39.80743278198443,
      38.43350354355004,
      38.40282856651348,
      38.30013397310043,
      37.03647441194051,
      37.03159066312937,
      37.012081310480006,
      35.77346142024508,
      35.72220175609617,
      35.70567174472098,
      35.70377964717097,
      35.69093046214604,
      35.687191209980696,
      35.65578733437327,
      35.6536929936172,
      34.48473002837705,
      34.468505679048405,
      34.42192372131617,
      34.41157001046375,
      34.372430255932564,
      34.34868360988383,
      34.347280890955886,
      33.15267646334689,
      33.13998836391048,
      33.12132816840169,
      33.067996058535456,
      33.04372009229566,
      33.007985453235875,
      31.879102573253654,
      31.877745594858762,
      31.857320764956366,
      31.843903315361995,
      31.783977786452084,
      30.57863293222452,
      29.414103589802423,
      28.21700584423373,
      28.184092967980604,
      28.17244020826494,
      27.07562324213941,
      25.889604841620358,
      23.72870946529523
    ],
    [
      44.14093633308661,
      44.07659858011399,
      42.58498771522795,
      39.786603958100216,
      38.47689753139125,
      38.470171898279084,
      38.43350354355004,
      38.34862716534936,
      37.10374659484832,
      37.06531533809393,
      37.06293757017634,
      37.03159066312937,
      37.00598303511488,
      36.988599686721244,
      36.986427059565166,
      35.79831711026967,
      35.72220175609617,
      35.71547379877462,
      35.7019369868491,
      35.69093046214604,
      35.68173963200405,
      35.67842284342469,
      34.40747441754449,
      34.39548420127613,
      34.37768179315355,
      34.3268527142228,
      34.30646566659409,
      33.18007809047594,
      33.17264735265524,
      33.13523735935883,
      33.06338466683686,
      31.88983412764987,
      31.84688987047039,
      31.805242459703756,
      31.783977786452084,
      30.642398417993896,
      30.64119816729493,
      30.63978214118941,
      30.626174804613512,
      30.573221207965464,
      30.517738029988777,
      29.42655408429677,
      29.414103589802423,
      29.404961385418922,
      29.36771906810844,
      28.20774826551097,
      28.184092967980604,
      27.010816154538738,
      24.819543733069647,
      23.68727550726702
    ],
    [
      47.13271090677359,
      47.06401248387727,
      44.040780170876374,
      44.02265873573269,
      42.70984703659852,
      42.58440560173054,
      41.26711041639376,
      41.261819353742055,
      41.21908125532163,
      41.19487094953805,
      39.8183842515925,
      39.80158899367505,
      39.75281063727257,
      38.42293296531338,
      38.39549876226295,
      38.343614961585565,
      38.30013397310043,
      37.06882138019988,
      37.03159066312937,
      37.02117743833732,
      36.988599686721244,
      35.718118690480516,
      35.70567174472098,
      35.69093046214604,
      35.65563228124862,
      34.48473002837705,
      34.46078639556529,
      34.404926577763334,
      34.393661532545686,
      34.372430255932564,
      34.34868360988383,
      34.325718416818106,
      33.18007809047594,
      33.15267646334689,
      33.1401092227982,
      33.12608750804905,
      33.12527066866999,
      33.04372009229566,
      33.007985453235875,
      31.879102573253654,
      31.843903315361995,
      31.808379344767275,
      30.63978214118941,
      30.61741085528833,
      30.57863293222452,
      28.24003438202318,
      28.184092967980604,
      27.074751657457206,
      27.027474997702914,
      27.010816154538738
    ],
    [
      41.4234675560782,
      38.85890500340894,
      38.41730156773086,
      37.88575698187497,
      37.51606427214799,
      37.349327579207305,
      36.74749365546669,
      36.16381490716153,
      35.89467168306945,
      35.67473422768109,
      35.14022877046768,
      34.66822615814408,
      34.39451176732855,
      34.088939501581,
      33.593636905057245,
      33.41574927224834,
      33.28587718333323,
      33.16858217784138,
      33.094852553705785,
      32.604366098411774,
      32.593004224068174,
      32.36153009159744,
      32.11321177564101,
      31.759916072228382,
      31.622979418407446,
      31.569933409036768,
      31.52996100007137,
      30.67231898142145,
      30.619036148909867,
      30.567733747080975,
      30.446002932542818,
      30.37271724377715,
      30.346855304060437,
      30.16378097727513,
      30.092060587066424,
      30.083767875475502,
      29.18708640341452,
      28.953461539441562,
      28.94060310936562,
      28.45062771263447,
      28.21863066424935,
      28.184507573865258,
      27.900371866799233,
      27.767350083451582,
      25.012003382517996,
      24.840527872076635,
      24.62197913625064,
      23.697455413781086,
      23.112871165348203,
      23.072673581251617
    ],
    [
      42.619622127049105,
      41.261819353742055,
      41.15366235967447,
      39.83719504061066,
      38.470171898279084,
      38.40282856651348,
      37.07313399848179,
      37.03159066312937,
      37.00598303511488,
      36.988599686721244,
      35.77346142024508,
      35.718118690480516,
      35.687191209980696,
      35.6536929936172,
      34.468505679048405,
      34.4647975655861,
      34.418668028001925,
      34.411407658735975,
      34.404926577763334,
      34.39548420127613,
      34.38128383682037,
      34.369235173930015,
