{
  "test_loss_values": [
    10.160689883680526,
    3.0318614907548995,
    0.8507108092308044,
    5.172194475180984,
    1.940729505091118,
    0.6799878478050232
  ],
  "log_exp_r_n_values": [
    7410020.131619635,
    5572141.424502173,
    -Infinity,
    6613068.812867927,
    -Infinity,
    -Infinity
  ],
  "log_exp_r_n_acc_values": [
    -Infinity,
    -Infinity,
    -Infinity,
    -Infinity,
    -Infinity,
    -Infinity
  ],
  "model_data_levels": [
    0,
    2940,
    29940,
    540,
    5940,
    59940
  ],
  "loss_landscape_data_param": 0,
  "train_loss_values": [
    1.0728695087891538e-05,
    0.0009606432868167758,
    0.15615472197532654,
    0.00015237093612086028,
    0.012338567525148392,
    0.1521558314561844
  ],
  "num_params": 1707274,
  "dataset_type": "data",
  "top_r_vals": [
    [
      76.72808339072544,
      70.57347392306112,
      70.54340998915531,
      70.52902041395252,
      64.58707682291667,
      64.58057846257717,
      64.57796223958334,
      64.57327232831791,
      64.5658878279321,
      64.54964795524693,
      64.54372829861111,
      64.54257691936729,
      64.54171489197532,
      64.53953872492285,
      64.53926142939815,
      64.52833839699075,
      64.52806110146605,
      64.52689766589506,
      64.52547501929013,
      64.52262972608025,
      64.51992308063272,
      64.51433497299384,
      64.5129726080247,
      64.5055217978395,
      64.50429808063272,
      64.50077160493828,
      64.49494839891976,
      64.4866355613426,
      64.47412712191358,
      64.47234881365742,
      64.44596354166667,
      58.864056940140046,
      58.85710330399163,
      58.838538303848146,
      58.83835155532599,
      58.83652251832961,
      58.830206024197956,
      58.829810556739275,
      58.82900314401114,
      58.82592728599921,
      58.8214617992783,
      58.81874296049989,
      58.815881314028076,
      58.81470040425563,
      58.81347006105086,
      58.81058644416466,
      58.80924624888804,
      58.80920230805929,
      58.80724144857668,
      58.80519270743659
    ],
    [
      26.147898253367014,
      26.14298420401937,
      26.140975131683003,
      26.133026723995012,
      26.131320355145533,
      26.131198297287916,
      26.130194981698306,
      26.126528363655506,
      22.555216458899288,
      22.551385585853808,
      22.54962591010325,
      22.54659067992106,
      22.545536137395903,
      22.544077458813202,
      22.539029967844485,
      22.53841534425697,
      22.538162759221002,
      22.537266082343326,
      22.537150314201842,
      22.536771436647893,
      22.535956849906903,
      22.534757070986068,
      22.533734101590404,
      22.533235246144372,
      22.532386981398588,
      22.529894809043725,
      22.529595916751166,
      22.529307548835106,
      22.52794148476559,
      22.527259505168484,
      22.52669960833876,
      22.52669750346346,
      22.525653485314802,
      22.52211308506068,
      22.52056600171539,
      22.516617255653127,
      22.51639203399606,
      22.515255401334212,
      22.513480991456554,
      22.512866367869037,
      22.512039151876248,
      22.50988796931994,
      19.225109762396695,
      19.21793754304408,
      19.21555935778237,
      19.214990817263548,
      19.212406379132233,
      19.212124799127643,
      19.212006427915522,
      19.211925720270894
    ],
    [
      0.0,
      0.0,
      0.0,
      0.0,
      0.0,
      0.0,
      0.0,
      0.0,
      0.0,
      0.0,
      0.0,
      0.0,
      0.0,
      0.0,
      0.0,
      0.0,
      0.0,
      0.0,
      0.0,
      0.0,
      0.0,
      0.0,
      0.0,
      0.0,
      0.0,
      0.0,
      0.0,
      0.0,
      0.0,
      0.0,
      0.0,
      0.0,
      0.0,
      0.0,
      0.0,
      0.0,
      0.0,
      0.0,
      0.0,
      0.0,
      0.0,
      0.0,
      0.0,
      0.0,
      0.0,
      0.0,
      0.0,
      0.0,
      0.0,
      0.0
    ],
    [
      48.10904658963372,
      43.213443472365704,
      43.187282089359506,
      43.18465505552686,
      38.55312821086896,
      38.55032423050742,
      38.5413399750743,
      38.5331224049005,
      38.531887789670705,
      38.530185244470445,
      38.528669871258366,
      38.52745325333513,
      38.52340385935987,
      38.52307990784185,
      38.5197036131318,
      38.50474785138316,
      38.50054368057151,
      38.498333611326345,
      38.49725017347163,
      38.49431301304157,
      38.493240373570785,
      38.49151623160265,
      38.47331735521249,
      34.15358126721763,
      34.153303872053876,
      34.152768212427304,
      34.15275864707683,
      34.15024614835221,
      34.14866148862362,
      34.14781017243139,
      34.145919421487605,
      34.14529767370677,
      34.14171704417917,
      34.140298183858796,
      34.137281910009186,
      34.136660162228345,
      34.1352699979594,
      34.13486825323947,
      34.13376823793491,
      34.133289970411184,
      34.13229517396184,
      34.13056703397613,
      34.13044268441996,
      34.129234261810026,
      34.12919600040813,
      34.128306422814,
      34.12767192123253,
      34.12668350168351,
      34.126154218957254,
      34.124432455871855
    ],
    [
      0.0,
      0.0,
      0.0,
      0.0,
      0.0,
      0.0,
      0.0,
      0.0,
      0.0,
      0.0,
      0.0,
      0.0,
      0.0,
      0.0,
      0.0,
      0.0,
      0.0,
      0.0,
      0.0,
      0.0,
      0.0,
      0.0,
      0.0,
      0.0,
      0.0,
      0.0,
      0.0,
      0.0,
      0.0,
      0.0,
      0.0,
      0.0,
      0.0,
      0.0,
      0.0,
      0.0,
      0.0,
      0.0,
      0.0,
      0.0,
      0.0,
      0.0,
      0.0,
      0.0,
      0.0,
      0.0,
      0.0,
      0.0,
      0.0,
      0.0
    ],
    [
      0.0,
      0.0,
      0.0,
      0.0,
      0.0,
      0.0,
      0.0,
      0.0,
      0.0,
      0.0,
      0.0,
      0.0,
      0.0,
      0.0,
      0.0,
      0.0,
      0.0,
      0.0,
      0.0,
      0.0,
      0.0,
      0.0,
      0.0,
      0.0,
      0.0,
      0.0,
      0.0,
      0.0,
      0.0,
      0.0,
      0.0,
      0.0,
      0.0,
      0.0,
      0.0,
      0.0,
      0.0,
      0.0,
      0.0,
      0.0,
      0.0,
      0.0,
      0.0,
      0.0,
      0.0,
      0.0,
      0.0,
      0.0,
      0.0,
      0.0
    ]
  ],