{
  "test_loss_values": [
    0.5249067777395249,
    0.5217496910691262,
    0.35056384205818175,
    0.4970983549952507,
    0.17683035135269165,
    0.22684131264686586,
    0.5468985334038734,
    0.43584612011909485
  ],
  "log_exp_r_n_values": [
    785108.3541683132,
    785627.8179866874,
    754947.570727886,
    794805.4399854622,
    574750.5626522788,
    711167.8894833252,
    704670.3156534885,
    775398.2709922497
  ],
  "log_exp_r_n_acc_values": [
    -Infinity,
    -Infinity,
    -Infinity,
    -Infinity,
    -Infinity,
    -Infinity,
    -Infinity,
    -Infinity
  ],
  "model_data_levels": [
    200,
    100,
    2000,
    500,
    10000,
    5000,
    0,
    1000
  ],
  "loss_landscape_data_param": 100,
  "train_loss_values": [
    0.003103947266936302,
    0.0028842189349234104,
    0.010581718757748604,
    0.004170234780758619,
    0.07791875302791595,
    0.03734103590250015,
    0.0724729374051094,
    0.00577338645234704
  ],
  "num_params": 235146,
  "dataset_type": "data",
  "top_r_vals": [
    [
      28.186099309360873,
      27.04589062874216,
      27.04224257019926,
      25.94344060519305,
      24.841230259571155,
      24.746129137166676,
      24.731432173318993,
      23.753594904583377,
      23.716797873731885,
      23.671313318121705,
      22.64248406233527,
      22.608872371997343,
      22.608801127581856,
      21.61950912315681,
      21.614286365751298,
      21.612899792988774,
      21.609828942135298,
      21.570337446719503,
      21.56955036276901,
      20.603948696259103,
      20.60163247981748,
      20.59058899818167,
      20.57276009052728,
      20.569617394169686,
      20.567705349724587,
      20.567308950266458,
      20.561072783627772,
      19.60946057036123,
      19.59158943468915,
      19.59055124673304,
      19.573412514440925,
      19.566861573097903,
      19.565626104770082,
      18.642104964982245,
      18.63342422327759,
      18.616565580563833,
      17.71894702760623,
      17.6795600168073,
      17.66398882194618,
      17.645545530041066,
      16.806548739354998,
      16.791745153172673,
      16.785817177776543,
      16.760593478942933,
      15.899316186775586,
      15.873543910566495,
      15.820395394746187,
      15.01429188790633,
      15.011340889502426,
      12.540891486326103
    ],
    [
      28.248434382970125,
      28.205218144743817,
      28.186099309360873,
      27.04589062874216,
      25.957552211976576,
      25.921872056206954,
      25.84281998950271,
      24.845573182738296,
      24.760855750867098,
      24.746129137166676,
      23.671313318121705,
      22.65433770818381,
      22.651118885492156,
      22.64248406233527,
      22.609724455206553,
      22.608899444875227,
      22.608872371997343,
      21.61950912315681,
      21.614286365751298,
      21.60725698559932,
      21.588547769000662,
      21.58524990084195,
      20.60163247981748,
      20.58341364982029,
      20.5823229035989,
      20.567705349724587,
      20.556135926324067,
      19.6111349875161,
      19.60946057036123,
      19.60123521186334,
      19.576260749807457,
      19.573412514440925,
      19.5703250766237,
      19.566861573097903,
      18.642104964982245,
      18.622306638202154,
      18.616565580563833,
      17.72728734815823,
      17.71894702760623,
      17.711672754697837,
      17.66398882194618,
      17.645545530041066,
      16.785817177776543,
      16.767655566022786,
      16.760593478942933,
      16.71151334522186,
      15.899316186775586,
      15.881385953302157,
      14.16858891626099,
      13.336944168563598
    ],
    [
      24.793086701314113,
      23.684152891893515,
      22.66985901654156,
      21.6097269882557,
      20.621287933994626,
      20.553449218885632,
      19.631070169077173,
      19.609532084495974,
      19.593279880874224,
      19.58695704496099,
      19.55249709603293,
      19.54088468015328,
      18.63296475112687,
      18.611771598174954,
      18.598234751571244,
      18.598212481237407,
      18.598153875095733,
      17.697059667374443,
      17.693327387837233,
      17.692192347548634,
      17.69011477870666,
      17.680472500176567,
      17.67410959785284,
      17.67225792428399,
      17.66757532670123,
      17.657977559554997,
      16.779777373693463,
      16.77912011641071,
      16.75026093026351,
      16.744859393686152,
      16.741895933481892,
      15.910363160119852,
      15.874719417991338,
      15.86918744209821,
      15.854464136697148,
      15.836999312280623,
      15.031655200012214,
      15.025484158244359,
      15.020179724453081,
      15.013493249182817,
      14.985032068479274,
      14.979401004666324,
      14.153442783538253,
      14.152845917938663,
      13.359842073610041,
      13.338186202628789,
      12.548255568041212,
      11.769332732772838,
      11.030908325808733,
      10.986385690795965
    ],
    [
      29.372753663965046,
      27.083676888880646,
      27.04589062874216,
      25.903750691960905,
      24.759509023345274,
      23.753594904583377,
      23.658521486199845,
      22.651118885492156,
      22.65101201886893,
      22.608872371997343,
      22.58193485850213,
      21.639471692781985,
      21.612899792988774,
      21.60159106866383,
      20.602264646273582,
      20.602189511735766,
      20.59728763085484,
      20.59058899818167,
      20.57276009052728,
      20.569617394169686,
      20.554656553182944,
      20.554567168991404,
      19.6111349875161,
      19.608930379362267,
      19.60123521186334,
      19.59158943468915,
      19.59055124673304,
      19.58350093944913,
      19.576638048518348,
      19.576260749807457,
      19.5703250766237,
      19.566861573097903,
      19.564931924462137,
      18.606975271540406,
      18.599573315847064,
      17.72728734815823,
      17.71894702760623,
      17.698356061429557,
      17.66398882194618,
      17.645545530041066,
      16.791745153172673,
      16.785817177776543,
      16.767655566022786,
      16.760593478942933,
      15.899316186775586,
      15.867527549710708,
      15.011340889502426,
      14.953691634694508,
      14.16858891626099,
      12.540891486326103
    ],
    [
      11.521849274722632,
      10.234326165502399,
      9.9423619979119,
      9.399758266188172,
      9.25729382804292,
      9.101197903006547,
      8.980726971262426,
      8.863188003083057,
      8.85943795225758,
      8.832160498296545,
      8.582137318904298,
      8.45943129133497,
      8.21200188796545,
      8.209351839542089,
      8.199811561861967,
      8.092608277541776,
      8.075246475382512,
      8.074120367695345,
      7.963356750143537,
      7.9500321141962775,
      7.852475878975675,
      7.8445017577992395,
      7.840348487485858,
      7.830551977779801,
      7.59907861203951,
      7.591802313636728,
      7.58356230823556,
      7.460381866828353,
      7.2313854583544925,
      7.225157867432466,
      7.128803330335368,
      7.00858031807145,
      6.877640159790015,
      6.874097148905495,
      6.7745153560502605,
      6.7516059510187425,
      6.663775301378236,
      6.655203795202772,
      6.642097683059696,
      6.543902487146023,
      6.220240183130228,
      5.878228866246792,
      5.876048812518608,
      5.672721377944669,
      5.562205001209283,
      5.4634919255104615,
      5.453916629586684,
      5.256180955339097,
      5.039504668440611,
      4.386228809763519
    ],
    [
      20.581322836992115,
      17.68959510830002,
      16.79389838289033,
      16.784768520089454,
      16.759090121594745,
      16.738650791585027,
      15.883720988441738,
      15.854680861515492,
      15.837522647786672,
      15.009921087327292,
      15.006825654260625,
      14.978836482258922,
      14.960989833242355,
      14.183448197158253,
      14.16189244057126,
      14.156144713931623,
      14.145435876061958,
      14.136164860696383,
      14.135086048396227,
      13.347828750878143,
