{
  "test_loss_values": [
    0.5249067777395249,
    0.5217496910691262,
    0.35056384205818175,
    0.4970983549952507,
    0.17683035135269165,
    0.22684131264686586,
    0.5468985334038734,
    0.43584612011909485
  ],
  "log_exp_r_n_values": [
    874298.5194047195,
    866087.6023634359,
    866119.3219412691,
    874298.5194047195,
    849649.6905141429,
    857795.3524280376,
    866087.6023634359,
    866119.3219412691
  ],
  "log_exp_r_n_acc_values": [
    -Infinity,
    -Infinity,
    -Infinity,
    -Infinity,
    -Infinity,
    -Infinity,
    -Infinity,
    -Infinity
  ],
  "model_data_levels": [
    200,
    100,
    2000,
    500,
    10000,
    5000,
    0,
    1000
  ],
  "loss_landscape_data_param": 200,
  "train_loss_values": [
    0.0031982643995434046,
    0.06945611536502838,
    0.010858296416699886,
    0.004301673267036676,
    0.07822948694229126,
    0.03775392472743988,
    0.13916897773742676,
    0.005993920844048262
  ],
  "num_params": 235146,
  "dataset_type": "data",
  "top_r_vals": [
    [
      41.18713267319539,
      41.18157718703047,
      38.44925791015379,
      38.364412948852305,
      38.32289430822454,
      37.05749667770608,
      36.986427059565166,
      36.9444850984148,
      34.45877323414092,
      34.41646004450423,
      34.34738912544106,
      33.17650858574042,
      33.13210336337388,
      33.11264299867744,
      33.06338466683686,
      31.87676744795078,
      31.863472266719903,
      31.819028718788026,
      31.805242459703756,
      31.804081912450226,
      30.642398417993896,
      30.63989388202495,
      30.63978214118941,
      30.62252974149563,
      30.61185849170179,
      30.610236323020363,
      30.596014411849005,
      30.591340562417727,
      30.58849695080991,
      30.57863293222452,
      30.571290788703244,
      29.427806719870063,
      29.414103589802423,
      29.376626287679816,
      29.36252164813004,
      28.200241352806746,
      27.10606231577712,
      27.05606365620477,
      27.045808917678205,
      27.021988440220987,
      26.993774290762264,
      25.97710528303519,
      25.954224064363313,
      25.945061466892014,
      25.90607436190157,
      24.842681541836853,
      23.72870946529523,
      23.63293633042332,
      22.65793412627754,
      20.58714705909588
    ],
    [
      39.7737646494239,
      38.44925791015379,
      38.395614763121515,
      38.32289430822454,
      37.05749667770608,
      37.00648889358362,
      35.77137157378247,
      35.613262329579356,
      34.347280890955886,
      34.345412763741656,
      33.17650858574042,
      33.12997791396919,
      31.87004469235778,
      31.863472266719903,
      31.85132560634615,
      31.827230721139408,
      31.805242459703756,
      31.804081912450226,
      31.804043828861595,
      30.63989388202495,
      30.62252974149563,
      30.583457053813934,
      29.425651150530502,
      29.414103589802423,
      29.399628895430407,
      29.39807096462877,
      29.3844122411398,
      29.377192471557848,
      29.36771906810844,
      29.36252164813004,
      29.36066767347061,
      28.24003438202318,
      28.237623221320167,
      28.189815479722732,
      27.074562700621804,
      27.037470984526955,
      25.954224064363313,
      25.945061466892014,
      25.9169899033632,
      25.907166894435075,
      25.884349270940522,
      25.857322951223612,
      24.85994243768727,
      24.848246351040597,
      24.791966248984252,
      23.75083035308452,
      23.63293633042332,
      21.620580318585112,
      21.616330880883492,
      19.595142947384538
    ],
    [
      39.77913021855287,
      37.08833073284924,
      35.72220175609617,
      35.67303193840986,
      34.345412763741656,
      34.3268527142228,
      33.10195740598407,
      31.912758443606073,
      31.86800020496814,
      31.804043828861595,
      31.766150658174173,
      30.668185505643393,
      30.63989388202495,
      30.61449981386596,
      30.591340562417727,
      30.571290788703244,
      30.569090650182833,
      30.568957717119865,
      29.419445331161494,
      29.413378282350827,
      29.39807096462877,
      29.3844122411398,
      28.238928230979013,
      28.236859746281656,
      28.2257787050832,
      28.200241352806746,
      28.185714020794926,
      28.18126811033812,
      27.07562324213941,
      27.048638163267704,
      27.02799590573564,
      27.027474997702914,
      27.014498259358287,
      25.97710528303519,
      25.945061466892014,
      25.918909173201907,
      25.874622470101173,
      25.857322951223612,
      24.838045241179447,
      24.81822353436343,
      24.80241236026015,
      24.79301179642298,
      24.771175460139204,
      23.75615058548869,
      22.683515146101897,
      22.637207700924385,
      20.59923594714578,
      19.610503690326635,
      19.595142947384538,
      19.531352339192825
    ],
    [
      41.18713267319539,
      41.18157718703047,
      39.83470629786022,
      39.746804104215926,
      39.72525669967842,
      37.05749667770608,
      36.96643982218726,
      35.655744638585325,
      35.613262329579356,
      34.41646004450423,
      33.17650858574042,
      33.13210336337388,
      33.12527066866999,
      33.11264299867744,
      31.907180200071394,
      31.827230721139408,
      31.819028718788026,
      31.804081912450226,
      31.803943608891515,
      30.642398417993896,
      30.63989388202495,
      30.63978214118941,
      30.63895371775353,
      30.626930018536456,
      30.62252974149563,
      30.61185849170179,
      30.610236323020363,
      30.599220217889258,
      30.57863293222452,
      30.573221207965464,
      30.571290788703244,
      29.407699791103518,
      29.3844122411398,
      29.377192471557848,
      29.376626287679816,
      29.359625969145995,
      28.238928230979013,
      27.118821157951196,
      27.10606231577712,
      27.085368988830083,
      27.021988440220987,
      26.993774290762264,
      25.954224064363313,
      25.907166894435075,
      25.90607436190157,
      24.842681541836853,
      23.724045683327915,
      22.662388327133716,
      22.570919046979704,
      20.58714705909588
    ],
    [
      37.08833073284924,
      35.70204484989233,
      33.12511438562553,
      33.06158636993858,
      30.550776712551443,
      29.392677415594584,
      29.379923476145997,
      28.230904640981286,
      28.225082699931818,
      28.13887393942072,
      27.103146252182167,
      27.098408712786508,
      27.07341023415725,
      27.058067279585543,
      27.010848498501556,
      27.010816154538738,
      25.93572602099004,
      25.932810426706595,
      25.92567798297293,
      25.912112642456158,
      25.908504023804444,
      25.886191900437332,
      25.875540523558435,
      25.87356581177026,
      24.807813315014535,
      24.772600213589293,
      24.76430917845203,
      23.738014650237687,
      23.728543860753202,
      23.72744729013709,
      23.705823215973872,
      23.69603613673345,
      23.6877320387072,
      23.68727550726702,
      23.680093342714674,
      23.673567628599187,
      22.679281802933726,
      22.62881225900353,
      22.59460781512876,
      21.596557265781836,
      20.636821351976444,
      20.62711215609839,
      20.581260656684957,
      19.62878541577233,
      19.610503690326635,
      19.596967790822834,
      19.572286783319868,
      18.638571014639343,
      18.62763276435743,
      17.627045486121524
    ],
    [
      38.395614763121515,
      37.08833073284924,
      35.6536929936172,
      34.411407658735975,
      33.10195740598407,
      31.78502809173853,
      30.668185505643393,
      30.63989388202495,
      30.583875118664135,
      29.413378282350827,
      29.372352154482915,
      29.36066767347061,
      29.35851950522749,
      29.32354007315502,
      28.230904640981286,
      28.22909360716901,
      28.192979462324182,
      27.103146252182167,
      27.07562324213941,
      27.072579505007024,
