{
  "test_loss_values": [
    0.5053501403331757,
    0.5096367439627647,
    0.35040210038423536,
    0.4788105472922325,
    0.17469313740730286,
    0.22900671362876893,
    0.5299291774630547,
    0.4397405803203583
  ],
  "log_exp_r_n_values": [
    -Infinity,
    -Infinity,
    794995.8963035304,
    579680.655036216,
    796932.5985430777,
    822942.2555635843,
    -Infinity,
    734023.1468972772
  ],
  "log_exp_r_n_acc_values": [
    -Infinity,
    -Infinity,
    -Infinity,
    -Infinity,
    -Infinity,
    -Infinity,
    -Infinity,
    -Infinity
  ],
  "model_data_levels": [
    200,
    100,
    2000,
    500,
    10000,
    5000,
    0,
    1000
  ],
  "loss_landscape_data_param": 5000,
  "train_loss_values": [
    0.42796918749809265,
    0.4489584267139435,
    0.170318141579628,
    0.3882681429386139,
    0.06602536886930466,
    0.03522930294275284,
    0.4800786077976227,
    0.29292428493499756
  ],
  "num_params": 235146,
  "dataset_type": "data",
  "top_r_vals": [
    [
      0.0,
      0.0,
      0.0,
      0.0,
      0.0,
      0.0,
      0.0,
      0.0,
      0.0,
      0.0,
      0.0,
      0.0,
      0.0,
      0.0,
      0.0,
      0.0,
      0.0,
      0.0,
      0.0,
      0.0,
      0.0,
      0.0,
      0.0,
      0.0,
      0.0,
      0.0,
      0.0,
      0.0,
      0.0,
      0.0,
      0.0,
      0.0,
      0.0,
      0.0,
      0.0,
      0.0,
      0.0,
      0.0,
      0.0,
      0.0,
      0.0,
      0.0,
      0.0,
      0.0,
      0.0,
      0.0,
      0.0,
      0.0,
      0.0,
      0.0
    ],
    [
      0.0,
      0.0,
      0.0,
      0.0,
      0.0,
      0.0,
      0.0,
      0.0,
      0.0,
      0.0,
      0.0,
      0.0,
      0.0,
      0.0,
      0.0,
      0.0,
      0.0,
      0.0,
      0.0,
      0.0,
      0.0,
      0.0,
      0.0,
      0.0,
      0.0,
      0.0,
      0.0,
      0.0,
      0.0,
      0.0,
      0.0,
      0.0,
      0.0,
      0.0,
      0.0,
      0.0,
      0.0,
      0.0,
      0.0,
      0.0,
      0.0,
      0.0,
      0.0,
      0.0,
      0.0,
      0.0,
      0.0,
      0.0,
      0.0,
      0.0
    ],
    [
      29.396553739857573,
      28.224949535680913,
      28.205218144743817,
      27.094934290254514,
      26.97863391153662,
      25.962090298604558,
      25.957552211976576,
      25.872158564641282,
      24.81822353436343,
      24.797744849231435,
      24.760855750867098,
      23.705823215973872,
      23.68727550726702,
      22.671275355521423,
      22.655791094259722,
      22.619834037764,
      22.610526667324923,
      22.609724455206553,
      22.59460781512876,
      21.65577207905202,
      21.645583488017586,
      21.627707574461503,
      21.6212763237365,
      21.612899792988774,
      21.588547769000662,
      21.556628048376304,
      20.59058899818167,
      20.581322836992115,
      20.567705349724587,
      20.561072783627772,
      19.610503690326635,
      19.610366827068763,
      19.600751874952653,
      18.640739441881255,
      18.62152131590373,
      18.606975271540406,
      18.598234751571244,
      17.697602706257616,
      17.695001015870613,
      17.69011477870666,
      17.680472500176567,
      17.669558308852483,
      17.66398882194618,
      17.659092569720855,
      16.767655566022786,
      16.756132991316164,
      16.73961399527548,
      15.899316186775586,
      15.002531319091286,
      13.293526685863114
    ],
    [
      11.76596757351234,
      10.31677760409844,
      9.619224382847813,
      9.592367767405653,
      9.586425140088792,
      8.930550439024042,
      8.291614115080153,
      7.660353004033839,
      7.652187253492008,
      7.071272515608822,
      7.062108595742531,
      7.059431550418549,
      7.053580757114719,
      7.052972196488093,
      7.0493217204900125,
      6.479727293300477,
      6.468885130889609,
      6.4680396411603205,
      5.939037646372173,
      5.934503662559422,
      5.931861822534272,
      5.930070011228213,
      5.925586007164632,
      5.922483532884074,
      5.92061675195426,
      5.9144349283517155,
      5.395810862122869,
      5.3949955709323545,
      5.3923811336132115,
      5.389157012094076,
      5.385956339967247,
      4.901198722392586,
      4.891054504029255,
      4.428744709433632,
      4.423750253967653,
      4.422419641786192,
      4.421565857804402,
      4.419307183269322,
      4.414337765456769,
      3.9708084018208583,
      3.9692501304023255,
      3.9680164468453683,
      3.963616034174287,
      3.542261257120095,
      3.538543318941154,
      3.1376586923310015,
      3.1312520122597913,
      3.1306978516956643,
      2.7539298196100344,
      2.392590661551121
    ],
    [
      29.639668522908302,
      28.683669631545605,
      28.503506788023362,
      27.572564628714282,
      27.220500577712954,
      26.79340456987336,
      25.754601897068216,
      25.714705077897005,
      24.831703487747596,
      24.76623280337786,
      24.619876888508283,
      24.574954114402622,
      24.360206834712592,
      24.16417999329194,
      24.16209518430981,
      24.113883026192795,
      23.566292001108653,
      23.546829878552227,
      23.532217746537047,
      23.36353194636298,
      23.065677768741548,
      22.637230928140983,
      22.490087067898827,
      22.429028080899588,
      22.023226717653657,
      21.847394284925564,
      21.834963476266395,
      21.63051007735826,
      20.639176427178903,
      20.591281909059646,
      20.209722924113585,
      20.040159516208107,
      19.420182027858058,
      19.410483685794148,
      19.27768030607638,
      19.250622899717552,
      19.066646853647356,
      18.874409078697045,
      18.843697719924503,
      18.66264794427576,
      18.48961200316263,
      18.303151916819417,
      17.88626351576802,
      17.730084566092295,
      17.546214519054057,
      17.532858538833384,
      16.792782103700688,
      16.07164990614089,
      15.570755731325812,
      14.32994099491994
    ],
    [
      33.10632291235938,
      33.10195740598407,
      30.668185505643393,
      30.66425338417215,
      30.56729509054971,
      29.413239511792487,
      29.32354007315502,
      28.26874104347112,
      28.186099309360873,
      27.066869944413046,
      27.065133584303968,
      27.027474997702914,
      27.01183413821053,
      25.94344060519305,
      25.88175491383484,
      25.87356581177026,
      24.85994243768727,
      24.829276687361215,
      24.81822353436343,
      24.807201591736952,
      24.797744849231435,
      24.795605378278456,
      24.793086701314113,
      24.746129137166676,
      24.745311425438477,
      23.704567008546977,
      22.68859629781435,
      22.61952483700079,
      22.610526667324923,
      21.6212763237365,
      21.62042942684331,
      21.588547769000662,
      21.583243448491476,
      20.603285439649422,
      20.602264646273582,
      20.60163247981748,
      20.59923594714578,
      20.59354774446392,
      20.59058899818167,
      20.569617394169686,
      20.557433940235985,
      19.58871407327151,
      19.58350093944913,
      19.56419458907288,
      18.659614135868573,
      18.62936750615096,
      18.605905123393452,
      17.656706759545607,
      16.766094184355893,
      15.820395394746187
    ],
    [
      0.0,
      0.0,
      0.0,
      0.0,
      0.0,
      0.0,
      0.0,
      0.0,
      0.0,
      0.0,
      0.0,
      0.0,
      0.0,
      0.0,
      0.0,
      0.0,
      0.0,
      0.0,
      0.0,
      0.0,
      0.0,
      0.0,
      0.0,
      0.0,
      0.0,
      0.0,
      0.0,
      0.0,
      0.0,
      0.0,
      0.0,
      0.0,
      0.0,
      0.0,
      0.0,
      0.0,
      0.0,
      0.0,
      0.0,
      0.0,
      0.0,
      0.0,
      0.0,
      0.0,
      0.0,
      0.0,
      0.0,
      0.0,
      0.0,
      0.0
    ],
    [
      22.682189999973858,
      21.636697187871874,
      21.6097269882557,
      21.597468053772907,
      20.624893096386703,
