{
  "test_loss_values": [
    0.5004135519266129,
    0.5037397129833698,
    0.34344325959682465,
    0.472473981231451,
    0.1695643812417984,
    0.2279261529445648,
    0.5297454953193664,
    0.42469351887702944
  ],
  "log_exp_r_n_values": [
    -Infinity,
    -Infinity,
    734023.1468972772,
    -Infinity,
    623646.3705683955,
    663413.0336988894,
    -Infinity,
    -Infinity
  ],
  "log_exp_r_n_acc_values": [
    -Infinity,
    -Infinity,
    -Infinity,
    -Infinity,
    -Infinity,
    -Infinity,
    -Infinity,
    -Infinity
  ],
  "model_data_levels": [
    200,
    100,
    2000,
    500,
    10000,
    5000,
    0,
    1000
  ],
  "loss_landscape_data_param": 2000,
  "train_loss_values": [
    0.3137044608592987,
    0.3431882858276367,
    0.010577197186648846,
    0.273686945438385,
    0.06660022586584091,
    0.03502284362912178,
    0.3955133557319641,
    0.15830403566360474
  ],
  "num_params": 235146,
  "dataset_type": "data",
  "top_r_vals": [
    [
      0.0,
      0.0,
      0.0,
      0.0,
      0.0,
      0.0,
      0.0,
      0.0,
      0.0,
      0.0,
      0.0,
      0.0,
      0.0,
      0.0,
      0.0,
      0.0,
      0.0,
      0.0,
      0.0,
      0.0,
      0.0,
      0.0,
      0.0,
      0.0,
      0.0,
      0.0,
      0.0,
      0.0,
      0.0,
      0.0,
      0.0,
      0.0,
      0.0,
      0.0,
      0.0,
      0.0,
      0.0,
      0.0,
      0.0,
      0.0,
      0.0,
      0.0,
      0.0,
      0.0,
      0.0,
      0.0,
      0.0,
      0.0,
      0.0,
      0.0
    ],
    [
      0.0,
      0.0,
      0.0,
      0.0,
      0.0,
      0.0,
      0.0,
      0.0,
      0.0,
      0.0,
      0.0,
      0.0,
      0.0,
      0.0,
      0.0,
      0.0,
      0.0,
      0.0,
      0.0,
      0.0,
      0.0,
      0.0,
      0.0,
      0.0,
      0.0,
      0.0,
      0.0,
      0.0,
      0.0,
      0.0,
      0.0,
      0.0,
      0.0,
      0.0,
      0.0,
      0.0,
      0.0,
      0.0,
      0.0,
      0.0,
      0.0,
      0.0,
      0.0,
      0.0,
      0.0,
      0.0,
      0.0,
      0.0,
      0.0,
      0.0
    ],
    [
      22.682189999973858,
      21.579982283729418,
      21.56828341589188,
      20.62711215609839,
      20.59596629932774,
      19.618193925816268,
      19.604794889570343,
      19.59158943468915,
      19.59055124673304,
      19.58695704496099,
      19.566861573097903,
      19.565626104770082,
      19.56413293895672,
      18.640739441881255,
      18.62936750615096,
      18.62586168675606,
      18.611771598174954,
      18.576053499070714,
      17.711672754697837,
      17.68757317868788,
      17.6795600168073,
      17.67410959785284,
      17.645545530041066,
      16.77912011641071,
      16.770893323006366,
      16.77081419893541,
      16.7613509600489,
      16.747501082668517,
      16.739634040040123,
      15.910363160119852,
      15.901166836952507,
      15.884507989164572,
      15.883720988441738,
      15.883663061992594,
      15.860973871102528,
      15.028288833950691,
      15.019241371153823,
      15.011340889502426,
      14.9976092123485,
      14.98353013679002,
      14.979401004666324,
      14.16904502848038,
      14.16189244057126,
      14.144120990054502,
      14.143848391735883,
      14.126679151883788,
      14.111402065066812,
      12.540891486326103,
      11.755604749231496,
      10.28342978088143
    ],
    [
      0.0,
      0.0,
      0.0,
      0.0,
      0.0,
      0.0,
      0.0,
      0.0,
      0.0,
      0.0,
      0.0,
      0.0,
      0.0,
      0.0,
      0.0,
      0.0,
      0.0,
      0.0,
      0.0,
      0.0,
      0.0,
      0.0,
      0.0,
      0.0,
      0.0,
      0.0,
      0.0,
      0.0,
      0.0,
      0.0,
      0.0,
      0.0,
      0.0,
      0.0,
      0.0,
      0.0,
      0.0,
      0.0,
      0.0,
      0.0,
      0.0,
      0.0,
      0.0,
      0.0,
      0.0,
      0.0,
      0.0,
      0.0,
      0.0,
      0.0
    ],
    [
      14.18497421323601,
      12.547068729325016,
      11.774374547087424,
      11.771300432630925,
      11.76821372845008,
      11.764416075129693,
      11.756441595614499,
      11.752346232341928,
      11.750068232807314,
      11.040546782031626,
      11.035234083271652,
      11.030908325808733,
      11.019685076287335,
      11.010044539373022,
      10.307260301913194,
      10.30694403065229,
      10.300656195051252,
      10.297829196608484,
      10.293577681297949,
      10.290926965197325,
      10.28665211840033,
      10.276941683354941,
      9.619224382847813,
      9.616309861276388,
      9.609079745263694,
      9.59255264377399,
      9.58715679133734,
      9.575033493275107,
      8.949579277567418,
      8.94336535506127,
      8.935323378687023,
      8.930812793405234,
      8.930592573025304,
      8.930550439024042,
      8.925484246712275,
      8.913908070312155,
      8.288169115836723,
      8.283809339839708,
      8.276605733376961,
      8.270970166793651,
      8.265882111809441,
      8.251996363308969,
      7.651841434871681,
      7.649003602962251,
      7.059405805330042,
      7.054251461058432,
      7.043375492806367,
      7.038898954571853,
      5.92061675195426,
      5.918168863194546
    ],
    [
      16.79864160719732,
      16.773276540023602,
      16.764500098073004,
      16.747730014980487,
      15.89838736612554,
      15.879883860551974,
      15.865435206418399,
      15.8491578742093,
      15.846085774940974,
      15.020179724453081,
      15.005039573332864,
      15.003928464848732,
      14.999015798279983,
      14.985893956368834,
      14.179150764841204,
      14.154923366562908,
      14.145435876061958,
      14.13955986786062,
      14.136164860696383,
      14.126212349534258,
      13.36912459982293,
      13.361397133828147,
      13.347399074228564,
      13.34673777501007,
      13.340761744889647,
      13.315837981577415,
      13.300014635429324,
      12.551126392010302,
      12.550634769324006,
      12.549715442791848,
      12.544422015858185,
      12.537305718289941,
      11.789539240348256,
      11.782441598105164,
      11.772991899125419,
      11.766003120969318,
      11.762340251756635,
      11.761107939914762,
      11.758218227891334,
      11.750758445930286,
      11.030321570828193,
      11.028740245348722,
      11.018651666215225,
      11.011646671766695,
      11.005274207509952,
      10.299697011718996,
      10.277281286102308,
      10.266167073288228,
      8.917623165650115,
      7.642263511356591
    ],
    [
      0.0,
      0.0,
      0.0,
      0.0,
      0.0,
      0.0,
      0.0,
      0.0,
      0.0,
      0.0,
      0.0,
      0.0,
      0.0,
      0.0,
      0.0,
      0.0,
      0.0,
      0.0,
      0.0,
      0.0,
      0.0,
      0.0,
      0.0,
      0.0,
      0.0,
      0.0,
      0.0,
      0.0,
      0.0,
      0.0,
      0.0,
      0.0,
      0.0,
      0.0,
      0.0,
      0.0,
      0.0,
      0.0,
      0.0,
      0.0,
      0.0,
      0.0,
      0.0,
      0.0,
      0.0,
      0.0,
      0.0,
      0.0,
      0.0,
      0.0
    ],
    [
      0.0,
      0.0,
      0.0,
      0.0,
      0.0,
      0.0,
      0.0,
      0.0,
      0.0,
      0.0,
      0.0,
      0.0,
      0.0,
      0.0,
      0.0,
      0.0,
      0.0,
      0.0,
      0.0,
      0.0,
      0.0,
      0.0,
      0.0,
      0.0,
      0.0,
      0.0,
      0.0,
      0.0,
      0.0,
      0.0,
      0.0,
      0.0,
      0.0,
      0.0,
      0.0,
      0.0,
      0.0,
      0.0,
      0.0,
      0.0,
      0.0,
      0.0,
      0.0,
      0.0,
      0.0,
      0.0,
      0.0,
      0.0,
      0.0,
      0.0
    ]
  ],