{
  "test_loss_values": [
    4.056186232995242
  ],
  "log_exp_r_n_values": [
    8743.195856508733
  ],
  "log_exp_r_n_acc_values": [
    -Infinity
  ],
  "model_data_levels": [
    0
  ],
  "loss_landscape_data_param": 200,
  "train_loss_values": [
    2.98506236076355
  ],
  "num_params": 4353,
  "dataset_type": "data",
  "top_r_vals": [
    [
      7.459165721887427,
      7.188754611690388,
      6.637067369130853,
      6.571920974021821,
      6.547684804559814,
      6.124074173809578,
      5.808496539960578,
      5.428936935076039,
      5.404820575357546,
      4.8707902675604045,
      4.769503362832654,
      4.689749669085573,
      4.522089168454772,
      4.4655615813988225,
      4.374988540240438,
      4.354353853352852,
      4.295675705622624,
      4.01742975481486,
      3.670843107412734,
      3.611141185328593,
      3.561249555575524,
      3.443104977826322,
      3.3949808042604683,
      3.310611733167101,
      3.2894339855806325,
      3.2465579185956788,
      3.2312062974775246,
      3.094885028015241,
      2.9695461455415684,
      2.8752383615249717,
      2.849806675654007,
      2.7124151861409946,
      2.5176892471805408,
      2.384774349287996,
      2.3390699879175663,
      2.3038113681803636,
      2.182518823909513,
      2.114863705687317,
      2.1086448891717846,
      2.0990053581220183,
      2.0585717628714604,
      1.991326155950344,
      1.9413017097710306,
      1.9063363494084267,
      1.5597890143792703,
      1.5494084165870499,
      1.4864246939568722,
      1.4859675058832498,
      1.3576162944749135,
      1.1876940117690407
    ]
  ],
  "top_r_val_seeds": [
    [
      48,
      11,
      27,
      6,
      30,
      35,
      38,
      20,
      39,
      45,
      31,
      36,
      15,
      47,
      4,
      18,
      22,
      25,
      9,
      21,
      50,
      2,
      16,
      34,
      3,
      49,
      14,
      5,
      32,
      37,
      19,
      13,
      28,
      42,
      29,
      41,
      8,
      40,
      26,
      23,
      12,
      17,
      1,
      10,
      7,
      33,
      44,
      24,
      46,
      43
    ]
  ],
  "test_acc_values": [
    0.7255
  ],
  "loss_predicts_minimas": true,
  "loss_ordering_violations": 0,
  "test_loss_ranks": [
    1
  ],
  "log_exp_r_n_ranks": [
    1
  ],
  "data_level_ranks": [
    1
  ],
  "accuracy_predicts_minimas": true,
  "accuracy_ordering_violations": 0,
  "log_exp_r_n_acc_ranks": [
    1
  ]
}