{
  "test_loss_values": [
    4.553321863338351
  ],
  "log_exp_r_n_values": [
    8489.388039065898
  ],
  "log_exp_r_n_acc_values": [
    -Infinity
  ],
  "model_data_levels": [
    0
  ],
  "loss_landscape_data_param": 0,
  "train_loss_values": [
    1.6808678992674686e-05
  ],
  "num_params": 4353,
  "dataset_type": "data",
  "top_r_vals": [
    [
      7.03668487661694,
      6.358079876532809,
      6.308317258771696,
      6.254958665423942,
      5.962063270465208,
      5.576225951375652,
      5.254240140194303,
      5.056805750006763,
      5.023783529359173,
      4.843633970785873,
      4.7948103041610555,
      4.777625256388191,
      4.6457897615913915,
      4.628813863659548,
      4.474347856007714,
      4.41916511094692,
      4.412493410631564,
      4.350193177763913,
      4.329525721918114,
      4.262477218922908,
      4.1171550586849675,
      4.1168851060552765,
      4.073564399962087,
      3.9368620477926197,
      3.7688427297958778,
      3.7419157407498407,
      3.4200656673618903,
      3.4106425483891667,
      3.3066119936387115,
      3.2312062974775246,
      3.1740645000711405,
      3.0724086598509226,
      3.0697668271611156,
      3.028160637994501,
      2.978780529337777,
      2.975456143557045,
      2.8590611471136955,
      2.852151861429702,
      2.777707136199051,
      2.68854903063651,
      2.5306533869068644,
      2.4189113099586073,
      2.411015745475205,
      2.3801624752292674,
      2.3661064610505647,
      1.7966001879859892,
      1.7209042969868569,
      1.5953903749729132,
      1.4619706602580589,
      1.1201451174316648
    ]
  ],
  "top_r_val_seeds": [
    [
      28,
      50,
      24,
      23,
      13,
      25,
      48,
      15,
      21,
      18,
      17,
      47,
      43,
      11,
      33,
      1,
      40,
      9,
      44,
      41,
      49,
      19,
      6,
      5,
      34,
      42,
      20,
      22,
      16,
      14,
      29,
      27,
      30,
      38,
      2,
      12,
      32,
      36,
      10,
      8,
      26,
      39,
      35,
      7,
      4,
      37,
      46,
      31,
      3,
      45
    ]
  ],
  "test_acc_values": [
    0.721
  ],
  "loss_predicts_minimas": true,
  "loss_ordering_violations": 0,
  "test_loss_ranks": [
    1
  ],
  "log_exp_r_n_ranks": [
    1
  ],
  "data_level_ranks": [
    1
  ],
  "accuracy_predicts_minimas": true,
  "accuracy_ordering_violations": 0,
  "log_exp_r_n_acc_ranks": [
    1
  ]
}