{
  "test_loss_values": [
    0.18557476997375488,
    0.34190634489059446,
    0.09067317843437195
  ],
  "log_exp_r_n_values": [
    677975.2530720666,
    724455.245093542,
    625953.0260254567
  ],
  "log_exp_r_n_acc_values": [
    -Infinity,
    -Infinity,
    -Infinity
  ],
  "model_data_levels": [
    19940,
    5940,
    59940
  ],
  "loss_landscape_data_param": 5940,
  "train_loss_values": [
    0.0006929287919774652,
    0.00028222790569998324,
    0.0022489160764962435
  ],
  "num_params": 235146,
  "dataset_type": "data",
  "top_r_vals": [
    [
      17.884455735045375,
      17.879589708614517,
      17.871842733756246,
      17.86551881028662,
      17.849215542244778,
      17.83648563941977,
      17.832716688940984,
      16.076109326575413,
      16.06670184174845,
      16.059675232438018,
      16.059643958225724,
      16.058790474883782,
      16.058624015366735,
      16.053869326252585,
      16.050694489282026,
      16.049484883458163,
      16.048681842394114,
      16.046614717846076,
      16.045571571539256,
      16.045563500774794,
      16.045536261944733,
      16.044531451769114,
      16.044431576058884,
      16.040732139398244,
      16.039967434465392,
      16.03985545260847,
      16.036825889398244,
      16.035325736053718,
      16.034521686144114,
      16.03384676846591,
      16.031675732825413,
      16.031589980952997,
      16.031163239282026,
      16.031007877066116,
      16.029540006779442,
      16.029436095686982,
      16.027938968879134,
      16.027379059594526,
      16.027375024212294,
      16.02734375,
      16.027154087035125,
      16.02709052976498,
      16.025783065922006,
      16.023876347817666,
      16.02264959161932,
      16.020993067213325,
      16.02086494382748,
      16.019684594524794,
      16.018736279700413,
      16.01772743414256
    ],
    [
      23.930804217303244,
      23.913736979166668,
      23.88737581983025,
      21.857571576471393,
      21.851954016146912,
      21.849042936242757,
      21.847770025360138,
      21.844039174369765,
      21.82790190501428,
      21.820194409022758,
      21.817843574685064,
      21.814995659722225,
      21.8032799362589,
      21.79515362924343,
      21.77779425558856,
      21.77304040717904,
      21.76554986902943,
      19.860317984134277,
      19.857077223465723,
      19.827321261462483,
      19.826720936081145,
      19.819591760805665,
      19.819102283886853,
      19.8177459470813,
      19.81567220899016,
      19.815124194119228,
      19.811179732536864,
      19.81063545413096,
      19.809337655277528,
      19.809304027092267,
      19.808063520702614,
      19.807940217356652,
      19.805328428301326,
      19.803373011602776,
      19.80259582687673,
      19.802290682232687,
      19.796804306081654,
      19.795705785363108,
      19.795588709458862,
      19.794953510403918,
      19.79219226274743,
      19.792086396238272,
      19.789479589136317,
      19.786531518228376,
      19.78641817878916,
      19.78431579446613,
      19.78377898899029,
      19.782563392367493,
      19.778960194591118,
      19.77738838830222
    ],
    [
      14.324805876318628,
      14.323896112472186,
      14.322572410574937,
      14.313577356757884,
      14.312253654860637,
      14.307375484918436,
      14.307254902964505,
      14.304452722333624,
      14.30185391126683,
      14.3014714685025,
      14.29717911088872,
      14.296026383403763,
      14.296022783942451,
      14.295994888117288,
      14.294812465076511,
      14.291807814746866,
      14.289261195869088,
      14.288461215592642,
      14.27907022103134,
      14.278542899949228,
      14.277432466134679,
      14.277283088490258,
      14.271615736655543,
      14.26809006430108,
      14.263329776716825,
      14.262771860213567,
      14.261541744310414,
      14.260102859651203,
      12.70211107284971,
      12.700272931333538,
      12.699861621263137,
      12.698288918222632,
      12.695971712070198,
      12.69467799841853,
      12.69111570247934,
      12.690254023824101,
      12.689485607335987,
      12.689126109580657,
      12.688592841291706,
      12.685241780175494,
      12.684538726915623,
      12.684225461687584,
      12.68400864707683,
      12.683809368941946,
      12.683741614376085,
      12.683344652331396,
      12.68311508392001,
      12.682605729007246,
      12.68247819100092,
      12.682227897663505
    ]
  ],
  "top_r_val_seeds": [
    [
      348,
      66,
      18,
      278,
      82,
      287,
      306,
      246,
      7,
      478,
      46,
      496,
      432,
      105,
      5,
      448,
      87,
      156,
      205,
      422,
      326,
      392,
      71,
      438,
      301,
      499,
      223,
      386,
      59,
      86,
      231,
      407,
      395,
      233,
      270,
      186,
      169,
      124,
      500,
      485,
      286,
      314,
      189,
      210,
      3,
      291,
      316,
      337,
      352,
      382
    ],
    [
      82,
      287,
      96,
      432,
      261,
      248,
      348,
      87,
      223,
      395,
      186,
      485,
      352,
      236,
      6,
      296,
      146,
      419,
      408,
      329,
      46,
      105,
      457,
      74,
      5,
      60,
      66,
      156,
      422,
      326,
      392,
      71,
      27,
      438,
      18,
      499,
      396,
      59,
      278,
      356,
      231,
      407,
      461,
      314,
      451,
      144,
      410,
      210,
      385,
      337
    ],
    [
      46,
      432,
      324,
      66,
      205,
      18,
      301,
      223,
      356,
      429,
      344,
      124,
      500,
      485,
      106,
      3,
      82,
      252,
      287,
      309,
      397,
      81,
      6,
      16,
      96,
      409,
      427,
      109,
      246,
      484,
      182,
      140,
      259,
      7,
      456,
      424,
      329,
      478,
      13,
      199,
      105,
      457,
      342,
      391,
      497,
      248,
      300,
      348,
      334,
      474
    ]
  ],
  "loss_predicts_minimas": true,
  "loss_ordering_violations": 2,
  "test_loss_ranks": [
    2,
    1,
    3
  ],
  "log_exp_r_n_ranks": [
    2,
    1,
    3
  ],
  "data_level_ranks": [
    2,
    3,
    1
  ],
  "accuracy_predicts_minimas": false,
  "accuracy_ordering_violations": 1,
  "log_exp_r_n_acc_ranks": [
    1,
    2,
    3
  ]
}