{
  "test_loss_values": [
    4.094453774392605
  ],
  "log_exp_r_n_values": [
    13106.89642760965
  ],
  "log_exp_r_n_acc_values": [
    -Infinity
  ],
  "model_data_levels": [
    0
  ],
  "loss_landscape_data_param": 200,
  "train_loss_values": [
    3.0963292121887207
  ],
  "num_params": 4353,
  "dataset_type": "data",
  "top_r_vals": [
    [
      20.326018817963238,
      18.487225456959333,
      15.220277287422558,
      13.997228597853155,
      12.679801174325124,
      11.167165476287098,
      11.133647759733952,
      10.332504283606875,
      9.695903588285617,
      8.177055838162051,
      8.105788425408093,
      7.098287939015875,
      6.822490932773968,
      5.977852631470673,
      5.9217906476409246,
      5.50039128131686,
      5.442929577885433,
      5.433368813589113,
      5.08554485364975,
      4.882771113496406,
      4.662217864254664,
      4.358384434578349,
      4.181724977458454,
      4.02352459229513,
      3.9410456759791948,
      3.8700544980205227,
      3.7490082407704195,
      3.500890486602799,
      3.4354090067500014,
      3.4220014026346157,
      3.1399641419268893,
      3.0496399993406156,
      3.045047881403402,
      2.9747794384676136,
      2.811630065115461,
      2.763899187185144,
      2.6822365843357123,
      2.6091186161813735,
      2.4380661768008527,
      2.314252444756942,
      2.2609711432293778,
      2.2026529804670725,
      2.080415611135334,
      2.058112563498809,
      1.9822728428470555,
      1.9517237209149474,
      1.917509223320535,
      1.7665457882264657,
      1.5019055568506618,
      0.9611202295341513
    ]
  ],
  "top_r_val_seeds": [
    [
      27,
      44,
      42,
      36,
      37,
      5,
      40,
      8,
      16,
      20,
      24,
      15,
      28,
      34,
      4,
      35,
      43,
      47,
      14,
      22,
      1,
      12,
      25,
      21,
      2,
      7,
      38,
      50,
      23,
      30,
      48,
      41,
      49,
      33,
      39,
      11,
      46,
      26,
      32,
      29,
      9,
      17,
      31,
      18,
      6,
      10,
      13,
      45,
      19,
      3
    ]
  ],
  "test_acc_values": [
    0.76375
  ],
  "loss_predicts_minimas": true,
  "loss_ordering_violations": 0,
  "test_loss_ranks": [
    1
  ],
  "log_exp_r_n_ranks": [
    1
  ],
  "data_level_ranks": [
    1
  ],
  "accuracy_predicts_minimas": true,
  "accuracy_ordering_violations": 0,
  "log_exp_r_n_acc_ranks": [
    1
  ]
}