{
  "test_loss_values": [
    0.5786323219537735
  ],
  "log_exp_r_n_values": [
    686104.5455275528
  ],
  "log_exp_r_n_acc_values": [
    -Infinity
  ],
  "model_data_levels": [
    0
  ],
  "loss_landscape_data_param": 0,
  "train_loss_values": [
    0.002048338297754526
  ],
  "num_params": 235146,
  "dataset_type": "data",
  "top_r_vals": [
    [
      18.500498880624182,
      17.945314684053425,
      16.79374796720108,
      15.735861957290902,
      15.392215156873004,
      15.063796286589392,
      15.030529465902339,
      14.885119657784777,
      14.878376116869095,
      14.55294142386994,
      14.372676207766672,
      14.187570078227246,
      14.186798425127513,
      14.179131966637247,
      14.04565236589094,
      14.04179755930249,
      14.02896145987626,
      13.866495472441352,
      13.857698133356175,
      13.848938348681864,
      13.562987666281666,
      13.389936332826977,
      13.252296307053639,
      13.034281962259744,
      12.936628350773878,
      12.902540570231972,
      12.445994386528671,
      12.112431705936219,
      11.939518509457194,
      11.84809058160779,
      11.68380330363282,
      11.552918488770967,
      11.528354359686302,
      11.384757198670902,
      11.23091397203009,
      10.934178207759773,
      10.80538136399335,
      10.797332588455895,
      10.772241263905933,
      10.64978713884602,
      10.634286720893346,
      10.631062323173868,
      10.512881133174275,
      9.933315725845926,
      9.929005505803708,
      9.796671350595268,
      9.650170568958073,
      8.995716071191936,
      8.975407656311214,
      8.470060185466998
    ]
  ],
  "top_r_val_seeds": [
    [
      44,
      22,
      3,
      27,
      32,
      34,
      7,
      49,
      30,
      2,
      37,
      23,
      17,
      29,
      5,
      33,
      50,
      45,
      18,
      20,
      8,
      48,
      39,
      12,
      28,
      6,
      1,
      11,
      16,
      40,
      26,
      14,
      25,
      47,
      15,
      4,
      9,
      19,
      13,
      35,
      42,
      31,
      21,
      36,
      24,
      43,
      38,
      10,
      41,
      46
    ]
  ],
  "test_acc_values": [
    0.8875
  ],
  "loss_predicts_minimas": true,
  "loss_ordering_violations": 0,
  "test_loss_ranks": [
    1
  ],
  "log_exp_r_n_ranks": [
    1
  ],
  "data_level_ranks": [
    1
  ],
  "accuracy_predicts_minimas": true,
  "accuracy_ordering_violations": 0,
  "log_exp_r_n_acc_ranks": [
    1
  ]
}