{
  "test_loss_values": [
    0.39393247961997985,
    0.11912757903337479,
    0.6599200373888016,
    0.23268810510635377,
    0.0687241181731224
  ],
  "log_exp_r_n_values": [
    767416.1386288018,
    653072.8313317666,
    807164.1402879833,
    702251.0007960593,
    597680.4119268546
  ],
  "log_exp_r_n_acc_values": [
    -Infinity,
    -Infinity,
    -Infinity,
    -Infinity,
    -Infinity
  ],
  "model_data_levels": [
    1940,
    19940,
    540,
    5940,
    59940
  ],
  "loss_landscape_data_param": 540,
  "train_loss_values": [
    0.00042308788397349417,
    0.0031659940723329782,
    0.00017460391973145306,
    0.0010223631979897618,
    0.009192967787384987
  ],
  "num_params": 235146,
  "dataset_type": "data",
  "top_r_vals": [
    [
      26.143469763877338,
      24.00770248601466,
      23.98236762152778,
      23.93947874469522,
      21.87618326374541,
      21.86069274846297,
      21.859621690762385,
      21.85899690710371,
      21.857798146369593,
      21.852311035380442,
      21.850823912957704,
      21.8471191518344,
      21.845132202484724,
      21.839794764943473,
      21.839793391792572,
      21.839693151777006,
      21.83537459220221,
      21.831198840320823,
      21.828935887640615,
      21.82079035651257,
      21.816957892355735,
      21.81682332356771,
      21.81465099884678,
      21.81411958944918,
      21.811963742539028,
      21.806166299446886,
      21.806007013942697,
      21.8032799362589,
      21.802517837510404,
      21.80234756679903,
      21.801606065314008,
      21.799866283126008,
      21.79800154420627,
      21.785678888045947,
      21.785232614004034,
      21.784937386560923,
      21.78288177966634,
      21.78050348231068,
      21.77885432808196,
      21.778067512617298,
      21.77668749596462,
      21.7627719847624,
      21.760226162997164,
      21.74795568657097,
      19.858135888557296,
      19.857077223465723,
      19.848698823382186,
      19.839200729278268,
      19.838418562598847,
      19.83481536482247
    ],
    [
      16.076109326575413,
      16.056254237151343,
      16.048681842394114,
      16.020993067213325,
      15.999198976627067,
      14.349079743537017,
      14.337417488888255,
      14.326957454317485,
      14.324044590251278,
      14.3232824043186,
      14.321024642211059,
      14.320268755335677,
      14.320050088061013,
      14.31682317099539,
      14.315744232467315,
      14.312245556072687,
      14.308098976642016,
      14.306082378442335,
      14.304452722333624,
      14.302312842584028,
      14.29971223178658,
      14.297861208807221,
      14.29652580866071,
      14.295687134175168,
      14.294961842720932,
      14.294440820696115,
      14.289831710486936,
      14.287706228582586,
      14.286180956851904,
      14.286159360084035,
      14.28589929900429,
      14.285813811798146,
      14.284445116634508,
      14.282538302004822,
      14.282204451968195,
      14.277710524520979,
      14.276296836090948,
      14.273734919502598,
      14.273709723273418,
      14.271794809855782,
      14.262186047885145,
      12.703167246964597,
      12.69658788006326,
      12.69428183348638,
      12.693280660136722,
      12.692961815120908,
      12.692586375114786,
      12.691635419855118,
      12.690107355116826,
      12.68998061422304
    ],
    [
      30.958105405852844,
      30.94582566922082,
      30.88784234862634,
      30.83439338403069,
      28.595715679522502,
      28.57115006600092,
      28.552741549012858,
      28.54933389290634,
      28.536829588498627,
      28.52544443009642,
      28.523611469811758,
      28.51685713670799,
      28.515497661271812,
      28.510714388200185,
      28.50616068353995,
      28.501856275826448,
      28.50174328512397,
      28.497078383264466,
      28.496775281221307,
      28.495618471648303,
      28.489958175505052,
      28.473199681473833,
      28.467322371441693,
      28.45827235422406,
      28.45111089589073,
      28.443020402892564,
      28.425714890381087,
      26.23154331997772,
      26.223337177159465,
      26.221632368284133,
      26.220838437967313,
      26.219444942017045,
      26.216246160533093,
      26.215303985966244,
      26.21286289731577,
      26.211079024840426,
      26.20894266048168,
      26.206353327581176,
      26.204251553547437,
      26.199565388088196,
      26.19784904910453,
      26.19772715938784,
      26.196829458096,
      26.1952926593707,
      26.193940342378774,
      26.193704798737063,
      26.188839093019453,
      26.187392888002506,
      26.181827139993096,
      26.176954845642154
    ],
    [
      19.81567220899016,
      19.809336409789186,
      19.77537194267486,
      17.89485547552546,
      17.888585506610855,
      17.888172979075602,
      17.87784405394898,
      17.876777327434105,
      17.86903822094844,
      17.86551881028662,
      17.862370337190566,
      17.861355317124254,
      17.859958118959884,
      17.85704344893558,
      17.85545628577541,
      17.853600473893373,
      17.85055091748152,
      17.850268780120892,
      17.849470702327892,
      17.846752741618765,
      17.846666189520086,
      17.844930651333613,
      17.840467035958945,
      17.83761194075581,
      17.83648563941977,
      17.83326297881056,
      17.832716688940984,
      17.827397669058605,
      17.82320719861873,
      17.81732952428125,
      16.086857567148762,
      16.085090069731404,
      16.077446046939567,
      16.076109326575413,
      16.07378292871901,
      16.071271912125518,
      16.06911903570506,
      16.0645297972624,
      16.062056107954547,
      16.060917121319733,
      16.059671197055785,
      16.059000314759814,
      16.058790474883782,
      16.058624015366735,
      16.057140003551137,
      16.056254237151343,
      16.055404789191634,
      16.054934667161675,
      16.05431220945248,
      16.053666548295453
    ],
    [
      12.70211107284971,
      12.68998061422304,
      12.686423100959088,
      12.6820302137537,
      12.654637441332518,
      11.162349256054867,
      11.151344432427974,
      11.149586659160857,
      11.148998165918776,
      11.140497240919494,
      11.138960152618157,
      11.137353706184717,
      11.137212187571741,
      11.136684645415448,
      11.132430679979842,
      11.13233049601125,
      11.130513172832732,
      11.1298602255689,
      11.129295552291381,
      11.128889912306661,
      11.128819853587366,
      11.127869857353723,
      11.12703405683253,
      11.125689630009255,
      11.125016365716828,
      11.124224001601599,
      11.123733590566532,
      11.123646717754607,
      11.123421829265668,
      11.121117597988048,
      11.11913143329603,
      11.114574113605874,
      11.113804868868014,
      11.112749784555428,
      11.112482160247719,
      11.111258935008825,
      11.10377806496248,
      11.095895758454574,
      9.731555812225798,
      9.725862423457272,
      9.722748117220185,
      9.722403303772419,
      9.721866859488195,
      9.720825095673437,
      9.720353342053748,
      9.71776144344726,
      9.71703275803729,
      9.716552460367568,
      9.715863443761323,
      9.715387418116618
    ]
  ],