{
  "test_loss_values": [
    0.29635635018348694,
    0.3240639269351959,
    0.491484135389328,
    0.4154503047466278
  ],
  "log_exp_r_n_values": [
    678029.3528836811,
    625935.0957715708,
    462304.86763377296,
    534786.0405551262
  ],
  "log_exp_r_n_acc_values": [
    -Infinity,
    -Infinity,
    -Infinity,
    -Infinity
  ],
  "model_data_levels": [
    10,
    100,
    1000,
    500
  ],
  "loss_landscape_data_param": 10,
  "train_loss_values": [
    0.000435086025390774,
    0.0005527600878849626,
    0.0063844346441328526,
    0.0020933467894792557
  ],
  "num_params": 235146,
  "dataset_type": "poison",
  "top_r_vals": [
    [
      17.876182703275656,
      17.863306673530804,
      17.843295153884572,
      17.833325925791417,
      17.83299882630161,
      17.82928945064399,
      16.069620431947314,
      16.064054631004648,
      16.059675232438018,
      16.05665071345558,
      16.052605242768596,
      16.05237421713585,
      16.05105262945506,
      16.050397888688018,
      16.048681842394114,
      16.04865359471849,
      16.048234923811982,
      16.04771940373192,
      16.04764071377841,
      16.043824251033058,
      16.04231199154184,
      16.039248127582646,
      16.039159349173556,
      16.037312152957128,
      16.033229354984506,
      16.030348092071282,
      16.02878539030217,
      16.028724859568698,
      16.027863305462294,
      16.025783065922006,
      16.02539566922779,
      16.024050878099175,
      16.024035745415805,
      16.022812015754134,
      16.020434166774276,
      16.019759249096076,
      16.019731001420453,
      16.017448992768596,
      16.017069666838843,
      16.016228289643596,
      16.015772291451448,
      16.014909728499482,
      16.013151310692148,
      16.0128940550749,
      16.012257473527892,
      16.011777263042354,
      16.01038202963585,
      16.00777819925103,
      16.006961034349175,
      16.00684501711002
    ],
    [
      14.323896112472186,
      14.310849864949212,
      14.306534110836909,
      14.291952693064648,
      14.289831710486936,
      14.286830659618602,
      14.284521605187374,
      14.282059573650413,
      14.277710524520979,
      14.276980733740103,
      14.276540699594792,
      14.27627883878439,
      14.276156457099805,
      12.710603509845935,
      12.706493597592084,
      12.7006491684522,
      12.698288918222632,
      12.698012320171413,
      12.69698404499541,
      12.69428183348638,
      12.694188571319255,
      12.692586375114786,
      12.691905641006022,
      12.691635419855118,
      12.690310618814408,
      12.689485607335987,
      12.689126109580657,
      12.688101819967352,
      12.687712031935519,
      12.687699278134886,
      12.687560580553006,
      12.6871229657688,
      12.686938832772167,
      12.686736366187125,
      12.685511204213856,
      12.685380477757374,
      12.685343810580555,
      12.68483604989287,
      12.684263723089483,
      12.683647555096421,
      12.683539944903583,
      12.683357406132028,
      12.682313188705235,
      12.682111519232732,
      12.682091591419244,
      12.681795862667077,
      12.68153201841649,
      12.680904690847875,
      12.680439974237323,
      12.680438380012244
    ],
    [
      7.142498762482783,
      7.1405335313360885,
      7.13962781221304,
      7.13763343663912,
      7.137166229051883,
      7.136388297032829,
      7.135505893451562,
      7.134876822199266,
      7.133267153064739,
      7.130698408086548,
      7.130588556014693,
      7.130394409291783,
      7.1296819401400375,
      7.128641708275942,
      7.128363266901975,
      7.125720539916208,
      7.125169934429524,
      7.124978477961434,
      7.123093954459367,
      7.1223980752123515,
      7.1218120480371905,
      7.1218003902663005,
      7.121501323605373,
      7.121473075929753,
      7.121457831152434,
      7.121249784779615,
      7.1209780690427005,
      7.120338685146924,
      7.119788976411846,
      7.119189497962581,
      7.118697629706153,
      7.117654707587237,
      7.117547097394399,
      7.1169561380854,
      7.116014100522269,
      7.114732642475896,
      7.114568088556015,
      7.114241670971075,
      7.113789708161158,
      7.113570452393251,
      7.113448942550506,
      7.113378995925162,
      7.112835116075529,
      7.104994368399909,
      6.00807058075328,
      6.007746190200618,
      6.007419915846837,
      6.00676586009838,
      6.005865779923805,
      6.005803614486883
    ],
    [
      9.721128409449614,
      9.705523312353336,
      9.693095381290815,
      9.692812207061145,
      9.692442371752568,
      9.691373755209135,
      9.688008620074646,
      9.687918907549298,
      9.685292832742677,
      9.682099188898139,
      9.66653864291989,
      8.399241774097511,
      8.391437422704996,
      8.390984348296731,
      8.390528642794344,
      8.389615126914268,
      8.3882711640354,
      8.386075252878973,
      8.385314340458127,
      8.384914940370006,
      8.384412927611024,
      8.38429189728129,
      8.383734105326866,
      8.383092644579278,
      8.382672195738161,
      8.382515908747157,
      8.38234751872318,
      8.381896549190216,
      8.381731842698013,
      8.380147924034977,
      8.37914652961114,
      8.37909022419687,
      8.378895523231648,
      8.37859347362614,
      8.378462445138732,
      8.378119350464878,
      8.378047784704687,
      8.377597867609374,
      8.3775878694517,
      8.37755050791513,
      8.377055862219697,
      8.3770432329679,
      8.376805908277856,
      8.376789595494284,
      8.37625758826228,
      8.376129717087823,
      8.37611340430425,
      8.375863976581234,
      8.375594552542871,
      8.37548352037081
    ]
  ],