{
  "test_loss_values": [
    5.097005533991615
  ],
  "log_exp_r_n_values": [
    5965.5040047440425
  ],
  "log_exp_r_n_acc_values": [
    -Infinity
  ],
  "model_data_levels": [
    0
  ],
  "loss_landscape_data_param": 0,
  "train_loss_values": [
    1.1393484555810574e-06
  ],
  "num_params": 4353,
  "dataset_type": "data",
  "top_r_vals": [
    [
      3.9406031650188647,
      3.805696796881341,
      3.441934459577469,
      3.3948370948738935,
      2.997226752894637,
      2.956624944853201,
      2.778303332145138,
      2.6761027724000965,
      2.665637088841498,
      2.6423461136323714,
      2.6046540858035936,
      2.5903124644565363,
      2.5504273616690227,
      2.306194683865797,
      2.2483619754133755,
      2.232452251396244,
      2.2008303381112655,
      2.1866649959346005,
      2.126614606298246,
      2.120688007585464,
      2.114064703093253,
      2.103511891737648,
      2.0875146324699116,
      2.0805348821661567,
      2.0681278287344744,
      2.0355067150296673,
      2.0230945830178637,
      2.0149391700721164,
      1.9966933066145633,
      1.9062885330364507,
      1.9017676771504666,
      1.7412216340533084,
      1.706892371200249,
      1.6955522996720445,
      1.686276139440241,
      1.6623987453825468,
      1.6571899120873874,
      1.570118849464846,
      1.5546932927916433,
      1.5536347515128053,
      1.522847314535357,
      1.4300861070877848,
      1.4238029605681877,
      1.4227606044602792,
      1.4143781581918873,
      1.3239024574834566,
      1.3202062869859101,
      1.286096508116013,
      1.1132787278684153,
      1.1066474173514087
    ]
  ],
  "top_r_val_seeds": [
    [
      33,
      48,
      28,
      27,
      44,
      43,
      14,
      4,
      45,
      35,
      17,
      38,
      1,
      21,
      13,
      5,
      18,
      36,
      20,
      24,
      34,
      46,
      7,
      30,
      40,
      12,
      42,
      26,
      37,
      3,
      22,
      16,
      25,
      6,
      19,
      41,
      15,
      9,
      11,
      23,
      47,
      29,
      8,
      10,
      32,
      2,
      31,
      39,
      49,
      50
    ]
  ],
  "test_acc_values": [
    0.7225
  ],
  "loss_predicts_minimas": true,
  "loss_ordering_violations": 0,
  "test_loss_ranks": [
    1
  ],
  "log_exp_r_n_ranks": [
    1
  ],
  "data_level_ranks": [
    1
  ],
  "accuracy_predicts_minimas": true,
  "accuracy_ordering_violations": 0,
  "log_exp_r_n_acc_ranks": [
    1
  ]
}