{
  "test_loss_values": [
    4.689283467084169
  ],
  "log_exp_r_n_values": [
    8803.171826478238
  ],
  "log_exp_r_n_acc_values": [
    -Infinity
  ],
  "model_data_levels": [
    0
  ],
  "loss_landscape_data_param": 0,
  "train_loss_values": [
    8.797224836598616e-06
  ],
  "num_params": 4353,
  "dataset_type": "data",
  "top_r_vals": [
    [
      7.562649952694279,
      4.128760800050604,
      3.8622776020451406,
      3.8481285981316904,
      3.7884920921766363,
      3.545628062058555,
      3.464835863285667,
      3.4642645886706873,
      2.6656573786607947,
      2.659183860208921,
      2.602742458529581,
      2.550451736933262,
      2.5471609453229624,
      2.4992346369398777,
      2.4919330047833492,
      2.450216827187548,
      2.4313752522576197,
      2.3477252207659327,
      2.345324324725578,
      2.3393690920523174,
      2.2881371740771916,
      2.2795079468655204,
      2.255595155449386,
      2.235261300561563,
      2.17859087173628,
      2.17440220707646,
      2.1516591714444595,
      2.069697743865549,
      2.067972030385616,
      2.03298514090996,
      1.951674766097786,
      1.913916966249664,
      1.9126053262454066,
      1.903058891543042,
      1.8252688793905365,
      1.820058079792912,
      1.7805963452301012,
      1.7301009918106078,
      1.722056977499829,
      1.6955522996720445,
      1.6845241604734218,
      1.6561578745570595,
      1.5344369189909068,
      1.5059803109037035,
      1.450913988635548,
      1.442820021808556,
      1.434830438265331,
      1.4186300485287768,
      1.2470530315182444,
      0.987848389724822
    ]
  ],
  "top_r_val_seeds": [
    [
      22,
      41,
      21,
      43,
      17,
      49,
      48,
      42,
      34,
      5,
      1,
      46,
      12,
      31,
      28,
      27,
      40,
      13,
      2,
      33,
      16,
      8,
      37,
      10,
      47,
      20,
      30,
      44,
      14,
      15,
      3,
      32,
      29,
      25,
      4,
      50,
      35,
      38,
      39,
      6,
      7,
      23,
      11,
      24,
      9,
      19,
      45,
      26,
      18,
      36
    ]
  ],
  "loss_predicts_minimas": true,
  "loss_ordering_violations": 0,
  "test_loss_ranks": [
    1
  ],
  "log_exp_r_n_ranks": [
    1
  ],
  "data_level_ranks": [
    1
  ],
  "accuracy_predicts_minimas": true,
  "accuracy_ordering_violations": 0,
  "log_exp_r_n_acc_ranks": [
    1
  ]
}