{
  "test_loss_values": [
    0.48985144615173337,
    0.4978801064193249,
    0.3527729377150536,
    0.4671326778829098,
    0.17532652616500854,
    0.22434090375900267,
    0.530061186850071,
    0.420187771320343
  ],
  "log_exp_r_n_values": [
    785796.7942371677,
    785796.7942371677,
    795493.8800543167,
    814308.0688804624,
    749331.580473409,
    785796.7942371677,
    691057.7706800654,
    814308.0688804624
  ],
  "log_exp_r_n_acc_values": [
    -Infinity,
    -Infinity,
    -Infinity,
    -Infinity,
    -Infinity,
    -Infinity,
    -Infinity,
    -Infinity
  ],
  "model_data_levels": [
    200,
    100,
    2000,
    500,
    10000,
    5000,
    0,
    1000
  ],
  "loss_landscape_data_param": 500,
  "train_loss_values": [
    0.06357668340206146,
    0.1164529100060463,
    0.011908702552318573,
    0.004344177898019552,
    0.07243815064430237,
    0.03630878031253815,
    0.18051037192344666,
    0.006157876458019018
  ],
  "num_params": 235146,
  "dataset_type": "data",
  "top_r_vals": [
    [
      28.26874104347112,
      27.09999186465067,
      26.97863391153662,
      25.921872056206954,
      25.87356581177026,
      24.838045241179447,
      24.77668253015603,
      23.714087031814223,
      23.71233102689563,
      23.70786865585781,
      23.704567008546977,
      23.700218024402794,
      23.6744075867718,
      22.661265515145658,
      22.619834037764,
      21.639471692781985,
      21.62042942684331,
      21.612899792988774,
      21.597468053772907,
      21.58524990084195,
      21.56828341589188,
      20.62711215609839,
      20.61136499331072,
      20.581322836992115,
      19.642423654468956,
      19.60946057036123,
      19.604794889570343,
      19.59158943468915,
      19.576260749807457,
      19.55249709603293,
      18.642835197507495,
      18.62763276435743,
      18.616565580563833,
      18.606975271540406,
      18.59891341069182,
      18.56699181744518,
      17.704313910160096,
      17.695001015870613,
      17.689678567144767,
      17.645545530041066,
      16.779237220035725,
      16.754377491928523,
      16.741895933481892,
      16.73961399527548,
      15.86685839934992,
      15.851963312065193,
      15.847016593054784,
      15.013087321699235,
      15.007195709082868,
      14.140977200948601
    ],
    [
      28.26874104347112,
      24.842681541836853,
      22.65101201886893,
      22.58193485850213,
      21.636697187871874,
      21.60725698559932,
      21.598582749523175,
      21.569456565199783,
      20.602264646273582,
      20.59596629932774,
      20.567705349724587,
      20.556135926324067,
      19.633182302056767,
      19.62763872361178,
      19.610366827068763,
      19.596967790822834,
      19.593279880874224,
      19.58695704496099,
      19.563068857951823,
      18.62236290009816,
      18.611771598174954,
      18.60722962219527,
      18.587092551916307,
      17.72728734815823,
      17.705420018049182,
      17.693327387837233,
      17.6795600168073,
      17.66757532670123,
      16.740244877867916,
      15.889744340420696,
      15.88501933988804,
      15.883663061992594,
      15.872065787381473,
      15.86918744209821,
      15.854464136697148,
      15.836999312280623,
      15.01429188790633,
      14.993617906765742,
      14.980878391903083,
      14.978854418589593,
      14.953691634694508,
      14.165804137359022,
      14.16154322965329,
      14.152845917938663,
      14.147597064038981,
      14.13513059060515,
      13.341090716074483,
      13.320052505277003,
      12.549715442791848,
      11.009411315617426
    ],
    [
      29.45887467247143,
      28.26545099871215,
      25.9169899033632,
      25.84281998950271,
      24.838045241179447,
      24.804249090611467,
      24.797744849231435,
      24.77668253015603,
      24.760855750867098,
      22.662230164531337,
      22.65433770818381,
      22.65101201886893,
      22.638162376091895,
      22.635177235083038,
      22.619834037764,
      22.60757144897057,
      22.570919046979704,
      21.639471692781985,
      21.629058803212434,
      21.571102780509015,
      20.636821351976444,
      20.62711215609839,
      20.5823229035989,
      20.581322836992115,
      20.569617394169686,
      20.564316522984498,
      20.554631940144695,
      19.609532084495974,
      19.595142947384538,
      19.59158943468915,
      19.576260749807457,
      18.642835197507495,
      18.641243454699648,
      18.636808141897806,
      18.63342422327759,
      18.616565580563833,
      18.598234751571244,
      18.587092551916307,
      17.689678567144767,
      17.657351061827075,
      17.645545530041066,
      16.784768520089454,
      16.77593932875822,
      16.754377491928523,
      16.744859393686152,
      15.884507989164572,
      15.8491578742093,
      14.9976092123485,
      13.34632823945344,
      13.321387691897083
    ],
    [
      31.912758443606073,
      29.449948950158944,
      29.377192471557848,
      29.35842699152193,
      28.26545099871215,
      28.13887393942072,
      27.07341023415725,
      27.06116038381907,
      25.918909173201907,
      25.9169899033632,
      25.912112642456158,
      25.908504023804444,
      24.841230259571155,
      24.829276687361215,
      24.8193705155089,
      24.81072680317589,
      24.79301179642298,
      24.78974251002875,
      24.778985855558364,
      24.762745538849636,
      24.759509023345274,
      23.703415236416856,
      23.684152891893515,
      23.658521486199845,
      22.68859629781435,
      21.614286365751298,
      21.599727351744786,
      21.590809785742664,
      21.582827476662718,
      21.579687297171116,
      21.570337446719503,
      20.636821351976444,
      20.603948696259103,
      20.58714705909588,
      20.52012705136446,
      19.610503690326635,
      19.60946057036123,
      19.600751874952653,
      19.5703250766237,
      19.55185100281559,
      18.648380510632627,
      18.638571014639343,
      18.614615168168942,
      18.600747782926195,
      18.598234751571244,
      18.598212481237407,
      17.697059667374443,
      17.69011477870666,
      17.678814451127536,
      15.853552294489091
    ],
    [
      24.20796858515876,
      23.778459570032304,
      21.410750685713516,
      20.453860268538385,
      20.02793385280276,
      19.602339821841213,
      18.86290967506839,
      18.66699790106986,
      18.660973980346085,
      18.617079709331136,
      18.523348184159047,
      17.928475773070367,
      17.736028172459076,
      17.332952706982745,
      17.209236043123642,
      16.817125460773624,
      16.807636089909938,
      16.80758531066786,
      16.78487323674674,
      16.595902724194097,
      16.452779440085106,
      16.221450580681243,
      15.91119054267924,
      15.756778672147652,
      15.575596786188477,
      15.553488224566129,
      15.404850972753716,
      15.237174999695728,
      15.21178607713455,
      15.078168242692142,
      15.070912645002359,
      15.038699117348079,
      14.866330266737386,
      14.680524401970944,
      14.521429599702179,
      14.373374590161204,
      13.731110051492932,
      13.71334582400531,
      13.53347448782783,
      13.531646064254419,
      13.061339575330617,
      12.920648358031814,
      12.76111446182775,
      12.737472589909379,
      12.733962421960602,
      12.449755029053078,
      11.534144392947166,
      11.23091397203009,
      10.78533545946653,
      9.37834845142794
    ],
    [
      28.26874104347112,
      27.09999186465067,
      23.6877320387072,
      23.67260085613763,
      23.64447046298547,
      22.679281802933726,
      22.662230164531337,
      22.646745903269636,
      21.60725698559932,
      21.60159106866383,
      21.594620142069488,
      20.636821351976444,
      20.59596629932774,
      20.581322836992115,
      20.556135926324067,
      19.633182302056767,
      19.60065939977842,
      19.573680075945052,
      19.56419458907288,
