{
  "test_loss_values": [
    16.982334742546083,
    3.7227717475891113,
    3.549304751968384,
    5.740334868431091,
    3.525937344741821,
    3.433107396697998
  ],
  "log_exp_r_n_values": [
    5246800.540287029,
    4320347.178646869,
    3977015.402748614,
    4621540.739123019,
    4156738.530852492,
    3586378.901611603
  ],
  "log_exp_r_n_acc_values": [
    -Infinity,
    -Infinity,
    -Infinity,
    -Infinity,
    -Infinity,
    -Infinity
  ],
  "model_data_levels": [
    0,
    1950,
    19950,
    450,
    4950,
    49950
  ],
  "loss_landscape_data_param": 0,
  "train_loss_values": [
    3.964172719861381e-05,
    0.0017346738604828715,
    6.015448525431566e-05,
    0.0012887211050838232,
    0.00044475740287452936,
    3.0207395411707694e-06
  ],
  "num_params": 1276234,
  "dataset_type": "data",
  "top_r_vals": [
    [
      61.01767592074471,
      60.99936610870783,
      60.9842056634049,
      55.865294656635804,
      55.83241705246914,
      50.87084669493228,
      50.867172143128734,
      50.85237506904988,
      50.84225220062845,
      50.81868343861198,
      50.81325674626235,
      50.810510444465976,
      50.80196944587925,
      50.8017058009068,
      46.13784526929651,
      46.137820359529655,
      46.125699266975325,
      46.1200596957581,
      46.118385759425074,
      46.11534676786809,
      46.114320485473435,
      46.11004596948017,
      46.10926878475412,
      46.10919903740691,
      46.10322567531376,
      46.10301643327213,
      46.09927996824305,
      46.099010942760955,
      46.098981051040724,
      46.09856256695747,
      46.09843801812316,
      46.09775549051118,
      46.09628083231304,
      46.09212588320071,
      46.09194653287931,
      46.090765809930126,
      46.08788624088105,
      46.086899814113366,
      46.07736933731253,
      46.073682691817176,
      46.07146074061322,
      46.053640293401195,
      41.69106234575873,
      41.671647698377406,
      41.65867612410804,
      41.657322764019625,
      41.65685965408904,
      41.65261522909414,
      41.649108183017844,
      41.64903624361115
    ],
    [
      29.524962376288137,
      29.51683820528518,
      29.50711343230283,
      25.967410028911274,
      25.964548830815257,
      25.955253439939167,
      25.95327778405504,
      25.952537963979285,
      25.94888930587839,
      25.94652412351498,
      25.94490997062242,
      25.93084498213671,
      25.929704426186582,
      25.928549858492598,
      25.92768393272211,
      25.924436010495583,
      25.923446781379134,
      25.922177317385504,
      25.920857411113982,
      25.91899104683196,
      25.915392831008955,
      25.889535558891474,
      25.881560074286906,
      22.62496427939433,
      22.61490182961242,
      22.611847942014855,
      22.6113182109128,
      22.61091297882551,
      22.610522393681137,
      22.60939457907676,
      22.60890146533199,
      22.607683327912977,
      22.607221949211187,
      22.60674348240933,
      22.60641880850807,
      22.60638951462224,
      22.605061525131372,
      22.604675822301306,
      22.60464164610117,
      22.604046003756004,
      22.602027166791025,
      22.600574678285387,
      22.60026221016989,
      22.600149916940882,
      22.598987926136374,
      22.598516782805973,
      22.598477724291534,
      22.597786876817427,
      22.597659936645503,
      22.597608672345306
    ],
    [
      22.56086193373126,
      19.50441019949336,
      19.50141075219127,
      19.490966360954086,
      19.47604069020381,
      16.61568813131313,
      16.615480084940312,
      16.614052456382005,
      16.61220694157484,
      16.610621484733702,
      16.60975522268136,
      16.609726526629938,
      16.609493371212125,
      16.609036027892564,
      16.60779133666208,
      16.606725995752985,
      16.606168216253444,
      16.606123378673097,
      16.605325269742885,
      16.60474238119835,
      16.604584552915522,
      16.60432090794307,
      16.604191775711662,
      16.601426193755742,
      16.600073892332418,
      16.599311653466486,
      16.59899779040404,
      16.597240157254365,
      16.59662139864555,
      16.596334438131315,
      16.595981117998164,
      16.59582508321855,
      16.595437686524335,
      16.595030561294767,
      16.594901429063363,
      16.59371771694215,
      16.592944717056934,
      16.592286501377412,
      16.592151988636367,
      16.591856060606062,
      16.59171437385216,
      16.58997826274105,
      16.58934874311295,
      16.588512970615245,
      16.58621369949495,
      16.58129770718549,
      16.57968176078972,
      16.579400180785125,
      16.574869791666668,
      16.57174012855831
    ],
    [
      37.38381731017562,
      33.338984549866574,
      33.33828625437217,
      33.33314982308088,
      33.32212467308423,
      33.32187990971506,
      33.31851441338895,
      33.31276247421342,
      33.309429373039116,
      33.30621145462677,
      33.29921770129882,
      33.29722719919365,
      33.29559664321961,
      33.29182080830401,
      29.54514207733905,
      29.541950438730744,
      29.528983011937562,
      29.528402714008777,
      29.528205030098974,
      29.52780009692889,
      29.5277841546781,
      29.52717516069789,
      29.524978318538928,
      29.524069610243856,
      29.522076828895013,
      29.52199711764106,
      29.52153160391797,
      29.517118788899097,
      29.516962554841346,
      29.51656081012142,
      29.51547673706765,
      29.513821931435572,
      29.51189610754005,
      29.509932022242634,
      29.509887383940416,
      29.509042444648507,
      29.50711343230283,
      29.506845602489545,
      29.506625599428634,
      29.50578703703704,
      29.503236276910524,
      29.502046985001535,
      29.4996269513315,
      29.49896056524845,
      29.498689546985005,
      29.49840258647077,
      29.49809011835527,
      29.49734083256811,
      29.496247194163864,
      29.494031221303953
    ],
    [
      25.972535524814912,
      25.970436565584826,
      25.95451361986341,
      25.94951142730573,
      25.943553633816865,
      25.913831922743057,
      22.6113182109128,
      22.607209743425425,
      22.60210284266275,
      22.601502318003273,
      22.599044072750875,
      22.598968396879155,
      22.59867057570657,
      22.597767347560207,
      22.59649306352669,
      22.59638565261199,
      22.594977104935094,
      22.59354170452952,
      22.59334152964303,
      22.593085208142035,
      22.59262871175455,
      22.59199156973779,
      22.5916376019507,
      22.591120076634407,
      22.590478052303347,
      22.587680486206775,
      22.58514168276835,
      22.585053801110867,
      22.58376242897728,
      22.582617526272838,
      22.580855010808854,
      22.57895579054434,
      22.578792233015136,
      22.578321089684735,
      22.576248547262406,
      22.57518664390114,
      22.568988545891372,
      22.55266208685658,
      19.510350157589155,
      19.50441019949336,
      19.50286943077397,
      19.50162334459654,
      19.499583720431115,
      19.49942374990834,
      19.498436563392772,
      19.498028217584626,
      19.496502182992334,
      19.496144354191383,
      19.496041215301695,
      19.4952792504432
    ],
    [
      16.612099331382005,
      16.606123378673097,
      16.601426193755742,
      16.599485623278238,
      16.59608693468779,
      16.595495078627184,
      16.58272354224059,
      16.57968176078972,
      13.972894362461421,
      13.960123697916668,
      13.959926275559415,
      13.959606782889662,
      13.95776065779321,
      13.95531925154321,
      13.954341182002317,
      13.952968267746915,
      13.952395592206791,
      13.952241874035495,
      13.949726622781636,
      13.9496467496142,
      13.94945987654321,
      13.948826919367285,
      13.948673201195989,
      13.948329595871915,
      13.947762948495372,
      13.947386188271606,
      13.947315357349538,
      13.947178216628087,
