{
  "test_loss_values": [
    4.094453774392605
  ],
  "log_exp_r_n_values": [
    13106.89642760965
  ],
  "log_exp_r_n_acc_values": [
    -Infinity
  ],
  "model_data_levels": [
    0
  ],
  "loss_landscape_data_param": 100,
  "train_loss_values": [
    2.9378671646118164
  ],
  "num_params": 4353,
  "dataset_type": "data",
  "top_r_vals": [
    [
      20.326018817963238,
      16.717876284723683,
      15.220277287422558,
      13.97646195740922,
      11.491618300891684,
      11.026076914457017,
      10.124821052929335,
      9.972668551262588,
      7.471898948189813,
      7.4041577672421965,
      7.090866045644189,
      6.968641572315559,
      6.883625867139479,
      6.528181170677519,
      6.081293023224189,
      5.943618362106095,
      5.935307074150674,
      5.895968169872917,
      5.738341610827004,
      5.148308641673681,
      5.032439443860386,
      4.636473305850675,
      4.506941097574607,
      4.451445711706217,
      4.375213551890228,
      4.359266092474521,
      4.205011094674592,
      4.191731342425676,
      3.9022377648813533,
      3.803792610759352,
      3.7425328014331014,
      3.3095821769228526,
      3.24349338248515,
      3.0404125297947653,
      2.9189162788452694,
      2.6879423202333026,
      2.677442954957438,
      2.5513732981282313,
      2.540173165869266,
      2.3390699879175663,
      2.3098555927361297,
      2.26680771313577,
      2.2267914630682673,
      2.1767118315077636,
      2.067528264391143,
      2.056974495532194,
      1.9913690976562932,
      1.82781375319147,
      1.623633615666504,
      0.9772056444867715
    ]
  ],
  "top_r_val_seeds": [
    [
      27,
      36,
      42,
      37,
      5,
      40,
      8,
      24,
      35,
      20,
      23,
      15,
      34,
      28,
      4,
      43,
      1,
      21,
      47,
      16,
      44,
      22,
      2,
      25,
      14,
      50,
      38,
      12,
      7,
      41,
      48,
      26,
      30,
      46,
      33,
      49,
      39,
      11,
      32,
      29,
      9,
      6,
      17,
      18,
      10,
      31,
      45,
      13,
      19,
      3
    ]
  ],
  "test_acc_values": [
    0.76375
  ],
  "loss_predicts_minimas": true,
  "loss_ordering_violations": 0,
  "test_loss_ranks": [
    1
  ],
  "log_exp_r_n_ranks": [
    1
  ],
  "data_level_ranks": [
    1
  ],
  "accuracy_predicts_minimas": true,
  "accuracy_ordering_violations": 0,
  "log_exp_r_n_acc_ranks": [
    1
  ]
}