{
  "test_loss_values": [
    0.08325700617133407,
    0.049876850040163845,
    0.0023379078455036508
  ],
  "log_exp_r_n_values": [
    5103.272155560356,
    6231.989616581789,
    6279.919255223687
  ],
  "log_exp_r_n_acc_values": [
    -Infinity,
    -Infinity,
    -Infinity
  ],
  "model_data_levels": [
    180,
    380,
    780
  ],
  "loss_landscape_data_param": 180,
  "train_loss_values": [
    4.23861165472772e-05,
    4.59152324765455e-05,
    3.195813769707456e-05
  ],
  "num_params": 4353,
  "dataset_type": "data",
  "top_r_vals": [
    [
      3.2347265172887734,
      2.9655349493245673,
      2.9581237106393306,
      2.955836041242952,
      2.745911647149367,
      2.7439285183351836,
      2.700387179979244,
      2.6992902161211236,
      2.683272301913549,
      2.672540551605864,
      2.464571290862231,
      2.454814227816159,
      2.450373093506084,
      2.4414424905970615,
      2.440003983476505,
      2.4365553881681503,
      2.433583672442445,
      2.4272383919614593,
      2.4242489723973883,
      2.4197420809733825,
      2.4190668059957114,
      2.4085720830177273,
      2.403029095529355,
      2.3982968314328184,
      2.3920695765409388,
      2.3704700506946144,
      2.214657365783187,
      2.2136538166645146,
      2.2133950477789255,
      2.2032808666386883,
      2.2014102147630425,
      2.200868969121255,
      2.1966156762493543,
      2.1961132711615443,
      2.19560355194344,
      2.192549019805656,
      2.1920526677911933,
      2.191737403554365,
      2.1911265475690858,
      2.190980517174587,
      2.1895350937015756,
      2.1868439981760073,
      2.1867711090844524,
      2.1816191870318957,
      2.179443863797779,
      2.1791863559691373,
      2.177498305139463,
      2.1765721849173554,
      2.174608467038998,
      2.172841221833032
    ],
    [
      4.192263651181212,
      3.8832496664084024,
      3.8232251492194678,
      3.558233846682528,
      3.5572970253802634,
      3.5345958892258693,
      3.5212901442066267,
      3.4898504213026245,
      3.3253234109760808,
      3.3246802812741127,
      3.3055190098138505,
      3.2824326503424,
      3.242808400848766,
      3.2361397448881175,
      3.0288433849100023,
      2.988634780309308,
      2.9856801028641353,
      2.9821366869713652,
      2.977176865927116,
      2.9754137401738445,
      2.9698531656116387,
      2.9670457586002965,
      2.966114762291326,
      2.959198544504886,
      2.9591872160099757,
      2.9483461896687944,
      2.943103156251794,
      2.942347579970067,
      2.9394993217195036,
      2.929977893391479,
      2.91998650416855,
      2.751846399103887,
      2.7329031441506295,
      2.72929589853714,
      2.724826774990276,
      2.7198242710605114,
      2.716365861304013,
      2.7139608233136294,
      2.711918845175238,
      2.7116837592504917,
      2.7062278975638656,
      2.7049142187340585,
      2.7027016086926725,
      2.6974699349077906,
      2.696763431645209,
      2.6967357195295767,
      2.696491603814344,
      2.6959825104541317,
      2.6955926726027646,
      2.695290018935409
    ],
    [
      4.238678525752066,
      4.226525284029881,
      3.926596845586548,
      3.8832496664084024,
      3.600413041921943,
      3.5942477282790826,
      3.571933262543513,
      3.569147094222141,
      3.5645210500420785,
      3.5584129751513127,
      3.5443536551944246,
      3.537020506293005,
      3.520018126183464,
      3.5171944850100005,
      3.3402830524209106,
      3.315977873625579,
      3.3105630756896223,
      3.3097481433256175,
      3.306334318938079,
      3.304300567250193,
      3.2854000138647765,
      3.27294620466821,
      3.2667669602382334,
      3.2667390799816745,
      3.2553277663242675,
      3.250915904103974,
      3.247737178096065,
      3.2464889714747303,
      3.2375654055748457,
      3.235506410951968,
      3.2348150559413584,
      3.224408938560957,
      3.22178970148534,
      3.2211525999469526,
      3.2192171826774696,
      3.21889203860436,
      3.213695761598187,
      3.203440725067516,
      3.1966409565489973,
      3.1932282624421298,
      3.1905999831211425,
      3.035163311918905,
      3.0298917856207677,
      3.021914465477754,
      3.0130257164260685,
      3.0078568331575704,
      3.004121519426779,
      2.993392061596075,
      2.989154174636547,
      2.9882513279209895
    ]
  ],
  "top_r_val_seeds": [
    [
      813,
      321,
      49,
      284,
      777,
      185,
      344,
      145,
      557,
      407,
      129,
      725,
      523,
      280,
      635,
      978,
      438,
      214,
      888,
      697,
      860,
      841,
      809,
      260,
      274,
      50,
      384,
      871,
      453,
      124,
      157,
      420,
      203,
      706,
      285,
      519,
      53,
      607,
      11,
      130,
      787,
      112,
      267,
      592,
      42,
      529,
      972,
      953,
      469,
      105
    ],
    [
      204,
      561,
      687,
      700,
      321,
      897,
      403,
      483,
      857,
      667,
      357,
      641,
      793,
      186,
      948,
      601,
      576,
      30,
      344,
      642,
      144,
      82,
      529,
      444,
      220,
      2,
      703,
      537,
      385,
      308,
      604,
      966,
      690,
      586,
      745,
      238,
      782,
      7,
      473,
      427,
      18,
      130,
      858,
      215,
      507,
      818,
      438,
      62,
      739,
      639
    ],
    [
      641,
      796,
      699,
      561,
      57,
      861,
      970,
      642,
      639,
      42,
      372,
      186,
      323,
      36,
      506,
      371,
      434,
      722,
      656,
      129,
      867,
      130,
      112,
      978,
      529,
      394,
      444,
      204,
      998,
      79,
      325,
      435,
      809,
      701,
      856,
      361,
      430,
      231,
      531,
      459,
      16,
      962,
      857,
      655,
      690,
      896,
      745,
      523,
      706,
      364
    ]
  ],
  "loss_predicts_minimas": false,
  "loss_ordering_violations": 0,
  "test_loss_ranks": [
    1,
    2,
    3
  ],
  "log_exp_r_n_ranks": [
    3,
    2,
    1
  ],
  "data_level_ranks": [
    3,
    2,
    1
  ],
  "accuracy_predicts_minimas": true,
  "accuracy_ordering_violations": 2,
  "log_exp_r_n_acc_ranks": [
    1,
    2,
    3
  ]
}