{
  "test_loss_values": [
    0.09667233377695084
  ],
  "log_exp_r_n_values": [
    597272.337856541
  ],
  "log_exp_r_n_acc_values": [
    -Infinity
  ],
  "model_data_levels": [
    59940
  ],
  "loss_landscape_data_param": 59940,
  "train_loss_values": [
    0.002234014682471752
  ],
  "num_params": 235146,
  "dataset_type": "data",
  "top_r_vals": [
    [
      12.68008685338231,
      12.65845481328436,
      12.653417062034487,
      11.167932235395504,
      11.164893088152477,
      11.15911044146185,
      11.15559349375323,
      11.153606628474016,
      11.15286680839826,
      11.152552244748623,
      11.151822232893567,
      11.15165199020568,
      11.149260185528941,
      11.1483795474274,
      11.147819778260232,
      11.147482095233228,
      11.146532098999584,
      11.146489363180814,
      11.14636956277082,
      11.144482881460199,
      11.144276208238278,
      11.143435503606735,
      11.141665119770146,
      11.141544618772958,
      11.140128031468809,
      11.138960152618157,
      11.138579033185191,
      11.138473244519055,
      11.138366755265727,
      11.138305103592746,
      11.1355363830062,
      11.134411239974318,
      11.13307802254613,
      11.131861102591971,
      11.131671243462682,
      11.130990272711133,
      11.13046062879326,
      11.129968115996615,
      11.129429364445235,
      11.12876380661193,
      11.128746992519298,
      11.128552929866851,
      11.128375681307034,
      11.128179516893008,
      11.1266494344636,
      11.126528232879219,
      11.125689630009255,
      11.12530150470436,
      11.124857332424028,
      11.124832811872274
    ]
  ],
  "top_r_val_seeds": [
    [
      414,
      271,
      454,
      267,
      173,
      128,
      31,
      289,
      458,
      478,
      432,
      477,
      1,
      198,
      411,
      74,
      221,
      474,
      325,
      249,
      218,
      37,
      48,
      479,
      172,
      18,
      308,
      340,
      483,
      153,
      312,
      279,
      482,
      490,
      442,
      305,
      464,
      286,
      277,
      10,
      491,
      83,
      410,
      53,
      444,
      226,
      291,
      486,
      82,
      50
    ]
  ],
  "loss_predicts_minimas": true,
  "loss_ordering_violations": 0,
  "test_loss_ranks": [
    1
  ],
  "log_exp_r_n_ranks": [
    1
  ],
  "data_level_ranks": [
    1
  ],
  "subset_sizes": [
    1,
    2,
    3,
    4,
    5,
    6,
    7,
    8,
    9,
    10,
    11,
    12,
    13,
    14,
    15,
    16,
    17,
    18,
    19,
    20,
    21,
    22,
    23,
    24,
    25,
    26,
    27,
    28,
    29,
    30,
    31,
    32,
    33,
    34,
    35,
    36,
    37,
    38,
    39,
    40,
    41,
    42,
    43,
    44,
    45,
    46,
    47,
    48,
    49,
    50,
    51,
    52,
    53,
    54,
    55,
    56,
    57,
    58,
    59,
    60,
    61,
    62,
    63,
    64,
    65,
    66,
    67,
    68,
    69,
    70,
    71,
    72,
    73,
    74,
    75,
    76,
    77,
    78,
    79,
    80,
    81,
    82,
    83,
    84,
    85,
    86,
    87,
    88,
    89,
    90,
    91,
    92,
    93,
    94,
    95,
    96,
    97,
    98,
    99,
    100
  ],
  "radii_rank_probabilities_full": [
    1.0,
    1.0,
    1.0,
    1.0,
    1.0,
    1.0,
    1.0,
    1.0,
    1.0,
    1.0,
    1.0,
    1.0,
    1.0,
    1.0,
    1.0,
    1.0,
    1.0,
    1.0,
    1.0,
    1.0,
    1.0,
    1.0,
    1.0,
    1.0,
    1.0,
    1.0,
    1.0,
    1.0,
    1.0,
    1.0,
    1.0,
    1.0,
    1.0,
    1.0,
    1.0,
    1.0,
    1.0,
    1.0,
    1.0,
    1.0,
    1.0,
    1.0,
    1.0,
    1.0,
    1.0,
    1.0,
    1.0,
    1.0,
    1.0,
    1.0,
    1.0,
    1.0,
    1.0,
    1.0,
    1.0,
    1.0,
    1.0,
    1.0,
    1.0,
    1.0,
    1.0,
    1.0,
    1.0,
    1.0,
    1.0,
    1.0,
    1.0,
    1.0,
    1.0,
    1.0,
    1.0,
    1.0,
    1.0,
    1.0,
    1.0,
    1.0,
    1.0,
    1.0,
    1.0,
    1.0,
    1.0,
    1.0,
    1.0,
    1.0,
    1.0,
    1.0,
    1.0,
    1.0,
    1.0,
    1.0,
    1.0,
    1.0,
    1.0,
    1.0,
    1.0,
    1.0,
    1.0,
    1.0,
    1.0,
    1.0
  ],
  "radii_rank_probabilities": [
    1.0,
    1.0,
    1.0,
    1.0,
    1.0,
    1.0,
    1.0,
    1.0,
    1.0,
    1.0,
    1.0,
    1.0,
    1.0,
    1.0,
    1.0,
    1.0,
    1.0,
    1.0,
    1.0,
    1.0,
    1.0,
    1.0,
    1.0,
    1.0,
    1.0,
    1.0,
    1.0,
    1.0,
    1.0,
    1.0,
    1.0,
    1.0,
    1.0,
    1.0,
    1.0,
    1.0,
    1.0,
    1.0,
    1.0,
    1.0,
    1.0,
    1.0,
    1.0,
    1.0,
    1.0,
    1.0,
    1.0,
    1.0,
    1.0,
    1.0,
    1.0,
    1.0,
    1.0,
    1.0,
    1.0,
    1.0,
    1.0,
    1.0,
    1.0,
    1.0,
    1.0,
    1.0,
    1.0,
    1.0,
    1.0,
    1.0,
    1.0,
    1.0,
    1.0,
    1.0,
    1.0,
    1.0,
    1.0,
    1.0,
    1.0,
    1.0,
    1.0,
    1.0,
    1.0,
    1.0,
    1.0,
    1.0,
    1.0,
    1.0,
    1.0,
    1.0,
    1.0,
    1.0,
    1.0,
    1.0,
    1.0,
    1.0,
    1.0,
    1.0,
    1.0,
    1.0,
    1.0,
    1.0,
    1.0,
    1.0
  ],
  "accuracy_predicts_minimas": true,
  "accuracy_ordering_violations": 0,
  "log_exp_r_n_acc_ranks": [
    1
  ]
}