{
  "test_loss_values": [
    4.9088629247620705
  ],
  "log_exp_r_n_values": [
    6211.75072342274
  ],
  "log_exp_r_n_acc_values": [
    -Infinity
  ],
  "model_data_levels": [
    0
  ],
  "loss_landscape_data_param": 20,
  "train_loss_values": [
    1.6889914274215698
  ],
  "num_params": 4353,
  "dataset_type": "data",
  "top_r_vals": [
    [
      4.169946586928137,
      3.322224212137563,
      3.241658624456561,
      3.1495697518128414,
      3.1228007726899203,
      2.8232927510475396,
      2.6956476983207205,
      2.5909067189835797,
      2.5898253071879944,
      2.322131364096891,
      2.2609711432293778,
      2.2420791605045434,
      2.2228745090537547,
      2.125996268518307,
      2.07518684578408,
      2.03378278165082,
      2.003669164616122,
      1.9638802419160906,
      1.8679747370474533,
      1.8471585189669395,
      1.707275189998117,
      1.6063357857939689,
      1.5105640754114542,
      1.4691379978061008,
      1.450770519475279,
      1.4180442694937414,
      1.396361505444244,
      1.3114203837783251,
      1.2498622837720326,
      1.2284910755288785,
      1.2184143994469943,
      1.2143686098108508,
      1.2004836969257187,
      1.1987025760402639,
      1.1934704141975807,
      1.14963526065656,
      1.131762617456059,
      1.0980262212008487,
      1.0682064697329963,
      1.0540031443632185,
      0.9743930634504513,
      0.9611301370345571,
      0.9324988568560906,
      0.9057552250562154,
      0.8935299156528915,
      0.818633939013069,
      0.7601031324486913,
      0.7219080835167625,
      0.6739915455726833,
      0.5052014925483135
    ]
  ],
  "top_r_val_seeds": [
    [
      33,
      28,
      20,
      50,
      24,
      8,
      44,
      14,
      42,
      31,
      9,
      23,
      2,
      39,
      4,
      30,
      29,
      15,
      35,
      6,
      47,
      43,
      5,
      36,
      13,
      16,
      11,
      22,
      41,
      32,
      49,
      7,
      19,
      17,
      27,
      34,
      21,
      12,
      37,
      1,
      26,
      38,
      25,
      45,
      40,
      18,
      46,
      3,
      48,
      10
    ]
  ],
  "test_acc_values": [
    0.727
  ],
  "loss_predicts_minimas": true,
  "loss_ordering_violations": 0,
  "test_loss_ranks": [
    1
  ],
  "log_exp_r_n_ranks": [
    1
  ],
  "data_level_ranks": [
    1
  ],
  "accuracy_predicts_minimas": true,
  "accuracy_ordering_violations": 0,
  "log_exp_r_n_acc_ranks": [
    1
  ]
}