{
  "test_loss_values": [
    4.9904780626297
  ],
  "log_exp_r_n_values": [
    9824.462535366269
  ],
  "log_exp_r_n_acc_values": [
    -Infinity
  ],
  "model_data_levels": [
    0
  ],
  "loss_landscape_data_param": 50,
  "train_loss_values": [
    2.571486711502075
  ],
  "num_params": 4353,
  "dataset_type": "data",
  "top_r_vals": [
    [
      9.562405527580298,
      8.414047566950591,
      7.469709347507091,
      7.340019200089965,
      7.338646782769096,
      6.144860325065014,
      5.826119744645485,
      4.841364810038714,
      4.829695897869494,
      4.8092968506275495,
      4.807821642798855,
      4.805163076937148,
      4.772185464817779,
      4.662217864254664,
      4.651938594880071,
      4.341098956476778,
      4.239861942985515,
      3.9216459467857105,
      3.7490296532945138,
      3.6059175968374184,
      3.525621298235855,
      3.4272051023844323,
      3.4246960306893226,
      3.279054233962336,
      3.2731643488377697,
      3.076382716890725,
      3.032218192343986,
      2.99519523328403,
      2.972122408558967,
      2.90572032769018,
      2.76994926588108,
      2.706609337994385,
      2.7056485008151046,
      2.523782666099398,
      2.4380661768008527,
      2.34844666815013,
      2.310168227687905,
      2.1938857177475315,
      2.1758461610529714,
      2.114753282069646,
      2.073299827135694,
      2.063008028136746,
      1.986625402026551,
      1.9809579435274391,
      1.8743342115693957,
      1.5044096406238656,
      1.3698249558680302,
      1.0552203328024496,
      0.8966004945742007,
      0.8327107137167197
    ]
  ],
  "top_r_val_seeds": [
    [
      49,
      46,
      17,
      41,
      29,
      37,
      43,
      50,
      3,
      5,
      18,
      31,
      21,
      1,
      10,
      14,
      4,
      19,
      45,
      36,
      48,
      9,
      16,
      13,
      11,
      26,
      28,
      35,
      23,
      8,
      40,
      22,
      2,
      20,
      32,
      47,
      44,
      6,
      12,
      38,
      24,
      25,
      39,
      33,
      30,
      34,
      42,
      27,
      7,
      15
    ]
  ],
  "test_acc_values": [
    0.66275
  ],
  "loss_predicts_minimas": true,
  "loss_ordering_violations": 0,
  "test_loss_ranks": [
    1
  ],
  "log_exp_r_n_ranks": [
    1
  ],
  "data_level_ranks": [
    1
  ],
  "accuracy_predicts_minimas": true,
  "accuracy_ordering_violations": 0,
  "log_exp_r_n_acc_ranks": [
    1
  ]
}