{
  "test_loss_values": [
    0.5058243107795716,
    0.5087785768508911,
    0.3386245757341385,
    0.4758927784860134,
    0.16560503840446472,
    0.22102737426757812,
    0.5475466012954712,
    0.425159353017807
  ],
  "log_exp_r_n_values": [
    822751.7992455161,
    822751.7992455161,
    775726.5680682204,
    794898.7551677752,
    763725.5407860464,
    755275.8678038568,
    800534.8401997451,
    794898.7551677752
  ],
  "log_exp_r_n_acc_values": [
    -Infinity,
    -Infinity,
    -Infinity,
    -Infinity,
    -Infinity,
    -Infinity,
    -Infinity,
    -Infinity
  ],
  "model_data_levels": [
    200,
    100,
    2000,
    500,
    10000,
    5000,
    0,
    1000
  ],
  "loss_landscape_data_param": 100,
  "train_loss_values": [
    0.0022268062457442284,
    0.0021144861821085215,
    0.007675216067582369,
    0.00306844525039196,
    0.06137402728199959,
    0.023417523130774498,
    0.07614370435476303,
    0.0042545306496322155
  ],
  "num_params": 235146,
  "dataset_type": "data",
  "top_r_vals": [
    [
      33.079519328347146,
      29.43955225992804,
      29.3844122411398,
      28.248434382970125,
      28.230904640981286,
      28.200241352806746,
      28.170819155450616,
      27.10606231577712,
      27.07331149995497,
      27.061288057356503,
      27.06116038381907,
      27.04589062874216,
      27.030508520952306,
      27.012792540898193,
      25.97710528303519,
      25.918909173201907,
      25.87356581177026,
      25.84281998950271,
      24.845573182738296,
      24.818314044440214,
      24.817552511380367,
      24.797744849231435,
      24.745311425438477,
      23.74639782070292,
      23.72028004491285,
      23.71233102689563,
      23.703343623641924,
      23.6877320387072,
      23.675902503448462,
      23.673567628599187,
      23.672675452778183,
      23.658521486199845,
      22.637207700924385,
      22.635177235083038,
      21.61036182107933,
      21.599727351744786,
      21.579687297171116,
      21.57844617861015,
      20.622492677445805,
      20.621287933994626,
      20.603141647689117,
      20.567308950266458,
      20.554656553182944,
      19.610503690326635,
      19.606649325064396,
      19.59055124673304,
      19.5703250766237,
      19.531352339192825,
      15.88501933988804,
      15.872065787381473
    ],
    [
      33.079519328347146,
      30.65342800908791,
      29.413239511792487,
      29.3844122411398,
      28.27178251496174,
      28.248434382970125,
      28.237623221320167,
      28.230904640981286,
      28.221723409762376,
      28.170819155450616,
      27.04589062874216,
      27.012792540898193,
      25.97710528303519,
      25.921994354624882,
      25.912112642456158,
      25.899179992421477,
      25.89251065203037,
      25.87356581177026,
      25.84281998950271,
      24.845573182738296,
      24.818314044440214,
      24.76186696689739,
      24.760933776795362,
      24.746129137166676,
      24.745311425438477,
      23.74639782070292,
      23.72680575902834,
      23.71233102689563,
      23.703343623641924,
      23.6877320387072,
      23.675902503448462,
      22.65433770818381,
      22.651677441709566,
      22.637207700924385,
      21.640735920888993,
      21.599727351744786,
      21.594620142069488,
      21.56955036276901,
      20.621287933994626,
      20.5823229035989,
      20.567308950266458,
      20.564316522984498,
      20.563133801725435,
      20.52012705136446,
      19.610503690326635,
      19.610366827068763,
      19.606649325064396,
      19.5703250766237,
      16.779777373693463,
      16.766094184355893
    ],
    [
      27.083676888880646,
      27.034638334309786,
      27.012792540898193,
      25.87364734404888,
      24.81822353436343,
      24.807201591736952,
      24.785368376490307,
      24.772938846117956,
      23.767332621907435,
      23.74639782070292,
      23.738014650237687,
      23.716797873731885,
      23.714087031814223,
      23.70786865585781,
      23.703415236416856,
      23.689934131536297,
      23.67260085613763,
      22.655791094259722,
      22.638162376091895,
      22.62325234481901,
      22.609724455206553,
      22.60757144897057,
      22.58193485850213,
      21.612899792988774,
      21.605656989382172,
      21.572464884340437,
      21.556628048376304,
      21.555915730604184,
      21.533315953960088,
      20.62711215609839,
      20.624893096386703,
      20.602264646273582,
      20.59354774446392,
      20.58039272323088,
      20.57854674536214,
      20.554656553182944,
      19.62878541577233,
      19.608930379362267,
      19.606649325064396,
      19.59055124673304,
      19.576260749807457,
      19.573412514440925,
      19.572286783319868,
      19.5703250766237,
      18.65852406163345,
      18.64223507061676,
      18.642104964982245,
      18.624254706351376,
      16.779777373693463,
      14.157490779485325
    ],
    [
      29.3844122411398,
      29.372753663965046,
      28.27178251496174,
      28.25019925317542,
      28.248434382970125,
      28.170819155450616,
      27.066869944413046,
      27.061288057356503,
      27.037470984526955,
      27.012792540898193,
      25.933511604302726,
      25.921872056206954,
      25.918909173201907,
      25.89251065203037,
      25.87356581177026,
      24.85994243768727,
      24.845573182738296,
      24.838045241179447,
      24.793086701314113,
      24.79301179642298,
      24.76430917845203,
      24.760933776795362,
      24.731432173318993,
      23.71233102689563,
      23.70786865585781,
      23.700218024402794,
      23.6877320387072,
      23.673567628599187,
      23.657739713406862,
      22.661265515145658,
      22.660570169650516,
      22.59535445660305,
      21.640735920888993,
      21.612899792988774,
      21.61036182107933,
      21.598582749523175,
      21.596557265781836,
      21.582827476662718,
      20.603141647689117,
      20.58341364982029,
      20.564316522984498,
      20.563133801725435,
      20.554656553182944,
      20.52012705136446,
      19.62763872361178,
      19.606649325064396,
      19.5703250766237,
      18.64223507061676,
      16.779777373693463,
      15.002531319091286
    ],
    [
      25.736101251558114,
      21.0400859990997,
      20.873292474504435,
      20.218073485048958,
      20.0294170115152,
      20.014170845617315,
      19.60240159235416,
      19.409258091299503,
      19.020527528425806,
      18.484050544773375,
      18.45852109037352,
      18.249313528622622,
      18.08900348905005,
      17.91960090721352,
      17.888701764827893,
      17.875569262956652,
      17.570121491831898,
      17.55079677162832,
      17.53831838495054,
      17.367651862067145,
      17.331629929357938,
      17.161268061867393,
      17.159672839815386,
      16.988081423453227,
      16.76583948417378,
      16.43358859125016,
      16.25874853889688,
      16.12469085271771,
      16.090329605502493,
      16.07666674547166,
      15.756778672147652,
      15.58907257420327,
      15.579898966294117,
      15.546749350786447,
      15.395802829485048,
      15.235462095253068,
      15.00419998170092,
      14.400585268976123,
      14.237643479430128,
      14.214476003399938,
      14.211381343633805,
      14.2074810529953,
      14.187631774709148,
      14.070094420137455,
      14.028769691643868,
      13.876350448539549,
      13.401613454935088,
      13.080719665740721,
      12.606939677842032,
      10.934178207759773
    ],
    [
      24.82772553190734,
      23.767332621907435,
      23.72744729013709,
      23.6744075867718,
      22.648422996810172,
      22.608872371997343,
      22.58193485850213,
      21.6097269882557,
      21.590809785742664,
      21.588547769000662,
      21.579982283729418,
      21.555915730604184,
      20.61136499331072,
      20.593039938622134,
      20.581322836992115,
      20.557433940235985,
      20.554567168991404,
      19.633182302056767,
      19.62512216587018,
