{
  "test_loss_values": [
    0.014059519462171011,
    0.002652563632000238
  ],
  "log_exp_r_n_values": [
    3372.2635621309364,
    3932.4141397504345
  ],
  "log_exp_r_n_acc_values": [
    -Infinity,
    -Infinity
  ],
  "model_data_levels": [
    380,
    780
  ],
  "loss_landscape_data_param": 380,
  "train_loss_values": [
    0.00022554390307050198,
    0.00022578959760721773
  ],
  "num_params": 4353,
  "dataset_type": "data",
  "top_r_vals": [
    [
      2.173384485165935,
      1.9711352035885215,
      1.9702042929068748,
      1.947787072826145,
      1.9424097025933265,
      1.9338355607833688,
      1.9261232649911466,
      1.7393713013978167,
      1.7351288691842672,
      1.7306351472426285,
      1.721044089888787,
      1.70768567939496,
      1.703853560861137,
      1.7015528947938987,
      1.6937567356009593,
      1.5624935195684653,
      1.54857425321889,
      1.5406271423956361,
      1.5340141247345616,
      1.5300088677524537,
      1.528461095496424,
      1.5282989095612554,
      1.5249310117779358,
      1.5190381977512162,
      1.5138552536977554,
      1.5120116584995016,
      1.5115447171353988,
      1.510754629928547,
      1.509568710957677,
      1.508393125647903,
      1.5083367283788705,
      1.5081256764869937,
      1.5056949892210458,
      1.5016690649167457,
      1.5007847487324417,
      1.5003356723417594,
      1.4989204862119958,
      1.497436642537323,
      1.4924693041924932,
      1.492213239573469,
      1.4919310780815076,
      1.4894073878656955,
      1.4813977496354707,
      1.3484047355609048,
      1.34549670710319,
      1.3449186105750535,
      1.344362789605932,
      1.3391239137847069,
      1.336752787328183,
      1.336295833223731
    ],
    [
      2.4718506595769987,
      2.455760399622159,
      2.446802819435627,
      2.4072052342905566,
      2.2019373365670196,
      2.1833306935207903,
      2.181866858616348,
      2.1779046176878873,
      2.1720861009329804,
      2.1703889704932853,
      2.168200784478306,
      2.1663576236441116,
      2.163848120318957,
      2.1633030915063274,
      2.146719688226369,
      2.146211734487991,
      1.970478526865533,
      1.9583924356473617,
      1.9547747520631271,
      1.9478473638031102,
      1.9440431831296816,
      1.9363457351153686,
      1.9350407054236738,
      1.9295780729510428,
      1.9261464365233385,
      1.9255097818038942,
      1.923490933940893,
      1.9027731095317826,
      1.8976893203621705,
      1.7777704044867872,
      1.7619333725512705,
      1.7574940535404553,
      1.7571198092031428,
      1.7534026741531479,
      1.7422506711687584,
      1.741618162368636,
      1.740307111519233,
      1.7392842168528724,
      1.7388645371008062,
      1.7376634877818593,
      1.7374869273543518,
      1.7374241547418632,
      1.7370532981328437,
      1.736401060797368,
      1.734962272663504,
      1.73342882741557,
      1.7332763796423836,
      1.733010741888583,
      1.7320560003443528,
      1.7310390840220389
    ]
  ],
  "top_r_val_seeds": [
    [
      484,
      896,
      629,
      33,
      273,
      891,
      762,
      861,
      410,
      46,
      992,
      23,
      847,
      402,
      269,
      306,
      902,
      973,
      828,
      725,
      774,
      757,
      918,
      785,
      541,
      418,
      769,
      313,
      562,
      783,
      595,
      878,
      377,
      307,
      454,
      282,
      94,
      701,
      758,
      885,
      670,
      419,
      398,
      966,
      777,
      184,
      922,
      871,
      257,
      778
    ],
    [
      973,
      171,
      410,
      282,
      901,
      838,
      698,
      505,
      783,
      350,
      377,
      659,
      159,
      342,
      852,
      142,
      802,
      315,
      626,
      62,
      754,
      752,
      846,
      742,
      32,
      271,
      847,
      398,
      50,
      306,
      902,
      906,
      893,
      266,
      994,
      819,
      421,
      259,
      757,
      996,
      172,
      874,
      682,
      68,
      235,
      832,
      192,
      927,
      218,
      999
    ]
  ],
  "loss_predicts_minimas": false,
  "loss_ordering_violations": 0,
  "test_loss_ranks": [
    1,
    2
  ],
  "log_exp_r_n_ranks": [
    2,
    1
  ],
  "data_level_ranks": [
    2,
    1
  ],
  "accuracy_predicts_minimas": true,
  "accuracy_ordering_violations": 1,
  "log_exp_r_n_acc_ranks": [
    1,
    2
  ]
}