{
  "test_loss_values": [
    0.5219272649288178,
    0.5280373707413674,
    0.348116734623909,
    0.4987525247037411,
    0.17655563354492188,
    0.23118039965629578,
    0.5640919104218483,
    0.43831324577331543
  ],
  "log_exp_r_n_values": [
    866447.6190172399,
    866462.3097152088,
    849664.381211695,
    866447.6190172399,
    836606.4995262986,
    832327.1955179159,
    877060.6192554195,
    866462.3097147921
  ],
  "log_exp_r_n_acc_values": [
    -Infinity,
    -Infinity,
    -Infinity,
    -Infinity,
    -Infinity,
    -Infinity,
    -Infinity,
    -Infinity
  ],
  "model_data_levels": [
    200,
    100,
    2000,
    500,
    10000,
    5000,
    0,
    1000
  ],
  "loss_landscape_data_param": 0,
  "train_loss_values": [
    0.00258427276276052,
    0.002454092726111412,
    0.009393233805894852,
    0.0032713785767555237,
    0.06784781068563461,
    0.029594676569104195,
    0.0021670996211469173,
    0.005199691280722618
  ],
  "num_params": 235146,
  "dataset_type": "data",
  "top_r_vals": [
    [
      39.83470629786022,
      39.77913021855287,
      38.343614961585565,
      37.09064789099639,
      37.05767151358237,
      37.03159066312937,
      37.00648889358362,
      36.99359766163823,
      36.98994941968623,
      35.777625383143146,
      35.77346142024508,
      35.77137157378247,
      35.76678514729841,
      35.73824188948334,
      34.48473002837705,
      34.36357234566534,
      34.34990233018697,
      34.347280890955886,
      34.30646566659409,
      33.14151993774621,
      33.118875566490594,
      33.11579158107987,
      33.10978614462467,
      33.10803160697884,
      33.04262819475834,
      31.91619197978103,
      31.877745594858762,
      31.87676744795078,
      31.87004469235778,
      31.86800020496814,
      31.863321936764784,
      31.85967994305206,
      31.78502809173853,
      30.596014411849005,
      30.569054045426363,
      30.517738029988777,
      29.42895944064135,
      29.377192471557848,
      28.233575028092723,
      28.2257787050832,
      28.1724739432085,
      27.074751657457206,
      27.05097203553197,
      27.045808917678205,
      27.044668367410473,
      27.021988440220987,
      27.01928005891359,
      25.899179992421477,
      25.89251065203037,
      24.77620501147506
    ],
    [
      39.83719504061066,
      39.83470629786022,
      39.746804104215926,
      38.395614763121515,
      38.34726657194579,
      37.108504461828524,
      37.07413639083921,
      37.03159066312937,
      36.986427059565166,
      35.777625383143146,
      35.77346142024508,
      35.72237029210122,
      35.66060521697093,
      35.65835357594348,
      35.65563228124862,
      34.48473002837705,
      34.45435510245583,
      34.40172283700197,
      34.39548420127613,
      34.36357234566534,
      34.30646566659409,
      33.18007809047594,
      33.13210336337388,
      33.12132816840169,
      33.118875566490594,
      33.04372009229566,
      31.87676744795078,
      31.863321936764784,
      31.84688987047039,
      31.832093394087714,
      31.804043828861595,
      31.783977786452084,
      31.75065464640033,
      30.64119816729493,
      30.63989388202495,
      30.63052691750109,
      30.58849695080991,
      29.37066285421938,
      28.24003438202318,
      28.2257787050832,
      28.214323028458875,
      28.1724739432085,
      27.069430224417026,
      27.045808917678205,
      27.044668367410473,
      27.030508520952306,
      27.01928005891359,
      25.934891130456972,
      25.889604841620358,
      24.785368376490307
    ],
    [
      37.09064789099639,
      35.72237029210122,
      35.6536929936172,
      34.45435510245583,
      34.44004000944578,
      34.38735146205963,
      34.36404208333103,
      34.35207134927,
      34.34868360988383,
      33.195695976052534,
      33.13998836391048,
      33.106422933507844,
      33.06590811706145,
      31.91619197978103,
      31.909044291514892,
      31.907180200071394,
      31.87004469235778,
      31.863321936764784,
      31.857320764956366,
      31.803943608891515,
      31.783977786452084,
      30.63895371775353,
      30.61185849170179,
      30.610236323020363,
      30.569054045426363,
      30.53263231273949,
      29.45887467247143,
      29.409877563732415,
      29.309235604001234,
      28.238928230979013,
      28.237726201674196,
      28.185714020794926,
      27.065133584303968,
      27.053544231732772,
      27.02799590573564,
      26.99466630321046,
      25.922633567689264,
      25.896466598189008,
      24.820342718575063,
      24.797744849231435,
      24.771175460139204,
      24.768692675101867,
      24.7609634266481,
      23.72870946529523,
      23.724045683327915,
      23.689934131536297,
      23.68727550726702,
      22.638162376091895,
      22.637207700924385,
      21.590809785742664
    ],
    [
      39.83470629786022,
      39.77913021855287,
      38.45166009459989,
      37.07413639083921,
      37.05767151358237,
      37.00648889358362,
      36.986427059565166,
      35.777625383143146,
      35.76678514729841,
      35.6972292144414,
      35.66060521697093,
      35.657088432332245,
      34.48473002837705,
      34.46078639556529,
      34.45877323414092,
      33.13210336337388,
      33.118875566490594,
      33.07906714940517,
      33.06338466683686,
      33.04262819475834,
      33.02409510945905,
      31.91619197978103,
      31.87676744795078,
      31.86800020496814,
      31.863321936764784,
      31.854354253841983,
      31.848577574766548,
      31.84688987047039,
      31.80637093656686,
      31.804043828861595,
      31.78502809173853,
      30.64119816729493,
      30.63989388202495,
      30.62252974149563,
      29.309235604001234,
      28.24003438202318,
      28.2257787050832,
      28.19728688196005,
      28.190358789866416,
      27.069430224417026,
      27.05097203553197,
      27.021988440220987,
      27.01928005891359,
      27.010848498501556,
      25.934891130456972,
      25.907166894435075,
      25.90607436190157,
      25.89251065203037,
      24.785368376490307,
      24.77620501147506
    ],
    [
      35.087112770875265,
      31.389301401245223,
      31.387340422410645,
      31.181091227346133,
      31.071965193260198,
      30.62494854362308,
      30.17631863199638,
      30.086734975073078,
      29.842616399949126,
      29.635760140746942,
      29.19262039601098,
      29.16170529242815,
      28.64868712442647,
      28.245868040719994,
      28.04583510875741,
      27.91398873535698,
      27.71479054883275,
      27.57738506346941,
      27.079553710973705,
      26.881838881801187,
      26.60941608640418,
      26.16087119871373,
      26.15893401182401,
      26.071347488864614,
      25.7516044592672,
      25.701443882488086,
      25.6687438257436,
      25.491585047069883,
      25.257744094213866,
      25.207345718466215,
      25.05883131623401,
      24.61996667523071,
      24.360676335745154,
      24.356662562211863,
      24.128338310061594,
      23.05845234709634,
      22.867542358073447,
      22.473284785831556,
      22.470645780143023,
      22.229224454303296,
      22.064960236280143,
      21.443573684141278,
      21.410338038321616,
      21.02272483319155,
      21.018712304333864,
      20.998095341024207,
      20.604786426929735,
      19.649433660911843,
      19.238325729937124,
      18.657681263928623
    ],
    [
      34.45435510245583,
      34.325718416818106,
      33.195695976052534,
      33.154747734629495,
      33.12527066866999,
      33.079519328347146,
      31.808379344767275,
      31.805242459703756,
      30.67684734696369,
      30.669977212144257,
      30.668185505643393,
      30.64119816729493,
      30.608749013968033,
      30.604620382751534,
      30.56729509054971,
      29.437713087461496,
      29.42644676839832,
      29.419445331161494,
      29.35842699152193,
      28.26874104347112,
      28.219633618784876,
