{
  "test_loss_values": [
    4.541808344610035
  ],
  "log_exp_r_n_values": [
    13149.160440733709
  ],
  "log_exp_r_n_acc_values": [
    -Infinity
  ],
  "model_data_levels": [
    0
  ],
  "loss_landscape_data_param": 5,
  "train_loss_values": [
    0.5789034962654114
  ],
  "num_params": 4353,
  "dataset_type": "data",
  "top_r_vals": [
    [
      20.52432872630932,
      19.726719436602927,
      19.58758294549554,
      18.466241808390595,
      17.362455548641734,
      16.784331985229294,
      16.53503433857445,
      16.320162501751096,
      15.923507867113447,
      15.456207393271534,
      14.794914717626003,
      13.839272236939925,
      13.042246980545594,
      12.210538133612392,
      11.452865997879762,
      11.432844600594873,
      11.16428655026295,
      11.051603444837012,
      10.787313479515241,
      10.348092760439897,
      9.458729489277998,
      9.314954746148878,
      8.973938397248494,
      8.775552292067426,
      8.705097577689024,
      8.384214820993266,
      8.34429421106976,
      8.084958831605746,
      7.63838346346626,
      7.591707839183541,
      7.558633675781792,
      7.537763934417951,
      7.248012611377625,
      6.8835513996067,
      6.2089674303916444,
      6.208903427251002,
      5.927323734213296,
      5.85659620538243,
      5.643840532371915,
      5.465126232651571,
      5.388269042883129,
      5.358454551136002,
      4.821418588023082,
      4.229077090616227,
      4.219343370106803,
      4.027482455280889,
      3.562290475975011,
      3.514618578640692,
      3.3284842169302338,
      3.214022649269053
    ]
  ],
  "top_r_val_seeds": [
    [
      7,
      11,
      33,
      4,
      6,
      13,
      9,
      48,
      41,
      34,
      30,
      35,
      40,
      5,
      29,
      15,
      32,
      46,
      50,
      2,
      25,
      45,
      37,
      19,
      44,
      47,
      28,
      14,
      27,
      42,
      17,
      20,
      12,
      1,
      38,
      3,
      10,
      21,
      36,
      8,
      49,
      23,
      43,
      22,
      18,
      26,
      39,
      16,
      24,
      31
    ]
  ],
  "test_acc_values": [
    0.72525
  ],
  "loss_predicts_minimas": true,
  "loss_ordering_violations": 0,
  "test_loss_ranks": [
    1
  ],
  "log_exp_r_n_ranks": [
    1
  ],
  "data_level_ranks": [
    1
  ],
  "accuracy_predicts_minimas": true,
  "accuracy_ordering_violations": 0,
  "log_exp_r_n_acc_ranks": [
    1
  ]
}