{
  "test_loss_values": [
    3.718890313245356
  ],
  "log_exp_r_n_values": [
    14060.359224788945
  ],
  "log_exp_r_n_acc_values": [
    -118.70742205762444
  ],
  "model_data_levels": [
    0
  ],
  "loss_landscape_data_param": 2000,
  "train_loss_values": [
    3.619544744491577
  ],
  "num_params": 4353,
  "dataset_type": "data",
  "top_r_vals": [
    [
      25.303369565766847,
      17.897391424030857,
      10.869270562968657,
      9.247401718472666,
      8.634551757659851,
      7.625232734401106,
      6.540455573503628,
      6.199772527258307,
      6.014383240868026,
      5.74058992078852,
      5.207453413958854,
      5.173348278060138,
      4.931562284192624,
      4.900591260445254,
      4.625839755331063,
      3.43804651270595,
      2.9613309389502813,
      2.9326054689069907,
      2.8999692207690706,
      2.6652808994476826,
      2.6371035377301015,
      2.516498876487252,
      2.4353582185789393,
      2.315595326045534,
      2.125996268518307,
      2.097185920987841,
      1.903058891543042,
      1.827007909636559,
      1.636455770087151,
      1.6237400806644124,
      1.5922288694467917,
      1.5829513274244689,
      1.5492805898180526,
      1.4845496651040293,
      1.4775288847526444,
      1.4277309389550152,
      1.4104965992653467,
      1.375504456895663,
      1.3519488132558233,
      1.3320385035746025,
      1.2553233502853014,
      1.2385781486150775,
      0.9883783700768715,
      0.9629741791937175,
      0.9612802955770329,
      0.9404211582353392,
      0.8643005945545301,
      0.8334505422433194,
      0.7441885015279331,
      0.708091980217209
    ]
  ],
  "top_r_val_seeds": [
    [
      35,
      33,
      36,
      27,
      43,
      38,
      14,
      28,
      15,
      11,
      21,
      47,
      16,
      4,
      20,
      45,
      8,
      19,
      1,
      7,
      41,
      29,
      44,
      24,
      39,
      32,
      25,
      23,
      46,
      49,
      13,
      10,
      50,
      34,
      26,
      48,
      40,
      5,
      37,
      42,
      12,
      22,
      31,
      17,
      2,
      30,
      9,
      18,
      6,
      3
    ]
  ],
  "test_acc_values": [
    0.72825
  ],
  "loss_predicts_minimas": true,
  "loss_ordering_violations": 0,
  "test_loss_ranks": [
    1
  ],
  "log_exp_r_n_ranks": [
    1
  ],
  "data_level_ranks": [
    1
  ],
  "accuracy_predicts_minimas": true,
  "accuracy_ordering_violations": 0,
  "log_exp_r_n_acc_ranks": [
    1
  ]
}