{
  "test_loss_values": [
    0.021868592977989466
  ],
  "log_exp_r_n_values": [
    5207.2078955919405
  ],
  "log_exp_r_n_acc_values": [
    -Infinity
  ],
  "model_data_levels": [
    0
  ],
  "loss_landscape_data_param": 0,
  "train_loss_values": [
    1.1876449207193218e-05
  ],
  "num_params": 4353,
  "dataset_type": "data",
  "top_r_vals": [
    [
      3.310611733167101,
      3.3027187302847465,
      2.937146204467748,
      2.886052808759963,
      2.829594867953539,
      2.7854611830474902,
      2.372640697312888,
      2.328943072835227,
      2.2913799749786734,
      2.2122910854101305,
      2.205788176656445,
      2.1994860006723878,
      2.1225234419385597,
      2.017405978755634,
      1.986625402026551,
      1.9407739366051941,
      1.8759472583154662,
      1.822644936221648,
      1.815118175719347,
      1.7860403548500092,
      1.7421603930788898,
      1.720887849901675,
      1.7162662189655964,
      1.6730994897166132,
      1.6614130480142792,
      1.6463680427814849,
      1.6452011630392223,
      1.6268638304418284,
      1.6241065840642914,
      1.5802450452825314,
      1.5749613861103953,
      1.5303749524400843,
      1.508576191169429,
      1.4996772255854078,
      1.4162812307444674,
      1.393481967341448,
      1.3269799013546075,
      1.3053216007354,
      1.276409400530699,
      1.235934682884822,
      1.2288941113305027,
      1.2106223524419062,
      1.19210514859365,
      1.1708097518479357,
      1.162955477736323,
      1.1551475488399012,
      1.1149839042619973,
      1.0658434961488015,
      1.0100190098044932,
      0.8187916766710404
    ]
  ],
  "top_r_val_seeds": [
    [
      34,
      11,
      16,
      48,
      35,
      24,
      22,
      37,
      6,
      42,
      41,
      13,
      23,
      49,
      39,
      20,
      27,
      9,
      19,
      31,
      15,
      1,
      28,
      29,
      26,
      21,
      38,
      43,
      8,
      7,
      30,
      4,
      36,
      17,
      18,
      50,
      10,
      2,
      44,
      25,
      5,
      32,
      46,
      33,
      3,
      45,
      12,
      47,
      14,
      40
    ]
  ],
  "test_acc_values": [
    0.9965
  ],
  "loss_predicts_minimas": true,
  "loss_ordering_violations": 0,
  "test_loss_ranks": [
    1
  ],
  "log_exp_r_n_ranks": [
    1
  ],
  "data_level_ranks": [
    1
  ],
  "accuracy_predicts_minimas": true,
  "accuracy_ordering_violations": 0,
  "log_exp_r_n_acc_ranks": [
    1
  ]
}