{
  "test_loss_values": [
    0.46706570982933043,
    0.12372665852308273,
    0.2807197690010071,
    0.06708574295043945
  ],
  "log_exp_r_n_values": [
    787042.1244566776,
    724533.2445613894,
    746944.0444692778,
    678159.9048740527
  ],
  "log_exp_r_n_acc_values": [
    -Infinity,
    -Infinity,
    -Infinity,
    -Infinity
  ],
  "model_data_levels": [
    1940,
    19940,
    5940,
    59940
  ],
  "loss_landscape_data_param": 1940,
  "train_loss_values": [
    0.0010966095142066479,
    0.006623591296374798,
    0.002214714651927352,
    0.018952948972582817
  ],
  "num_params": 235146,
  "dataset_type": "data",
  "top_r_vals": [
    [
      28.41912735307622,
      26.20741574470638,
      26.191678793986668,
      26.18893298104447,
      26.18114851075963,
      26.17882601750918,
      26.171517575982765,
      26.155775683788054,
      26.155596143529685,
      26.154311360029435,
      26.10878884516229,
      23.99692111545139,
      23.98111376350309,
      23.980198989679785,
      23.97575171199846,
      23.973020953896608,
      23.969310619212965,
      23.967607663001544,
      23.950142566068674,
      23.94709532937886,
      23.946251386477627,
      23.943383487654323,
      23.94170313705633,
      23.933213975694446,
      23.916259765625004,
      23.913054289641206,
      23.91253134645062,
      23.909416292920525,
      23.90702914014275,
      23.904759536554785,
      23.895348066165127,
      23.88875777633102,
      23.88737581983025,
      23.88438132957176,
      21.896000577508037,
      21.873902460103523,
      21.861818732199485,
      21.861042901942007,
      21.85899690710371,
      21.85895983202946,
      21.858083761756415,
      21.857571576471393,
      21.85318985195528,
      21.852311035380442,
      21.851612101573263,
      21.85109991628824,
      21.850399609330164,
      21.849726765390052,
      21.849064906657127,
      21.849042936242757
    ],
    [
      21.785232614004034,
      19.832166211116856,
      19.810552006411978,
      19.807940217356652,
      19.80467205594455,
      19.80259582687673,
      19.796709648967585,
      19.790987875519722,
      19.78942727862591,
      19.77738838830222,
      19.762689134877824,
      19.762422600372417,
      19.748789484969652,
      19.748221542285233,
      19.740860706177948,
      19.735505106302934,
      17.911961317573226,
      17.908789239359347,
      17.89718788597684,
      17.895320833562508,
      17.895241025783207,
      17.892479226998127,
      17.888892373142532,
      17.888590002823776,
      17.888172979075602,
      17.887600835981743,
      17.88718156412711,
      17.88643406872944,
      17.88605751089753,
      17.884455735045375,
      17.883758822043035,
      17.8835104062793,
      17.882740429817034,
      17.880703645365035,
      17.877936226313803,
      17.876777327434105,
      17.876328830195504,
      17.875283460691993,
      17.871231248799354,
      17.87089066067079,
      17.870227469265338,
      17.865032095238213,
      17.864945543139534,
      17.86363939328676,
      17.86326283545485,
      17.860737087847983,
      17.86023688416082,
      17.860005329195527,
      17.85926457811723,
      17.858774490909134
    ],
    [
      23.963653187692902,
      23.887814368730712,
      23.879961178626544,
      21.86496324775633,
      21.852820474363668,
      21.847770025360138,
      21.838254089635708,
      21.832361899131588,
      21.82587238798676,
      21.822340643876625,
      21.817843574685064,
      21.804720371551095,
      21.804570698103195,
      21.80349964040261,
      21.785232614004034,
      21.762421831283362,
      19.847048551327678,
      19.843533783223656,
      19.840274340229957,
      19.828610341897516,
      19.826754564266405,
      19.825926314518295,
      19.825461747366347,
      19.820138530188252,
      19.820056327957612,
      19.81552399587734,
      19.815124194119228,
      19.814670836362367,
      19.81463098073539,
      19.813187459745823,
      19.811179732536864,
      19.810552006411978,
      19.809347619184273,
      19.808063520702614,
      19.80318992481635,
      19.801540898250185,
      19.794953510403918,
      19.791367749464346,
      19.790987875519722,
      19.790290402047628,
      19.78997529349684,
      19.787920237730848,
      19.787485562299132,
      19.78688772789448,
      19.786531518228376,
      19.786197727352445,
      19.785207564119737,
      19.77951568239211,
      19.778960194591118,
      19.77884560966356
    ],
    [
      17.88605751089753,
      17.876666046164377,
      17.873716530489958,
      17.871842733756246,
      17.86363939328676,
      17.86136655765655,
      17.86023688416082,
      17.859958118959884,
      17.848216258923678,
      17.84373016248442,
      17.835826944227236,
      17.83443986254193,
      17.83326297881056,
      17.82328251018511,
      17.82276994191242,
      17.81459020656076,
      16.076109326575413,
      16.073262364411157,
      16.064054631004648,
      16.062850069408576,
      16.06174437467717,
      16.061174376936982,
      16.059675232438018,
      16.059000314759814,
      16.058624015366735,
      16.055404789191634,
      16.05513340973657,
      16.05431220945248,
      16.053198443956614,
      16.050797391528928,
      16.050694489282026,
      16.05057443666064,
      16.04988337745351,
      16.049851094395663,
      16.046547125193698,
      16.045571571539256,
      16.045562491929235,
      16.04412892239153,
      16.043190696022727,
      16.04294554655217,
      16.039967434465392,
      16.039553807786675,
      16.039248127582646,
      16.03865290870351,
      16.035750460033576,
      16.03533481566374,
      16.034521686144114,
      16.03414336905992,
      16.03391234342717,
      16.03365407896436
    ]
  ],