{
  "test_loss_values": [
    0.17474502325057983
  ],
  "log_exp_r_n_values": [
    737751.2177586554
  ],
  "log_exp_r_n_acc_values": [
    -Infinity
  ],
  "model_data_levels": [
    0
  ],
  "loss_landscape_data_param": 0,
  "train_loss_values": [
    0.05700557678937912
  ],
  "num_params": 235146,
  "dataset_type": "data",
  "top_r_vals": [
    [
      23.044665626430984,
      22.041372932121927,
      21.40722295506902,
      21.207324278971704,
      21.018775806274242,
      20.790186174019773,
      20.258577905044685,
      19.993289432682868,
      19.851339800918286,
      19.440349295350778,
      19.214184284664586,
      19.086642963566394,
      18.50940558588483,
      18.478761171114012,
      18.45852109037352,
      18.30464803500107,
      18.303151916819417,
      18.29755643482004,
      18.084210466880766,
      17.70597994027145,
      17.556911225256083,
      17.539170588994704,
      17.150020449472247,
      17.128333643445437,
      16.838114214166655,
      16.815203254880725,
      16.785839100247134,
      16.626643218784828,
      16.625151876232422,
      16.104983070997793,
      16.10205886038848,
      15.885475622042877,
      15.743719595862752,
      15.720941261679751,
      15.60098268610583,
      15.582132847105061,
      15.233689794795058,
      15.215704298147122,
      14.900138809181213,
      14.872230982097713,
      14.710362038250594,
      14.359974151806025,
      14.355993734013357,
      14.214125495850581,
      14.21405843445721,
      14.197958335136498,
      14.078231756007797,
      11.98694197663165,
      11.044381578730718,
      10.225391544177524
    ]
  ],
  "top_r_val_seeds": [
    [
      29,
      30,
      3,
      45,
      37,
      18,
      22,
      17,
      21,
      5,
      23,
      40,
      39,
      4,
      50,
      10,
      8,
      1,
      42,
      31,
      47,
      43,
      7,
      12,
      9,
      49,
      11,
      32,
      36,
      35,
      46,
      20,
      48,
      13,
      28,
      26,
      2,
      27,
      44,
      6,
      33,
      38,
      41,
      15,
      25,
      24,
      14,
      34,
      16,
      19
    ]
  ],
  "test_acc_values": [
    0.9501000046730042
  ],
  "loss_predicts_minimas": true,
  "loss_ordering_violations": 0,
  "test_loss_ranks": [
    1
  ],
  "log_exp_r_n_ranks": [
    1
  ],
  "data_level_ranks": [
    1
  ],
  "accuracy_predicts_minimas": true,
  "accuracy_ordering_violations": 0,
  "log_exp_r_n_acc_ranks": [
    1
  ]
}