{
  "test_loss_values": [
    0.5278571861982345,
    0.5351414972543717,
    0.36472122073173524,
    0.5108099102973938,
    0.1698162704706192,
    0.2321321666240692,
    0.56555777490139,
    0.45390955209732053
  ],
  "log_exp_r_n_values": [
    -Infinity,
    -Infinity,
    711624.0564820227,
    -Infinity,
    804953.945356334,
    795452.7737265632,
    -Infinity,
    564260.5741054813
  ],
  "log_exp_r_n_acc_values": [
    -Infinity,
    -Infinity,
    -Infinity,
    -Infinity,
    -Infinity,
    -Infinity,
    -Infinity,
    -Infinity
  ],
  "model_data_levels": [
    200,
    100,
    2000,
    500,
    10000,
    5000,
    0,
    1000
  ],
  "loss_landscape_data_param": 10000,
  "train_loss_values": [
    0.5067736506462097,
    0.5247852802276611,
    0.29177606105804443,
    0.48048296570777893,
    0.06661006063222885,
    0.1481453776359558,
    0.5609080195426941,
    0.3934793174266815
  ],
  "num_params": 235146,
  "dataset_type": "data",
  "top_r_vals": [
    [
      0.0,
      0.0,
      0.0,
      0.0,
      0.0,
      0.0,
      0.0,
      0.0,
      0.0,
      0.0,
      0.0,
      0.0,
      0.0,
      0.0,
      0.0,
      0.0,
      0.0,
      0.0,
      0.0,
      0.0,
      0.0,
      0.0,
      0.0,
      0.0,
      0.0,
      0.0,
      0.0,
      0.0,
      0.0,
      0.0,
      0.0,
      0.0,
      0.0,
      0.0,
      0.0,
      0.0,
      0.0,
      0.0,
      0.0,
      0.0,
      0.0,
      0.0,
      0.0,
      0.0,
      0.0,
      0.0,
      0.0,
      0.0,
      0.0,
      0.0
    ],
    [
      0.0,
      0.0,
      0.0,
      0.0,
      0.0,
      0.0,
      0.0,
      0.0,
      0.0,
      0.0,
      0.0,
      0.0,
      0.0,
      0.0,
      0.0,
      0.0,
      0.0,
      0.0,
      0.0,
      0.0,
      0.0,
      0.0,
      0.0,
      0.0,
      0.0,
      0.0,
      0.0,
      0.0,
      0.0,
      0.0,
      0.0,
      0.0,
      0.0,
      0.0,
      0.0,
      0.0,
      0.0,
      0.0,
      0.0,
      0.0,
      0.0,
      0.0,
      0.0,
      0.0,
      0.0,
      0.0,
      0.0,
      0.0,
      0.0,
      0.0
    ],
    [
      20.621287933994626,
      20.581322836992115,
      20.541663459833128,
      19.60946057036123,
      18.623267778925598,
      18.62152131590373,
      17.711672754697837,
      17.6795600168073,
      17.669558308852483,
      17.665004794282932,
      16.774352627388623,
      16.770893323006366,
      16.77081419893541,
      16.767655566022786,
      16.71966945445615,
      15.910363160119852,
      15.902877664665981,
      15.901166836952507,
      15.889744340420696,
      15.878865154032567,
      15.865435206418399,
      15.862635760953795,
      15.85707681929986,
      15.8491578742093,
      15.84699761714903,
      15.01354800219223,
      15.011340889502426,
      15.001104908794327,
      14.999810660933882,
      14.978854418589593,
      14.978789281388739,
      14.977974594369362,
      14.143848391735883,
      14.136164860696383,
      13.352633240758696,
      13.347828750878143,
      13.339173955395498,
      13.31638179108704,
      13.293526685863114,
      12.550722361809045,
      12.550634769324006,
      12.544790535592535,
      12.532127503093356,
      12.527155248604833,
      11.789539240348256,
      11.743718568304779,
      11.008307855600831,
      9.60837588588751,
      9.590420523826735,
      8.92803700540208
    ],
    [
      0.0,
      0.0,
      0.0,
      0.0,
      0.0,
      0.0,
      0.0,
      0.0,
      0.0,
      0.0,
      0.0,
      0.0,
      0.0,
      0.0,
      0.0,
      0.0,
      0.0,
      0.0,
      0.0,
      0.0,
      0.0,
      0.0,
      0.0,
      0.0,
      0.0,
      0.0,
      0.0,
      0.0,
      0.0,
      0.0,
      0.0,
      0.0,
      0.0,
      0.0,
      0.0,
      0.0,
      0.0,
      0.0,
      0.0,
      0.0,
      0.0,
      0.0,
      0.0,
      0.0,
      0.0,
      0.0,
      0.0,
      0.0,
      0.0,
      0.0
    ],
    [
      30.668185505643393,
      30.549767191899345,
      29.39664255301491,
      27.083676888880646,
      25.933511604302726,
      25.92567798297293,
      24.807201591736952,
      24.80241236026015,
      24.795605378278456,
      24.731432173318993,
      23.767332621907435,
      23.703343623641924,
      23.702344028658526,
      23.700218024402794,
      23.69603613673345,
      22.68859629781435,
      22.65793412627754,
      22.655791094259722,
      22.639330784505866,
      22.625355479964156,
      22.62325234481901,
      22.619834037764,
      22.61952483700079,
      22.610526667324923,
      21.640735920888993,
      21.636697187871874,
      21.629058803212434,
      21.60725698559932,
      21.582827476662718,
      21.572464884340437,
      21.570337446719503,
      21.569456565199783,
      21.56828341589188,
      20.624893096386703,
      20.603948696259103,
      20.58518967484348,
      20.554631940144695,
      19.610366827068763,
      19.609532084495974,
      19.60065939977842,
      19.5703250766237,
      18.64223507061676,
      18.598234751571244,
      18.56699181744518,
      17.69011477870666,
      17.67225792428399,
      17.646128629169716,
      15.013087321699235,
      14.157490779485325,
      11.755604749231496
    ],
    [
      29.453725359619927,
      29.33999641110014,
      25.933511604302726,
      24.82772553190734,
      24.793086701314113,
      23.702344028658526,
      23.64447046298547,
      22.699275835695683,
      22.65433770818381,
      22.625355479964156,
      21.645583488017586,
      21.609828942135298,
      21.605656989382172,
      21.598582749523175,
      21.597468053772907,
      21.594620142069488,
      21.590809785742664,
      21.583243448491476,
      21.579687297171116,
      20.624893096386703,
      20.61864397551736,
      20.61136499331072,
      20.59728763085484,
      20.564597629789773,
      20.556135926324067,
      20.55540660313803,
      19.62878541577233,
      19.606649325064396,
      19.59158943468915,
      19.566861573097903,
      19.56413293895672,
      19.563068857951823,
      18.642104964982245,
      18.641311437823987,
      18.63287684191436,
      18.63074709472595,
      18.62586168675606,
      18.609682875285714,
      18.598234751571244,
      18.598212481237407,
      17.69904932623328,
      17.662218381652885,
      17.627045486121524,
      16.779237220035725,
      15.877000521609302,
      15.860973871102528,
      14.969880589150213,
      14.167452199089233,
      13.336944168563598,
      11.755604749231496
    ],
    [
      0.0,
      0.0,
      0.0,
      0.0,
      0.0,
      0.0,
      0.0,
      0.0,
      0.0,
      0.0,
      0.0,
      0.0,
      0.0,
      0.0,
      0.0,
      0.0,
      0.0,
      0.0,
      0.0,
      0.0,
      0.0,
      0.0,
      0.0,
      0.0,
      0.0,
      0.0,
      0.0,
      0.0,
      0.0,
      0.0,
      0.0,
      0.0,
      0.0,
      0.0,
      0.0,
      0.0,
      0.0,
      0.0,
      0.0,
      0.0,
      0.0,
      0.0,
      0.0,
      0.0,
      0.0,
      0.0,
      0.0,
      0.0,
      0.0,
      0.0
    ],
    [
      11.019149645028497,
      7.659945535297353,
      7.652164134698449,
      7.651841434871681,
      7.0562706749829545,
      6.480468014051739,
      6.477126005951111,
      5.938398726145844,
      5.937360713892564,
      5.931011420831979,
      5.9219330096768,
      5.9144349283517155,
      5.409174296967969,
      5.4048772807892025,
      5.3923811336132115,
      4.896739261240247,
      4.894614489986838,
      4.891054504029255,
      4.890767214487956,
      4.431821837039558,
      4.4297367569015575,
      4.421565857804402,
      4.420352366201739,
      4.4180644810709975,
      4.415997205486545,
      3.969716288508142,
      3.9676391758770295,
      3.9641928018360093,
      3.963616034174287,
      3.955098848686547,
      3.542261257120095,
      3.542122508139294,
      3.541116076928642,
      3.540473110142815,
