{
  "test_loss_values": [
    4.709286403656006,
    4.130596399307251,
    4.217519044876099,
    4.503326416015625
  ],
  "log_exp_r_n_values": [
    5807617.678727274,
    4422040.4191101445,
    5045683.311874442,
    3205544.9283539085
  ],
  "log_exp_r_n_acc_values": [
    -Infinity,
    -Infinity,
    -Infinity,
    -Infinity
  ],
  "model_data_levels": [
    1950,
    19950,
    4950,
    49950
  ],
  "loss_landscape_data_param": 1950,
  "train_loss_values": [
    0.00021393164934124798,
    0.0005710210534743965,
    0.0007489454583264887,
    0.0007783276378177106
  ],
  "num_params": 1707274,
  "dataset_type": "data",
  "top_r_vals": [
    [
      34.135732323232325,
      34.128124681154986,
      30.026062964517333,
      30.02255442385503,
      30.020923456869838,
      30.017081436703688,
      30.016246336769687,
      30.015932473707245,
      30.014864778825185,
      30.014845162383782,
      30.013472011485597,
      30.01336832458104,
      30.012796645431592,
      30.011863463290577,
      30.010773349618344,
      30.009330140000863,
      30.009220848398762,
      30.009147987330696,
      30.008772472595272,
      30.00687248012799,
      30.006340033861342,
      30.00612145065714,
      30.005081779262802,
      30.00483237022211,
      30.004484878974406,
      30.004325145094413,
      30.004297121606694,
      30.002884737825703,
      30.002436362022213,
      30.001727367782944,
      30.001606866785757,
      30.00006277261249,
      29.999869410547237,
      29.999788142432852,
      29.9990875552399,
      29.998378561000635,
      29.9978152888975,
      29.9969801889635,
      29.996346858141074,
      29.99586485415232,
      29.995326803188135,
      29.993765894922237,
      29.993690231505397,
      29.993608963391015,
      29.99301206310262,
      29.99277666580579,
      29.99217696316862,
      29.992092892705465,
      29.99206486921775,
      29.992017229288628
    ],
    [
      13.342074668720032,
      13.33610628858025,
      13.335429988409988,
      13.33427043876263,
      13.332410924666492,
      13.331369696411722,
      13.33129870357617,
      13.329897529190266,
      13.325776208263191,
      13.324437308294439,
      13.321222702881087,
      10.814124241348141,
      10.812358761621901,
      10.811765560433885,
      10.810488361957646,
      10.810089867962294,
      10.809803355823863,
      10.809785196603823,
      10.80938266722624,
      10.809369552233989,
      10.808994261686466,
      10.808856049845042,
      10.808752138752583,
      10.808652263042356,
      10.808432334710744,
      10.808299167097108,
      10.80811959258781,
      10.80809638913998,
      10.807906726175103,
      10.807808868155991,
      10.80772513397469,
      10.807532444473141,
      10.807468887202996,
      10.807423489152892,
      10.807193472365702,
      10.807078463972108,
      10.807044163223141,
      10.806978588261881,
      10.806919066373966,
      10.806820199509298,
      10.80675361570248,
      10.806684005358989,
      10.806406572830578,
      10.806388413610538,
      10.80635411286157,
      10.806318803267045,
      10.806318803267045,
      10.806202786027892,
      10.806149317213327,
      10.806146290676653
    ],
    [
      22.55027421169556,
      22.543452310849187,
      22.52752682433155,
      22.520812272125458,
      22.51993032937488,
      19.225109762396695,
      19.220916551882464,
      19.218645976813594,
      19.216680297291095,
      19.216656981749313,
      19.21598979855372,
      19.21574408861341,
      19.213391012396695,
      19.21258752295684,
      19.21252295684114,
      19.211357179752067,
      19.211296200642792,
      19.211233428030305,
      19.21093211949036,
      19.210926738980717,
      19.210711518595044,
      19.21070075757576,
      19.2103976555326,
      19.210352817952252,
      19.210196783172638,
      19.20986319157484,
      19.20968563475666,
      19.209513458448118,
      19.209500903925623,
      19.209470414370983,
      19.208555727731866,
      19.208197027089074,
      19.20818985307622,
      19.20804099230946,
      19.20759261650597,
      19.207190871786043,
      19.20709760961892,
      19.207007934458222,
      19.206894943755742,
      19.206602602731866,
      19.20597128960055,
      19.205854711891647,
      19.205673568067034,
      19.205614382460976,
      19.20520367022498,
      19.204853937098257,
      19.20479116448577,
      19.20445577938476,
      19.204398387281913,
      19.20433023415978
    ],
    [
      6.5418776274822115,
      6.540809621228066,
      6.54053804249487,
      6.539678144887961,
      6.539437080619168,
      6.539252773254167,
      6.539009267828222,
      6.53877430645231,
      6.538690696819843,
      6.53856741838365,
      6.538434375318848,
      6.538353817132821,
      6.538245185639542,
      6.538236641589509,
      6.538194531628631,
      6.538006562527902,
      6.5378899972738775,
      6.537824086030764,
      6.537684940073082,
      6.537616587672817,
      6.53761536709424,
      6.537594617258446,
      6.537477441715134,
      6.537459133036491,
      6.537391390925514,
      6.5373767439826,
      6.5371979292211915,
      6.537177179385397,
      6.537155819260314,
      6.537155819260314,
      6.5370856359921845,
      6.537053290659916,
      6.5370514597920515,
      6.536978225077482,
      6.5369745633417535,
      6.536933063670164,
      6.536930622513012,
      6.536871424452068,
      6.536856167219866,
      6.536803072051802,
      6.536798800026785,
      6.536695050847811,
      6.536689558244219,
      6.536629139604699,
      6.536580316461652,
      6.536570551833043,
      6.536566279808026,
      6.53656200778301,
      6.536492434804168,
      6.536489993647016
    ]
  ],