{
  "test_loss_values": [
    0.5235044437646866,
    0.5250941210985184,
    0.35231332331895826,
    0.5002614624798298,
    0.172591432929039,
    0.231311571598053,
    0.5469382658600808,
    0.4383863627910614
  ],
  "log_exp_r_n_values": [
    814236.8113748501,
    795234.892160036,
    775125.1767333039,
    804736.0637898068,
    722926.7910313833,
    754362.0901029673,
    744834.9334022074,
    794411.126102947
  ],
  "log_exp_r_n_acc_values": [
    -Infinity,
    -Infinity,
    -Infinity,
    -Infinity,
    -Infinity,
    -Infinity,
    -Infinity,
    -Infinity
  ],
  "model_data_levels": [
    200,
    100,
    2000,
    500,
    10000,
    5000,
    0,
    1000
  ],
  "loss_landscape_data_param": 200,
  "train_loss_values": [
    0.0029133663047105074,
    0.06633799523115158,
    0.010415577329695225,
    0.003908377606421709,
    0.06795977801084518,
    0.034356795251369476,
    0.14004532992839813,
    0.005684991832822561
  ],
  "num_params": 235146,
  "dataset_type": "data",
  "top_r_vals": [
    [
      31.90308922089271,
      31.87762933969347,
      29.372753663965046,
      29.32354007315502,
      28.27178251496174,
      28.26874104347112,
      28.26545099871215,
      28.263799762000957,
      27.085368988830083,
      27.047204815020798,
      27.04224257019926,
      27.014498259358287,
      27.012792540898193,
      27.010816154538738,
      25.922633567689264,
      25.9169899033632,
      25.90607436190157,
      25.87356581177026,
      25.83021346858251,
      24.817552511380367,
      24.785368376490307,
      24.745311425438477,
      23.716797873731885,
      23.6877320387072,
      23.68382914247352,
      22.66311786994829,
      22.662388327133716,
      22.661265515145658,
      22.655791094259722,
      22.638162376091895,
      22.609724455206553,
      22.60757144897057,
      22.59535445660305,
      21.62042942684331,
      21.609828942135298,
      21.60364509949145,
      21.599727351744786,
      21.58524990084195,
      20.610077342783327,
      20.59923594714578,
      20.563133801725435,
      19.603537227200704,
      19.593279880874224,
      18.67257898652955,
      18.604040275965406,
      17.68757317868788,
      17.656706759545607,
      16.7613509600489,
      16.749938104054003,
      15.860973871102528
    ],
    [
      29.42644676839832,
      28.260175918853058,
      27.098408712786508,
      25.964883594470074,
      25.962090298604558,
      25.886191900437332,
      25.875540523558435,
      25.87364734404888,
      25.84281998950271,
      24.791966248984252,
      24.76430917845203,
      24.71936780429092,
      23.75083035308452,
      23.71749460635464,
      23.700218024402794,
      23.69603613673345,
      23.657739713406862,
      22.671275355521423,
      22.639330784505866,
      22.62325234481901,
      22.608801127581856,
      21.620580318585112,
      21.61950912315681,
      21.618845743246894,
      21.614286365751298,
      21.6097269882557,
      21.605656989382172,
      21.579687297171116,
      20.569617394169686,
      20.55540660313803,
      20.553449218885632,
      20.542342261519597,
      19.6111349875161,
      19.610366827068763,
      19.603537227200704,
      19.59158943468915,
      19.58954018482804,
      18.62763276435743,
      17.72728734815823,
      17.704313910160096,
      17.695001015870613,
      17.689678567144767,
      16.764500098073004,
      16.749938104054003,
      16.74653787897806,
      15.874719417991338,
      15.851963312065193,
      15.847016593054784,
      14.992047061806018,
      14.153485544058821
    ],
    [
      27.014498259358287,
      25.954224064363313,
      25.933511604302726,
      25.84281998950271,
      24.841230259571155,
      24.807084552844557,
      23.72180181638011,
      23.71749460635464,
      23.71233102689563,
      23.702344028658526,
      23.700218024402794,
      23.6877320387072,
      23.684152891893515,
      22.68859629781435,
      22.6861554641398,
      22.683515146101897,
      21.618845743246894,
      21.598582749523175,
      21.58524990084195,
      21.579687297171116,
      21.571102780509015,
      21.569524534452846,
      21.56828341589188,
      21.555915730604184,
      21.533315953960088,
      20.61136499331072,
      20.602264646273582,
      20.574915674508745,
      20.55540660313803,
      20.554567168991404,
      20.542342261519597,
      18.67257898652955,
      18.648380510632627,
      18.642835197507495,
      18.64223507061676,
      18.63561257660767,
      18.63296475112687,
      18.624254706351376,
      17.698356061429557,
      17.695001015870613,
      17.684616510014543,
      17.682935092488982,
      17.6795600168073,
      17.66398882194618,
      15.856771207344037,
      15.851963312065193,
      15.847016593054784,
      15.005039573332864,
      14.147597064038981,
      13.333171070484479
    ],
    [
      30.63978214118941,
      29.449948950158944,
      29.372753663965046,
      29.32354007315502,
      28.27178251496174,
      28.176280665260975,
      27.085368988830083,
      25.959068712358906,
      25.957552211976576,
      25.9169899033632,
      25.90607436190157,
      25.875540523558435,
      25.87364734404888,
      25.87356581177026,
      24.807084552844557,
      24.794291421646502,
      24.78974251002875,
      24.785368376490307,
      24.71936780429092,
      23.753594904583377,
      23.72680575902834,
      23.71749460635464,
      23.657739713406862,
      22.661265515145658,
      22.655791094259722,
      22.62325234481901,
      22.61952483700079,
      22.609724455206553,
      22.60757144897057,
      22.59535445660305,
      21.620580318585112,
      20.603948696259103,
      20.603141647689117,
      20.593039938622134,
      20.58714705909588,
      20.58341364982029,
      20.581260656684957,
      20.569617394169686,
      20.563133801725435,
      19.616968321507034,
      19.606649325064396,
      19.603537227200704,
      18.67257898652955,
      18.62586168675606,
      17.662218381652885,
      16.76889728644301,
      16.749938104054003,
      16.739634040040123,
      15.867575488841032,
      15.860973871102528
    ],
    [
      21.636697187871874,
      21.54382535986899,
      20.602189511735766,
      20.557433940235985,
      19.62763872361178,
      19.60123521186334,
      19.596967790822834,
      18.663793925892715,
      18.66178607947899,
      18.636808141897806,
      18.63287684191436,
      18.60722962219527,
      18.597142333090453,
      18.58647835955157,
      17.714978837734527,
      17.705420018049182,
      17.678814451127536,
      17.667915838787806,
      17.65668561663827,
      17.627045486121524,
      16.77840588979687,
      16.777891055841838,
      16.770893323006366,
      16.763053710055903,
      16.762165410485956,
      16.759090121594745,
      16.756132991316164,
      16.751818091979953,
      16.740838835893904,
      16.739561245894844,
      15.910363160119852,
      15.884397129925697,
      15.854464136697148,
      15.847594858814329,
      15.019241371153823,
      15.01429188790633,
      14.969880589150213,
      14.16904502848038,
      14.165804137359022,
      14.163555646652505,
      14.140977200948601,
      13.336944168563598,
      13.335676118920015,
      13.324092472837698,
      13.320052505277003,
      12.537305718289941,
      12.52109953031489,
      11.771300432630925,
      11.019149645028497,
      10.292499248146008
    ],
    [
      24.731432173318993,
      23.72744729013709,
      23.675902503448462,
      21.639471692781985,
      21.636697187871874,
      21.61036182107933,
      21.605656989382172,
      21.596557265781836,
      20.62711215609839,
      20.624893096386703,
      20.60163247981748,
      20.59728763085484,
      20.592942781892198,
      20.57854674536214,
      20.554631940144695,
      19.62878541577233,
      19.618193925816268,
      19.609532084495974,
      19.59055124673304,
