{
  "test_loss_values": [
    0.5516325667500496
  ],
  "log_exp_r_n_values": [
    678271.4639207196
  ],
  "log_exp_r_n_acc_values": [
    -Infinity
  ],
  "model_data_levels": [
    0
  ],
  "loss_landscape_data_param": 0,
  "train_loss_values": [
    0.0022389041259884834
  ],
  "num_params": 235146,
  "dataset_type": "data",
  "top_r_vals": [
    [
      17.89436988453028,
      17.86925403916852,
      17.86536369094094,
      17.85121635699343,
      17.848489403858466,
      17.834460095500063,
      16.071479734310433,
      16.06219028441374,
      16.05938266722624,
      16.050652117768596,
      16.03966276310692,
      16.035475045196282,
      16.02825877292097,
      16.026096816890497,
      15.997372966167356,
      15.988400293775827,
      14.317679842787491,
      14.311306096670425,
      14.307901006269892,
      14.304950347859917,
      14.30488285796033,
      14.297505762002725,
      14.2967678724339,
      14.285192904721939,
      14.280216649459003,
      14.279314984400513,
      14.278225247488502,
      14.269733218389709,
      12.692478764921947,
      12.687268040250997,
      12.677817473982248,
      12.67772899449036,
      12.675325700183656,
      12.663730901183554,
      12.65592398097133,
      12.655680064534232,
      12.653838734567902,
      12.653110970819306,
      12.651842764768903,
      11.141719064984002,
      11.131866006702323,
      11.127270154716555,
      11.116313671605976,
      11.116300360449308,
      11.097639519977832,
      9.70676647163316,
      9.705973095558653,
      9.698851019566725,
      9.697928872452433,
      9.68389771143012
    ]
  ],
  "top_r_val_seeds": [
    [
      22,
      46,
      5,
      6,
      24,
      17,
      14,
      40,
      39,
      21,
      1,
      49,
      37,
      36,
      20,
      12,
      44,
      26,
      35,
      15,
      25,
      43,
      30,
      50,
      41,
      7,
      23,
      29,
      28,
      9,
      19,
      47,
      2,
      32,
      45,
      42,
      3,
      38,
      31,
      34,
      33,
      27,
      18,
      11,
      16,
      10,
      8,
      4,
      48,
      13
    ]
  ],
  "loss_predicts_minimas": true,
  "loss_ordering_violations": 0,
  "test_loss_ranks": [
    1
  ],
  "log_exp_r_n_ranks": [
    1
  ],
  "data_level_ranks": [
    1
  ],
  "accuracy_predicts_minimas": true,
  "accuracy_ordering_violations": 0,
  "log_exp_r_n_acc_ranks": [
    1
  ]
}