{
  "test_loss_values": [
    1.9659659791447006,
    2.833927924602253,
    0.8282952904701233
  ],
  "log_exp_r_n_values": [
    4064762.3464043606,
    5045928.699322456,
    -Infinity
  ],
  "log_exp_r_n_acc_values": [
    -Infinity,
    -Infinity,
    -Infinity
  ],
  "model_data_levels": [
    19940,
    5940,
    59940
  ],
  "loss_landscape_data_param": 5940,
  "train_loss_values": [
    0.0016111914301291108,
    0.00037249893648549914,
    0.43314599990844727
  ],
  "num_params": 1707274,
  "dataset_type": "data",
  "top_r_vals": [
    [
      10.814124241348141,
      10.81147198637655,
      10.810089867962294,
      10.80811959258781,
      10.808035858406509,
      10.807193472365702,
      10.807080481663224,
      10.806708217652377,
      10.806406572830578,
      10.806318803267045,
      10.806149317213327,
      10.806146290676653,
      10.80595057463843,
      10.805557124870868,
      10.805149551265496,
      10.804849924134814,
      10.804606792355372,
      10.803982316955063,
      10.803941963132749,
      10.803878405862603,
      10.80378559207128,
      10.803442584581612,
      10.80335885040031,
      10.80318028473657,
      10.802474092846074,
      10.802314695247935,
      10.802264252970042,
      10.802042306947314,
      10.80199690889721,
      10.801985811596074,
      10.801829440534608,
      10.801698290612087,
      10.80137747772469,
      10.801330061983471,
      10.80121808012655,
      10.80110508942407,
      10.800992098721592,
      10.80025059723657,
      10.800196119576446,
      10.800192084194215,
      10.800086155410641,
      10.800042775051653,
      10.800004438920455,
      10.799986279700413,
      10.799952987797004,
      10.79994088165031,
      10.799873288997935,
      10.799671519886363,
      10.799464706547004,
      10.799416281960228
    ],
    [
      19.21230056244261,
      19.195405762167127,
      19.19033194157484,
      19.1878981577135,
      19.179163797061527,
      16.149001133294753,
      16.148405852141206,
      16.147349416473766,
      16.14732982494213,
      16.145441502700617,
      16.14533751687886,
      16.144998432677472,
      16.144585503472225,
      16.143907335069446,
      16.143856095679013,
      16.143422067901238,
      16.14335425106096,
      16.143318082079478,
      16.142903645833336,
      16.142876519097225,
      16.142772533275465,
      16.14232494212963,
      16.142222463348766,
      16.142032576195987,
      16.141901463638117,
      16.1413272810571,
      16.14113437982253,
      16.14069884500386,
      16.140522521219136,
      16.140215084876544,
      16.140175901813272,
      16.140090000482253,
      16.139767493730712,
      16.139375663097994,
      16.139310860339506,
      16.1392822265625,
      16.139200846354168,
      16.138988353587965,
      16.138881353684415,
      16.13876983265818,
      16.138353889371142,
      16.138292100694446,
      16.138252917631174,
      16.138050974151238,
      16.13789725597994,
      16.137737509645063,
      16.137728467399693,
      16.137690791377317,
      16.137029200424383,
      16.136715735918212
    ],
    [
      0.0,
      0.0,
      0.0,
      0.0,
      0.0,
      0.0,
      0.0,
      0.0,
      0.0,
      0.0,
      0.0,
      0.0,
      0.0,
      0.0,
      0.0,
      0.0,
      0.0,
      0.0,
      0.0,
      0.0,
      0.0,
      0.0,
      0.0,
      0.0,
      0.0,
      0.0,
      0.0,
      0.0,
      0.0,
      0.0,
      0.0,
      0.0,
      0.0,
      0.0,
      0.0,
      0.0,
      0.0,
      0.0,
      0.0,
      0.0,
      0.0,
      0.0,
      0.0,
      0.0,
      0.0,
      0.0,
      0.0,
      0.0,
      0.0,
      0.0
    ]
  ],
  "top_r_val_seeds": [
    [
      440,
      482,
      217,
      384,
      422,
      33,
      199,
      206,
      366,
      241,
      158,
      148,
      116,
      289,
      131,
      428,
      41,
      82,
      87,
      323,
      156,
      288,
      40,
      122,
      360,
      363,
      38,
      10,
      432,
      96,
      276,
      90,
      371,
      83,
      404,
      359,
      92,
      155,
      396,
      36,
      414,
      372,
      343,
      95,
      123,
      203,
      150,
      285,
      192,
      154
    ],
    [
      483,
      484,
      53,
      331,
      291,
      242,
      217,
      78,
      160,
      71,
      422,
      228,
      444,
      260,
      99,
      114,
      206,
      412,
      366,
      249,
      163,
      388,
      116,
      325,
      349,
      32,
      215,
      165,
      443,
      41,
      149,
      481,
      487,
      235,
      216,
      82,
      375,
      156,
      138,
      139,
      86,
      421,
      282,
      194,
      35,
      439,
      353,
      220,
      360,
      38
    ],
    [
      1,
      2,
      3,
      4,
      5,
      6,
      7,
      8,
      9,
      10,
      11,
      12,
      13,
      14,
      15,
      16,
      17,
      18,
      19,
      20,
      21,
      22,
      23,
      24,
      25,
      26,
      27,
      28,
      29,
      30,
      31,
      32,
      33,
      34,
      35,
      36,
      37,
      38,
      39,
      40,
      41,
      42,
      43,
      44,
      45,
      46,
      47,
      48,
      49,
      50
    ]
  ],
  "loss_predicts_minimas": true,
  "loss_ordering_violations": 2,
  "test_loss_ranks": [
    2,
    1,
    3
  ],
  "log_exp_r_n_ranks": [
    2,
    1,
    3
  ],
  "data_level_ranks": [
    2,
    3,
    1
  ],
  "accuracy_predicts_minimas": false,
  "accuracy_ordering_violations": 1,
  "log_exp_r_n_acc_ranks": [
    1,
    2,
    3
  ]
}