{
  "test_loss_values": [
    0.5501429006457329
  ],
  "log_exp_r_n_values": [
    678050.7120871266
  ],
  "log_exp_r_n_acc_values": [
    -Infinity
  ],
  "model_data_levels": [
    0
  ],
  "loss_landscape_data_param": 0,
  "train_loss_values": [
    0.002305205911397934
  ],
  "num_params": 235146,
  "dataset_type": "data",
  "top_r_vals": [
    [
      17.8775787773868,
      17.876752598263057,
      17.868729106310305,
      17.86200164773126,
      17.858646348840963,
      16.05938266722624,
      16.044567770209195,
      16.04220908929494,
      16.04069178557593,
      16.029887049651343,
      16.026096816890497,
      16.00864378873967,
      16.006551443052686,
      15.99790160123967,
      15.997372966167356,
      15.988400293775827,
      14.327077136406087,
      14.325409685953606,
      14.322736186064605,
      14.317679842787491,
      14.2967678724339,
      14.292360332058157,
      14.290862956152637,
      14.288679882867307,
      14.2849976339458,
      12.692478764921947,
      12.68199673502704,
      12.678225595602491,
      12.676800358381799,
      12.673313788133866,
      12.670004973982248,
      12.669066772523214,
      12.65592398097133,
      12.655680064534232,
      12.647894666360576,
      12.647879521222325,
      12.626647631619225,
      11.160749815493357,
      11.13707207013315,
      11.131276112285857,
      11.130232237368357,
      11.12168997772469,
      11.120898314196655,
      11.119783679972668,
      11.116719311590694,
      11.11626533108966,
      9.706454003517662,
      9.701866458939143,
      9.68485281416597,
      8.362784807687634
    ]
  ],
  "top_r_val_seeds": [
    [
      47,
      26,
      25,
      48,
      37,
      39,
      8,
      2,
      35,
      33,
      36,
      7,
      17,
      29,
      20,
      12,
      40,
      22,
      9,
      44,
      30,
      27,
      6,
      24,
      3,
      28,
      21,
      10,
      34,
      1,
      49,
      5,
      45,
      42,
      18,
      11,
      16,
      14,
      15,
      43,
      32,
      50,
      38,
      31,
      13,
      23,
      19,
      46,
      41,
      4
    ]
  ],
  "loss_predicts_minimas": true,
  "loss_ordering_violations": 0,
  "test_loss_ranks": [
    1
  ],
  "log_exp_r_n_ranks": [
    1
  ],
  "data_level_ranks": [
    1
  ],
  "accuracy_predicts_minimas": true,
  "accuracy_ordering_violations": 0,
  "log_exp_r_n_acc_ranks": [
    1
  ]
}