{
  "test_loss_values": [
    0.5671654343605042,
    0.3586181104183197
  ],
  "log_exp_r_n_values": [
    271830.163160803,
    -Infinity
  ],
  "log_exp_r_n_acc_values": [
    -Infinity,
    -Infinity
  ],
  "model_data_levels": [
    19940,
    59940
  ],
  "loss_landscape_data_param": 19940,
  "train_loss_values": [
    0.03749636188149452,
    0.15261459350585938
  ],
  "num_params": 235146,
  "dataset_type": "data",
  "top_r_vals": [
    [
      3.177301742169167,
      3.177132355754515,
      3.1770183686613613,
      3.1755277682124277,
      3.1749654053157843,
      3.1748037907483933,
      3.1747748954188353,
      3.174572229555658,
      3.174146970015815,
      3.1739929280175496,
      3.1736694996046326,
      3.1732253086419755,
      3.1731465937786965,
      3.1729088549637794,
      3.1727518237934906,
      3.1727336894832163,
      3.1725268387792065,
      3.17249515355576,
      3.172371003277727,
      3.1722815273951643,
      3.172280730282625,
      3.1721482103229266,
      3.1721067604708706,
      3.1717432771528418,
      3.171684091546781,
      3.171605775239772,
      3.1713451194393434,
      3.1709354035940214,
      3.170836163082849,
      3.1708078655876957,
      3.1707869413835326,
      3.17061954775023,
      3.170569130382104,
      3.17056813399143,
      3.170522897854811,
      3.170507553438425,
      3.170419871059076,
      3.1697409304535253,
      3.1697217997525766,
      3.1697016726609535,
      3.169597250918274,
      3.169524713677176,
      3.169184745179064,
      3.1691504693398636,
      3.169064181907459,
      3.1689768980843795,
      3.1688168777420676,
      3.1686189945541274,
      3.1685396818564437,
      3.168519754042955
    ],
    [
      0.0,
      0.0,
      0.0,
      0.0,
      0.0,
      0.0,
      0.0,
      0.0,
      0.0,
      0.0,
      0.0,
      0.0,
      0.0,
      0.0,
      0.0,
      0.0,
      0.0,
      0.0,
      0.0,
      0.0,
      0.0,
      0.0,
      0.0,
      0.0,
      0.0,
      0.0,
      0.0,
      0.0,
      0.0,
      0.0,
      0.0,
      0.0,
      0.0,
      0.0,
      0.0,
      0.0,
      0.0,
      0.0,
      0.0,
      0.0,
      0.0,
      0.0,
      0.0,
      0.0,
      0.0,
      0.0,
      0.0,
      0.0,
      0.0,
      0.0
    ]
  ],
  "top_r_val_seeds": [
    [
      384,
      408,
      333,
      246,
      182,
      472,
      114,
      140,
      128,
      259,
      7,
      430,
      31,
      191,
      394,
      131,
      99,
      415,
      458,
      478,
      469,
      13,
      496,
      193,
      449,
      119,
      1,
      411,
      248,
      417,
      184,
      334,
      221,
      45,
      325,
      5,
      60,
      339,
      330,
      156,
      328,
      235,
      48,
      479,
      209,
      219,
      468,
      58,
      438,
      327
    ],
    [
      1,
      2,
      3,
      4,
      5,
      6,
      7,
      8,
      9,
      10,
      11,
      12,
      13,
      14,
      15,
      16,
      17,
      18,
      19,
      20,
      21,
      22,
      23,
      24,
      25,
      26,
      27,
      28,
      29,
      30,
      31,
      32,
      33,
      34,
      35,
      36,
      37,
      38,
      39,
      40,
      41,
      42,
      43,
      44,
      45,
      46,
      47,
      48,
      49,
      50
    ]
  ],
  "loss_predicts_minimas": true,
  "loss_ordering_violations": 1,
  "test_loss_ranks": [
    1,
    2
  ],
  "log_exp_r_n_ranks": [
    1,
    2
  ],
  "data_level_ranks": [
    2,
    1
  ],
  "accuracy_predicts_minimas": true,
  "accuracy_ordering_violations": 1,
  "log_exp_r_n_acc_ranks": [
    1,
    2
  ]
}