{
  "test_loss_values": [
    0.5014571762084961,
    0.5053082209825516,
    0.3390557512640953,
    0.4714832194149494,
    0.1752994805574417,
    0.22565534114837646,
    0.5328791067004204,
    0.42284139394760134
  ],
  "log_exp_r_n_values": [
    866301.6524066774,
    849503.7239035803,
    866301.6524066774,
    882520.2251235397,
    822670.314016169,
    840874.2707810368,
    842084.747978042,
    866301.6524066774
  ],
  "log_exp_r_n_acc_values": [
    -Infinity,
    -Infinity,
    -Infinity,
    -Infinity,
    -Infinity,
    -Infinity,
    -Infinity,
    -Infinity
  ],
  "model_data_levels": [
    200,
    100,
    2000,
    500,
    10000,
    5000,
    0,
    1000
  ],
  "loss_landscape_data_param": 500,
  "train_loss_values": [
    0.0688830241560936,
    0.1150452271103859,
    0.011124265380203724,
    0.004362855106592178,
    0.07676775753498077,
    0.0386245995759964,
    0.1734454482793808,
    0.006376979872584343
  ],
  "num_params": 235146,
  "dataset_type": "data",
  "top_r_vals": [
    [
      39.80998662263377,
      37.00648889358362,
      35.75415842980015,
      35.72744659657329,
      35.72237029210122,
      35.72220175609617,
      33.17650858574042,
      33.17070944290391,
      33.10978614462467,
      31.931214953296088,
      31.88983412764987,
      31.879102573253654,
      31.80637093656686,
      30.66425338417215,
      30.608749013968033,
      30.58849695080991,
      30.53263231273949,
      29.409877563732415,
      29.402165621236882,
      29.34096595473442,
      28.192979462324182,
      28.185714020794926,
      27.09999186465067,
      27.069430224417026,
      27.047204815020798,
      27.04224257019926,
      26.96547332329809,
      25.964883594470074,
      25.907166894435075,
      25.87356581177026,
      25.872158564641282,
      24.745311425438477,
      23.72870946529523,
      23.69603613673345,
      23.675902503448462,
      23.672675452778183,
      22.66311786994829,
      22.661265515145658,
      22.646745903269636,
      22.637207700924385,
      22.62881225900353,
      21.619430278823256,
      21.618845743246894,
      21.57844617861015,
      21.570337446719503,
      21.56955036276901,
      20.561072783627772,
      19.576260749807457,
      17.684616510014543,
      16.77130687815057
    ],
    [
      37.06531533809393,
      37.00648889358362,
      34.4647975655861,
      34.41157001046375,
      33.17070944290391,
      33.154747734629495,
      33.12997791396919,
      33.12511438562553,
      31.90308922089271,
      31.848577574766548,
      31.766150658174173,
      30.691286960107732,
      30.65151300235473,
      29.427806719870063,
      29.377192471557848,
      28.221723409762376,
      28.174501590868914,
      28.155595818287413,
      27.10606231577712,
      27.09999186465067,
      27.05097203553197,
      27.04589062874216,
      27.04224257019926,
      27.02354265275,
      25.908504023804444,
      25.907166894435075,
      25.83021346858251,
      24.814665552034622,
      24.778985855558364,
      24.760855750867098,
      23.702344028658526,
      23.675902503448462,
      23.671313318121705,
      22.662388327133716,
      22.661265515145658,
      22.608872371997343,
      22.59460781512876,
      21.619430278823256,
      21.605656989382172,
      21.590809785742664,
      21.588547769000662,
      21.570337446719503,
      21.56955036276901,
      20.603948696259103,
      20.563133801725435,
      19.608930379362267,
      19.576260749807457,
      18.604040275965406,
      16.766094184355893,
      15.877000521609302
    ],
    [
      39.80998662263377,
      37.00648889358362,
      34.45435510245583,
      34.442191711011176,
      33.17650858574042,
      33.17070944290391,
      33.14151993774621,
      33.12997791396919,
      33.12527066866999,
      33.12511438562553,
      31.931214953296088,
      31.848577574766548,
      31.80637093656686,
      30.65151300235473,
      30.53263231273949,
      29.46204419202394,
      29.379923476145997,
      29.372352154482915,
      29.34096595473442,
      28.26545099871215,
      28.221723409762376,
      28.209023091272943,
      28.190358789866416,
      27.05097203553197,
      27.047204815020798,
      27.045808917678205,
      25.92979373239766,
      25.903750691960905,
      25.872158564641282,
      25.83021346858251,
      24.791966248984252,
      24.76430917845203,
      24.760855750867098,
      24.745311425438477,
      23.72870946529523,
      23.673567628599187,
      23.672675452778183,
      22.66311786994829,
      22.660570169650516,
      22.646745903269636,
      22.62881225900353,
      22.618223913974017,
      22.608899444875227,
      21.61950912315681,
      21.576283396977626,
      20.602189511735766,
      20.574915674508745,
      20.567308950266458,
      18.62763276435743,
      17.69011477870666
    ],
    [
      42.65268188162147,
      37.108504461828524,
      37.06293757017634,
      37.05767151358237,
      37.05749667770608,
      37.00648889358362,
      35.777625383143146,
      35.75415842980015,
      35.75192476594657,
      34.45435510245583,
      33.195695976052534,
      33.14151993774621,
      33.10978614462467,
      33.06590811706145,
      31.85132560634615,
      31.845342474132348,
      31.766150658174173,
      30.669977212144257,
      30.62252974149563,
      30.58849695080991,
      30.550776712551443,
      29.372352154482915,
      28.27178251496174,
      28.21039379529557,
      28.208937866152368,
      28.205218144743817,
      28.192979462324182,
      27.069430224417026,
      27.00926194200973,
      26.993774290762264,
      26.96547332329809,
      25.934891130456972,
      25.877174430421974,
      25.87356581177026,
      24.785368376490307,
      24.760933776795362,
      23.729473334894482,
      23.72753382224013,
      23.72744729013709,
      23.72680575902834,
      23.71233102689563,
      23.702344028658526,
      23.69355356053588,
      23.672703799501594,
      22.618223913974017,
      22.609724455206553,
      21.576283396977626,
      19.595142947384538,
      19.576260749807457,
      18.63342422327759
    ],
    [
      33.068058256340166,
      32.36360624133248,
      31.389301401245223,
      31.119361511223193,
      29.223440054282033,
      29.214585666127693,
      28.927074722859274,
      28.888739743090184,
      28.76489643461953,
      27.534664545035874,
      27.28836025939853,
      26.881838881801187,
      26.084071696039132,
      25.95164376429058,
      25.711765874181708,
      25.25992344047313,
      25.089823564568754,
      24.767051206455456,
      24.62930294631625,
      24.20796858515876,
      24.14590027864994,
      24.13967778532034,
      23.682504040053608,
      23.313965764046706,
      23.088324786223247,
      23.019744315933448,
      22.66779897507305,
      22.476852461438334,
      21.832018288543168,
      21.820516526501315,
      21.397073986861653,
      21.244010846193504,
      20.82498817391214,
      20.58859060800626,
      20.4104814430602,
      20.2172208675807,
      20.194667226700236,
      20.040774453720147,
      19.994439920282236,
      19.647755973780207,
      19.45440326814865,
      19.02164481706157,
      18.873026539457893,
      18.846576724383027,
      18.450271341832487,
      18.266556866096227,
      17.728433564323744,
      17.159342123048507,
      16.43358859125016,
      15.750111915124581
    ],
    [
      35.72973868624195,
      35.67303193840986,
      34.442191711011176,
      31.848577574766548,
      31.80637093656686,
      30.67354713918307,
      30.66425338417215,
      30.64119816729493,
      30.626174804613512,
      30.626030312153766,
      29.475911996487476,
      29.453725359619927,
      29.437713087461496,
      29.417558051568058,
      28.221723409762376,
      28.209023091272943,
      28.155595818287413,
      27.10606231577712,
      27.09999186465067,
      27.05097203553197,
