{
  "test_loss_values": [
    0.5272684580087662,
    0.5372755736112594,
    0.35973994731903075,
    0.5068882033228874,
    0.17222663760185242,
    0.22708712220191957,
    0.5525336116552353,
    0.4392503917217255
  ],
  "log_exp_r_n_values": [
    890242.147945379,
    866119.3219412691,
    866119.3219412691,
    882337.8946581314,
    832371.0840689959,
    849409.8245041302,
    866119.3219412691,
    874298.5194047195
  ],
  "log_exp_r_n_acc_values": [
    -Infinity,
    -Infinity,
    -Infinity,
    -Infinity,
    -Infinity,
    -Infinity,
    -Infinity,
    -Infinity
  ],
  "model_data_levels": [
    200,
    100,
    2000,
    500,
    10000,
    5000,
    0,
    1000
  ],
  "loss_landscape_data_param": 200,
  "train_loss_values": [
    0.0028114793822169304,
    0.06553833931684494,
    0.011418893001973629,
    0.003962208516895771,
    0.07564640045166016,
    0.035848312079906464,
    0.13498950004577637,
    0.005762322805821896
  ],
  "num_params": 235146,
  "dataset_type": "data",
  "top_r_vals": [
    [
      44.07659858011399,
      39.85870238490269,
      39.851263698070134,
      39.80998662263377,
      39.7737646494239,
      38.48103731203126,
      38.4172924235657,
      38.343614961585565,
      38.32289430822454,
      37.108504461828524,
      37.05051722952443,
      37.012081310480006,
      36.9444850984148,
      35.79831711026967,
      35.73824188948334,
      35.718118690480516,
      35.672544307568586,
      35.65578733437327,
      34.4647975655861,
      34.37768179315355,
      34.34990233018697,
      33.09611658766904,
      33.087593952311025,
      33.06338466683686,
      31.864257991285335,
      31.85132560634615,
      31.75065464640033,
      30.64119816729493,
      30.607365739486724,
      30.58790742157414,
      30.58169809893728,
      30.57020613197208,
      29.425651150530502,
      29.399628895430407,
      29.372753663965046,
      29.36252164813004,
      28.248434382970125,
      28.225082699931818,
      28.21039379529557,
      27.085368988830083,
      27.045808917678205,
      27.01928005891359,
      27.010816154538738,
      26.993774290762264,
      25.933606181745922,
      25.91457654791605,
      24.820342718575063,
      24.814665552034622,
      23.72028004491285,
      20.603285439649422
    ],
    [
      39.77913021855287,
      38.472419414913766,
      38.425397983557865,
      38.390435808123534,
      37.118985289826085,
      37.10374659484832,
      37.05749667770608,
      37.05051722952443,
      37.012081310480006,
      36.986427059565166,
      36.96643982218726,
      35.77137157378247,
      35.65578733437327,
      35.613262329579356,
      34.48473002837705,
      34.36357234566534,
      34.34990233018697,
      33.17650858574042,
      33.13998836391048,
      33.12132816840169,
      33.09611658766904,
      33.007985453235875,
      31.827230721139408,
      31.803943608891515,
      30.61449981386596,
      30.596014411849005,
      30.58790742157414,
      30.573221207965464,
      30.57020613197208,
      29.414103589802423,
      29.395314056203063,
      29.37066285421938,
      28.238928230979013,
      28.236859746281656,
      28.225082699931818,
      28.21188878595237,
      28.21039379529557,
      28.186099309360873,
      26.993774290762264,
      25.94344060519305,
      25.91457654791605,
      25.88175491383484,
      25.87364734404888,
      23.738014650237687,
      23.729473334894482,
      23.72753382224013,
      23.724045683327915,
      23.72028004491285,
      23.703343623641924,
      20.603285439649422
    ],
    [
      39.77913021855287,
      38.41005687001275,
      37.118985289826085,
      37.11067242669457,
      37.05749667770608,
      35.76678514729841,
      35.73824188948334,
      35.6536929936172,
      35.634425957520016,
      34.48473002837705,
      34.418668028001925,
      34.40747441754449,
      34.38735146205963,
      34.369235173930015,
      33.063528447237765,
      31.907180200071394,
      31.85132560634615,
      31.827230721139408,
      31.819028718788026,
      31.805242459703756,
      30.67354713918307,
      30.571290788703244,
      30.53263231273949,
      29.39807096462877,
      29.387491097260856,
      29.3844122411398,
      29.376626287679816,
      29.309235604001234,
      28.225082699931818,
      28.21188878595237,
      28.184092967980604,
      28.17235143209767,
      28.15466544405444,
      27.074562700621804,
      27.061955364378818,
      25.932810426706595,
      25.91457654791605,
      25.886191900437332,
      25.877174430421974,
      24.768692675101867,
      24.760933776795362,
      23.738014650237687,
      23.72753382224013,
      23.703343623641924,
      23.702344028658526,
      22.66985901654156,
      22.66311786994829,
      22.65793412627754,
      21.612899792988774,
      18.64223507061676
    ],
    [
      42.619622127049105,
      41.18157718703047,
      39.86763081211402,
      39.85870238490269,
      39.851263698070134,
      39.70378941563187,
      38.343614961585565,
      37.108504461828524,
      37.06531533809393,
      37.05749667770608,
      37.012081310480006,
      37.00598303511488,
      35.718118690480516,
      35.71547379877462,
      35.65578733437327,
      35.613262329579356,
      34.48473002837705,
      34.42685921384042,
      34.37768179315355,
      34.34990233018697,
      31.912758443606073,
      31.83542871469199,
      31.827230721139408,
      31.82365888140574,
      31.803943608891515,
      31.75065464640033,
      30.626930018536456,
      30.61449981386596,
      30.607365739486724,
      30.58169809893728,
      29.427806719870063,
      29.399628895430407,
      29.372753663965046,
      29.36252164813004,
      29.359625969145995,
      28.236859746281656,
      28.225082699931818,
      27.053544231732772,
      27.047204815020798,
      27.045808917678205,
      27.01928005891359,
      27.010816154538738,
      25.945061466892014,
      25.94344060519305,
      25.933606181745922,
      25.857322951223612,
      24.814665552034622,
      23.729473334894482,
      23.72028004491285,
      20.603285439649422
    ],
    [
      34.46078639556529,
      34.411407658735975,
      34.38735146205963,
      34.3268527142228,
      33.118875566490594,
      33.106422933507844,
      31.931214953296088,
      31.91619197978103,
      31.90308922089271,
      31.85132560634615,
      31.832093394087714,
      31.819028718788026,
      29.419445331161494,
      29.358554660435605,
      29.35842699152193,
      28.263799762000957,
      28.237623221320167,
      28.221723409762376,
      28.192979462324182,
      28.190358789866416,
      28.189815479722732,
      28.170819155450616,
      27.103146252182167,
      27.012792540898193,
      26.97863391153662,
      26.96547332329809,
      25.934710128798436,
      25.921994354624882,
      25.908504023804444,
      25.884349270940522,
      25.877174430421974,
      25.874622470101173,
      24.807813315014535,
      24.800102792783555,
      24.795605378278456,
      24.791966248984252,
      24.785368376490307,
      24.745311425438477,
      23.684152891893515,
      22.661265515145658,
      22.660570169650516,
      22.61595691667326,
      21.597468053772907,
      21.569524534452846,
      20.603948696259103,
      20.59596629932774,
      19.618193925816268,
      19.616968321507034,
      19.606649325064396,
      16.779237220035725
    ],
    [
      37.05051722952443,
      35.781474745498464,
      34.46078639556529,
      34.38735146205963,
      34.3268527142228,
      33.12511438562553,
      33.11264299867744,
      33.106422933507844,
      31.931214953296088,
      31.90308922089271,
      31.87762933969347,
      31.824272227622632,
      31.819028718788026,
      31.804081912450226,
      30.62252974149563,
      30.596014411849005,
      30.56729509054971,
      29.419445331161494,
      28.26874104347112,
      28.263799762000957,
