{
  "test_loss_values": [
    4.9904780626297
  ],
  "log_exp_r_n_values": [
    10413.794561495704
  ],
  "log_exp_r_n_acc_values": [
    -Infinity
  ],
  "model_data_levels": [
    0
  ],
  "loss_landscape_data_param": 200,
  "train_loss_values": [
    4.142786979675293
  ],
  "num_params": 4353,
  "dataset_type": "data",
  "top_r_vals": [
    [
      10.94874214639048,
      8.19998098073048,
      5.816857022676611,
      5.76897513374597,
      5.544935539201335,
      5.132076992274989,
      5.014511933427188,
      4.982138005298372,
      4.507632762691509,
      4.228848338678627,
      3.8444809181366053,
      3.8260557274157057,
      3.5310055349043616,
      3.43804651270595,
      3.3809203149341625,
      3.250264485677083,
      3.23099088485781,
      3.147919807815207,
      3.11410765442385,
      2.8793211868806994,
      2.778303332145138,
      2.694180529549468,
      2.581911890130395,
      2.5524422856201654,
      2.5304681317475115,
      2.4482982419356296,
      2.4189113099586073,
      2.3601266541909443,
      2.3590405252325963,
      2.226470560039839,
      2.096926984902317,
      2.0642474409570437,
      1.8693464103884287,
      1.8489537538664789,
      1.8465702936125739,
      1.8254242423903726,
      1.7985738796878152,
      1.783771666062228,
      1.6056889177765181,
      1.5740704723001535,
      1.508576191169429,
      1.4686553511717482,
      1.4229480826073906,
      1.321418205873363,
      1.1924442000758246,
      1.1884821021076113,
      1.0757199892585276,
      0.9755594412203383,
      0.8889064721334979,
      0.7742935080350623
    ]
  ],
  "top_r_val_seeds": [
    [
      17,
      29,
      46,
      5,
      1,
      31,
      9,
      35,
      43,
      41,
      3,
      49,
      50,
      45,
      22,
      21,
      12,
      4,
      10,
      26,
      14,
      16,
      37,
      18,
      19,
      11,
      39,
      48,
      38,
      47,
      24,
      8,
      6,
      23,
      28,
      32,
      44,
      13,
      34,
      20,
      36,
      40,
      25,
      27,
      30,
      33,
      2,
      7,
      42,
      15
    ]
  ],
  "test_acc_values": [
    0.66275
  ],
  "loss_predicts_minimas": true,
  "loss_ordering_violations": 0,
  "test_loss_ranks": [
    1
  ],
  "log_exp_r_n_ranks": [
    1
  ],
  "data_level_ranks": [
    1
  ],
  "accuracy_predicts_minimas": true,
  "accuracy_ordering_violations": 0,
  "log_exp_r_n_acc_ranks": [
    1
  ]
}