{
  "test_loss_values": [
    0.5219272649288178,
    0.5280373707413674,
    0.348116734623909,
    0.4987525247037411,
    0.17655563354492188,
    0.23118039965629578,
    0.5640919104218483,
    0.43831324577331543
  ],
  "log_exp_r_n_values": [
    794996.6067278656,
    785108.3541683132,
    822624.288116189,
    813810.7955540114,
    792656.2217440913,
    795629.8357073739,
    763206.0769676723,
    832244.1674706002
  ],
  "log_exp_r_n_acc_values": [
    -Infinity,
    -Infinity,
    -Infinity,
    -Infinity,
    -Infinity,
    -Infinity,
    -Infinity,
    -Infinity
  ],
  "model_data_levels": [
    200,
    100,
    2000,
    500,
    10000,
    5000,
    0,
    1000
  ],
  "loss_landscape_data_param": 1000,
  "train_loss_values": [
    0.19111520051956177,
    0.2336062341928482,
    0.009684298187494278,
    0.1364251673221588,
    0.06573759764432907,
    0.030057916417717934,
    0.30316832661628723,
    0.005340214818716049
  ],
  "num_params": 235146,
  "dataset_type": "data",
  "top_r_vals": [
    [
      29.39664255301491,
      29.356830204963952,
      28.205218144743817,
      28.186099309360873,
      27.014498259358287,
      27.01183413821053,
      25.962090298604558,
      25.945061466892014,
      25.94344060519305,
      25.921994354624882,
      24.842681541836853,
      24.838045241179447,
      24.81822353436343,
      24.772600213589293,
      24.762745538849636,
      24.731432173318993,
      23.767332621907435,
      23.75615058548869,
      23.749442855570255,
      23.716797873731885,
      23.705823215973872,
      23.704567008546977,
      23.67260085613763,
      22.662230164531337,
      22.661265515145658,
      22.660570169650516,
      22.655791094259722,
      22.65433770818381,
      22.608872371997343,
      22.59535445660305,
      22.59460781512876,
      21.60725698559932,
      21.605656989382172,
      20.603285439649422,
      20.59923594714578,
      20.58714705909588,
      20.58039272323088,
      20.567705349724587,
      19.6111349875161,
      19.58144922358337,
      19.576260749807457,
      19.572286783319868,
      19.56421801611702,
      19.531352339192825,
      18.63342422327759,
      18.62586168675606,
      18.611771598174954,
      17.6795600168073,
      17.67410959785284,
      17.662218381652885
    ],
    [
      28.186099309360873,
      27.085368988830083,
      25.874622470101173,
      25.872158564641282,
      24.793086701314113,
      24.78974251002875,
      23.753594904583377,
      23.75083035308452,
      23.6744075867718,
      22.68859629781435,
      22.682189999973858,
      22.66985901654156,
      22.661182871623694,
      22.655791094259722,
      22.651118885492156,
      22.640530540462645,
      22.61952483700079,
      22.61195440541126,
      22.608801127581856,
      21.65577207905202,
      21.636697187871874,
      21.598582749523175,
      21.556628048376304,
      21.555915730604184,
      21.54382535986899,
      20.59596629932774,
      20.592942781892198,
      20.554631940144695,
      19.610366827068763,
      19.609532084495974,
      19.608930379362267,
      19.59841903455721,
      19.595142947384538,
      19.58871407327151,
      19.576638048518348,
      18.64223507061676,
      18.62936750615096,
      18.614615168168942,
      18.609682875285714,
      18.598234751571244,
      17.695001015870613,
      17.669558308852483,
      17.66398882194618,
      17.627045486121524,
      16.779777373693463,
      16.77130687815057,
      15.870556703508118,
      15.867527549710708,
      14.98353013679002,
      14.149079428751994
    ],
    [
      33.06158636993858,
      31.891826500655068,
      31.863472266719903,
      31.819463673458174,
      31.805242459703756,
      30.66425338417215,
      30.604620382751534,
      30.573221207965464,
      29.475911996487476,
      29.437713087461496,
      29.42644676839832,
      29.39664255301491,
      29.35842699152193,
      28.27178251496174,
      28.26545099871215,
      28.230904640981286,
      28.224949535680913,
      28.219633618784876,
      28.21039379529557,
      28.174501590868914,
      28.15466544405444,
      28.13887393942072,
      27.103146252182167,
      27.098408712786508,
      27.072579505007024,
      27.048638163267704,
      27.010816154538738,
      25.934710128798436,
      25.933606181745922,
      25.918909173201907,
      25.88583805034812,
      24.71936780429092,
      23.72028004491285,
      23.69355356053588,
      23.6877320387072,
      23.658521486199845,
      22.651677441709566,
      22.644637068571253,
      22.608899444875227,
      21.6212763237365,
      21.620580318585112,
      21.616330880883492,
      21.60159106866383,
      21.58524990084195,
      21.57844617861015,
      21.576283396977626,
      20.581260656684957,
      20.58039272323088,
      20.567308950266458,
      18.616565580563833
    ],
    [
      31.845342474132348,
      30.583875118664135,
      29.43955225992804,
      29.437713087461496,
      29.392677415594584,
      29.359625969145995,
      29.356830204963952,
      28.26874104347112,
      28.237623221320167,
      28.225082699931818,
      28.176280665260975,
      27.09999186465067,
      27.094934290254514,
      25.97710528303519,
      25.964883594470074,
      25.927341241456773,
      25.92567798297293,
      25.921872056206954,
      25.9098770273764,
      25.908504023804444,
      25.88583805034812,
      25.87356581177026,
      25.857322951223612,
      25.84281998950271,
      24.841230259571155,
      24.818314044440214,
      24.817552511380367,
      24.80241236026015,
      24.760933776795362,
      24.746129137166676,
      23.728543860753202,
      23.714087031814223,
      23.6744075867718,
      22.644637068571253,
      21.6212763237365,
      21.616330880883492,
      21.583243448491476,
      21.533315953960088,
      20.603285439649422,
      20.59354774446392,
      20.58518967484348,
      20.58039272323088,
      20.57276009052728,
      20.569617394169686,
      20.567308950266458,
      20.563133801725435,
      20.554656553182944,
      19.58954018482804,
      19.5703250766237,
      18.616565580563833
    ],
    [
      29.105511865117784,
      27.266184644975425,
      27.131529269294475,
      26.413506475482084,
      26.37144982348523,
      26.344393720451965,
      25.891516872360906,
      25.727440548920967,
      25.523400031943396,
      25.512795571511514,
      25.2695564370677,
      24.780442404904516,
      24.649659763556315,
      24.59494094842441,
      24.316185742799856,
      23.994136103877313,
      23.967723705150462,
      23.912321867766202,
      23.7466332016243,
      22.71071208455077,
      22.67311193161067,
      22.2614486530694,
      22.249968318382315,
      22.085530107986646,
      22.063190009241804,
      22.05136306135633,
      22.049730179519237,
      22.04367866671262,
      21.808242391384123,
      21.77004015939973,
      21.61158669348362,
      21.38434799523623,
      21.242958307965484,
      21.207324278971704,
      20.790186174019773,
      19.994439920282236,
      19.815396342645393,
      19.453777016271147,
      19.446866228951045,
      19.22219227912623,
      19.062899381248858,
      19.057635417300748,
      18.650783357826825,
      18.274147939577897,
      18.09993244525592,
      18.096477778849206,
      17.891868219570924,
      17.170257937903028,
      17.007525697097257,
      15.91119054267924
    ],
    [
      29.475911996487476,
      29.449948950158944,
      29.33999641110014,
      28.25019925317542,
      28.225082699931818,
      28.205218144743817,
      28.186099309360873,
      28.176280665260975,
      27.10606231577712,
      27.098408712786508,
      27.074562700621804,
      27.01183413821053,
      27.00926194200973,
      25.962090298604558,
      25.959068712358906,
      25.933511604302726,
      25.927341241456773,
      25.9098770273764,
      25.90724516542255,
