{
  "test_loss_values": [
    6.3895292822271585
  ],
  "log_exp_r_n_values": [
    10809.895524079504
  ],
  "log_exp_r_n_acc_values": [
    -Infinity
  ],
  "model_data_levels": [
    0
  ],
  "loss_landscape_data_param": 20,
  "train_loss_values": [
    2.3337748050689697
  ],
  "num_params": 4353,
  "dataset_type": "data",
  "top_r_vals": [
    [
      11.991757210109604,
      7.715853156108475,
      7.48129892575669,
      7.1667903170037865,
      5.706072710428162,
      5.032439443860386,
      4.591658749766565,
      4.252829287367763,
      4.033408362104604,
      4.018590798412521,
      3.9983601972234584,
      3.742385227288099,
      3.679753441799958,
      3.635476819504964,
      3.595100325429684,
      3.513810571336619,
      3.5009853191326217,
      3.3095821769228526,
      3.247056155239981,
      3.1255414265270205,
      3.028129423176035,
      3.0129205231254224,
      2.980873892376253,
      2.965404451041577,
      2.9277865121200524,
      2.403709371303071,
      2.3743848008259816,
      2.3597375216320366,
      2.3400820947372627,
      2.1341932389790546,
      2.113093993701392,
      2.0557202807533965,
      1.980129845234452,
      1.9141195883016437,
      1.9128498970210492,
      1.8171366653309593,
      1.7598914521892566,
      1.6548679964156676,
      1.6521203932314992,
      1.6359952383085885,
      1.4908826689865544,
      1.4901261139083435,
      1.434830438265331,
      1.3519488132558233,
      1.3238489438859349,
      1.3017210704735875,
      1.2681750403406995,
      1.2106223524419062,
      1.1504520516095416,
      1.1056641002448244
    ]
  ],
  "top_r_val_seeds": [
    [
      46,
      10,
      49,
      28,
      27,
      44,
      15,
      35,
      47,
      31,
      48,
      12,
      7,
      40,
      2,
      25,
      14,
      26,
      36,
      43,
      3,
      30,
      50,
      34,
      1,
      8,
      17,
      42,
      23,
      19,
      21,
      39,
      24,
      6,
      33,
      38,
      4,
      13,
      29,
      20,
      5,
      9,
      45,
      37,
      16,
      11,
      41,
      32,
      22,
      18
    ]
  ],
  "test_acc_values": [
    0.7045
  ],
  "loss_predicts_minimas": true,
  "loss_ordering_violations": 0,
  "test_loss_ranks": [
    1
  ],
  "log_exp_r_n_ranks": [
    1
  ],
  "data_level_ranks": [
    1
  ],
  "accuracy_predicts_minimas": true,
  "accuracy_ordering_violations": 0,
  "log_exp_r_n_acc_ranks": [
    1
  ]
}