{
  "test_loss_values": [
    0.23124442994594574,
    0.13425762951374054
  ],
  "log_exp_r_n_values": [
    762497.6518340751,
    676588.4973499128
  ],
  "log_exp_r_n_acc_values": [
    -Infinity,
    -Infinity
  ],
  "model_data_levels": [
    19940,
    59940
  ],
  "loss_landscape_data_param": 19940,
  "train_loss_values": [
    0.00019029315444640815,
    0.0003962675400543958
  ],
  "num_params": 300938,
  "dataset_type": "data",
  "top_r_vals": [
    [
      12.60076265361355,
      12.596899615831612,
      12.586006886155591,
      12.581338173101758,
      12.573400520205608,
      11.00484507420321,
      11.00184000974869,
      10.999789437740732,
      10.993856205281991,
      10.993726823952917,
      10.991944779231716,
      10.988186617795701,
      10.987246772292053,
      10.986651129946885,
      10.985993238094332,
      10.984684777860682,
      10.984085473779784,
      10.983785211450048,
      10.983209098362098,
      10.982614676595505,
      10.981683375141891,
      10.981040130232252,
      10.979887904056351,
      10.979848845541913,
      10.978946837974126,
      10.978935852766941,
      10.978266975707202,
      10.977552937240146,
      10.97689260423044,
      10.976668017772425,
      10.97654840107196,
      10.976248138742225,
      10.97596618509113,
      10.975890509219408,
      10.975403498367518,
      10.974710209736255,
      10.974519799478374,
      10.974407506249367,
      10.974325727484764,
      10.972926944436479,
      10.972765828064423,
      10.972669402356907,
      10.97212746546909,
      10.97126451641574,
      10.970693285642094,
      10.97007079056825,
      10.96874646281311,
      10.968620743219764,
      10.968159364517975,
      10.967748029537807
    ],
    [
      9.471488405400281,
      9.46566842519657,
      9.46066092685855,
      9.458887569418541,
      9.457239452058865,
      9.455174569389845,
      9.454893568537333,
      9.45240876324602,
      9.451368954847961,
      9.450179700303623,
      9.449290390489493,
      9.446777169381635,
      9.442231691171902,
      9.442052776771426,
      9.43140947481842,
      8.088304924242426,
      8.08674816345271,
      8.085534858528467,
      8.08057402863866,
      8.07711884469697,
      8.077023789026631,
      8.07585711518595,
      8.075275123393022,
      8.07506797377181,
      8.074576553891186,
      8.07305835342057,
      8.072953433482553,
      8.072309565828743,
      8.07226293474518,
      8.072005567033978,
      8.071825319960974,
      8.071812765438477,
      8.071772411616163,
      8.07156526199495,
      8.071341970844813,
      8.07082902892562,
      8.07082364841598,
      8.070819164657944,
      8.070699896694215,
      8.070664026629936,
      8.070646091597798,
      8.069804938590451,
      8.069719747187788,
      8.06968029011708,
      8.06954398387282,
      8.069296480429294,
      8.06881044105831,
      8.0684750559573,
      8.06831812442608,
      8.068234726526631
    ]
  ],
  "top_r_val_seeds": [
    [
      161,
      356,
      63,
      303,
      70,
      443,
      478,
      237,
      128,
      259,
      497,
      458,
      373,
      376,
      424,
      432,
      57,
      249,
      154,
      453,
      131,
      108,
      487,
      498,
      202,
      138,
      59,
      125,
      415,
      282,
      428,
      251,
      37,
      396,
      234,
      217,
      205,
      84,
      457,
      301,
      416,
      92,
      62,
      250,
      23,
      58,
      38,
      359,
      385,
      278
    ],
    [
      432,
      216,
      62,
      58,
      385,
      66,
      476,
      34,
      3,
      239,
      157,
      437,
      309,
      201,
      441,
      267,
      114,
      384,
      150,
      128,
      259,
      496,
      218,
      191,
      79,
      178,
      458,
      74,
      373,
      371,
      376,
      285,
      467,
      289,
      424,
      414,
      324,
      40,
      348,
      46,
      90,
      132,
      249,
      388,
      430,
      154,
      378,
      276,
      474,
      225
    ]
  ],
  "loss_predicts_minimas": true,
  "loss_ordering_violations": 1,
  "test_loss_ranks": [
    1,
    2
  ],
  "log_exp_r_n_ranks": [
    1,
    2
  ],
  "data_level_ranks": [
    2,
    1
  ],
  "subset_sizes": [
    1,
    2,
    3,
    4,
    5,
    6,
    7,
    8,
    9,
    10,
    11,
    12,
    13,
    14,
    15,
    16,
    17,
    18,
    19,
    20,
    21,
    22,
    23,
    24,
    25,
    26,
    27,
    28,
    29,
    30,
    31,
    32,
    33,
    34,
    35,
    36,
    37,
    38,
    39,
    40,
    41,
    42,
    43,
    44,
    45,
    46,
    47,
    48,
    49,
    50,
    51,
    52,
    53,
    54,
    55,
    56,
    57,
    58,
    59,
    60,
    61,
    62,
    63,
    64,
    65,
    66,
    67,
    68,
    69,
    70,
    71,
    72,
    73,
    74,
    75,
    76,
    77,
    78,
    79,
    80,
    81,
    82,
    83,
    84,
    85,
    86,
    87,
    88,
    89,
    90,
    91,
    92,
    93,
    94,
    95,
    96,
    97,
    98,
    99,
    100
  ],
  "radii_rank_probabilities_full": [
    0.996,
    1.0,
    1.0,
    1.0,
    1.0,
    1.0,
    1.0,
    1.0,
    1.0,
    1.0,
    1.0,
    1.0,
    1.0,
    1.0,
    1.0,
    1.0,
    1.0,
    1.0,
    1.0,
    1.0,
    1.0,
    1.0,
    1.0,
    1.0,
    1.0,
    1.0,
    1.0,
    1.0,
    1.0,
    1.0,
    1.0,
    1.0,
    1.0,
    1.0,
    1.0,
    1.0,
    1.0,
    1.0,
    1.0,
    1.0,
    1.0,
    1.0,
    1.0,
    1.0,
    1.0,
    1.0,
    1.0,
    1.0,
    1.0,
    1.0,
    1.0,
    1.0,
    1.0,
    1.0,
    1.0,
    1.0,
    1.0,
    1.0,
    1.0,
    1.0,
    1.0,
    1.0,
    1.0,
    1.0,
    1.0,
    1.0,
    1.0,
    1.0,
    1.0,
    1.0,
    1.0,
    1.0,
    1.0,
    1.0,
    1.0,
    1.0,
    1.0,
    1.0,
    1.0,
    1.0,
    1.0,
    1.0,
    1.0,
    1.0,
    1.0,
    1.0,
    1.0,
    1.0,
    1.0,
    1.0,
    1.0,
    1.0,
    1.0,
    1.0,
    1.0,
    1.0,
    1.0,
    1.0,
    1.0,
    1.0
  ],
  "radii_rank_probabilities": [
    0.996,
    1.0,
    1.0,
    1.0,
    1.0,
    1.0,
    1.0,
    1.0,
    1.0,
    1.0,
    1.0,
    1.0,
    1.0,
    1.0,
    1.0,
    1.0,
    1.0,
    1.0,
    1.0,
    1.0,
    1.0,
    1.0,
    1.0,
    1.0,
    1.0,
    1.0,
    1.0,
    1.0,
    1.0,
    1.0,
    1.0,
    1.0,
    1.0,
    1.0,
    1.0,
    1.0,
    1.0,
    1.0,
    1.0,
    1.0,
    1.0,
    1.0,
    1.0,
    1.0,
    1.0,
    1.0,
    1.0,
    1.0,
    1.0,
    1.0,
    1.0,
    1.0,
    1.0,
    1.0,
    1.0,
    1.0,
    1.0,
    1.0,
    1.0,
    1.0,
    1.0,
    1.0,
    1.0,
    1.0,
    1.0,
    1.0,
    1.0,
    1.0,
    1.0,
    1.0,
    1.0,
    1.0,
    1.0,
    1.0,
    1.0,
    1.0,
    1.0,
    1.0,
    1.0,
    1.0,
    1.0,
    1.0,
    1.0,
    1.0,
    1.0,
    1.0,
    1.0,
    1.0,
    1.0,
    1.0,
    1.0,
    1.0,
    1.0,
    1.0,
    1.0,
    1.0,
    1.0,
    1.0,
    1.0,
    1.0
  ],
  "accuracy_predicts_minimas": true,
  "accuracy_ordering_violations": 1,
  "log_exp_r_n_acc_ranks": [
    1,
    2
  ]
}