{
  "test_loss_values": [
    0.4971111047267914,
    0.514248166680336,
    0.33501703292131424,
    0.4856918528676033,
    0.17394602298736572,
    0.22285034656524658,
    0.5435654744505882,
    0.4123481810092926
  ],
  "log_exp_r_n_values": [
    823174.8935716605,
    804729.7059413776,
    795228.5343116068,
    823174.8935716605,
    727516.7921375262,
    755179.4983116271,
    761579.9654372399,
    795228.5343116068
  ],
  "log_exp_r_n_acc_values": [
    -Infinity,
    -Infinity,
    -Infinity,
    -Infinity,
    -Infinity,
    -Infinity,
    -Infinity,
    -Infinity
  ],
  "model_data_levels": [
    200,
    100,
    2000,
    500,
    10000,
    5000,
    0,
    1000
  ],
  "loss_landscape_data_param": 200,
  "train_loss_values": [
    0.0033046086318790913,
    0.0676615759730339,
    0.011918038129806519,
    0.0040789274498820305,
    0.0775536447763443,
    0.03680321201682091,
    0.14356370270252228,
    0.005906416568905115
  ],
  "num_params": 235146,
  "dataset_type": "data",
  "top_r_vals": [
    [
      33.13909234112223,
      33.063528447237765,
      30.62026217316067,
      30.61449981386596,
      29.377192471557848,
      28.200241352806746,
      28.17350197122547,
      27.07562324213941,
      27.04589062874216,
      27.00926194200973,
      26.99466630321046,
      25.97710528303519,
      25.957552211976576,
      25.92567798297293,
      25.921872056206954,
      25.903750691960905,
      25.88583805034812,
      25.84281998950271,
      24.8193705155089,
      24.81822353436343,
      24.807813315014535,
      24.772938846117956,
      24.745311425438477,
      23.738014650237687,
      23.716909768692712,
      23.704567008546977,
      23.689934131536297,
      23.68727550726702,
      23.675902503448462,
      23.6744075867718,
      22.66985901654156,
      22.65793412627754,
      22.640530540462645,
      21.645583488017586,
      21.64325486140758,
      21.640735920888993,
      21.60725698559932,
      21.569524534452846,
      20.61864397551736,
      20.603285439649422,
      20.602264646273582,
      20.59728763085484,
      20.58714705909588,
      20.58039272323088,
      20.563133801725435,
      19.58954018482804,
      19.5703250766237,
      19.56413293895672,
      19.531352339192825,
      17.67225792428399
    ],
    [
      30.63895371775353,
      28.1724739432085,
      27.05097203553197,
      27.04589062874216,
      25.9169899033632,
      24.820342718575063,
      24.807084552844557,
      24.78974251002875,
      24.785368376490307,
      24.77668253015603,
      24.76186696689739,
      24.746129137166676,
      23.767332621907435,
      23.72744729013709,
      23.68382914247352,
      23.671313318121705,
      22.682189999973858,
      22.65433770818381,
      21.629058803212434,
      21.61036182107933,
      21.598582749523175,
      21.582827476662718,
      21.579982283729418,
      21.572464884340437,
      21.571102780509015,
      21.54382535986899,
      20.62711215609839,
      20.624893096386703,
      20.603141647689117,
      20.59923594714578,
      20.58341364982029,
      20.569617394169686,
      20.541663459833128,
      19.572286783319868,
      19.56419458907288,
      18.656131758930343,
      18.648380510632627,
      18.64223507061676,
      18.641311437823987,
      18.636808141897806,
      18.63296475112687,
      18.63074709472595,
      18.62152131590373,
      17.714978837734527,
      17.627045486121524,
      16.766094184355893,
      16.76130032064349,
      16.744859393686152,
      16.739561245894844,
      14.992047061806018
    ],
    [
      29.425651150530502,
      28.209023091272943,
      27.010848498501556,
      25.9169899033632,
      25.912112642456158,
      25.874622470101173,
      24.785368376490307,
      24.77668253015603,
      23.72744729013709,
      23.716797873731885,
      23.700218024402794,
      23.68382914247352,
      22.671275355521423,
      22.662230164531337,
      22.60757144897057,
      22.59535445660305,
      21.65577207905202,
      21.639471692781985,
      21.6212763237365,
      21.612899792988774,
      21.599727351744786,
      21.579982283729418,
      21.571102780509015,
      21.54382535986899,
      20.603285439649422,
      20.59354774446392,
      20.59058899818167,
      20.569617394169686,
      20.567308950266458,
      20.557433940235985,
      20.541663459833128,
      19.633182302056767,
      19.631070169077173,
      18.648380510632627,
      18.641311437823987,
      18.638571014639343,
      18.636808141897806,
      18.63296475112687,
      18.62763276435743,
      18.623267778925598,
      18.605905123393452,
      18.598212481237407,
      18.598153875095733,
      18.56699181744518,
      17.714978837734527,
      17.6795600168073,
      17.678814451127536,
      16.744859393686152,
      15.896348954354846,
      14.992047061806018
    ],
    [
      33.13909234112223,
      30.569090650182833,
      29.407699791103518,
      28.214323028458875,
      28.209023091272943,
      28.17350197122547,
      27.06116038381907,
      25.93572602099004,
      25.922633567689264,
      25.903750691960905,
      25.899179992421477,
      25.890103819165514,
      24.85994243768727,
      24.772938846117956,
      24.772600213589293,
      24.759509023345274,
      24.731432173318993,
      23.749442855570255,
      23.738014650237687,
      23.728543860753202,
      23.72744729013709,
      23.72028004491285,
      23.6744075867718,
      23.658521486199845,
      22.68859629781435,
      22.640530540462645,
      22.639330784505866,
      22.625355479964156,
      22.622816328996237,
      22.59460781512876,
      21.609828942135298,
      21.60725698559932,
      21.57844617861015,
      21.572464884340437,
      20.610077342783327,
      20.602264646273582,
      20.59923594714578,
      20.58714705909588,
      20.58039272323088,
      20.554631940144695,
      19.631070169077173,
      19.62878541577233,
      19.610503690326635,
      19.604794889570343,
      19.56413293895672,
      19.531352339192825,
      18.656131758930343,
      18.604040275965406,
      17.6795600168073,
      15.860973871102528
    ],
    [
      22.063190009241804,
      20.82498817391214,
      20.610093766036936,
      19.82364386092858,
      19.436690859089815,
      19.21426784002794,
      18.249916579335842,
      18.122947608267463,
      17.897639756873993,
      17.52406604503574,
      17.523826500634726,
      17.372587974442453,
      17.371785132531446,
      17.351849530194258,
      17.147778924718953,
      17.034660424769438,
      16.96745663517529,
      16.94660194594962,
      16.84027338985593,
      16.81959460141976,
      16.79619171822618,
      16.416429982597712,
      16.10650645608834,
      15.928491437898764,
      15.92559927319125,
      15.775782248676038,
      15.74964923485563,
      15.573358986288392,
      15.408573316306367,
      15.384156215261614,
      15.37504412751755,
      14.894298028082599,
      14.859079157542812,
      14.540992702438299,
      14.221655149098371,
      14.070094420137455,
      14.027962851108505,
      14.022162966734369,
      13.877085816305826,
      13.858695508640128,
      13.568130960391386,
      13.556914809814195,
      13.549160213007747,
      13.508914426964651,
      13.230355631389324,
      13.092914055509462,
      12.773137629685218,
      12.592526482808518,
      12.116227165618719,
      10.493846180968145
    ],
    [
      24.817552511380367,
      24.80241236026015,
      24.797744849231435,
      24.785368376490307,
      23.703415236416856,
      23.672703799501594,
      22.609724455206553,
      21.583243448491476,
      21.579687297171116,
      20.636821351976444,
      20.621287933994626,
      20.592942781892198,
      19.618193925816268,
      19.6111349875161,
      19.610366827068763,
      19.60946057036123,
      19.60123521186334,
      19.58695704496099,
      19.573680075945052,
