{
  "test_loss_values": [
    0.5447110015153885,
    0.5406437319517136,
    0.3649306148290634,
    0.5128465101122857,
    0.1770676076412201,
    0.23087310194969177,
    0.5786323219537735,
    0.4441537082195282
  ],
  "log_exp_r_n_values": [
    -Infinity,
    -Infinity,
    765753.9790983909,
    564465.1461943615,
    818955.8901040753,
    813522.8535073195,
    -Infinity,
    733279.0378518878
  ],
  "log_exp_r_n_acc_values": [
    -Infinity,
    -Infinity,
    -Infinity,
    -Infinity,
    -Infinity,
    -Infinity,
    -Infinity,
    -Infinity
  ],
  "model_data_levels": [
    200,
    100,
    2000,
    500,
    10000,
    5000,
    0,
    1000
  ],
  "loss_landscape_data_param": 10000,
  "train_loss_values": [
    0.5195193290710449,
    0.5293807983398438,
    0.2903154790401459,
    0.48233598470687866,
    0.06830700486898422,
    0.14469702541828156,
    0.5729159116744995,
    0.38113290071487427
  ],
  "num_params": 235146,
  "dataset_type": "data",
  "top_r_vals": [
    [
      0.0,
      0.0,
      0.0,
      0.0,
      0.0,
      0.0,
      0.0,
      0.0,
      0.0,
      0.0,
      0.0,
      0.0,
      0.0,
      0.0,
      0.0,
      0.0,
      0.0,
      0.0,
      0.0,
      0.0,
      0.0,
      0.0,
      0.0,
      0.0,
      0.0,
      0.0,
      0.0,
      0.0,
      0.0,
      0.0,
      0.0,
      0.0,
      0.0,
      0.0,
      0.0,
      0.0,
      0.0,
      0.0,
      0.0,
      0.0,
      0.0,
      0.0,
      0.0,
      0.0,
      0.0,
      0.0,
      0.0,
      0.0,
      0.0,
      0.0
    ],
    [
      0.0,
      0.0,
      0.0,
      0.0,
      0.0,
      0.0,
      0.0,
      0.0,
      0.0,
      0.0,
      0.0,
      0.0,
      0.0,
      0.0,
      0.0,
      0.0,
      0.0,
      0.0,
      0.0,
      0.0,
      0.0,
      0.0,
      0.0,
      0.0,
      0.0,
      0.0,
      0.0,
      0.0,
      0.0,
      0.0,
      0.0,
      0.0,
      0.0,
      0.0,
      0.0,
      0.0,
      0.0,
      0.0,
      0.0,
      0.0,
      0.0,
      0.0,
      0.0,
      0.0,
      0.0,
      0.0,
      0.0,
      0.0,
      0.0,
      0.0
    ],
    [
      25.959068712358906,
      25.88583805034812,
      25.875540523558435,
      25.858177409503547,
      23.703343623641924,
      22.646745903269636,
      22.60757144897057,
      21.629058803212434,
      21.616330880883492,
      21.60725698559932,
      21.59753330425585,
      21.555915730604184,
      20.60163247981748,
      20.59728763085484,
      20.58518967484348,
      20.58341364982029,
      20.58039272323088,
      20.574915674508745,
      20.554656553182944,
      19.642423654468956,
      19.631070169077173,
      19.62763872361178,
      19.609532084495974,
      19.58144922358337,
      19.573680075945052,
      18.642104964982245,
      18.63296475112687,
      18.610041544872757,
      18.59891341069182,
      18.598153875095733,
      18.56699181744518,
      17.692192347548634,
      17.68959510830002,
      17.680472500176567,
      17.65668561663827,
      16.79864160719732,
      16.778344700515326,
      16.744859393686152,
      15.88501933988804,
      15.872065787381473,
      15.019241371153823,
      15.01429188790633,
      15.007195709082868,
      14.98975687558469,
      14.988074636571334,
      14.179150764841204,
      14.15157646498431,
      14.140977200948601,
      14.137057486563231,
      14.118289181410741
    ],
    [
      11.028740245348722,
      10.998279616518523,
      8.925107849634331,
      8.918136076892146,
      8.29316183816381,
      8.292677360725978,
      8.281317667167498,
      8.279718891622649,
      8.276580728089845,
      8.265882111809441,
      7.663357002271978,
      7.652559080755091,
      7.649805054472314,
      7.641823772637427,
      7.059214936570414,
      7.057726160245322,
      7.053580757114719,
      7.052255772818236,
      7.046524827340218,
      6.488556016090828,
      6.483722782614243,
      6.480468014051739,
      6.4774692568441,
      6.474116649547252,
      6.4725259547913785,
      6.468885130889609,
      6.46841183601222,
      6.4575533671456276,
      5.941833155476859,
      5.939037646372173,
      5.932368333723621,
      5.931883455560032,
      5.9144349283517155,
      5.410813715351895,
      5.404857569705814,
      5.4032249482471935,
      5.40181424639983,
      5.3957068691656795,
      5.394611544652538,
      5.392584361679876,
      5.385956339967247,
      4.902591706767191,
      4.894614489986838,
      4.892581269155925,
      4.89103323473918,
      4.421154127503636,
      3.5433149030722073,
      3.540473110142815,
      3.5378941162460773,
      3.5342643716408078
    ],
    [
      32.54981105056155,
      28.915132021273806,
      28.633205550356095,
      28.273703943264618,
      27.996176074723373,
      27.316126581353753,
      26.868903371005143,
      26.57990703237549,
      26.375007390597776,
      26.219610589458952,
      26.113684156973537,
      25.67931007707454,
      25.082739261934506,
      24.985887895004648,
      24.81397350351693,
      24.597439496183,
      24.59382945072263,
      24.428410298436575,
      23.538905908653586,
      23.532217746537047,
      23.48340999918603,
      23.05932137407619,
      22.847419467161828,
      22.67095621804237,
      22.507269581637345,
      22.23963069571092,
      22.053883831363123,
      22.049730179519237,
      22.02685596054731,
      22.012855073971334,
      21.97590227820858,
      21.85651021127562,
      21.62654161232268,
      20.835276389836043,
      20.645315552195086,
      20.628249018224928,
      20.4313638317917,
      20.422615074715758,
      20.396749184230362,
      19.433984032127093,
      18.650783357826825,
      18.49384210678381,
      18.304058794609528,
      17.864952790628468,
      17.741387234956456,
      17.528343623625304,
      17.385659551515992,
      17.338853321953184,
      17.151103384767715,
      15.92559927319125
    ],
    [
      31.80637093656686,
      29.455446114543356,
      28.25019925317542,
      28.200241352806746,
      28.155595818287413,
      27.07341023415725,
      27.02354265275,
      25.918909173201907,
      25.907166894435075,
      25.872158564641282,
      24.85994243768727,
      24.817552511380367,
      24.795605378278456,
      24.793086701314113,
      24.745311425438477,
      23.749442855570255,
      23.71233102689563,
      23.702344028658526,
      23.684152891893515,
      22.6861554641398,
      22.662230164531337,
      22.655791094259722,
      22.62881225900353,
      22.609724455206553,
      22.608899444875227,
      22.608801127581856,
      21.645583488017586,
      21.627707574461503,
      21.616330880883492,
      21.609828942135298,
      21.6097269882557,
      21.60159106866383,
      21.583243448491476,
      21.533315953960088,
      20.554631940144695,
      19.610503690326635,
      19.60946057036123,
      19.603537227200704,
      19.595142947384538,
      19.5703250766237,
      18.619851040866042,
      18.609682875285714,
      17.711672754697837,
      17.69904932623328,
      17.680472500176567,
      17.635648423838333,
      16.74653787897806,
      15.877000521609302,
      15.858550947557353,
      15.8491578742093
    ],
    [
      0.0,
      0.0,
      0.0,
      0.0,
      0.0,
      0.0,
      0.0,
      0.0,
      0.0,
      0.0,
      0.0,
      0.0,
      0.0,
      0.0,
      0.0,
      0.0,
      0.0,
      0.0,
      0.0,
      0.0,
      0.0,
      0.0,
      0.0,
      0.0,
      0.0,
      0.0,
      0.0,
      0.0,
      0.0,
      0.0,
      0.0,
      0.0,
      0.0,
      0.0,
      0.0,
      0.0,
      0.0,
      0.0,
      0.0,
      0.0,
      0.0,
      0.0,
      0.0,
      0.0,
      0.0,
      0.0,
      0.0,
      0.0,
      0.0,
      0.0
    ],
    [
      22.610526667324923,
      20.564316522984498,
      20.542342261519597,
      19.62878541577233,
      18.64954560072909,
      18.640739441881255,
