{
  "test_loss_values": [
    5.919709743261337,
    0.04752168501727283,
    4.401830998063088,
    0.0024538332316296875,
    0.0012702462263405323,
    0.16807754894252866
  ],
  "log_exp_r_n_values": [
    8131.70903350316,
    7196.09732399762,
    5526.175169793745,
    7212.478372445875,
    5453.682166408613,
    5920.029877701678
  ],
  "log_exp_r_n_acc_values": [
    -Infinity,
    -Infinity,
    -Infinity,
    -Infinity,
    -Infinity,
    -Infinity
  ],
  "model_data_levels": [
    0,
    180,
    30,
    380,
    780,
    80
  ],
  "loss_landscape_data_param": 0,
  "train_loss_values": [
    2.0120533008594066e-05,
    5.8294622249377426e-06,
    9.093088010558859e-05,
    1.5383524441858754e-05,
    4.721236109617166e-05,
    1.5877678379183635e-05
  ],
  "num_params": 4353,
  "dataset_type": "data",
  "top_r_vals": [
    [
      6.486071098241231,
      5.99195552156867,
      5.687449409041936,
      5.377451158423728,
      5.363199682968418,
      5.211116812956748,
      4.941793961958453,
      4.934480336086811,
      4.915333708455741,
      4.883833703915936,
      4.6373181288101994,
      4.54355908967855,
      4.517503364562211,
      4.506855326639781,
      4.4998550376117565,
      4.472324321129143,
      4.297963770880115,
      4.2880358665333205,
      4.275367887831869,
      4.2709921369892205,
      4.26452484146428,
      4.260630257797904,
      4.222041039476102,
      4.208975574846427,
      4.195603116800951,
      4.182043835504021,
      4.175536158911709,
      4.169664362500778,
      4.165541601477807,
      4.165053136518277,
      4.144252994670855,
      4.107043057385178,
      3.946732057793848,
      3.906739178001607,
      3.9058249397382925,
      3.900774883063591,
      3.893220647526401,
      3.891516819473141,
      3.88961749956956,
      3.8892919787362263,
      3.886977911214417,
      3.8780982768021124,
      3.8777117768595044,
      3.8747471160468323,
      3.8644959000516534,
      3.8612254469410012,
      3.835450115501607,
      3.83074755007461,
      3.8200174687213044,
      3.6735958748965256
    ],
    [
      5.231625584482772,
      3.908612043732783,
      3.8861067170282375,
      3.848059788223141,
      3.566469638350789,
      3.5457422096696933,
      3.538042156249453,
      3.268085621021412,
      3.2488998601466053,
      3.2485555013020835,
      3.2377974898726856,
      3.233863359616127,
      3.2301281587577164,
      3.2287258572048616,
      3.2196568618586037,
      3.214106807002315,
      3.1768704638069063,
      3.0514924791124134,
      3.001818058795071,
      2.9973793485166835,
      2.9933968676242184,
      2.991137347821253,
      2.98758466315992,
      2.979938958958818,
      2.9789111555115255,
      2.977205015520529,
      2.966696634984433,
      2.950745084287926,
      2.9390619731584313,
      2.9383348897578414,
      2.910634316688727,
      2.9042186124046756,
      2.7435975298080244,
      2.7340925855182197,
      2.733577887460464,
      2.7269263569645323,
      2.717680474250077,
      2.713126657495888,
      2.7127542564813227,
      2.7089324755007467,
      2.706337500538052,
      2.7050945031717117,
      2.704748568784436,
      2.697129293845973,
      2.6954631418150896,
      2.689566688627118,
      2.6867036222985865,
      2.685965670455343,
      2.6814875171179926,
      2.6774163270967257
    ],
    [
      3.5647590644212914,
      3.310844892336999,
      2.9910971831574806,
      2.9802654255848617,
      2.964440204770988,
      2.9433094721742465,
      2.942343803805097,
      2.940895472895235,
      2.9219171543314,
      2.7472502357460344,
      2.7337469625030297,
      2.7334349676731016,
      2.721457417650304,
      2.7145779627875988,
      2.7102081669360913,
      2.7055846028346924,
      2.7034604224656613,
      2.6997454421105,
      2.697028097918102,
      2.681406560375696,
      2.6790127317803996,
      2.6763501890750954,
      2.6747201562061598,
      2.665914553620964,
      2.6652609836129613,
      2.6593380637977,
      2.6526647372557655,
      2.6522478100329376,
      2.638906761646612,
      2.6335959993519484,
      2.631126818711899,
      2.629062421783333,
      2.6070421878786294,
      2.481749634343305,
      2.4778134809466197,
      2.4771205021305827,
      2.473350708611875,
      2.4642096267356135,
      2.4588473308038963,
      2.454095395775842,
      2.4519431148545014,
      2.4485273981031117,
      2.446802819435627,
      2.4425193335910005,
      2.4403319260062357,
      2.4381203512770346,
      2.436687464422626,
      2.4317298276535584,
      2.4264153039840983,
      2.424267238262369
    ],
    [
      5.2513501342736095,
      4.642852898410798,
      4.501993064697441,
      4.486937417897409,
      4.22228186632368,
      4.191350941754838,
      4.184878294522173,
      4.16533726354653,
      4.159200314343821,
      4.149309871951095,
      3.9370547628271355,
      3.934811090306474,
      3.9216754727674474,
      3.890822733729339,
      3.8869971913739674,
      3.8850238894628104,
      3.8688384197084487,
      3.8607703455004594,
      3.7785803704660244,
      3.6213027156989033,
      3.59223613616411,
      3.590718691549233,
      3.574899794702421,
      3.574013623518916,
      3.5524580859855766,
      3.546950812097011,
      3.5346411860800444,
      3.5274558696390703,
      3.5258120056220856,
      3.518169190953939,
      3.487698408939708,
      3.473631676770318,
      3.3429904513888893,
      3.3354006166811345,
      3.3197530110677085,
      3.290815565321181,
      3.2849362220293212,
      3.2819119677131563,
      3.2674251603491515,
      3.2659591863184803,
      3.263163248697917,
      3.2601092303240744,
      3.2560210051359957,
      3.2539269718123074,
      3.2465575418354553,
      3.2464889714747303,
      3.24459989571277,
      3.2435973367573303,
      3.2287258572048616,
      3.2261171694155095
    ],
    [
      3.505884684101561,
      2.9390619731584313,
      2.927502788897498,
      2.723385744977395,
      2.7116990164826937,
      2.68854881327878,
      2.6768636416445077,
      2.4771205021305827,
      2.460478613053326,
      2.4478380724600712,
      2.443836161949455,
      2.43936046300257,
      2.425220435401054,
      2.4197038631635768,
      2.419127504870109,
      2.3826280914390714,
      2.376820389415133,
      2.2271940373192147,
      2.222313999144499,
      2.2213334012622674,
      2.219866035398373,
      2.201321184142562,
      2.1990068924328514,
      2.1976575614992253,
      2.18238717071281,
      2.177956068811338,
      2.177498305139463,
      2.1773810268433627,
      2.173384485165935,
      2.173173132021565,
      2.169927675861958,
      2.1694409078802943,
      2.143660868494964,
      2.1324906782670454,
      2.110478929251679,
      1.9937616423579732,
      1.9674009874443323,
      1.9652113901353743,
      1.96480555087252,
      1.9630150438364573,
      1.961008569121714,
      1.9591843171358576,
      1.9567411827707817,
      1.9556377229125224,
      1.9523831349880698,
      1.9518283680134587,
      1.9503201937240047,
      1.950246854699786,
      1.9498743104540617,
      1.9416488664586409
    ],
    [
      3.902336127611341,
      3.24459989571277,
      3.194437662760417,
      3.008737709458757,
      3.004206311494742,
      2.991137347821253,
      2.982117119571066,
      2.9578679612845433,
      2.9543846207435687,
      2.9527783774804153,
      2.9482565915726875,
      2.93940011156711,
      2.927502788897498,
      2.9227908215903713,
      2.9214461635733224,
      2.9093947047153894,
      2.7193519196064186,
      2.714313919258877,
      2.708244343191225,
      2.6959825104541317,
      2.672061972710056,
      2.672058236245027,
      2.668792565809612,
      2.666760240205879,
      2.4856916890194465,
      2.4793933377607957,
      2.4783412239379077,
      2.4613084453500647,
      2.4511700472458573,
