{
  "test_loss_values": [
    0.17782048881053925
  ],
  "log_exp_r_n_values": [
    618016.5921280512
  ],
  "log_exp_r_n_acc_values": [
    -Infinity
  ],
  "model_data_levels": [
    0
  ],
  "loss_landscape_data_param": 0,
  "train_loss_values": [
    0.06301441788673401
  ],
  "num_params": 235146,
  "dataset_type": "data",
  "top_r_vals": [
    [
      13.849395988479406,
      13.226612687819346,
      13.07415326607028,
      12.897421350430877,
      12.610689613263476,
      12.43546787528269,
      12.137567847614685,
      11.807691440913041,
      11.80704922793007,
      11.696678838885896,
      11.674162447240823,
      11.083624890766018,
      10.952310997564991,
      10.924867909461756,
      10.923641856286537,
      10.77262347212351,
      10.771848193643097,
      10.759001109612157,
      10.652360494898833,
      10.652033634473593,
      10.646323623971192,
      10.363235013408016,
      10.349015002645563,
      10.225720717820636,
      10.074577322254687,
      10.061023227619511,
      9.930522493156445,
      9.664443672363948,
      9.531843694118763,
      9.510199034843309,
      9.377408470874832,
      9.253010128697461,
      9.241331282806595,
      9.13875484646298,
      9.135003054852987,
      9.118440533469911,
      9.100897162788765,
      8.995363712530096,
      8.985431496702532,
      8.851422350976135,
      8.846862547758116,
      8.715782039948248,
      8.616949533979998,
      8.472399724999491,
      7.971391812232652,
      7.593886443496399,
      7.245498691337107,
      7.003359725857615,
      6.630697751469005,
      6.3155813328020445
    ]
  ],
  "top_r_val_seeds": [
    [
      29,
      37,
      25,
      50,
      21,
      36,
      35,
      23,
      17,
      40,
      48,
      15,
      39,
      24,
      42,
      7,
      18,
      12,
      8,
      34,
      49,
      1,
      45,
      10,
      43,
      11,
      6,
      46,
      26,
      13,
      31,
      33,
      41,
      28,
      9,
      30,
      20,
      47,
      32,
      27,
      3,
      38,
      14,
      2,
      44,
      5,
      22,
      19,
      16,
      4
    ]
  ],
  "test_acc_values": [
    0.9478999972343445
  ],
  "loss_predicts_minimas": true,
  "loss_ordering_violations": 0,
  "test_loss_ranks": [
    1
  ],
  "log_exp_r_n_ranks": [
    1
  ],
  "data_level_ranks": [
    1
  ],
  "accuracy_predicts_minimas": true,
  "accuracy_ordering_violations": 0,
  "log_exp_r_n_acc_ranks": [
    1
  ]
}