{
  "test_loss_values": [
    4.451995035540312
  ],
  "log_exp_r_n_values": [
    13733.174926354905
  ],
  "log_exp_r_n_acc_values": [
    -Infinity
  ],
  "model_data_levels": [
    0
  ],
  "loss_landscape_data_param": 500,
  "train_loss_values": [
    3.6740128993988037
  ],
  "num_params": 4353,
  "dataset_type": "data",
  "top_r_vals": [
    [
      23.471211474847653,
      14.738031745992464,
      14.243297088428598,
      12.694469393388122,
      5.913621942995983,
      5.536109589319048,
      5.463534691786381,
      4.643985439197643,
      4.005467971215427,
      3.6266274109704084,
      3.4433436429901887,
      3.3742501186018314,
      3.292534067088758,
      3.249446672340391,
      3.2117592140480324,
      3.206833483915169,
      3.0891600135819948,
      3.063324242562922,
      2.9835260138141138,
      2.8722847088517445,
      2.845578504790451,
      2.628384414469488,
      2.5533726571516064,
      2.5125211826762004,
      2.4828432162923098,
      2.158600989919682,
      2.1527262092381654,
      2.103707530263213,
      1.9688849388100644,
      1.9670912350933067,
      1.9519518796638937,
      1.8742267614249946,
      1.8613640297814704,
      1.822644936221648,
      1.8203557332127431,
      1.7862800975233475,
      1.7390260208709454,
      1.685754589048508,
      1.526126980840682,
      1.4957311359744068,
      1.4619706602580589,
      1.3964107928506901,
      1.375504456895663,
      1.3723108666098531,
      1.3332369445538355,
      1.231568640858645,
      1.2099641531031007,
      1.1512232810566054,
      1.071114530130484,
      1.0265088435953393
    ]
  ],
  "top_r_val_seeds": [
    [
      10,
      49,
      45,
      40,
      41,
      38,
      19,
      7,
      33,
      6,
      4,
      44,
      22,
      13,
      43,
      50,
      28,
      47,
      15,
      1,
      17,
      20,
      27,
      35,
      36,
      8,
      18,
      2,
      26,
      12,
      34,
      31,
      21,
      9,
      42,
      11,
      32,
      25,
      24,
      16,
      3,
      23,
      5,
      29,
      37,
      39,
      46,
      48,
      30,
      14
    ]
  ],
  "test_acc_values": [
    0.71725
  ],
  "loss_predicts_minimas": true,
  "loss_ordering_violations": 0,
  "test_loss_ranks": [
    1
  ],
  "log_exp_r_n_ranks": [
    1
  ],
  "data_level_ranks": [
    1
  ],
  "accuracy_predicts_minimas": true,
  "accuracy_ordering_violations": 0,
  "log_exp_r_n_acc_ranks": [
    1
  ]
}