{
  "test_loss_values": [
    0.18557476997375488,
    0.34190634489059446,
    0.09067317843437195
  ],
  "log_exp_r_n_values": [
    746919.3915716191,
    768004.2948209811,
    702367.1413101191
  ],
  "log_exp_r_n_acc_values": [
    -Infinity,
    -Infinity,
    -Infinity
  ],
  "model_data_levels": [
    19940,
    5940,
    59940
  ],
  "loss_landscape_data_param": 5940,
  "train_loss_values": [
    0.0006929287919774652,
    0.00028222790569998324,
    0.0022489160764962435
  ],
  "num_params": 235146,
  "dataset_type": "data",
  "top_r_vals": [
    [
      23.961140950520836,
      23.956246081693674,
      21.847770025360138,
      21.84182565512189,
      21.824765628362822,
      21.786442359945337,
      21.784565262667517,
      21.76554986902943,
      21.764298928561182,
      21.75839437969898,
      19.847048551327678,
      19.835434372528958,
      19.826720936081145,
      19.825667252942946,
      19.825461747366347,
      19.819591760805665,
      19.819102283886853,
      19.81567220899016,
      19.814178868466872,
      19.813187459745823,
      19.81063545413096,
      19.809347619184273,
      19.803373011602776,
      19.80242893143876,
      19.795588709458862,
      19.794953510403918,
      19.794872553661623,
      19.79350625294932,
      19.79219226274743,
      19.791367749464346,
      19.789555563925244,
      19.789479589136317,
      19.78942727862591,
      19.787491789740848,
      19.78688274594111,
      19.786844135802475,
      19.782563392367493,
      19.77884560966356,
      19.777524146531608,
      19.77738838830222,
      19.77641690739466,
      19.776217629259776,
      19.77497214091675,
      19.774699378969625,
      19.771463600254442,
      19.771175892447204,
      19.770098545030486,
      19.76466697036655,
      19.763846193548495,
      19.763418991046837
    ],
    [
      26.20894266048168,
      23.978051456404323,
      23.956246081693674,
      23.94527030285494,
      23.94520700713735,
      23.94208140432099,
      23.93254183545525,
      23.930804217303244,
      23.913736979166668,
      23.910070348668985,
      23.887814368730712,
      23.88737581983025,
      21.896000577508037,
      21.859621690762385,
      21.857571576471393,
      21.851954016146912,
      21.85109991628824,
      21.85056026798525,
      21.844039174369765,
      21.84182565512189,
      21.833218745292058,
      21.832361899131588,
      21.824765628362822,
      21.823936245220317,
      21.822376345799977,
      21.82089196967904,
      21.820194409022758,
      21.80748177800735,
      21.80349964040261,
      21.8032799362589,
      21.798038619280522,
      21.795825100032644,
      21.79515362924343,
      21.793952122207518,
      21.79054533482912,
      21.789640428387212,
      21.786442359945337,
      21.78046503408553,
      21.77779425558856,
      21.77304040717904,
      21.77266141753114,
      21.766409461491694,
      21.760226162997164,
      21.75839437969898,
      19.857077223465723,
      19.848698823382186,
      19.847048551327678,
      19.841076434722865,
      19.837455800109687,
      19.828610341897516
    ],
    [
      19.825461747366347,
      19.798550480738577,
      19.77641690739466,
      19.76094545119759,
      19.740860706177948,
      17.908789239359347,
      17.896456127324385,
      17.89365049046335,
      17.89361564481323,
      17.890825744697413,
      17.88718156412711,
      17.886739811207885,
      17.884455735045375,
      17.879589708614517,
      17.877936226313803,
      17.873716530489958,
      17.872544142971503,
      17.871842733756246,
      17.87169211062348,
      17.865624471290204,
      17.86551881028662,
      17.864945543139534,
      17.86363939328676,
      17.862453517129552,
      17.860005329195527,
      17.859958118959884,
      17.85910608661186,
      17.857661678211848,
      17.85762683256173,
      17.85614982661806,
      17.85239661288449,
      17.849215542244778,
      17.846666189520086,
      17.843745899229635,
      17.8434862429336,
      17.84193392542355,
      17.841384263394286,
      17.8404007168184,
      17.83648563941977,
      17.835826944227236,
      17.835586396836106,
      17.83443986254193,
      17.833750817912197,
      17.832716688940984,
      17.829360265997455,
      17.82328251018511,
      17.822972271493743,
      17.82276994191242,
      17.821748177526732,
      17.81785445713946
    ]
  ],
  "top_r_val_seeds": [
    [
      18,
      223,
      348,
      66,
      59,
      81,
      306,
      146,
      409,
      406,
      246,
      7,
      46,
      496,
      432,
      105,
      457,
      5,
      448,
      87,
      156,
      205,
      438,
      301,
      278,
      356,
      86,
      125,
      231,
      233,
      270,
      461,
      186,
      498,
      500,
      485,
      210,
      316,
      82,
      337,
      252,
      352,
      382,
      190,
      400,
      227,
      51,
      93,
      260,
      287
    ],
    [
      248,
      348,
      223,
      461,
      186,
      485,
      385,
      82,
      287,
      145,
      146,
      96,
      419,
      329,
      432,
      261,
      105,
      457,
      87,
      66,
      438,
      18,
      59,
      356,
      62,
      231,
      395,
      54,
      252,
      352,
      400,
      345,
      236,
      39,
      93,
      260,
      81,
      369,
      6,
      296,
      56,
      42,
      109,
      406,
      408,
      173,
      246,
      140,
      259,
      435
    ],
    [
      432,
      223,
      252,
      81,
      409,
      182,
      456,
      478,
      46,
      324,
      105,
      457,
      348,
      66,
      205,
      172,
      438,
      18,
      301,
      59,
      278,
      356,
      125,
      231,
      461,
      186,
      344,
      500,
      485,
      106,
      3,
      82,
      190,
      400,
      227,
      345,
      236,
      39,
      287,
      309,
      256,
      397,
      145,
      306,
      369,
      296,
      56,
      16,
      441,
      42
    ]
  ],
  "loss_predicts_minimas": true,
  "loss_ordering_violations": 2,
  "test_loss_ranks": [
    2,
    1,
    3
  ],
  "log_exp_r_n_ranks": [
    2,
    1,
    3
  ],
  "data_level_ranks": [
    2,
    3,
    1
  ],
  "accuracy_predicts_minimas": false,
  "accuracy_ordering_violations": 1,
  "log_exp_r_n_acc_ranks": [
    1,
    2,
    3
  ]
}