{
  "test_loss_values": [
    0.008719360765462624
  ],
  "log_exp_r_n_values": [
    4401.377952468133
  ],
  "log_exp_r_n_acc_values": [
    -Infinity
  ],
  "model_data_levels": [
    0
  ],
  "loss_landscape_data_param": 0,
  "train_loss_values": [
    1.6669504475430585e-05
  ],
  "num_params": 4353,
  "dataset_type": "data",
  "top_r_vals": [
    [
      2.7511318246436223,
      2.560617242356545,
      2.4481099906212522,
      2.29659278154844,
      2.284352704167202,
      2.1885399427065546,
      2.1190568075465666,
      2.0910371993802377,
      2.0642474409570437,
      2.014280734772734,
      1.8961748245145484,
      1.8500362087399138,
      1.6653804627325022,
      1.6463680427814849,
      1.627606586329011,
      1.5536347515128053,
      1.5160190675261411,
      1.5145282820871617,
      1.4692647352240233,
      1.393481967341448,
      1.3930761038581754,
      1.384942421959603,
      1.3733973627343559,
      1.3572375162324486,
      1.334779256716048,
      1.2910551692589345,
      1.2646249448900793,
      1.2643257672747,
      1.2410669278534763,
      1.2345365049773558,
      1.2316827108875013,
      1.176044695389541,
      1.165253693329254,
      1.155003646364094,
      1.133712629910839,
      1.1267352743936518,
      1.11641790866945,
      1.095806332670165,
      1.0381588586218007,
      1.0291534782424598,
      1.018483607544959,
      0.8413487639856037,
      0.8182910872094424,
      0.772713032120129,
      0.6621142004419568,
      0.6505087155934307,
      0.6399339439573887,
      0.6227683280647424,
      0.5872969803881612,
      0.5632991523150481
    ]
  ],
  "top_r_val_seeds": [
    [
      14,
      34,
      30,
      15,
      38,
      48,
      35,
      3,
      8,
      17,
      46,
      13,
      47,
      21,
      37,
      23,
      39,
      45,
      29,
      50,
      9,
      12,
      6,
      32,
      40,
      19,
      31,
      1,
      43,
      10,
      41,
      5,
      49,
      36,
      44,
      2,
      42,
      25,
      18,
      24,
      4,
      16,
      11,
      22,
      28,
      20,
      7,
      33,
      27,
      26
    ]
  ],
  "test_acc_values": [
    0.9985
  ],
  "loss_predicts_minimas": true,
  "loss_ordering_violations": 0,
  "test_loss_ranks": [
    1
  ],
  "log_exp_r_n_ranks": [
    1
  ],
  "data_level_ranks": [
    1
  ],
  "accuracy_predicts_minimas": true,
  "accuracy_ordering_violations": 0,
  "log_exp_r_n_acc_ranks": [
    1
  ]
}