{
  "test_loss_values": [
    0.519700785279274,
    0.540205081999302,
    0.34727831184864044,
    0.4926590397953987,
    0.17276766896247864,
    0.22612890005111694,
    0.5674010798335075,
    0.4351556599140167
  ],
  "log_exp_r_n_values": [
    857349.5687595186,
    866575.4889399667,
    858251.5194267352,
    866368.474460519,
    837516.220492374,
    857349.5687595186,
    859711.9765622932,
    866575.4889399667
  ],
  "log_exp_r_n_acc_values": [
    -Infinity,
    -Infinity,
    -Infinity,
    -Infinity,
    -Infinity,
    -Infinity,
    -Infinity,
    -Infinity
  ],
  "model_data_levels": [
    200,
    100,
    2000,
    500,
    10000,
    5000,
    0,
    1000
  ],
  "loss_landscape_data_param": 500,
  "train_loss_values": [
    0.07393637299537659,
    0.12771767377853394,
    0.01039912924170494,
    0.0033749891445040703,
    0.07048557698726654,
    0.0321992002427578,
    0.1900303214788437,
    0.0050077722407877445
  ],
  "num_params": 235146,
  "dataset_type": "data",
  "top_r_vals": [
    [
      38.32289430822454,
      37.108504461828524,
      37.10374659484832,
      37.07413639083921,
      37.00598303511488,
      35.73989354233282,
      35.65835357594348,
      34.391990392094485,
      34.38735146205963,
      33.1401092227982,
      33.063488855533166,
      33.02409510945905,
      31.87004469235778,
      31.857320764956366,
      31.85132560634615,
      31.819463673458174,
      31.783977786452084,
      31.75065464640033,
      30.65342800908791,
      30.62252974149563,
      30.608656538793795,
      30.596014411849005,
      30.57020613197208,
      30.56729509054971,
      29.46204419202394,
      29.455446114543356,
      29.417558051568058,
      29.413378282350827,
      29.35842699152193,
      28.285090062435287,
      28.248434382970125,
      28.224949535680913,
      28.176280665260975,
      27.021988440220987,
      27.01928005891359,
      25.962090298604558,
      25.934891130456972,
      25.932810426706595,
      25.92979373239766,
      25.899179992421477,
      25.89251065203037,
      25.890103819165514,
      24.820342718575063,
      24.795605378278456,
      24.7609634266481,
      23.704567008546977,
      23.702344028658526,
      23.68727550726702,
      22.651677441709566,
      22.644637068571253
    ],
    [
      39.85637388313417,
      36.96643982218726,
      35.76678514729841,
      35.73824188948334,
      34.428450260772586,
      34.391990392094485,
      34.36357234566534,
      33.079519328347146,
      33.06590811706145,
      31.877745594858762,
      31.8410470462147,
      30.62252974149563,
      30.62026217316067,
      30.61449981386596,
      30.549767191899345,
      29.455446114543356,
      29.419445331161494,
      29.417558051568058,
      29.359625969145995,
      29.35851950522749,
      29.356830204963952,
      29.32354007315502,
      28.25019925317542,
      28.248434382970125,
      28.225082699931818,
      28.208937866152368,
      28.176280665260975,
      28.125147368437663,
      27.10606231577712,
      27.034638334309786,
      27.010731038847116,
      25.97710528303519,
      25.89251065203037,
      25.873678326314757,
      24.819543733069647,
      24.807084552844557,
      24.785368376490307,
      24.771175460139204,
      24.768692675101867,
      23.729473334894482,
      23.724045683327915,
      23.6877320387072,
      23.68727550726702,
      22.6861554641398,
      22.660570169650516,
      22.640530540462645,
      22.639330784505866,
      21.61036182107933,
      21.596557265781836,
      19.595142947384538
    ],
    [
      38.470171898279084,
      38.32289430822454,
      37.03658630690134,
      37.00598303511488,
      35.76678514729841,
      35.67303193840986,
      34.42685921384042,
      33.14151993774621,
      33.10632291235938,
      33.10195740598407,
      33.06590811706145,
      31.891826500655068,
      31.877745594858762,
      31.832093394087714,
      30.65151300235473,
      30.632492014953648,
      30.62026217316067,
      30.61449981386596,
      30.569054045426363,
      30.549767191899345,
      30.53263231273949,
      30.517738029988777,
      29.475911996487476,
      29.46204419202394,
      29.413239511792487,
      29.409877563732415,
      29.359625969145995,
      29.356830204963952,
      28.26545099871215,
      28.192979462324182,
      28.190358789866416,
      28.176280665260975,
      27.061288057356503,
      27.010731038847116,
      25.93572602099004,
      25.934891130456972,
      25.92979373239766,
      25.92567798297293,
      25.899179992421477,
      25.88175491383484,
      25.873678326314757,
      24.845573182738296,
      24.817552511380367,
      24.795605378278456,
      24.771175460139204,
      23.71012296633529,
      23.68727550726702,
      22.651677441709566,
      22.637207700924385,
      21.598582749523175
    ],
    [
      39.821301138216505,
      38.470171898279084,
      38.43454271790801,
      38.36388852830421,
      37.03658630690134,
      37.00648889358362,
      36.96643982218726,
      35.65835357594348,
      35.613262329579356,
      34.45435510245583,
      34.42698476584324,
      33.12132816840169,
      33.11264299867744,
      33.10195740598407,
      33.0926491878559,
      33.063488855533166,
      33.04262819475834,
      33.007985453235875,
      31.909044291514892,
      31.87004469235778,
      31.857320764956366,
      31.845246262961073,
      31.805242459703756,
      31.802213812207924,
      30.67684734696369,
      30.65342800908791,
      30.65151300235473,
      30.63052691750109,
      30.626174804613512,
      30.573221207965464,
      29.475911996487476,
      29.413239511792487,
      29.36771906810844,
      28.192979462324182,
      28.17235143209767,
      27.103146252182167,
      27.074751657457206,
      27.02799590573564,
      27.021988440220987,
      27.010848498501556,
      25.93572602099004,
      25.932810426706595,
      25.92979373239766,
      25.922633567689264,
      25.9098770273764,
      25.899179992421477,
      24.794291421646502,
      24.77620501147506,
      23.71012296633529,
      23.702344028658526
    ],
    [
      35.22311893754668,
      33.79599813777741,
      33.067606234064776,
      32.6487900219827,
      31.872845818791763,
      31.11479314425538,
      29.855960056340127,
      29.19127131323871,
      29.15777184429076,
      28.457259086793407,
      27.48343941479936,
      27.466099360062167,
      27.28836025939853,
      27.254965443255053,
      27.021918712968162,
      26.59082056018751,
      26.169381983256404,
      26.15893401182401,
      26.084071696039132,
      25.981836931222293,
      25.962001861117347,
      25.924082546032714,
      25.909416734079503,
      25.891516872360906,
      25.711765874181708,
      25.290462900964027,
      25.009496459588487,
      24.781790271041853,
      24.401608847335826,
      24.345221159598037,
      24.131598580271433,
      23.991343557098766,
      23.754312750491213,
      23.285283755952516,
      23.150653493858638,
      23.137272222235726,
      23.104821766616737,
      23.090740041809397,
      22.89008431565637,
      22.48127106442835,
      22.442015324748674,
      22.03457781297318,
      21.853967702041846,
      21.361222210518164,
      21.202610563988607,
      20.83770038365408,
      19.433984032127093,
      19.432161541311704,
      19.057635417300748,
      18.668772890191082
    ],
    [
      38.32289430822454,
      37.00598303511488,
      35.77137157378247,
      35.76678514729841,
      34.42685921384042,
      34.36404208333103,
      33.14151993774621,
      33.10195740598407,
      31.845342474132348,
      30.626030312153766,
      30.571290788703244,
      30.549767191899345,
      29.379923476145997,
      29.35851950522749,
      28.25019925317542,
      28.248434382970125,
      28.237726201674196,
      28.230904640981286,
      28.221723409762376,
      28.219633618784876,
