{
  "test_loss_values": [
    12.632839037910308,
    0.2957922176271677,
    4.285101741552353
  ],
  "log_exp_r_n_values": [
    5421.643978197304,
    2375.994446649179,
    3833.720842816176
  ],
  "log_exp_r_n_acc_values": [
    -Infinity,
    -Infinity,
    -Infinity
  ],
  "model_data_levels": [
    0,
    100,
    30
  ],
  "loss_landscape_data_param": 0,
  "train_loss_values": [
    0.00013032127753831446,
    0.00018213767907582223,
    0.00022046524100005627
  ],
  "num_params": 4353,
  "dataset_type": "data",
  "top_r_vals": [
    [
      3.4759426399124322,
      1.9537061619863214,
      1.949256777872834,
      1.9321361651117497,
      1.3320849897082812
    ],
    [
      1.7266772842056934,
      1.5210515101969626,
      1.5042582600350989,
      1.3320849897082812,
      0.7950643845546393
    ],
    [
      2.413498808322981,
      1.7266772842056934,
      1.1424786898812744,
      1.1104618263614385,
      0.8223585905852142
    ]
  ],
  "top_r_val_seeds": [
    [
      5,
      1,
      4,
      2,
      3
    ],
    [
      4,
      1,
      2,
      3,
      5
    ],
    [
      2,
      4,
      1,
      5,
      3
    ]
  ],
  "loss_predicts_minimas": true,
  "loss_ordering_violations": 2,
  "test_loss_ranks": [
    1,
    3,
    2
  ],
  "log_exp_r_n_ranks": [
    1,
    3,
    2
  ],
  "data_level_ranks": [
    3,
    1,
    2
  ],
  "accuracy_predicts_minimas": true,
  "accuracy_ordering_violations": 1,
  "log_exp_r_n_acc_ranks": [
    1,
    2,
    3
  ]
}