{
  "test_loss_values": [
    0.5283146405220032,
    0.5406798395514488,
    0.3619833692908287,
    0.5002955384552479,
    0.1779220551252365,
    0.23786835074424745,
    0.5812531426548958,
    0.4444130003452301
  ],
  "log_exp_r_n_values": [
    874298.5194047195,
    857795.3524280376,
    882337.8946581314,
    882337.8946581314,
    826451.5134589135,
    857795.3524280376,
    852439.3865976748,
    882337.8946581314
  ],
  "log_exp_r_n_acc_values": [
    -Infinity,
    -Infinity,
    -Infinity,
    -Infinity,
    -Infinity,
    -Infinity,
    -Infinity,
    -Infinity
  ],
  "model_data_levels": [
    200,
    100,
    2000,
    500,
    10000,
    5000,
    0,
    1000
  ],
  "loss_landscape_data_param": 500,
  "train_loss_values": [
    0.07373533397912979,
    0.13333933055400848,
    0.011273238807916641,
    0.0036764543037861586,
    0.07103294879198074,
    0.03487834334373474,
    0.20485657453536987,
    0.005355659406632185
  ],
  "num_params": 235146,
  "dataset_type": "data",
  "top_r_vals": [
    [
      41.18713267319539,
      37.09064789099639,
      37.043544774777835,
      35.687191209980696,
      34.4647975655861,
      34.418668028001925,
      34.345412763741656,
      33.17070944290391,
      33.14151993774621,
      33.12511438562553,
      31.909044291514892,
      31.824272227622632,
      31.819463673458174,
      31.766150658174173,
      30.66425338417215,
      30.63052691750109,
      30.62026217316067,
      30.604620382751534,
      29.437713087461496,
      29.42644676839832,
      29.422228143424757,
      29.413378282350827,
      29.396553739857573,
      29.36252164813004,
      29.309235604001234,
      28.24003438202318,
      28.21700584423373,
      28.21039379529557,
      28.20774826551097,
      28.185714020794926,
      27.10606231577712,
      27.07341023415725,
      27.058067279585543,
      27.048638163267704,
      27.037470984526955,
      27.030508520952306,
      27.01928005891359,
      27.012792540898193,
      27.010816154538738,
      26.993774290762264,
      25.873678326314757,
      25.87356581177026,
      24.771175460139204,
      24.76186696689739,
      24.746129137166676,
      23.767332621907435,
      23.68727550726702,
      22.660570169650516,
      21.620580318585112,
      21.61036182107933
    ],
    [
      38.395614763121515,
      35.75415842980015,
      35.70875258289327,
      35.687191209980696,
      33.17650858574042,
      33.17070944290391,
      33.13210336337388,
      33.06158636993858,
      31.909044291514892,
      31.824272227622632,
      30.626030312153766,
      29.427806719870063,
      29.417558051568058,
      29.396553739857573,
      29.392677415594584,
      29.372753663965046,
      29.32354007315502,
      29.309235604001234,
      28.260175918853058,
      28.248434382970125,
      28.24003438202318,
      28.237623221320167,
      28.233575028092723,
      28.225082699931818,
      28.176280665260975,
      27.10606231577712,
      27.05606365620477,
      27.047204815020798,
      27.044668367410473,
      27.02354265275,
      25.933606181745922,
      25.918909173201907,
      25.91457654791605,
      25.9098770273764,
      25.899179992421477,
      25.89251065203037,
      25.875540523558435,
      25.87364734404888,
      25.857322951223612,
      24.76186696689739,
      24.7609634266481,
      24.760855750867098,
      24.746129137166676,
      23.767332621907435,
      23.68727550726702,
      22.618223913974017,
      22.61595691667326,
      21.620580318585112,
      21.618845743246894,
      20.59354774446392
    ],
    [
      42.619622127049105,
      37.108504461828524,
      37.02117743833732,
      35.70875258289327,
      34.4647975655861,
      34.442191711011176,
      34.428450260772586,
      33.13210336337388,
      33.12997791396919,
      33.12511438562553,
      33.08451830199601,
      31.909044291514892,
      31.863472266719903,
      31.802213812207924,
      31.766150658174173,
      30.583875118664135,
      30.573221207965464,
      30.517738029988777,
      29.42644676839832,
      29.422228143424757,
      29.407699791103518,
      29.396553739857573,
      28.248434382970125,
      28.24003438202318,
      28.21700584423373,
      28.205218144743817,
      28.185714020794926,
      28.174501590868914,
      27.10606231577712,
      27.094934290254514,
      27.048638163267704,
      27.047204815020798,
      27.037470984526955,
      25.933606181745922,
      25.90607436190157,
      25.89251065203037,
      25.874622470101173,
      25.87364734404888,
      25.87356581177026,
      25.857322951223612,
      24.817552511380367,
      24.804249090611467,
      24.771175460139204,
      24.768692675101867,
      24.746129137166676,
      23.68727550726702,
      23.672703799501594,
      22.699275835695683,
      22.662388327133716,
      22.651677441709566
    ],
    [
      42.619622127049105,
      39.786603958100216,
      39.76258032963898,
      38.45166009459989,
      37.108504461828524,
      35.777625383143146,
      35.72973868624195,
      35.67842284342469,
      34.46078639556529,
      34.404926577763334,
      34.345412763741656,
      33.14151993774621,
      33.12511438562553,
      33.079519328347146,
      31.88983412764987,
      31.86800020496814,
      31.8410470462147,
      31.808379344767275,
      31.766150658174173,
      30.66425338417215,
      30.63978214118941,
      30.635389570413103,
      30.626174804613512,
      30.608656538793795,
      30.517738029988777,
      29.42895944064135,
      29.404961385418922,
      29.399628895430407,
      29.395314056203063,
      29.387491097260856,
      29.372352154482915,
      28.27178251496174,
      28.221723409762376,
      28.21039379529557,
      28.192979462324182,
      28.18126811033812,
      28.174501590868914,
      28.17350197122547,
      28.155595818287413,
      28.15466544405444,
      27.07341023415725,
      27.010816154538738,
      25.884349270940522,
      25.873678326314757,
      25.87356581177026,
      24.85994243768727,
      24.817552511380367,
      23.68727550726702,
      22.662388327133716,
      22.651677441709566
    ],
    [
      33.60409818195689,
      33.5901173812479,
      32.905609930461935,
      30.896927834718156,
      29.86047188603456,
      29.662749431786754,
      28.94471569517074,
      28.71795154958854,
      28.70387115367056,
      27.91398873535698,
      27.80637804003406,
      27.801188635316617,
      27.34612918632183,
      27.293487221605403,
      27.20722200323344,
      27.073841474830843,
      27.025450966325433,
      26.88943131738069,
      26.867224794277824,
      26.611894150405682,
      26.339287291876047,
      26.127491345433896,
      25.44762937416828,
      25.030750943181314,
      24.58728430826704,
      24.383703366780193,
      24.140007766027214,
      23.969770266685956,
      23.944611725983794,
      23.513907071231486,
      23.320980441385483,
      23.29964749207127,
      23.25656948298242,
      23.090740041809397,
      23.05837968597762,
      22.864049110606427,
      22.848253181211046,
      22.689678540449236,
      22.414032252645892,
      22.10087531274456,
      22.021960089686566,
      21.639197135811788,
      21.04016273061099,
      20.589775351430436,
      20.43698472830318,
      20.40293551157519,
      20.396749184230362,
      19.602425065149077,
      19.057635417300748,
      18.874540805611677
    ],
    [
      38.395614763121515,
      38.37964047822341,
      34.45877323414092,
      33.154747734629495,
      31.863321936764784,
      31.85132560634615,
      30.67354713918307,
      30.669977212144257,
      30.64119816729493,
      30.632492014953648,
      30.58849695080991,
      29.46204419202394,
      29.36252164813004,
      29.356830204963952,
      29.32354007315502,
      29.309235604001234,
      28.248434382970125,
      28.22909360716901,
      28.219633618784876,
      27.094934290254514,
