{
  "test_loss_values": [
    5.583869886398316,
    4.501955890655518,
    6.548610496520996,
    3.7987875938415527
  ],
  "log_exp_r_n_values": [
    6027070.121458157,
    5570926.506910476,
    6235396.951292655,
    5045974.351937704
  ],
  "log_exp_r_n_acc_values": [
    -Infinity,
    -Infinity,
    -Infinity,
    -Infinity
  ],
  "model_data_levels": [
    1500,
    4500,
    500,
    8500
  ],
  "loss_landscape_data_param": 500,
  "train_loss_values": [
    0.00016831188986543566,
    0.0004613165510818362,
    0.00012634399172384292,
    0.0018138497835025191
  ],
  "num_params": 1707274,
  "dataset_type": "data",
  "top_r_vals": [
    [
      34.16959047546169,
      34.16132282420162,
      34.15570477502296,
      34.153303872053876,
      34.152140087746155,
      34.150169625548415,
      34.14891656463627,
      34.14529767370677,
      34.14065210182635,
      34.13911526885012,
      34.135732323232325,
      34.1352699979594,
      34.13492883379247,
      34.13376823793491,
      34.133468523620046,
      34.13229517396184,
      34.131899806142236,
      34.130691383532294,
      34.13044268441996,
      34.12975716763596,
      34.129234261810026,
      34.128628456279976,
      34.12841483011938,
      34.12256402407918,
      34.12120893276197,
      34.11956369248036,
      34.118527446178966,
      34.11642625752474,
      34.11611060095909,
      34.1151349352107,
      34.114532318130806,
      34.11436651872258,
      34.11303055810632,
      34.11292852770126,
      34.112389679624535,
      34.11204851545761,
      34.11070936639119,
      34.10732323232324,
      34.105139143964905,
      34.10428782777268,
      34.09569814304663,
      34.093383328231816,
      34.084615090296914,
      30.02498406024019,
      30.023423151974292,
      30.02255442385503,
      30.022489969833277,
      30.02232182890697,
      30.02196312826418,
      30.021691300433314
    ],
    [
      26.161092707775364,
      26.15046146837696,
      26.145264244799648,
      26.132538492564546,
      26.12996795408314,
      26.129743367625125,
      26.129262459666116,
      26.127849029674916,
      26.123816238059266,
      26.12014717885931,
      26.118811865896987,
      26.118265046694862,
      26.113685435877088,
      26.11288229517397,
      26.103806072881603,
      22.552099138580413,
      22.55181077066435,
      22.55159396850848,
      22.551385585853808,
      22.550926723038472,
      22.55027421169556,
      22.550225799563666,
      22.54983008300732,
      22.549049174271126,
      22.548821847738758,
      22.548341936170424,
      22.548106190136853,
      22.5477694100889,
      22.54762627856852,
      22.547424210539745,
      22.54732949115126,
      22.547278974144067,
      22.546700133436644,
      22.54651700928557,
      22.54651700928557,
      22.54615707560932,
      22.545891861321554,
      22.545748729801176,
      22.545536137395903,
      22.54548351551341,
      22.544927828434286,
      22.544908884556587,
      22.54453211187794,
      22.544468965618947,
      22.544447916865952,
      22.543452310849187,
      22.54326918669811,
      22.542953455403154,
      22.542945035901955,
      22.54277033125208
    ],
    [
      43.231235472623965,
      43.20036479855372,
      43.19667242381198,
      43.192281927944215,
      43.187245770919425,
      43.17365863894628,
      43.1734931882748,
      43.1632392820248,
      38.57531169093078,
      38.56420375332397,
      38.56230323775158,
      38.56222045014142,
      38.56154375141489,
      38.557775115421904,
      38.555878199310825,
      38.55546426126002,
      38.555262691426584,
      38.55480915930136,
      38.55456439593219,
      38.5540928665004,
      38.55286904965454,
      38.55237592345489,
      38.552339928841775,
      38.55170642365098,
      38.550925340546414,
      38.549769913465475,
      38.5485712928488,
      38.547610236678665,
      38.54756344368162,
      38.54754184691375,
      38.54734747600294,
      38.54683995195804,
      38.54653759720789,
      38.54468387463254,
      38.543830802301756,
      38.54216065225329,
      38.5418151039674,
      38.54166752605364,
      38.54147675460413,
      38.54141196430053,
      38.541404765377905,
      38.541347173996925,
      38.5413399750743,
      38.5407064698835,
      38.54005856684746,
      38.539860596475336,
      38.539151502597,
      38.53882035215636,
      38.53833802434064,
      38.53781970191181
    ],
    [
      22.544447916865952,
      22.52132375682329,
      19.2203946424472,
      19.21574408861341,
      19.212788395316807,
      19.212583935950416,
      19.21230056244261,
      19.21138946280992,
      19.211296200642792,
      19.210926738980717,
      19.21057879935721,
      19.209879333103768,
      19.20968563475666,
      19.208765567607898,
      19.208622087350783,
      19.206894943755742,
      19.20590134297521,
      19.20565383953168,
      19.20523057277319,
      19.20520367022498,
      19.204916709710744,
      19.20465127123508,
      19.20422621097337,
      19.20402175160698,
      19.203252338728195,
      19.203019183310378,
      19.20287032254362,
      19.201984331955924,
      19.20114317894858,
      19.20108937385216,
      19.201026601239672,
      19.200897469008268,
      19.20082214187328,
      19.200244633838388,
      19.200076044536274,
      19.200040174471994,
      19.19991642275023,
      19.199416035353536,
      19.199193640955006,
      19.1986017848944,
      19.198478033172638,
      19.19839194501837,
      19.19808525596878,
      19.197362474173556,
      19.19731046258035,
      19.19723334194215,
      19.19707910066575,
      19.197009154040405,
      19.195970715679525,
      19.19510804063361
    ]
  ],