{
  "test_loss_values": [
    0.015494464451199872,
    0.018950546466194998,
    0.0012789657978011966,
    0.0008369720771593799,
    0.03787023528403912
  ],
  "log_exp_r_n_values": [
    244341.77635956308,
    152148.82034407996,
    112997.20470888834,
    123355.89357869589,
    124022.91060246753
  ],
  "log_exp_r_n_acc_values": [
    -Infinity,
    -Infinity,
    -Infinity,
    -Infinity,
    -Infinity
  ],
  "model_data_levels": [
    0,
    1787,
    3669,
    5551,
    846
  ],
  "loss_landscape_data_param": 0,
  "train_loss_values": [
    3.1539886435894005e-07,
    0.003848671680316329,
    0.0008048074087128043,
    0.0007075259927660227,
    0.0006526405923068523
  ],
  "num_params": 73097,
  "dataset_type": "data",
  "top_r_vals": [
    [
      28.298263570043876,
      28.134565350474446,
      28.123600270380578,
      26.658468192942887,
      26.650233422575067,
      26.62648963519547,
      26.617853898537938,
      26.617734207108175,
      26.60626477585096,
      26.58284714761747,
      26.581105637314394,
      26.576760838413932,
      26.576751861556698,
      26.57456450067775,
      26.57429818724652,
      26.574070773529968,
      26.571419608360678,
      26.56777500432434,
      26.566616989741362,
      26.564633104293012,
      26.56270008770231,
      26.562029815695627,
      26.55758028679412,
      26.550225248435073,
      26.55002177300447,
      26.548639336990686,
      26.546975626116957,
      26.54638913811111,
      26.54601809467884,
      26.545509406102337,
      26.54426162294704,
      26.543211330650852,
      26.541855825208767,
      26.541816925494093,
      26.539321359183496,
      26.53772647088188,
      26.537708517167413,
      26.536831777444387,
      26.536152528580473,
      26.533453486839274,
      26.53100280481484,
      26.52913561851051,
      26.52887528965077,
      26.52827683250195,
      26.527355208492757,
      26.52541022275908,
      26.52451852160733,
      26.51986252498948,
      26.51958723470102,
      26.518698525835017
    ],
    [
      8.016958696941202,
      7.991220748834425,
      7.988569745578618,
      7.983429714826016,
      7.977296232751484,
      7.96811400694624,
      7.965622279853461,
      7.965260533991671,
      7.959763256703918,
      7.9562321851574875,
      7.949698263012068,
      7.9419612209233295,
      7.937227029433582,
      7.126689081471279,
      7.12551732603816,
      7.121300600704011,
      7.1212806728905225,
      7.112632001836548,
      7.108541220283645,
      7.108036648046118,
      7.107666787827774,
      7.105837414549536,
      7.104935083154781,
      7.10471348586879,
      7.1038015891235595,
      7.1026975882563015,
      7.101262785685135,
      7.100947926232018,
      7.100522268135905,
      7.100313424650547,
      7.10020422023263,
      7.1000798706764625,
      7.100060739975514,
      7.099803272625243,
      7.099759431435569,
      7.099752257422713,
      7.099333773339456,
      7.099023696561576,
      7.098359701816142,
      7.098111002703806,
      7.097288382563004,
      7.09708990154066,
      7.097026132537497,
      7.096818086164678,
      7.096136554943374,
      7.096131772268137,
      7.095965175747374,
      7.095804159014387,
      7.0957842312008985,
      7.09562799714315
    ],
    [
      4.6924148184366965,
      4.684326308878719,
      4.676847160720009,
      4.6766471975665365,
      4.676391455217621,
      4.676198332908872,
      4.676003631943648,
      4.674484964414905,
      4.673362539661332,
      4.673334650063611,
      4.673315706185913,
      4.67282421780343,
      4.67183019044314,
      4.671516564023483,
      4.6708124832357285,
      4.669945274612246,
      4.669675850573882,
      4.668777068820904,
      4.668510802095491,
      4.668342412071514,
      4.668238220744177,
      4.667603600841313,
      4.666972664470224,
      4.666110191816166,
      4.665186677778417,
      4.664968823184896,
      4.664561529814401,
      4.663991108608179,
      4.663861132558422,
      4.66357907926826,
      4.663490674505672,
      4.663413320338408,
      4.663212304747285,
      4.663003395873788,
      4.6629170959865,
      4.662796591875591,
      4.66262451831984,
      4.6625140123666045,
      4.662043046518293,
      4.6619925295111,
      4.661966744788678,
      4.661646803743122,
      4.6603354664314,
      4.660159709343874,
      4.659840820735967,
      4.659796618354673,
      4.659349332353484,
      4.659323547631063,
      4.659055702249174,
      4.658569476054939
    ],
    [
      5.406807904048377,
      4.704728338940025,
      4.70395479726738,
      4.701171099683508,
      4.701157944212884,
      4.695448469962409,
      4.692747914952876,
      4.6924148184366965,
      4.692170652901929,
      4.6909629806987185,
      4.690367300988899,
      4.690221012155569,
      4.689619017819851,
      4.688890204747325,
      4.6881177155123295,
      4.687943010862453,
      4.687735154426607,
      4.687454153574095,
      4.6872441922629475,
      4.687162102126259,
      4.687149472874461,
      4.686979504194009,
      4.686950562158637,
      4.686945826189214,
      4.686669561306126,
      4.686464862183229,
      4.686026521902063,
      4.6858623416286855,
      4.685319283801359,
      4.685188255313952,
      4.685146157807957,
      4.685008814694651,
      4.684558897599337,
      4.684555740286388,
      4.684445760551978,
      4.684339464349343,
      4.684326308878719,
      4.684223169989033,
      4.6840300476802845,
      4.683778515081968,
      4.6834248960316165,
      4.682977610030427,
      4.682753440811007,
      4.682658195203695,
      4.682655037890746,
      4.682618202573001,
      4.682536112436312,
      4.682494014930318,
      4.6824808594596945,
      4.682440340610175
    ],
    [
      5.45637132800145,
      5.445608876406109,
      5.442090558660311,
      5.439715923040381,
      5.4371069363338265,
      5.43666325602139,
      5.433501347219833,
      5.432975888142794,
      5.432709802013189,
      5.432366209143999,
      5.432074490864295,
      5.430775184969967,
      5.430728802984072,
      5.429926272570244,
      5.4298829420307895,
      5.429509444986484,
      5.4276492832364065,
      5.427631584847052,
      5.427172037013126,
      5.426544659624977,
      5.426166280266365,
      5.425353985223927,
      5.424436110134651,
      5.424330530087812,
      5.424035760361668,
      5.423863048493141,
      5.423677520549563,
      5.423507249838188,
      5.423461478141582,
      5.423057466632871,
      5.422700447399343,
      5.422559470573796,
      5.422534448712984,
      5.422481353544921,
      5.421451185226637,
      5.421296171747464,
      5.421243076579401,
      5.421093555703821,
      5.421086232232364,
      5.420440546165572,
      5.420121364867905,
      5.420034703788997,
      5.419994424695983,
      5.419989542381678,
      5.419962079363715,
      5.419940108949344,
      5.4198748079955195,
      5.419651442116081,
      5.419392069168645,
      5.419370098754275
    ]
  ],