{
  "test_loss_values": [
    0.2333475649356842,
    0.1503421515226364
  ],
  "log_exp_r_n_values": [
    800963.9223350174,
    721341.2715719705
  ],
  "log_exp_r_n_acc_values": [
    -Infinity,
    -Infinity
  ],
  "model_data_levels": [
    19940,
    59940
  ],
  "loss_landscape_data_param": 19940,
  "train_loss_values": [
    0.00018373543571215123,
    0.000514387444127351
  ],
  "num_params": 300938,
  "dataset_type": "data",
  "top_r_vals": [
    [
      14.318765304560761,
      14.317163108356292,
      14.293278428221612,
      12.616116722534294,
      12.596791725403898,
      12.596117760524278,
      12.595445196819044,
      12.59481046482223,
      12.59433126318225,
      12.587230111394486,
      12.583980787993573,
      12.583183519767994,
      12.581660443210515,
      12.580867378508094,
      12.572929725611944,
      12.561123430236313,
      11.00299223592459,
      10.985281640784427,
      10.981446582898114,
      10.980072211421351,
      10.977755553283789,
      10.97596618509113,
      10.974749268250694,
      10.974458770549566,
      10.973974200854828,
      10.971700262967431,
      10.971457367830775,
      10.97091421036438,
      10.969803483860069,
      10.969649690959473,
      10.968895373399402,
      10.96874646281311,
      10.968508449990757,
      10.96809345327486,
      10.968031203767477,
      10.966736169898166,
      10.96540085693584,
      10.965007830634315,
      10.962556908853374,
      10.957465875612186,
      10.954834308201974,
      10.95204040384113,
      9.476932665362991,
      9.474867782693972,
      9.474601515968558,
      9.471820975697636,
      9.471221086237216,
      9.460695657300995,
      9.44386402196683,
      8.060101189451332
    ],
    [
      10.99003945607432,
      10.985281640784427,
      10.973205236351843,
      10.972618138056708,
      10.972032260340148,
      10.96874646281311,
      10.964876008148089,
      10.962804686304336,
      10.962045486429961,
      10.961578004835289,
      10.959333360833721,
      10.957465875612186,
      10.952418783199741,
      10.95204040384113,
      10.943291296607175,
      10.94213418811697,
      9.487273917710487,
      9.46869628831521,
      9.46751124352147,
      9.46397084326735,
      9.462921562930443,
      9.462671082769777,
      9.462253265022785,
      9.460102082466475,
      9.460083138588779,
      9.459742148790225,
      9.459614803834592,
      9.458657085573222,
      9.457874071961728,
      9.457540449226723,
      9.457182620425773,
      9.45712894610563,
      9.456012309759132,
      9.454522058046933,
      9.451368954847961,
      9.450224955122566,
      9.445749990235374,
      9.44386402196683,
      8.075019549185033,
      8.07326012253214,
      8.073033244375575,
      8.070664026629936,
      8.070152878213959,
      8.065289794249312,
      8.061184465392563,
      8.06084100952709,
      8.059334466827366,
      8.056212874483473,
      8.054123443239211,
      6.772723916136189
    ]
  ],
  "top_r_val_seeds": [
    [
      15,
      44,
      2,
      31,
      21,
      22,
      11,
      48,
      32,
      14,
      8,
      3,
      39,
      25,
      47,
      42,
      7,
      40,
      24,
      45,
      30,
      37,
      4,
      27,
      9,
      43,
      33,
      26,
      10,
      1,
      36,
      38,
      20,
      12,
      41,
      19,
      49,
      50,
      34,
      28,
      16,
      17,
      35,
      29,
      13,
      46,
      5,
      18,
      6,
      23
    ],
    [
      31,
      40,
      21,
      22,
      11,
      38,
      14,
      15,
      8,
      44,
      25,
      28,
      47,
      17,
      2,
      42,
      7,
      24,
      45,
      37,
      4,
      27,
      9,
      48,
      33,
      32,
      26,
      10,
      36,
      20,
      12,
      41,
      19,
      50,
      3,
      39,
      16,
      6,
      35,
      29,
      13,
      46,
      5,
      30,
      18,
      43,
      1,
      49,
      34,
      23
    ]
  ],
  "loss_predicts_minimas": true,
  "loss_ordering_violations": 1,
  "test_loss_ranks": [
    1,
    2
  ],
  "log_exp_r_n_ranks": [
    1,
    2
  ],
  "data_level_ranks": [
    2,
    1
  ],
  "accuracy_predicts_minimas": true,
  "accuracy_ordering_violations": 1,
  "log_exp_r_n_acc_ranks": [
    1,
    2
  ]
}