{
  "test_loss_values": [
    0.5136513113975525,
    0.5273925653100013,
    0.3479690134525299,
    0.5027844592928886,
    0.17716334760189056,
    0.2266646921634674,
    0.5501429006457329,
    0.42639172077178955
  ],
  "log_exp_r_n_values": [
    913187.7718329495,
    913187.7718329495,
    905217.1556319299,
    905662.9393004491,
    864365.2138086905,
    874266.7998268862,
    911433.6637003709,
    913187.7718329495
  ],
  "log_exp_r_n_acc_values": [
    -Infinity,
    -Infinity,
    -Infinity,
    -Infinity,
    -Infinity,
    -Infinity,
    -Infinity,
    -Infinity
  ],
  "model_data_levels": [
    200,
    100,
    2000,
    500,
    10000,
    5000,
    0,
    1000
  ],
  "loss_landscape_data_param": 100,
  "train_loss_values": [
    0.00302631757222116,
    0.002845468930900097,
    0.011005702428519726,
    0.004117015283554792,
    0.07638148218393326,
    0.036394793540239334,
    0.07213279604911804,
    0.005236204247921705
  ],
  "num_params": 235146,
  "dataset_type": "data",
  "top_r_vals": [
    [
      48.59444993457566,
      47.1139063020327,
      45.58378351660968,
      45.56662152295811,
      45.47177605896158,
      42.61387342094325,
      42.56190168408143,
      42.51363723225848,
      41.19131678643394,
      41.1367288852791,
      39.81375228570889,
      39.746260787136606,
      38.472419414913766,
      38.45166009459989,
      38.434682885612105,
      38.425397983557865,
      38.3836618413203,
      38.37964047822341,
      37.108504461828524,
      37.05326098720973,
      37.03647441194051,
      36.98855539496592,
      35.73824188948334,
      35.73727561638773,
      35.71547379877462,
      34.45435510245583,
      34.44004000944578,
      34.41157001046375,
      34.372430255932564,
      33.195695976052534,
      33.18007809047594,
      33.17650858574042,
      33.10492678382885,
      33.08451830199601,
      33.079519328347146,
      33.07384937949405,
      33.06473495234101,
      33.063528447237765,
      33.007985453235875,
      31.880351314080855,
      31.86800020496814,
      31.84688987047039,
      31.82365888140574,
      31.803943608891515,
      30.58169809893728,
      30.549767191899345,
      29.414103589802423,
      29.36252164813004,
      25.934891130456972,
      23.71012296633529
    ],
    [
      48.59444993457566,
      45.606359352201785,
      45.58378351660968,
      45.56662152295811,
      43.993118466074094,
      42.51363723225848,
      41.1367288852791,
      41.131352273843696,
      39.783171295815656,
      39.7737646494239,
      39.76258032963898,
      39.746260787136606,
      38.472419414913766,
      38.45166009459989,
      38.434682885612105,
      38.43350354355004,
      38.42903267712621,
      38.425397983557865,
      38.41290130773213,
      38.39549876226295,
      37.05051722952443,
      37.025056463646024,
      37.01552208052547,
      36.98855539496592,
      35.77137157378247,
      35.75192476594657,
      35.73824188948334,
      34.468505679048405,
      34.45435510245583,
      34.41157001046375,
      33.12997791396919,
      33.10803160697884,
      33.08451830199601,
      33.06473495234101,
      33.063528447237765,
      33.04262819475834,
      31.912758443606073,
      31.880351314080855,
      31.82365888140574,
      31.819463673458174,
      31.814009702686395,
      31.803943608891515,
      31.75065464640033,
      30.607365739486724,
      30.58169809893728,
      29.475911996487476,
      29.36252164813004,
      28.2257787050832,
      25.934891130456972,
      23.71012296633529
    ],
    [
      46.974874273219115,
      45.55806203239003,
      41.23079625391207,
      41.19487094953805,
      41.18157718703047,
      39.80158899367505,
      39.783171295815656,
      38.42903267712621,
      38.425397983557865,
      38.34862716534936,
      38.343614961585565,
      38.30013397310043,
      37.09064789099639,
      35.77346142024508,
      35.718118690480516,
      35.672544307568586,
      34.4647975655861,
      34.42685921384042,
      34.41157001046375,
      34.39188648698871,
      34.38128383682037,
      34.369235173930015,
      33.17070944290391,
      33.15267646334689,
      33.1401092227982,
      33.0926491878559,
      33.007985453235875,
      31.87676744795078,
      31.857320764956366,
      31.814009702686395,
      31.805242459703756,
      31.804081912450226,
      31.804043828861595,
      31.783977786452084,
      30.67684734696369,
      30.66425338417215,
      30.63052691750109,
      30.610236323020363,
      30.591340562417727,
      30.58790742157414,
      30.58169809893728,
      29.42895944064135,
      29.395314056203063,
      29.372753663965046,
      28.285090062435287,
      28.176280665260975,
      28.17235143209767,
      25.922633567689264,
      24.819543733069647,
      24.800102792783555
    ],
    [
      47.06401248387727,
      46.974874273219115,
      44.123325360904715,
      42.643684606642914,
      42.62762954082698,
      42.51363723225848,
      41.131352273843696,
      39.81375228570889,
      39.783171295815656,
      39.7737646494239,
      39.746260787136606,
      39.73044950899875,
      38.472419414913766,
      38.45166009459989,
      38.434682885612105,
      38.41290130773213,
      38.37964047822341,
      37.108504461828524,
      37.06531533809393,
      37.03647441194051,
      37.025056463646024,
      35.73824188948334,
      35.655744638585325,
      34.45435510245583,
      34.42592839726787,
      34.41157001046375,
      34.404926577763334,
      34.369235173930015,
      33.195695976052534,
      33.18007809047594,
      33.17650858574042,
      33.15267646334689,
      33.10492678382885,
      33.087593952311025,
      33.06473495234101,
      33.007985453235875,
      31.880351314080855,
      31.82365888140574,
      31.814009702686395,
      31.804081912450226,
      31.783977786452084,
      30.63052691750109,
      30.610236323020363,
      30.583875118664135,
      30.568957717119865,
      29.37066285421938,
      28.2257787050832,
      28.176280665260975,
      24.819543733069647,
      24.800102792783555
    ],
    [
      39.483495651270026,
      37.74555628791798,
      37.541511690365134,
      37.280729582274084,
      37.05998580224368,
      37.01523407205065,
      36.4738723287686,
      36.42923651156004,
      35.48756077657049,
      34.92433642380416,
      34.921033211307375,
      34.390580457345955,
      34.03228921771605,
      33.338657660378914,
      32.04486334876533,
      31.872845818791763,
      31.812783754725697,
      31.389301401245223,
      30.609010700200983,
      30.607430979228408,
      30.10176764773069,
      30.10118749918318,
      29.946719488350965,
      29.867810426871443,
      29.622900723926772,
      29.601319738321703,
      29.43016105320023,
      29.19127131323871,
      29.182453634819666,
      29.172674161335767,
      29.1239217973707,
      29.105511865117784,
      28.74324498200956,
      28.739559666791735,
      28.70387115367056,
      28.528635451863003,
      28.423919553248467,
      28.181728068506846,
      27.809614649573412,
      27.778251152062005,
      27.668353149365256,
      26.40400247561305,
      25.922989300148352,
      25.454685116781356,
      25.44762937416828,
      25.444080656349474,
      24.574954114402622,
      22.680161157779406,
      21.84114246086912,
      20.239709607728507
    ],
    [
      41.18157718703047,
      41.109125144409234,
      39.80158899367505,
      39.783171295815656,
      39.73044950899875,
      38.395614763121515,
      37.043544774777835,
      35.75192476594657,
      35.73311839492986,
      35.72973868624195,
      35.718118690480516,
      35.69093046214604,
      35.613262329579356,
      34.428450260772586,
      34.36357234566534,
      34.345412763741656,
      33.17264735265524,
      33.0926491878559,
      33.08451830199601,
      31.891826500655068,
      31.87762933969347,
