{
  "test_loss_values": [
    0.0010563949013179556,
    0.0008345649099210154
  ],
  "log_exp_r_n_values": [
    88318.80332611554,
    88337.3836007063
  ],
  "log_exp_r_n_acc_values": [
    -Infinity,
    -Infinity
  ],
  "model_data_levels": [
    3669,
    5551
  ],
  "loss_landscape_data_param": 3669,
  "train_loss_values": [
    0.0006747041479684412,
    0.0007382065523415804
  ],
  "num_params": 73097,
  "dataset_type": "data",
  "top_r_vals": [
    [
      3.3479079258294755,
      3.345996997974537,
      2.783862922449719,
      2.783405205483657,
      2.7817580471500047,
      2.7817502628478605,
      2.778371875717402,
      2.776773914173299,
      2.7765768156430157,
      2.7764323389952246,
      2.775717740058413,
      2.775365266857337,
      2.7752787054174965,
      2.774922495751391,
      2.774491245412618,
      2.7740341511907274,
      2.7739307756582563,
      2.7738077836843824,
      2.7736415109905885,
      2.77355993150412,
      2.7735172735283715,
      2.7734686994829936,
      2.7734612265529353,
      2.773360653369236,
      2.7733435279045193,
      2.7733407255557476,
      2.7731772552107254,
      2.773056131469366,
      2.772796758521931,
      2.7726996104311747,
      2.7723782744386742,
      2.7723007427893207,
      2.7722758330224604,
      2.772194564908078,
      2.771928341774756,
      2.7719264735422415,
      2.7718613967763184,
      2.7717984996149956,
      2.7717907153128514,
      2.771729686384043,
      2.7716154128285706,
      2.771466576971579,
      2.7712573349299507,
      2.7709926686570574,
      2.7708600241485253,
      2.770803665801003,
      2.7708017975684887,
      2.770780001522486,
      2.7707314274771075,
      2.7707065177102472
    ],
    [
      3.3487590271749617,
      3.3479079258294755,
      3.347687521098573,
      3.347409472053434,
      3.3462923779899696,
      3.345996997974537,
      3.3456209912712196,
      3.3441286440248845,
      3.3431905110677085,
      3.3425432370032797,
      3.3414419668692132,
      3.3392141836660882,
      3.337895899643133,
      3.3378763081114973,
      3.3378661355854558,
      3.3374151535976084,
      3.3371691291714893,
      3.33668989016686,
      3.336287887008102,
      3.3355181658709494,
      3.3349093213493446,
      3.3346339096257718,
      3.334368670428241,
      3.333549970461999,
      3.332982192804784,
      3.3305697970920143,
      3.330109019338349,
      3.3273699725115744,
      3.3264992796344526,
      3.325092833719136,
      3.32394559883777,
      3.3231988600742675,
      2.783862922449719,
      2.783405205483657,
      2.7817580471500047,
      2.7817502628478605,
      2.778371875717402,
      2.776773914173299,
      2.7765768156430157,
      2.7764323389952246,
      2.775717740058413,
      2.775365266857337,
      2.7752787054174965,
      2.774922495751391,
      2.774491245412618,
      2.7740341511907274,
      2.7739307756582563,
      2.7738077836843824,
      2.7736415109905885,
      2.77355993150412
    ]
  ],
  "top_r_val_seeds": [
    [
      815,
      346,
      553,
      569,
      178,
      530,
      706,
      711,
      94,
      910,
      903,
      850,
      237,
      675,
      982,
      264,
      708,
      131,
      915,
      865,
      476,
      79,
      383,
      926,
      424,
      29,
      195,
      677,
      816,
      333,
      182,
      340,
      788,
      375,
      673,
      534,
      479,
      994,
      789,
      342,
      947,
      525,
      517,
      863,
      202,
      422,
      22,
      66,
      246,
      633
    ],
    [
      371,
      815,
      156,
      365,
      590,
      346,
      924,
      609,
      326,
      30,
      453,
      149,
      252,
      792,
      74,
      20,
      933,
      5,
      794,
      979,
      542,
      157,
      831,
      691,
      146,
      688,
      107,
      480,
      89,
      338,
      55,
      536,
      553,
      569,
      178,
      530,
      706,
      711,
      94,
      910,
      903,
      850,
      237,
      675,
      982,
      264,
      708,
      131,
      915,
      865
    ]
  ],
  "loss_predicts_minimas": false,
  "loss_ordering_violations": 0,
  "test_loss_ranks": [
    1,
    2
  ],
  "log_exp_r_n_ranks": [
    2,
    1
  ],
  "data_level_ranks": [
    2,
    1
  ],
  "accuracy_predicts_minimas": true,
  "accuracy_ordering_violations": 1,
  "log_exp_r_n_acc_ranks": [
    1,
    2
  ]
}