{
  "test_loss_values": [
    0.5447110015153885,
    0.5406437319517136,
    0.3649306148290634,
    0.5128465101122857,
    0.1770676076412201,
    0.23087310194969177,
    0.5786323219537735,
    0.4441537082195282
  ],
  "log_exp_r_n_values": [
    849664.381211695,
    841034.9280891515,
    831613.2376503854,
    858138.3402015605,
    822655.0239412276,
    831613.2376503854,
    841034.9280891515,
    857507.4103813457
  ],
  "log_exp_r_n_acc_values": [
    -Infinity,
    -Infinity,
    -Infinity,
    -Infinity,
    -Infinity,
    -Infinity,
    -Infinity,
    -Infinity
  ],
  "model_data_levels": [
    200,
    100,
    2000,
    500,
    10000,
    5000,
    0,
    1000
  ],
  "loss_landscape_data_param": 500,
  "train_loss_values": [
    0.07104983925819397,
    0.12183701246976852,
    0.009931097738444805,
    0.003154596546664834,
    0.06760705262422562,
    0.02882707491517067,
    0.19040808081626892,
    0.004693052265793085
  ],
  "num_params": 235146,
  "dataset_type": "data",
  "top_r_vals": [
    [
      37.09064789099639,
      35.77346142024508,
      33.10632291235938,
      31.819028718788026,
      31.80637093656686,
      30.63895371775353,
      30.599220217889258,
      29.407699791103518,
      29.399628895430407,
      29.356830204963952,
      28.221723409762376,
      28.17244020826494,
      27.118821157951196,
      27.04589062874216,
      27.044668367410473,
      27.023912054851635,
      27.010848498501556,
      26.99466630321046,
      26.97863391153662,
      25.964883594470074,
      25.957552211976576,
      25.933606181745922,
      25.92979373239766,
      25.921994354624882,
      25.912112642456158,
      25.896466598189008,
      25.890103819165514,
      25.87356581177026,
      25.857322951223612,
      24.807084552844557,
      24.768692675101867,
      24.71936780429092,
      23.736531669023513,
      23.72744729013709,
      23.72028004491285,
      23.673567628599187,
      22.662388327133716,
      22.639330784505866,
      21.64325486140758,
      21.62042942684331,
      21.582827476662718,
      20.61864397551736,
      20.59728763085484,
      20.58714705909588,
      19.6111349875161,
      19.57845795994735,
      19.572286783319868,
      18.619851040866042,
      18.600747782926195,
      17.69011477870666
    ],
    [
      35.75415842980015,
      34.46078639556529,
      30.608656538793795,
      30.583457053813934,
      30.571290788703244,
      28.236859746281656,
      28.221723409762376,
      28.209023091272943,
      28.200241352806746,
      27.07341023415725,
      27.048638163267704,
      27.044668367410473,
      27.010731038847116,
      27.00926194200973,
      26.99466630321046,
      25.97710528303519,
      25.957552211976576,
      25.9169899033632,
      25.912112642456158,
      25.890103819165514,
      25.886191900437332,
      25.873678326314757,
      25.857322951223612,
      24.848246351040597,
      24.731432173318993,
      24.71936780429092,
      23.72028004491285,
      23.716909768692712,
      23.69355356053588,
      23.680093342714674,
      23.673567628599187,
      23.672675452778183,
      22.6861554641398,
      22.66985901654156,
      22.661182871623694,
      22.65793412627754,
      22.65101201886893,
      21.636697187871874,
      21.62042942684331,
      20.603285439649422,
      19.604794889570343,
      19.595142947384538,
      19.59055124673304,
      19.576260749807457,
      18.605905123393452,
      18.600747782926195,
      17.69904932623328,
      17.67722873307729,
      17.669558308852483,
      16.77130687815057
    ],
    [
      34.34990233018697,
      33.17264735265524,
      31.819028718788026,
      31.78502809173853,
      30.65342800908791,
      29.407699791103518,
      29.396553739857573,
      29.387491097260856,
      29.356830204963952,
      28.221723409762376,
      28.214323028458875,
      28.15466544405444,
      27.118821157951196,
      27.07341023415725,
      27.072579505007024,
      27.066869944413046,
      27.048638163267704,
      27.04589062874216,
      25.962090298604558,
      25.957552211976576,
      25.934710128798436,
      25.90607436190157,
      25.890103819165514,
      25.886191900437332,
      25.87356581177026,
      24.814665552034622,
      24.81072680317589,
      24.807201591736952,
      24.7827716735977,
      24.76186696689739,
      24.7609634266481,
      23.75615058548869,
      23.680093342714674,
      23.672675452778183,
      23.63293633042332,
      22.65101201886893,
      22.639330784505866,
      21.627707574461503,
      21.619430278823256,
      21.60364509949145,
      20.603285439649422,
      20.569617394169686,
      20.567308950266458,
      20.530141967086042,
      19.62512216587018,
      19.6111349875161,
      19.60123521186334,
      19.58695704496099,
      19.566861573097903,
      17.66398882194618
    ],
    [
      38.45166009459989,
      35.77346142024508,
      35.69093046214604,
      35.65835357594348,
      34.36357234566534,
      33.13909234112223,
      33.10632291235938,
      33.04372009229566,
      31.857320764956366,
      31.802213812207924,
      30.62252974149563,
      30.61449981386596,
      30.608749013968033,
      29.413378282350827,
      29.372753663965046,
      29.358554660435605,
      28.285090062435287,
      28.27178251496174,
      28.237726201674196,
      28.21188878595237,
      28.20774826551097,
      28.19728688196005,
      28.190358789866416,
      28.17244020826494,
      28.17235143209767,
      28.15466544405444,
      27.098408712786508,
      26.96547332329809,
      25.92979373239766,
      25.927341241456773,
      25.92567798297293,
      25.921872056206954,
      25.908504023804444,
      25.88175491383484,
      25.874622470101173,
      25.84281998950271,
      23.753594904583377,
      23.736531669023513,
      23.72870946529523,
      23.728543860753202,
      23.72744729013709,
      22.679281802933726,
      22.644637068571253,
      22.622816328996237,
      21.6212763237365,
      20.57854674536214,
      20.569617394169686,
      20.563133801725435,
      19.566861573097903,
      18.63342422327759
    ],
    [
      33.06590811706145,
      28.26545099871215,
      28.200241352806746,
      27.058067279585543,
      26.99466630321046,
      25.945061466892014,
      25.933606181745922,
      25.88583805034812,
      24.85994243768727,
      24.793086701314113,
      24.791966248984252,
      24.772938846117956,
      24.759509023345274,
      23.749442855570255,
      23.728543860753202,
      23.703343623641924,
      23.657739713406862,
      22.68859629781435,
      22.6861554641398,
      22.640530540462645,
      22.608801127581856,
      21.614286365751298,
      21.583243448491476,
      21.56955036276901,
      20.610077342783327,
      20.60163247981748,
      20.592942781892198,
      20.58714705909588,
      20.58518967484348,
      20.57854674536214,
      20.57276009052728,
      20.55540660313803,
      20.554631940144695,
      19.606649325064396,
      19.603537227200704,
      19.596967790822834,
      19.5703250766237,
      19.531352339192825,
      18.63296475112687,
      18.623267778925598,
      18.609682875285714,
      17.669558308852483,
      16.779777373693463,
      16.779237220035725,
      16.778344700515326,
      16.741895933481892,
      16.71966945445615,
      15.896348954354846,
      15.007195709082868,
      14.985032068479274
    ],
    [
      34.34990233018697,
      31.909044291514892,
      29.43955225992804,
      29.42655408429677,
      29.387491097260856,
      28.185714020794926,
      28.155595818287413,
      27.058067279585543,
      27.045808917678205,
      27.00926194200973,
      25.932810426706595,
      25.9098770273764,
      25.857322951223612,
      24.85994243768727,
      24.841230259571155,
      24.8193705155089,
      24.793086701314113,
      24.791966248984252,
      24.772938846117956,
      24.760855750867098,
