{
  "test_loss_values": [
    0.5238038820028305,
    0.5257107996940613,
    0.3569304808974266,
    0.4994860336184502,
    0.17393788695335388,
    0.22906367778778075,
    0.5468840911984444,
    0.43868220448493955
  ],
  "log_exp_r_n_values": [
    905374.9972537571,
    905830.1844888406,
    890698.3149440766,
    897727.8043719258,
    882666.1917341022,
    890570.4450213498,
    905991.2363764199,
    898471.9134173153
  ],
  "log_exp_r_n_acc_values": [
    -Infinity,
    -Infinity,
    -Infinity,
    -Infinity,
    -Infinity,
    -Infinity,
    -Infinity,
    -Infinity
  ],
  "model_data_levels": [
    200,
    100,
    2000,
    500,
    10000,
    5000,
    0,
    1000
  ],
  "loss_landscape_data_param": 100,
  "train_loss_values": [
    0.0028743811417371035,
    0.002651400165632367,
    0.012310778722167015,
    0.0037213906180113554,
    0.07057467848062515,
    0.0332757793366909,
    0.06782659143209457,
    0.005474402103573084
  ],
  "num_params": 235146,
  "dataset_type": "data",
  "top_r_vals": [
    [
      47.00641671671013,
      45.64652730659964,
      45.62171195270479,
      45.59047626400863,
      45.543879372306385,
      42.70984703659852,
      42.643684606642914,
      42.59538259911046,
      42.53890149455664,
      42.51363723225848,
      41.2472527290287,
      41.21908125532163,
      41.131352273843696,
      39.783171295815656,
      39.75204448507777,
      39.746260787136606,
      38.43350354355004,
      38.37964047822341,
      38.364412948852305,
      38.35104868327189,
      37.05326098720973,
      37.03658630690134,
      37.03159066312937,
      36.98843883771506,
      35.740142975620294,
      35.73989354233282,
      35.70377964717097,
      35.7019369868491,
      35.67842284342469,
      35.655744638585325,
      34.46078639556529,
      34.42979886245794,
      34.41157001046375,
      34.3984519908598,
      34.347430254545436,
      33.18007809047594,
      33.16645646032061,
      33.1401092227982,
      33.13998836391048,
      33.04262819475834,
      33.007985453235875,
      31.931214953296088,
      30.626930018536456,
      30.57863293222452,
      30.57020613197208,
      29.422228143424757,
      29.407699791103518,
      29.395314056203063,
      29.37066285421938,
      28.21700584423373
    ],
    [
      47.0974981883497,
      47.00641671671013,
      46.974874273219115,
      45.62171195270479,
      45.543879372306385,
      44.16990788042364,
      44.0169049303916,
      42.702381498057875,
      42.681833159854015,
      42.65268188162147,
      42.51363723225848,
      41.21038638803412,
      41.1637078607893,
      39.8183842515925,
      39.783171295815656,
      39.76258032963898,
      39.75204448507777,
      38.41290130773213,
      38.390435808123534,
      38.364412948852305,
      37.0761085395238,
      37.075849782426886,
      37.03658630690134,
      37.00598303511488,
      36.99359766163823,
      36.98855539496592,
      35.72237029210122,
      35.70875258289327,
      35.65563228124862,
      34.45435510245583,
      34.42698476584324,
      34.393661532545686,
      34.39188648698871,
      34.369235173930015,
      34.347430254545436,
      33.18007809047594,
      33.17264735265524,
      33.14281812890221,
      33.13998836391048,
      33.007985453235875,
      31.931214953296088,
      31.857320764956366,
      31.783977786452084,
      30.57863293222452,
      30.57020613197208,
      29.422228143424757,
      29.414103589802423,
      29.404961385418922,
      29.395314056203063,
      29.37066285421938
    ],
    [
      44.162187128126504,
      42.67916670447874,
      42.643684606642914,
      42.53890149455664,
      41.1367288852791,
      39.83719504061066,
      39.76674659516889,
      38.343614961585565,
      38.30013397310043,
      37.114992038411536,
      37.05326098720973,
      37.03159066312937,
      37.01552208052547,
      35.73727561638773,
      35.72973868624195,
      35.72744659657329,
      35.70204484989233,
      35.687191209980696,
      35.67303193840986,
      35.66060521697093,
      35.65563228124862,
      34.45435510245583,
      34.428450260772586,
      34.39548420127613,
      34.393661532545686,
      34.36357234566534,
      33.1401092227982,
      33.08451830199601,
      33.083880667174604,
      31.91619197978103,
      31.880351314080855,
      31.87932506158723,
      31.863472266719903,
      30.62026217316067,
      30.61449981386596,
      30.608656538793795,
      30.569090650182833,
      30.569054045426363,
      30.517738029988777,
      29.475911996487476,
      29.455446114543356,
      29.42644676839832,
      29.395314056203063,
      29.33999641110014,
      27.069430224417026,
      27.061955364378818,
      27.053544231732772,
      27.01928005891359,
      27.01183413821053,
      25.884349270940522
    ],
    [
      45.50230920990592,
      44.13817872339083,
      44.06287711376055,
      43.993118466074094,
      42.702381498057875,
      42.681833159854015,
      42.643684606642914,
      42.56190168408143,
      42.51363723225848,
      41.216437020189474,
      41.1637078607893,
      39.86334186208233,
      39.8183842515925,
      39.80998662263377,
      39.77913021855287,
      39.76258032963898,
      38.397480443596756,
      38.36947106962261,
      38.364412948852305,
      38.35104868327189,
      37.075849782426886,
      37.05326098720973,
      37.040348774959185,
      37.03159066312937,
      37.00598303511488,
      35.76678514729841,
      35.67842284342469,
      35.65563228124862,
      34.468505679048405,
      34.42979886245794,
      34.3984519908598,
      34.347430254545436,
      34.34738912544106,
      34.2897304504954,
      33.17264735265524,
      33.14175123665201,
      33.1401092227982,
      33.12527066866999,
      33.10632291235938,
      31.931214953296088,
      31.857320764956366,
      31.783977786452084,
      30.63978214118941,
      29.422228143424757,
      29.414103589802423,
      29.395314056203063,
      29.36771906810844,
      28.21700584423373,
      28.184092967980604,
      28.17350197122547
    ],
    [
      42.67916670447874,
      39.73044950899875,
      38.470171898279084,
      38.45166009459989,
      38.3836618413203,
      38.32289430822454,
      36.9444850984148,
      35.76678514729841,
      35.70204484989233,
      35.6536929936172,
      34.468505679048405,
      34.40747441754449,
      34.38735146205963,
      34.372430255932564,
      34.347280890955886,
      33.17650858574042,
      33.1401092227982,
      33.13210336337388,
      33.10978614462467,
      33.10803160697884,
      33.083880667174604,
      33.079519328347146,
      33.07906714940517,
      33.067996058535456,
      31.879102573253654,
      31.87676744795078,
      31.86800020496814,
      31.832093394087714,
      31.804043828861595,
      30.641412016135355,
      30.626030312153766,
      30.61449981386596,
      30.58849695080991,
      29.475911996487476,
      29.413378282350827,
      29.407699791103518,
      29.396553739857573,
      29.395314056203063,
      29.33999641110014,
      29.309235604001234,
      28.24003438202318,
      28.1724739432085,
      27.09999186465067,
      27.07331149995497,
      27.01183413821053,
      25.884349270940522,
      25.88175491383484,
      24.814665552034622,
      24.807813315014535,
      24.800102792783555
    ],
    [
      44.13817872339083,
      42.702381498057875,
      39.76674659516889,
      38.45166009459989,
      38.34862716534936,
      38.32289430822454,
      38.30013397310043,
      37.114992038411536,
      37.05326098720973,
      37.03658630690134,
      37.01552208052547,
      35.72744659657329,
      35.72220175609617,
      35.70567174472098,
      35.6972292144414,
      35.67303193840986,
      35.6536929936172,
      34.418668028001925,
      34.35207134927,
      34.347280890955886,
      33.18007809047594,
      33.13909234112223,
      33.0926491878559,
