{
  "test_loss_values": [
    5.746234055561945
  ],
  "log_exp_r_n_values": [
    13438.488918119301
  ],
  "log_exp_r_n_acc_values": [
    -Infinity
  ],
  "model_data_levels": [
    0
  ],
  "loss_landscape_data_param": 0,
  "train_loss_values": [
    2.4262568331323564e-05
  ],
  "num_params": 4353,
  "dataset_type": "data",
  "top_r_vals": [
    [
      21.93486553292517,
      19.43661132390881,
      16.360203752577892,
      15.679443537710005,
      13.206103126400894,
      12.020703119330708,
      10.050386794368936,
      9.608183590448723,
      7.923831774109757,
      7.911161508680498,
      7.646631761728119,
      7.496907045699978,
      7.276222229003906,
      7.212720524776782,
      7.197078518674651,
      6.877486836817901,
      6.798953555766926,
      6.658994025896145,
      6.042256301645817,
      5.517416576921959,
      5.367846931607103,
      5.321681679494692,
      5.298844956191941,
      4.946100958972504,
      4.78097267220713,
      4.755569033254312,
      4.6411850247629385,
      4.5494133597876,
      4.2049677486722965,
      4.0189362076049795,
      3.9643920775832178,
      3.921398839957527,
      3.885961800418272,
      3.777455232604092,
      3.168462877638469,
      3.1451437897746266,
      3.0966365304282326,
      3.003329116864451,
      2.964042834272194,
      2.901044799967183,
      2.5920120987809225,
      2.4535976530472476,
      2.32379123083077,
      2.2339879730601364,
      2.1527262092381654,
      2.0756182942710293,
      2.0100150666881333,
      1.590443801064578,
      1.5626318206689411,
      1.4227606044602792
    ]
  ],
  "top_r_val_seeds": [
    [
      2,
      37,
      45,
      15,
      46,
      4,
      14,
      50,
      33,
      27,
      24,
      31,
      39,
      6,
      36,
      38,
      43,
      25,
      5,
      42,
      26,
      34,
      7,
      35,
      48,
      28,
      41,
      17,
      3,
      49,
      13,
      30,
      16,
      22,
      44,
      29,
      20,
      12,
      21,
      11,
      32,
      19,
      47,
      40,
      18,
      23,
      1,
      9,
      8,
      10
    ]
  ],
  "test_acc_values": [
    0.73875
  ],
  "loss_predicts_minimas": true,
  "loss_ordering_violations": 0,
  "test_loss_ranks": [
    1
  ],
  "log_exp_r_n_ranks": [
    1
  ],
  "data_level_ranks": [
    1
  ],
  "accuracy_predicts_minimas": true,
  "accuracy_ordering_violations": 0,
  "log_exp_r_n_acc_ranks": [
    1
  ]
}