{
  "test_loss_values": [
    3.7304613929241897
  ],
  "log_exp_r_n_values": [
    11893.588519500592
  ],
  "log_exp_r_n_acc_values": [
    -Infinity
  ],
  "model_data_levels": [
    0
  ],
  "loss_landscape_data_param": 1000,
  "train_loss_values": [
    3.734755277633667
  ],
  "num_params": 4353,
  "dataset_type": "data",
  "top_r_vals": [
    [
      15.381610143364085,
      14.409385568316923,
      13.94502632659812,
      10.800008148486395,
      8.340349004846967,
      4.062882537672544,
      3.9579272149841986,
      3.812549622052148,
      3.570719569308635,
      3.335648335358625,
      3.2838925962094905,
      2.992071452209309,
      2.9165699431650194,
      2.5903507364655174,
      2.49866726289099,
      2.4219632596066125,
      2.2589465854266604,
      2.091430493639732,
      2.0355330493874417,
      1.9930272412495695,
      1.9445459629775264,
      1.8401158048927235,
      1.6892299851338983,
      1.6803859570677289,
      1.5962730610168805,
      1.5774031214560627,
      1.570382645102873,
      1.529861067518109,
      1.4957311359744068,
      1.454627854670353,
      1.4442621739501673,
      1.4344743154260675,
      1.3769829267612206,
      1.3698249558680302,
      1.3674178520600717,
      1.3081914235325949,
      1.1712138091617776,
      1.1061590482411452,
      1.0792167292417543,
      1.0237826698835129,
      1.0021226911126224,
      0.9513118041323982,
      0.9162384211538132,
      0.8601867564597079,
      0.8561047542827174,
      0.8160507767288773,
      0.8036135179964495,
      0.6324213700477292,
      0.6261911299778222,
      0.46831848762649186
    ]
  ],
  "top_r_val_seeds": [
    [
      14,
      48,
      39,
      37,
      29,
      13,
      35,
      38,
      17,
      8,
      7,
      21,
      23,
      10,
      46,
      1,
      36,
      40,
      27,
      41,
      12,
      34,
      43,
      45,
      18,
      2,
      5,
      9,
      16,
      30,
      47,
      15,
      31,
      42,
      22,
      3,
      28,
      32,
      19,
      50,
      4,
      44,
      24,
      33,
      49,
      6,
      11,
      25,
      26,
      20
    ]
  ],
  "test_acc_values": [
    0.74275
  ],
  "loss_predicts_minimas": true,
  "loss_ordering_violations": 0,
  "test_loss_ranks": [
    1
  ],
  "log_exp_r_n_ranks": [
    1
  ],
  "data_level_ranks": [
    1
  ],
  "accuracy_predicts_minimas": true,
  "accuracy_ordering_violations": 0,
  "log_exp_r_n_acc_ranks": [
    1
  ]
}