{
  "test_loss_values": [
    0.5222830557823182,
    0.5336812135577201,
    0.3461505815386772,
    0.49116983115673063,
    0.1755058318376541,
    0.22398731112480164,
    0.5609321743249893,
    0.424371337890625
  ],
  "log_exp_r_n_values": [
    920937.0859017326,
    928228.5807961049,
    913530.7596064724,
    906005.9270739721,
    891823.1799867535,
    906005.9270739721,
    908648.428017001,
    928228.5807961049
  ],
  "log_exp_r_n_acc_values": [
    -Infinity,
    -Infinity,
    -Infinity,
    -Infinity,
    -Infinity,
    -Infinity,
    -Infinity,
    -Infinity
  ],
  "model_data_levels": [
    200,
    100,
    2000,
    500,
    10000,
    5000,
    0,
    1000
  ],
  "loss_landscape_data_param": 100,
  "train_loss_values": [
    0.002638438483700156,
    0.0023380438797175884,
    0.009379694238305092,
    0.0035584827419370413,
    0.07171357423067093,
    0.02916743792593479,
    0.07437410205602646,
    0.004907144699245691
  ],
  "num_params": 235146,
  "dataset_type": "data",
  "top_r_vals": [
    [
      50.22257645008964,
      47.090584207967645,
      47.025766382457995,
      45.57519821853235,
      44.0169049303916,
      42.696906412121315,
      42.53890149455664,
      41.29819573352097,
      41.26711041639376,
      41.21058081708795,
      41.20567602015653,
      41.18913399625621,
      41.18713267319539,
      39.86334186208233,
      39.786603958100216,
      39.783171295815656,
      38.434682885612105,
      38.43454271790801,
      38.425397983557865,
      38.34862716534936,
      37.075849782426886,
      37.07313399848179,
      37.00598303511488,
      37.00014584799169,
      36.98843883771506,
      35.73311839492986,
      35.72744659657329,
      35.687191209980696,
      34.44004000944578,
      34.39188648698871,
      34.38128383682037,
      34.2897304504954,
      33.17264735265524,
      33.14281812890221,
      33.12608750804905,
      33.087593952311025,
      33.08451830199601,
      33.02409510945905,
      31.783977786452084,
      30.61741085528833,
      30.607365739486724,
      30.569054045426363,
      29.46204419202394,
      29.376626287679816,
      29.359625969145995,
      28.23912531407035,
      28.205218144743817,
      27.014498259358287,
      24.771175460139204,
      24.7609634266481
    ],
    [
      51.804293335358594,
      48.55496013839119,
      47.090584207967645,
      45.57519821853235,
      44.07659858011399,
      42.734547963254016,
      42.696906412121315,
      42.638810412058525,
      42.56190168408143,
      41.274325030484746,
      41.26711041639376,
      41.21058081708795,
      41.109125144409234,
      39.786603958100216,
      39.781063125397274,
      38.434682885612105,
      38.39951529199074,
      38.36388852830421,
      38.35783715018245,
      38.34862716534936,
      37.07413639083921,
      37.06531533809393,
      36.98843883771506,
      35.75192476594657,
      35.73989354233282,
      35.73727561638773,
      35.73311839492986,
      35.72744659657329,
      35.687191209980696,
      34.2897304504954,
      33.17264735265524,
      33.10632291235938,
      33.09611658766904,
      33.087593952311025,
      33.08451830199601,
      33.04262819475834,
      33.02409510945905,
      31.864257991285335,
      31.82365888140574,
      30.642398417993896,
      30.61741085528833,
      30.607365739486724,
      30.57020613197208,
      29.428012100296407,
      29.392677415594584,
      29.35851950522749,
      28.27178251496174,
      27.014498259358287,
      24.771175460139204,
      24.7609634266481
    ],
    [
      48.66538230722797,
      42.56190168408143,
      41.15366235967447,
      39.80158899367505,
      39.79703965204774,
      38.49915036275915,
      38.395614763121515,
      37.114992038411536,
      37.108504461828524,
      37.05767151358237,
      37.05051722952443,
      36.98843883771506,
      35.76678514729841,
      35.73311839492986,
      35.70875258289327,
      35.634425957520016,
      34.44004000944578,
      34.428450260772586,
      34.42685921384042,
      34.42592839726787,
      34.418668028001925,
      34.2897304504954,
      33.12608750804905,
      33.10978614462467,
      33.10803160697884,
      33.10632291235938,
      33.09611658766904,
      33.0926491878559,
      33.07906714940517,
      33.06590811706145,
      31.909044291514892,
      31.877745594858762,
      31.86800020496814,
      31.827230721139408,
      31.783977786452084,
      30.67684734696369,
      30.57863293222452,
      30.57020613197208,
      30.569054045426363,
      30.53263231273949,
      29.404961385418922,
      29.395314056203063,
      29.377192471557848,
      28.24003438202318,
      27.074751657457206,
      27.027474997702914,
      25.903750691960905,
      23.68246700781704,
      23.675902503448462,
      23.672703799501594
    ],
    [
      47.13271090677359,
      47.090584207967645,
      47.025766382457995,
      44.09317752935138,
      44.0169049303916,
      42.734547963254016,
      42.619622127049105,
      42.53890149455664,
      41.26711041639376,
      41.261819353742055,
      41.20567602015653,
      41.18913399625621,
      39.86334186208233,
      39.80998662263377,
      39.801776776075734,
      38.43454271790801,
      38.40282856651348,
      38.39951529199074,
      38.36388852830421,
      38.34862716534936,
      37.075849782426886,
      37.07427159725021,
      36.98843883771506,
      35.75192476594657,
      35.73727561638773,
      35.73311839492986,
      35.72744659657329,
      35.7019369868491,
      35.687191209980696,
      35.66691745214669,
      34.42979886245794,
      34.38128383682037,
      34.369235173930015,
      34.325718416818106,
      33.17264735265524,
      33.12608750804905,
      33.02409510945905,
      33.007985453235875,
      31.854354253841983,
      31.827230721139408,
      30.67684734696369,
      30.607365739486724,
      29.376626287679816,
      29.359625969145995,
      29.35851950522749,
      28.205218144743817,
      27.074751657457206,
      27.014498259358287,
      24.7609634266481,
      23.68246700781704
    ],
    [
      44.373951345389834,
      40.599581905690656,
      38.05780548284771,
      37.4957261888292,
      36.75441038652257,
      36.4738723287686,
      35.77575842190203,
      33.63016465516986,
      33.593636905057245,
      33.41379716074894,
      33.40951301067337,
      33.10985261087207,
      32.88772107004402,
      32.52689448436428,
      32.406981487267466,
      32.370433110167106,
      31.349438686625966,
      31.312710776200017,
      31.250354016639218,
      31.114939942679793,
      30.855028104011943,
      30.59478935846982,
      30.36560005019859,
      30.306615639507125,
      30.143128826529846,
      29.911918781112195,
      29.841397698139208,
      29.43016105320023,
      29.179026781029417,
      29.137609022177276,
      28.480759903182204,
      28.47667685347052,
      27.80637804003406,
      27.28827781578515,
      27.27030510806899,
      27.024492114522086,
      26.796906952300382,
      26.794946361173203,
      26.58675854446613,
      26.309419000933936,
      25.93149703752308,
      25.922989300148352,
      25.727620104018598,
      25.68269574211368,
      24.431038583628673,
      24.403603459565673,
      22.873974483561977,
      22.01585585851987,
      20.790186174019773,
      20.00271007374846
    ],
    [
      47.13271090677359,
      42.643684606642914,
      41.131352273843696,
      38.364412948852305,
      37.136457221730375,
      37.05326098720973,
      35.76678514729841,
      35.71547379877462,
      35.70204484989233,
      34.45877323414092,
      34.44004000944578,
      34.42592839726787,
      34.38128383682037,
      34.347280890955886,
      34.3268527142228,
      34.2897304504954,
      33.14151993774621,
      33.13210336337388,
      33.12527066866999,
      33.11264299867744,
      33.10803160697884,
      33.04262819475834,
