{
  "test_loss_values": [
    5.788609361648559
  ],
  "log_exp_r_n_values": [
    13423.12626383921
  ],
  "log_exp_r_n_acc_values": [
    -Infinity
  ],
  "model_data_levels": [
    0
  ],
  "loss_landscape_data_param": 100,
  "train_loss_values": [
    3.9945149421691895
  ],
  "num_params": 4353,
  "dataset_type": "data",
  "top_r_vals": [
    [
      21.85758921268185,
      4.699213064409651,
      3.1719637353042365,
      2.8723121602113872,
      1.8835890750633708,
      1.8642784659918352,
      1.8370529395644097,
      1.6561578745570595,
      1.5343189350942223,
      1.528491172917467,
      1.3609291547365805,
      1.3158951142794288,
      1.232890571048156,
      1.1893790099555985,
      1.1569134527373832,
      1.1454304153285253,
      1.064500686873059,
      1.0292887646712419,
      1.0075966374987335,
      0.8966004945742007,
      0.8595116281764875,
      0.8408359510765782,
      0.8398481861979769,
      0.7886986598906526,
      0.7377191039617198,
      0.6447868975445684,
      0.5257299802280956,
      0.47815133156135164,
      0.45516397975200623,
      0.10128619178524492,
      0.10073965030473357,
      0.07967119470980204,
      0.0634868502618913,
      0.05587786240645978,
      0.04460246993823661,
      0.04397645284403014,
      0.040845963825828446,
      0.03214022649269053,
      0.02669805936207103,
      0.026424092512886386,
      0.024162617432721648,
      0.023902322635954647,
      0.023687797930095955,
      0.023536531712256573,
      0.021535108832703057,
      0.021114560209227386,
      0.01699576750799849,
      0.01675601871891912,
      0.01291431256751191,
      0.011282517856894662
    ]
  ],
  "top_r_val_seeds": [
    [
      5,
      11,
      3,
      46,
      21,
      40,
      19,
      23,
      30,
      36,
      26,
      33,
      16,
      4,
      35,
      10,
      12,
      49,
      50,
      7,
      45,
      25,
      17,
      15,
      2,
      13,
      20,
      29,
      48,
      41,
      6,
      22,
      44,
      18,
      34,
      47,
      9,
      31,
      38,
      42,
      24,
      28,
      39,
      37,
      27,
      43,
      1,
      32,
      8,
      14
    ]
  ],
  "test_acc_values": [
    0.6715
  ],
  "loss_predicts_minimas": true,
  "loss_ordering_violations": 0,
  "test_loss_ranks": [
    1
  ],
  "log_exp_r_n_ranks": [
    1
  ],
  "data_level_ranks": [
    1
  ],
  "accuracy_predicts_minimas": true,
  "accuracy_ordering_violations": 0,
  "log_exp_r_n_acc_ranks": [
    1
  ]
}