{
  "test_loss_values": [
    0.47952776432037353,
    0.4929485408961773,
    0.3286179929971695,
    0.45882847905158997,
    0.1748897135257721,
    0.22235716581344606,
    0.530828008055687,
    0.40572527050971985
  ],
  "log_exp_r_n_values": [
    866589.2263131877,
    857600.9713464184,
    849791.2978100907,
    882807.79903005,
    849469.9103737889,
    849791.2978100907,
    854031.5195726827,
    882807.79903005
  ],
  "log_exp_r_n_acc_values": [
    -Infinity,
    -Infinity,
    -Infinity,
    -Infinity,
    -Infinity,
    -Infinity,
    -Infinity,
    -Infinity
  ],
  "model_data_levels": [
    200,
    100,
    2000,
    500,
    10000,
    5000,
    0,
    1000
  ],
  "loss_landscape_data_param": 500,
  "train_loss_values": [
    0.06480125337839127,
    0.11660811305046082,
    0.010457449592649937,
    0.003708570497110486,
    0.07082882523536682,
    0.03375358507037163,
    0.18102887272834778,
    0.004962209612131119
  ],
  "num_params": 235146,
  "dataset_type": "data",
  "top_r_vals": [
    [
      39.85870238490269,
      39.83470629786022,
      38.4172924235657,
      38.41005687001275,
      38.36388852830421,
      35.70875258289327,
      34.45877323414092,
      34.36404208333103,
      34.34990233018697,
      34.345412763741656,
      34.30646566659409,
      34.2897304504954,
      33.1401092227982,
      33.13210336337388,
      33.10803160697884,
      31.912758443606073,
      31.86800020496814,
      30.61185849170179,
      30.608749013968033,
      30.57020613197208,
      29.42644676839832,
      29.413378282350827,
      29.396553739857573,
      29.395314056203063,
      29.358554660435605,
      28.19728688196005,
      28.190358789866416,
      28.17244020826494,
      27.094934290254514,
      27.072579505007024,
      27.030508520952306,
      26.99466630321046,
      26.993774290762264,
      25.97710528303519,
      25.934891130456972,
      25.922633567689264,
      25.903750691960905,
      25.889604841620358,
      25.87356581177026,
      24.829276687361215,
      24.804249090611467,
      24.800102792783555,
      23.728543860753202,
      23.724045683327915,
      23.69603613673345,
      22.68859629781435,
      22.66311786994829,
      22.61595691667326,
      22.61195440541126,
      20.563133801725435
    ],
    [
      38.36388852830421,
      37.11067242669457,
      37.08833073284924,
      37.05749667770608,
      37.05051722952443,
      35.70875258289327,
      34.36404208333103,
      34.34990233018697,
      34.30646566659409,
      34.2897304504954,
      33.17070944290391,
      33.10803160697884,
      33.06158636993858,
      31.877745594858762,
      31.86800020496814,
      30.67354713918307,
      30.632492014953648,
      30.61185849170179,
      29.42644676839832,
      28.209023091272943,
      28.208937866152368,
      28.20774826551097,
      28.17350197122547,
      28.1724739432085,
      27.094934290254514,
      27.061288057356503,
      27.034638334309786,
      27.02799590573564,
      27.010816154538738,
      26.99466630321046,
      26.993774290762264,
      25.932810426706595,
      25.903750691960905,
      25.89251065203037,
      25.87356581177026,
      24.829276687361215,
      24.807813315014535,
      24.77620501147506,
      23.75615058548869,
      23.72870946529523,
      23.728543860753202,
      23.71012296633529,
      22.699275835695683,
      22.648422996810172,
      22.6311832731509,
      21.616330880883492,
      21.576283396977626,
      21.572464884340437,
      20.603948696259103,
      19.572286783319868
    ],
    [
      37.11067242669457,
      37.08833073284924,
      37.05749667770608,
      35.71547379877462,
      34.36404208333103,
      34.36357234566534,
      33.17070944290391,
      33.007985453235875,
      31.912758443606073,
      31.877745594858762,
      31.86800020496814,
      31.85132560634615,
      31.84688987047039,
      31.845342474132348,
      31.80637093656686,
      31.802213812207924,
      31.766150658174173,
      30.632492014953648,
      30.61185849170179,
      30.608656538793795,
      30.569090650182833,
      29.34096595473442,
      28.260175918853058,
      28.237623221320167,
      28.225082699931818,
      28.190358789866416,
      28.17350197122547,
      28.15466544405444,
      27.058067279585543,
      27.044668367410473,
      27.04224257019926,
      27.034638334309786,
      27.030508520952306,
      27.010731038847116,
      25.932810426706595,
      25.922633567689264,
      25.87364734404888,
      24.829276687361215,
      24.800102792783555,
      24.785368376490307,
      23.767332621907435,
      23.729473334894482,
      23.72870946529523,
      23.68727550726702,
      22.68859629781435,
      22.662230164531337,
      22.65793412627754,
      22.61595691667326,
      21.572464884340437,
      18.605905123393452
    ],
    [
      42.70487627018967,
      39.83470629786022,
      39.80158899367505,
      39.746260787136606,
      37.108504461828524,
      37.05051722952443,
      35.65835357594348,
      35.6536929936172,
      35.613262329579356,
      35.595889638178924,
      34.3984519908598,
      34.393661532545686,
      34.36404208333103,
      33.17650858574042,
      33.1401092227982,
      33.13210336337388,
      33.12997791396919,
      33.10978614462467,
      31.845246262961073,
      31.805242459703756,
      30.608749013968033,
      30.569090650182833,
      29.42644676839832,
      29.413378282350827,
      29.395314056203063,
      29.3844122411398,
      28.260175918853058,
      28.2257787050832,
      28.205218144743817,
      28.190358789866416,
      28.17244020826494,
      28.17235143209767,
      28.155595818287413,
      28.15466544405444,
      27.072579505007024,
      27.053544231732772,
      27.030508520952306,
      25.97710528303519,
      25.945061466892014,
      25.934891130456972,
      25.934710128798436,
      25.918909173201907,
      25.899179992421477,
      24.848246351040597,
      24.814665552034622,
      24.768692675101867,
      23.729473334894482,
      23.68727550726702,
      23.675902503448462,
      21.57844617861015
    ],
    [
      37.05998580224368,
      33.9278605745385,
      33.113637516283966,
      31.85106828550272,
      31.564731806198708,
      30.084835272966515,
      30.080903155033372,
      29.791397071104516,
      29.37635403826546,
      29.21833189461505,
      28.852208912295364,
      28.709791853621194,
      28.24597105114222,
      27.809614649573412,
      27.750782764789538,
      26.83246609731765,
      26.606886117008056,
      26.098710047948348,
      25.924160868125924,
      25.875061074235838,
      25.746798529581923,
      25.49233391793359,
      25.01756399283745,
      24.781898037859325,
      24.563970721374616,
      24.56296758695853,
      24.184135462491422,
      24.176830267487663,
      24.173395122709668,
      24.160814798341207,
      23.325402195969726,
      22.883534116675552,
      22.663640202702705,
      22.44796333542749,
      22.25890415829916,
      22.220033744794712,
      22.04044342419427,
      22.03457781297318,
      21.86683554742336,
      21.687783944955818,
      21.677580293003267,
      21.650803024123395,
      20.805318446778966,
      20.194667226700236,
      20.041767426587946,
      19.608544052161587,
      19.419807744509395,
      18.8708310908807,
      18.30464803500107,
      15.379307092544012
    ],
    [
      37.11067242669457,
      35.75192476594657,
      35.72220175609617,
      34.404926577763334,
      33.079519328347146,
      33.07906714940517,
      31.85132560634615,
      31.80637093656686,
      31.802213812207924,
      31.75065464640033,
      30.668185505643393,
      30.53263231273949,
      29.42655408429677,
      29.419445331161494,
      29.417558051568058,
      29.39807096462877,
      29.396553739857573,
      28.26874104347112,
      28.260175918853058,
      28.237623221320167,
      28.21188878595237,
