{
  "test_loss_values": [
    0.5208079701662064,
    0.5257817530632019,
    0.3692728832364082,
    0.5049176961183548,
    0.17535579204559326,
    0.23104109168052672,
    0.5418064892292023,
    0.4461737871170044
  ],
  "log_exp_r_n_values": [
    531813.7785881398,
    -Infinity,
    795245.7592471156,
    649849.3095060263,
    840941.0928348785,
    832150.3322163272,
    -Infinity,
    755403.7377265836
  ],
  "log_exp_r_n_acc_values": [
    -Infinity,
    -Infinity,
    -Infinity,
    -Infinity,
    -Infinity,
    -Infinity,
    -Infinity,
    -Infinity
  ],
  "model_data_levels": [
    200,
    100,
    2000,
    500,
    10000,
    5000,
    0,
    1000
  ],
  "loss_landscape_data_param": 10000,
  "train_loss_values": [
    0.4996565282344818,
    0.5130199790000916,
    0.2902121841907501,
    0.4711187779903412,
    0.06786829233169556,
    0.1468200832605362,
    0.5397769808769226,
    0.38357412815093994
  ],
  "num_params": 235146,
  "dataset_type": "data",
  "top_r_vals": [
    [
      9.598903690780379,
      8.919605710856173,
      5.926967163964452,
      5.4024572355338245,
      4.426078477540024,
      3.977590790029963,
      3.96671459983748,
      3.5337868791611355,
      3.1376586923310015,
      3.1315658853311783,
      2.7601366955079065,
      2.7577270814521833,
      2.404077465319097,
      2.401814542320388,
      2.401080776472856,
      2.3967041607466117,
      2.0712568264248876,
      2.0688723378740046,
      2.0666192573163404,
      2.0663491481211613,
      1.763058616634523,
      1.4836259156398555,
      1.4830920834309052,
      1.2248104869264271,
      1.2233550047465658,
      0.99177165686586,
      0.6011315533580276,
      0.5993412054716007,
      0.5987952235660084,
      0.5987754369612274,
      0.4411078850153326,
      0.4404017815749207,
      0.3067354713918308,
      0.3063978214118942,
      0.3063895371775354,
      0.30599220217889267,
      0.30596014411849015,
      0.30591340562417735,
      0.3058790742157415,
      0.30569054045426375,
      0.30568957717119877,
      0.305326323127395,
      0.19633182302056765,
      0.196035372272007,
      0.19601235211863335,
      0.19598419034557207,
      0.19595142947384536,
      0.1959158943468915,
      0.19531352339192823,
      0.11006359634867569
    ],
    [
      0.0,
      0.0,
      0.0,
      0.0,
      0.0,
      0.0,
      0.0,
      0.0,
      0.0,
      0.0,
      0.0,
      0.0,
      0.0,
      0.0,
      0.0,
      0.0,
      0.0,
      0.0,
      0.0,
      0.0,
      0.0,
      0.0,
      0.0,
      0.0,
      0.0,
      0.0,
      0.0,
      0.0,
      0.0,
      0.0,
      0.0,
      0.0,
      0.0,
      0.0,
      0.0,
      0.0,
      0.0,
      0.0,
      0.0,
      0.0,
      0.0,
      0.0,
      0.0,
      0.0,
      0.0,
      0.0,
      0.0,
      0.0,
      0.0,
      0.0
    ],
    [
      29.427806719870063,
      27.098408712786508,
      27.06116038381907,
      26.97863391153662,
      25.88583805034812,
      24.77668253015603,
      23.767332621907435,
      22.651118885492156,
      22.646745903269636,
      22.63823077073076,
      22.635177235083038,
      22.62881225900353,
      22.610526667324923,
      22.608872371997343,
      21.64325486140758,
      21.629058803212434,
      21.627707574461503,
      21.6212763237365,
      20.61864397551736,
      20.58518967484348,
      20.569617394169686,
      20.542342261519597,
      19.59841903455721,
      19.58954018482804,
      19.56421801611702,
      19.563068857951823,
      18.636808141897806,
      18.60722962219527,
      18.598153875095733,
      18.58647835955157,
      17.71894702760623,
      17.697059667374443,
      17.695001015870613,
      17.680472500176567,
      17.627045486121524,
      16.756132991316164,
      16.741895933481892,
      16.740244877867916,
      15.884507989164572,
      15.883663061992594,
      15.856771207344037,
      15.01354800219223,
      15.008958189575539,
      15.002531319091286,
      14.999810660933882,
      14.9976092123485,
      14.985032068479274,
      14.16189244057126,
      14.13955986786062,
      12.56242266609429
    ],
    [
      15.85707681929986,
      15.027410897765268,
      14.161476416339902,
      13.333171070484479,
      12.550634769324006,
      12.539699123759501,
      12.522000707052852,
      11.787339000875779,
      11.782441598105164,
      11.772701594893439,
      11.035234083271652,
      11.017663337790557,
      11.010044539373022,
      10.991747632586222,
      9.607258169281552,
      9.58645534864571,
      9.580406991379638,
      8.949579277567418,
      8.925944911792742,
      8.925484246712275,
      8.918257984602466,
      8.913946833593318,
      8.9134232484043,
      8.285704532225553,
      8.285437809163003,
      8.280332042100422,
      8.279718891622649,
      8.273162296963974,
      8.271898488077756,
      8.266183738085253,
      8.265846166709215,
      7.652964622925447,
      7.637694178137861,
      7.059431550418549,
      7.057726160245322,
      7.051937066377742,
      7.050060338201686,
      7.047453869930683,
      7.046023241995151,
      6.491220898617518,
      6.4905225746511395,
      6.483202606676649,
      5.93770758827113,
      5.9200233356786685,
      5.90823408260583,
      5.404857569705814,
      5.4032249482471935,
      5.4025904552698325,
      5.393116221085109,
      4.8987857368461345
    ],
    [
      35.73989354233282,
      35.72220175609617,
      30.604620382751534,
      30.53263231273949,
      29.453725359619927,
      29.437713087461496,
      29.39664255301491,
      29.372352154482915,
      28.221723409762376,
      28.186099309360873,
      28.174501590868914,
      27.118821157951196,
      27.085368988830083,
      27.02799590573564,
      27.010848498501556,
      27.010816154538738,
      27.00926194200973,
      25.964883594470074,
      25.962090298604558,
      25.954224064363313,
      25.9169899033632,
      25.912112642456158,
      25.896466598189008,
      24.79301179642298,
      24.745311425438477,
      23.729473334894482,
      23.716909768692712,
      23.689934131536297,
      23.658521486199845,
      23.63293633042332,
      22.65793412627754,
      22.639330784505866,
      21.614286365751298,
      21.60364509949145,
      21.599727351744786,
      21.590809785742664,
      21.570337446719503,
      21.569456565199783,
      19.610503690326635,
      19.609532084495974,
      19.608930379362267,
      19.60123521186334,
      19.58871407327151,
      19.576260749807457,
      19.5703250766237,
      19.566861573097903,
      18.659614135868573,
      18.641243454699648,
      18.605905123393452,
      17.692192347548634
    ],
    [
      34.428450260772586,
      31.863321936764784,
      30.668185505643393,
      29.392677415594584,
      28.248434382970125,
      28.185714020794926,
      28.13887393942072,
      27.04589062874216,
      27.034638334309786,
      27.02799590573564,
      27.023912054851635,
      27.012792540898193,
      27.010816154538738,
      25.945061466892014,
      25.9169899033632,
      25.912112642456158,
      24.85994243768727,
      24.845573182738296,
      24.820342718575063,
      24.778985855558364,
      23.75615058548869,
      23.74639782070292,
      23.714087031814223,
      23.672703799501594,
      23.671313318121705,
      23.657739713406862,
      22.651118885492156,
      22.638162376091895,
      22.59535445660305,
      22.570919046979704,
      21.616330880883492,
      21.598582749523175,
      21.590809785742664,
      21.572464884340437,
      21.570337446719503,
      21.569456565199783,
      20.60163247981748,
      20.59728763085484,
      20.58341364982029,
      20.561072783627772,
      19.610503690326635,
      19.58871407327151,
      18.659614135868573,
      18.641243454699648,
      18.63342422327759,
      17.697602706257616,
      17.692192347548634,
      17.684616510014543,
