{
  "test_loss_values": [
    0.626693719625473,
    0.21869130432605743,
    0.38366020917892457,
    0.1408982127904892
  ],
  "log_exp_r_n_values": [
    905497.6317460472,
    721695.7460407801,
    838553.5913884458,
    676698.1538815586
  ],
  "log_exp_r_n_acc_values": [
    -Infinity,
    -Infinity,
    -Infinity,
    -Infinity
  ],
  "model_data_levels": [
    1940,
    19940,
    5940,
    59940
  ],
  "loss_landscape_data_param": 1940,
  "train_loss_values": [
    7.958866626722738e-05,
    0.00015562157204840332,
    0.00013550609583035111,
    0.0005292039131745696
  ],
  "num_params": 300938,
  "dataset_type": "data",
  "top_r_vals": [
    [
      20.26571529167743,
      20.198937537414473,
      18.16720808044938,
      18.164835275697314,
      18.141932463842977,
      18.14145225335744,
      18.122187338584713,
      18.12015955901343,
      18.10439332063533,
      18.089930510717977,
      16.19203093090589,
      16.177301935219866,
      16.17650105507809,
      16.17486330018143,
      16.173524300573607,
      16.168371671706417,
      16.167597787524475,
      16.160443858168176,
      14.348122959391901,
      14.34784715845322,
      14.346938450158149,
      14.338292967554333,
      14.335955833588411,
      14.333354058259363,
      14.332349696459547,
      14.331582874196512,
      14.330817646158557,
      14.33038401693705,
      14.330095462197736,
      14.329550237220694,
      14.329068781246812,
      14.327705718804205,
      14.32652599224569,
      14.326215118355272,
      14.318441676869709,
      14.317773696561577,
      14.316866582491585,
      14.314231328435875,
      14.311792164064894,
      14.30835501479441,
      14.305498163452711,
      14.305200043362923,
      12.617218045601614,
      12.59560072717588,
      12.59085214718205,
      12.587381438228164,
      12.561123430236313,
      10.98829524928898,
      10.980072211421351,
      9.457182620425773
    ],
    [
      11.00299223592459,
      10.98860405566875,
      10.952647031393484,
      10.943291296607175,
      9.471221086237216,
      9.465513716862041,
      9.46397084326735,
      9.462253265022785,
      9.461590229303374,
      9.460578836721862,
      9.4602925736811,
      9.460083138588779,
      9.459614803834592,
      9.458657085573222,
      9.456012309759132,
      9.454860942970187,
      9.454522058046933,
      9.45262240808894,
      9.451564708250835,
      9.451368954847961,
      9.450224955122566,
      9.449629275412747,
      9.448019045808467,
      9.445749990235374,
      9.434799376488611,
      8.075019549185033,
      8.074314702421947,
      8.070664026629936,
      8.068001571108816,
      8.063081095041323,
      8.062867668158862,
      8.061515366735538,
      8.060101189451332,
      8.059334466827366,
      8.058780274334252,
      8.0586708706382,
      8.05849600407484,
      8.058191108528467,
      8.058145374196512,
      8.055827271292472,
      8.054123443239211,
      8.053747704315887,
      8.04639703139348,
      6.783590434510032,
      6.781729992525078,
      6.778513967255016,
      6.773634168836806,
      6.7729514793113434,
      6.761442207995756,
      5.597693539920992
    ],
    [
      16.22379977643983,
      16.17034057704372,
      14.352462440057138,
      14.346938450158149,
      14.333986965615756,
      14.329550237220694,
      14.318765304560761,
      14.317163108356292,
      14.304705833588411,
      14.293278428221612,
      12.616116722534294,
      12.606252454857525,
      12.60201530351455,
      12.598564211002067,
      12.597674465267017,
      12.595064077386077,
      12.594785243683283,
      12.594161721081555,
      12.592710104417758,
      12.587832616380425,
      12.587230111394486,
      12.583183519767994,
      12.578723581697659,
      12.573191745222108,
      10.98507048069075,
      10.980072211421351,
      10.97596618509113,
      10.973205236351843,
      10.972032260340148,
      10.970693285642094,
      10.969803483860069,
      10.968895373399402,
      10.968508449990757,
      10.965007830634315,
      10.962556908853374,
      10.96002420830783,
      10.959333360833721,
      10.952418783199741,
      10.94213418811697,
      9.476932665362991,
      9.474601515968558,
      9.47200304741106,
      9.461084006793792,
      9.460102082466475,
      9.457182620425773,
      9.45712894610563,
      9.45196779187073,
      9.445749990235374,
      8.061184465392563,
      8.0586708706382
    ],
    [
      9.474867782693972,
      9.462253265022785,
      9.45852447842934,
      9.451368954847961,
      9.44386402196683,
      9.44334096045485,
      8.083831030475208,
      8.074314702421947,
      8.065289794249312,
      8.063081095041323,
      8.062867668158862,
      8.061084925964188,
      8.06084100952709,
      8.0606625559573,
      8.060263501492196,
      8.055924120466024,
      8.055827271292472,
      8.054305483815428,
      8.053404248450414,
      8.05175512224518,
      8.046675024391645,
      8.039969115874657,
      8.03911899535124,
      6.785259482301313,
      6.783590434510032,
      6.781599633487655,
      6.781170126832563,
      6.779362431278936,
      6.778513967255016,
      6.775979124469522,
      6.774274661217207,
      6.773912217881945,
      6.773209183304399,
      6.7729514793113434,
      6.772723916136189,
      6.772174599729939,
      6.7716139805169755,
      6.7715220510223775,
      6.771375114535108,
      6.771118917582948,
      6.7702810028452935,
      6.769456651475695,
      6.767700948832948,
      6.767385223765433,
      6.766137393904321,
      6.764558015046297,
      6.76293342496142,
      5.604735531012462,
      5.598044767633725,
      5.595934287636467
    ]
  ],
  "top_r_val_seeds": [
    [
      7,
      19,
      31,
      29,
      4,
      27,
      15,
      44,
      17,
      2,
      24,
      33,
      26,
      10,
      36,
      49,
      14,
      39,
      40,
      46,
      5,
      30,
      37,
      9,
      21,
      22,
      11,
      43,
      48,
      32,
      23,
      1,
      38,
      20,
      34,
      8,
      3,
      25,
      28,
      16,
      6,
      47,
      35,
      18,
      41,
      50,
      42,
      13,
      45,
      12
    ],
    [
      7,
      29,
      6,
      2,
      5,
      30,
      37,
      9,
      21,
      11,
      43,
      33,
      26,
      10,
      19,
      49,
      50,
      15,
      44,
      3,
      39,
      25,
      28,
      16,
      42,
      35,
      31,
      46,
      24,
      4,
      27,
      22,
      23,
      1,
      36,
      38,
      20,
      12,
      41,
      14,
      34,
      8,
      17,
      13,
      40,
      45,
      18,
      32,
      47,
      48
    ],
    [
      7,
      19,
      29,
      5,
      27,
      32,
      15,
      44,
      17,
      2,
      31,
      24,
      30,
      4,
      9,
      43,
      33,
      26,
      1,
      49,
      14,
      3,
      28,
      6,
      46,
      45,
      37,
      21,
      11,
      23,
      10,
      36,
      20,
      50,
      34,
      39,
      25,
      47,
      42,
      35,
      13,
      40,
      22,
      48,
      12,
      41,
      8,
      16,
      18,
      38
    ],
    [
      29,
      9,
      1,
      3,
      6,
      17,
      7,
      31,
      30,
      4,
      27,
      11,
      43,
      33,
      26,
      50,
      14,
      15,
      44,
      25,
      47,
      2,
      42,
      35,
      13,
      46,
      5,
      24,
      45,
      37,
      21,
      22,
      48,
      32,
      23,
      10,
      36,
      38,
      20,
      12,
      19,
      49,
      34,
      8,
      39,
      28,
      16,
      40,
      18,
      41
    ]
  ],
  "loss_predicts_minimas": true,
  "loss_ordering_violations": 3,
  "test_loss_ranks": [
    1,
    3,
    2,
    4
  ],
  "log_exp_r_n_ranks": [
    1,
    3,
    2,
    4
  ],