{
  "test_loss_values": [
    0.49606948971748355,
    0.5079651109874248,
    0.3372538462281227,
    0.479754601418972,
    0.16964907944202423,
    0.2204059600830078,
    0.5345132321119308,
    0.42428878545761106
  ],
  "log_exp_r_n_values": [
    889656.6673204604,
    882019.2167864008,
    889656.6673204604,
    889656.6673204604,
    889656.6673204604,
    912602.2912080309,
    881752.4140332128,
    897430.2657936991
  ],
  "log_exp_r_n_acc_values": [
    -Infinity,
    -Infinity,
    -Infinity,
    -Infinity,
    -Infinity,
    -Infinity,
    -Infinity,
    -Infinity
  ],
  "model_data_levels": [
    200,
    100,
    2000,
    500,
    10000,
    5000,
    0,
    1000
  ],
  "loss_landscape_data_param": 5000,
  "train_loss_values": [
    0.4105273485183716,
    0.43621692061424255,
    0.1694941371679306,
    0.3758028447628021,
    0.060273539274930954,
    0.03262604400515556,
    0.4798547327518463,
    0.28731128573417664
  ],
  "num_params": 235146,
  "dataset_type": "data",
  "top_r_vals": [
    [
      43.96699053034489,
      42.56190168408143,
      38.47689753139125,
      38.39549876226295,
      38.32289430822454,
      38.32162796551855,
      34.46078639556529,
      34.428450260772586,
      34.41157001046375,
      34.369235173930015,
      34.36357234566534,
      33.18007809047594,
      33.154747734629495,
      33.15267646334689,
      33.118875566490594,
      33.11264299867744,
      31.8730593090578,
      31.85967994305206,
      31.845342474132348,
      31.8410470462147,
      31.832093394087714,
      30.691286960107732,
      30.668185505643393,
      30.66425338417215,
      30.626030312153766,
      30.61185849170179,
      30.610236323020363,
      30.583875118664135,
      30.569090650182833,
      29.42895944064135,
      29.419445331161494,
      29.387491097260856,
      28.237726201674196,
      28.236859746281656,
      28.184092967980604,
      28.17244020826494,
      27.065133584303968,
      27.027474997702914,
      27.01928005891359,
      27.012792540898193,
      27.010731038847116,
      25.934891130456972,
      25.933511604302726,
      25.90607436190157,
      25.89251065203037,
      25.874622470101173,
      23.63293633042332,
      22.644637068571253,
      22.61195440541126,
      20.59354774446392
    ],
    [
      42.56190168408143,
      41.084710040022266,
      38.32289430822454,
      37.114992038411536,
      36.965218302198224,
      35.73989354233282,
      35.7019369868491,
      34.41157001046375,
      33.17264735265524,
      33.154747734629495,
      33.15267646334689,
      33.118875566490594,
      33.08451830199601,
      33.07906714940517,
      31.91619197978103,
      31.8730593090578,
      31.87004469235778,
      31.84688987047039,
      31.8410470462147,
      31.832093394087714,
      30.668185505643393,
      30.66425338417215,
      30.61449981386596,
      30.599220217889258,
      30.569090650182833,
      29.413239511792487,
      29.409877563732415,
      29.39664255301491,
      29.372753663965046,
      29.35851950522749,
      28.285090062435287,
      28.24003438202318,
      28.237726201674196,
      28.21188878595237,
      28.174501590868914,
      27.072579505007024,
      27.065133584303968,
      27.027474997702914,
      27.021988440220987,
      27.01928005891359,
      25.934891130456972,
      25.89251065203037,
      25.87356581177026,
      24.81822353436343,
      24.791966248984252,
      24.76186696689739,
      22.644637068571253,
      22.570919046979704,
      21.572464884340437,
      19.60123521186334
    ],
    [
      43.96699053034489,
      42.56190168408143,
      41.274325030484746,
      41.18700823860094,
      39.702477442592404,
      38.395614763121515,
      37.09064789099639,
      37.06882138019988,
      37.05767151358237,
      37.043544774777835,
      36.96643982218726,
      35.781474745498464,
      35.73989354233282,
      35.67842284342469,
      35.672544307568586,
      35.655744638585325,
      34.45877323414092,
      34.44004000944578,
      34.411407658735975,
      34.40747441754449,
      34.404926577763334,
      34.393661532545686,
      34.38735146205963,
      34.37768179315355,
      33.195695976052534,
      33.17264735265524,
      33.14281812890221,
      33.1401092227982,
      33.13210336337388,
      33.10978614462467,
      33.09611658766904,
      33.079519328347146,
      33.063528447237765,
      31.90308922089271,
      31.814009702686395,
      30.591340562417727,
      30.58169809893728,
      29.42644676839832,
      29.417558051568058,
      29.376626287679816,
      29.36066767347061,
      28.23912531407035,
      28.236859746281656,
      28.21700584423373,
      28.20774826551097,
      28.17350197122547,
      28.17235143209767,
      27.014498259358287,
      26.96547332329809,
      25.922633567689264
    ],
    [
      43.96699053034489,
      42.56190168408143,
      41.274325030484746,
      38.39549876226295,
      38.32162796551855,
      36.96643982218726,
      35.73989354233282,
      35.73311839492986,
      35.72237029210122,
      35.672544307568586,
      34.442191711011176,
      34.44004000944578,
      34.404926577763334,
      34.369235173930015,
      33.18007809047594,
      33.17070944290391,
      33.12132816840169,
      33.10803160697884,
      33.106422933507844,
      33.09611658766904,
      31.931214953296088,
      31.909044291514892,
      31.863321936764784,
      31.85132560634615,
      31.848577574766548,
      31.8410470462147,
      31.804081912450226,
      31.804043828861595,
      30.66425338417215,
      30.642398417993896,
      30.63989388202495,
      30.632492014953648,
      30.596014411849005,
      30.583875118664135,
      30.57863293222452,
      28.236859746281656,
      28.192979462324182,
      28.189815479722732,
      28.184092967980604,
      27.07331149995497,
      27.065133584303968,
      27.012792540898193,
      27.01183413821053,
      27.010731038847116,
      25.934891130456972,
      25.90607436190157,
      24.800102792783555,
      23.675902503448462,
      22.570919046979704,
      21.61036182107933
    ],
    [
      43.96699053034489,
      41.131352273843696,
      39.86763081211402,
      38.39549876226295,
      38.32162796551855,
      37.05767151358237,
      35.777625383143146,
      35.75192476594657,
      35.73311839492986,
      35.71547379877462,
      35.67303193840986,
      35.672544307568586,
      34.442191711011176,
      34.428450260772586,
      34.411407658735975,
      34.3984519908598,
      34.391990392094485,
      34.372430255932564,
      34.34738912544106,
      34.3268527142228,
      33.195695976052534,
      33.17070944290391,
      33.14281812890221,
      33.10978614462467,
      33.10195740598407,
      33.0926491878559,
      33.08451830199601,
      31.909044291514892,
      31.877745594858762,
      31.85967994305206,
      31.84688987047039,
      31.83542871469199,
      31.814009702686395,
      30.66425338417215,
      30.57020613197208,
      30.569090650182833,
      29.428012100296407,
      29.425651150530502,
      29.419445331161494,
      29.417558051568058,
      29.376626287679816,
      29.36066767347061,
      28.21700584423373,
      28.20774826551097,
      28.176280665260975,
      27.07331149995497,
      27.021988440220987,
      27.010731038847116,
      24.71936780429092,
      23.71749460635464
    ],
    [
      48.47360705970522,
      42.56190168408143,
      41.274325030484746,
      41.18700823860094,
      41.107766733419766,
      39.801776776075734,
      37.118985289826085,
      37.09064789099639,
      37.075849782426886,
      37.05051722952443,
      37.02117743833732,
      37.00648889358362,
      37.00598303511488,
      35.77346142024508,
      35.77137157378247,
      35.75192476594657,
      35.73837222399391,
      35.73311839492986,
      35.72973868624195,
      35.70875258289327,
      35.6972292144414,
