{
  "test_loss_values": [
    0.38958768248558046,
    0.3553813099861145
  ],
  "log_exp_r_n_values": [
    767869.6558474418,
    725588.2143072906
  ],
  "log_exp_r_n_acc_values": [
    -Infinity,
    -Infinity
  ],
  "model_data_levels": [
    4500,
    8500
  ],
  "loss_landscape_data_param": 4500,
  "train_loss_values": [
    0.0002973634982481599,
    0.0003740220854524523
  ],
  "num_params": 235146,
  "dataset_type": "data",
  "top_r_vals": [
    [
      26.193940342378774,
      24.014928747106485,
      23.960939007040896,
      23.94958797501929,
      23.948552637924386,
      23.94054572964892,
      23.939207477334108,
      23.932594581886576,
      23.865782937885804,
      21.883190452778855,
      21.874786769281958,
      21.871856465265225,
      21.86069274846297,
      21.859621690762385,
      21.85899690710371,
      21.858083761756415,
      21.852814981760076,
      21.849049801997246,
      21.849042936242757,
      21.847770025360138,
      21.847202914039187,
      21.843034027912292,
      21.84122558817938,
      21.839693151777006,
      21.835128798191434,
      21.832025477161533,
      21.830788268202266,
      21.82851570346577,
      21.823936245220317,
      21.81807563718686,
      21.816768397531785,
      21.81674093451382,
      21.81465099884678,
      21.814282994406067,
      21.81411958944918,
      21.81287139528273,
      21.812624228121056,
      21.81234410533783,
      21.812208163398907,
      21.81189508499412,
      21.807999455895967,
      21.806177284654073,
      21.803479043139134,
      21.799360963595475,
      21.799245618920025,
      21.799179707676913,
      21.79886525612123,
      21.797371267944,
      21.794461561190744,
      21.79007434407104
    ],
    [
      21.883190452778855,
      21.88137102783876,
      21.838390031574626,
      21.812377060959385,
      21.81234410533783,
      21.812208163398907,
      19.858135888557296,
      19.841076434722865,
      19.837455800109687,
      19.828292742370046,
      19.825926314518295,
      19.823699381360964,
      19.821147375746104,
      19.819341417648715,
      19.817732246709525,
      19.81772601926781,
      19.816571451573825,
      19.816057064888156,
      19.809245489140146,
      19.808566697993196,
      19.80665113692162,
      19.80638211143953,
      19.806204006606475,
      19.805105485887925,
      19.801540898250185,
      19.801166006258935,
      19.79973992210617,
      19.79910721402791,
      19.794953510403918,
      19.79353863564624,
      19.79304791323909,
      19.792375349533856,
      19.79219226274743,
      19.791136088632545,
      19.790987875519722,
      19.789736159734982,
      19.78942727862591,
      19.78845206125332,
      19.786531518228376,
      19.786197727352445,
      19.786049514239625,
      19.78491736533581,
      19.78403182312392,
      19.78343025225424,
      19.781393878813393,
      19.780574347483682,
      19.779003786683123,
      19.778835645756818,
      19.777806872385476,
      19.776398225069514
    ]
  ],
  "top_r_val_seeds": [
    [
      52,
      246,
      301,
      440,
      231,
      222,
      10,
      291,
      95,
      173,
      140,
      128,
      99,
      329,
      469,
      13,
      475,
      175,
      248,
      348,
      221,
      122,
      156,
      487,
      468,
      499,
      304,
      321,
      356,
      442,
      110,
      305,
      314,
      317,
      176,
      189,
      8,
      491,
      144,
      298,
      103,
      316,
      214,
      36,
      142,
      188,
      381,
      263,
      14,
      331
    ],
    [
      173,
      246,
      392,
      10,
      491,
      144,
      384,
      140,
      259,
      99,
      13,
      377,
      475,
      198,
      175,
      248,
      348,
      221,
      487,
      346,
      209,
      52,
      389,
      468,
      483,
      412,
      452,
      321,
      356,
      62,
      440,
      470,
      231,
      166,
      431,
      12,
      186,
      110,
      314,
      317,
      176,
      189,
      298,
      53,
      439,
      72,
      291,
      271,
      147,
      214
    ]
  ],
  "loss_predicts_minimas": true,
  "loss_ordering_violations": 1,
  "test_loss_ranks": [
    1,
    2
  ],
  "log_exp_r_n_ranks": [
    1,
    2
  ],
  "data_level_ranks": [
    2,
    1
  ],
  "accuracy_predicts_minimas": true,
  "accuracy_ordering_violations": 1,
  "log_exp_r_n_acc_ranks": [
    1,
    2
  ]
}