{
  "test_loss_values": [
    0.5328791067004204
  ],
  "log_exp_r_n_values": [
    836868.8867512731
  ],
  "log_exp_r_n_acc_values": [
    -Infinity
  ],
  "model_data_levels": [
    0
  ],
  "loss_landscape_data_param": 0,
  "train_loss_values": [
    0.002636304125189781
  ],
  "num_params": 235146,
  "dataset_type": "data",
  "top_r_vals": [
    [
      35.12628651204519,
      33.62307061499165,
      33.37276713550289,
      33.12062407255889,
      32.905609930461935,
      32.356932030566604,
      31.4099035159027,
      31.14262808283691,
      30.36720925454691,
      30.20292204512939,
      30.046791937167843,
      28.727618956583267,
      28.692928963459867,
      28.43308850698699,
      28.41709477147161,
      28.26842732318805,
      27.69830707110858,
      26.841819856364552,
      26.630089502773465,
      26.37144982348523,
      25.924160868125924,
      25.757372868980326,
      25.678959054946738,
      25.084204653716057,
      24.59613604066086,
      24.3980216139563,
      24.362940987784583,
      24.11308620642136,
      23.728155687314402,
      23.270482977423775,
      23.081206903033735,
      23.019744315933448,
      22.847320112637828,
      22.223062771865727,
      22.218755195688917,
      21.6375947744578,
      21.397167034802962,
      21.041205220798876,
      20.798760560800982,
      20.2172208675807,
      20.040701366884697,
      19.84543677383844,
      19.798681704987057,
      19.647827627575225,
      19.647224747368867,
      19.619689923517704,
      18.084210466880766,
      16.812392412251423,
      16.611034879959167,
      16.10205886038848
    ]
  ],
  "top_r_val_seeds": [
    [
      50,
      25,
      1,
      35,
      39,
      15,
      40,
      44,
      33,
      14,
      12,
      21,
      48,
      45,
      7,
      9,
      29,
      49,
      47,
      36,
      37,
      28,
      3,
      22,
      43,
      2,
      24,
      20,
      30,
      11,
      27,
      16,
      23,
      41,
      17,
      5,
      18,
      19,
      38,
      32,
      26,
      10,
      13,
      8,
      34,
      6,
      42,
      4,
      31,
      46
    ]
  ],
  "test_acc_values": [
    0.8886000096797944
  ],
  "loss_predicts_minimas": true,
  "loss_ordering_violations": 0,
  "test_loss_ranks": [
    1
  ],
  "log_exp_r_n_ranks": [
    1
  ],
  "data_level_ranks": [
    1
  ],
  "accuracy_predicts_minimas": true,
  "accuracy_ordering_violations": 0,
  "log_exp_r_n_acc_ranks": [
    1
  ]
}