{
  "test_loss_values": [
    4.814334342069924
  ],
  "log_exp_r_n_values": [
    10801.367071744096
  ],
  "log_exp_r_n_acc_values": [
    -2243.627479741347
  ],
  "model_data_levels": [
    0
  ],
  "loss_landscape_data_param": 200,
  "train_loss_values": [
    3.556445360183716
  ],
  "num_params": 4353,
  "dataset_type": "data",
  "top_r_vals": [
    [
      11.968285808837235,
      10.307529461094266,
      7.695489963361321,
      7.020617139748782,
      5.561817241351374,
      4.3849744067804375,
      4.340103275046673,
      4.041146358787097,
      3.6913986064551727,
      3.5310055349043616,
      3.292407060776993,
      2.8864860371263017,
      2.6416124165642176,
      2.624932388327543,
      2.5524422856201654,
      2.542700402905212,
      2.4482982419356296,
      2.349457049038917,
      2.181208398736046,
      2.159623480434312,
      2.1106842437652,
      1.9367048747933693,
      1.9036476730399594,
      1.8870261394042804,
      1.862219099906494,
      1.7876798986554983,
      1.740266677556514,
      1.7209042969868569,
      1.687366702975894,
      1.6314858255167703,
      1.557924132389291,
      1.5499431318145767,
      1.3700508468772827,
      1.3662815581628927,
      1.1923758407081635,
      1.1051160577780017,
      1.042908352631444,
      1.004311255406589,
      0.9842008211203135,
      0.9638273989783703,
      0.908869204876241,
      0.8902060680267874,
      0.8601237143160262,
      0.8374432189164891,
      0.8217572239406574,
      0.794446525270275,
      0.7346180479102677,
      0.6071552559078293,
      0.553570889477597,
      0.5139821950367848
    ]
  ],
  "top_r_val_seeds": [
    [
      21,
      44,
      29,
      42,
      41,
      1,
      38,
      4,
      43,
      50,
      39,
      32,
      16,
      12,
      18,
      33,
      11,
      17,
      25,
      37,
      49,
      6,
      19,
      36,
      34,
      27,
      13,
      46,
      3,
      9,
      26,
      28,
      48,
      8,
      31,
      30,
      10,
      15,
      47,
      24,
      40,
      45,
      22,
      14,
      23,
      2,
      7,
      5,
      35,
      20
    ]
  ],
  "test_acc_values": [
    0.70375
  ],
  "loss_predicts_minimas": true,
  "loss_ordering_violations": 0,
  "test_loss_ranks": [
    1
  ],
  "log_exp_r_n_ranks": [
    1
  ],
  "data_level_ranks": [
    1
  ],
  "accuracy_predicts_minimas": true,
  "accuracy_ordering_violations": 0,
  "log_exp_r_n_acc_ranks": [
    1
  ]
}