{
  "test_loss_values": [
    4.04731290997006
  ],
  "log_exp_r_n_values": [
    6954.79195368682
  ],
  "log_exp_r_n_acc_values": [
    -Infinity
  ],
  "model_data_levels": [
    0
  ],
  "loss_landscape_data_param": 5,
  "train_loss_values": [
    0.7801410555839539
  ],
  "num_params": 4353,
  "dataset_type": "data",
  "top_r_vals": [
    [
      4.946100958972504,
      3.8869903499656853,
      3.66755609772315,
      3.598924652946242,
      3.3324059404123845,
      3.235658808520733,
      2.9997630275127007,
      2.969011034747914,
      2.87676736494036,
      2.824215835023792,
      2.818142240722749,
      2.74312182813301,
      2.708699614357225,
      2.576200457213665,
      2.548072330513562,
      2.4418170986301617,
      2.4059106140326607,
      2.349457049038917,
      2.1521313935536632,
      2.1124200207122237,
      2.056487868467817,
      1.9521426310855434,
      1.9128498970210492,
      1.7799803755950332,
      1.7568075079275853,
      1.7516855556134154,
      1.6950123531314096,
      1.6592668422827133,
      1.6314858255167703,
      1.6288683042734458,
      1.5827577097614225,
      1.5826344045585015,
      1.582530634767648,
      1.5553446861745743,
      1.5424037902698278,
      1.4542142556691529,
      1.4422959118874819,
      1.4083720993458797,
      1.343568101411577,
      1.2839956624072772,
      1.2316827108875013,
      1.2040040021050666,
      1.14963526065656,
      1.13958352653112,
      1.0125063500472602,
      0.953748168565525,
      0.9425260529392004,
      0.7653586566665908,
      0.5966351345715085,
      0.4637149037910426
    ]
  ],
  "top_r_val_seeds": [
    [
      35,
      20,
      36,
      43,
      11,
      50,
      3,
      42,
      13,
      26,
      30,
      40,
      15,
      47,
      2,
      4,
      21,
      17,
      12,
      37,
      1,
      14,
      33,
      29,
      5,
      10,
      28,
      27,
      9,
      24,
      22,
      49,
      19,
      18,
      8,
      46,
      38,
      48,
      7,
      23,
      41,
      44,
      34,
      31,
      25,
      6,
      32,
      39,
      16,
      45
    ]
  ],
  "test_acc_values": [
    0.78575
  ],
  "loss_predicts_minimas": true,
  "loss_ordering_violations": 0,
  "test_loss_ranks": [
    1
  ],
  "log_exp_r_n_ranks": [
    1
  ],
  "data_level_ranks": [
    1
  ],
  "accuracy_predicts_minimas": true,
  "accuracy_ordering_violations": 0,
  "log_exp_r_n_acc_ranks": [
    1
  ]
}