{
  "test_loss_values": [
    0.17396903038024902
  ],
  "log_exp_r_n_values": [
    726699.3839288666
  ],
  "log_exp_r_n_acc_values": [
    -Infinity
  ],
  "model_data_levels": [
    0
  ],
  "loss_landscape_data_param": 0,
  "train_loss_values": [
    0.05941518396139145
  ],
  "num_params": 235146,
  "dataset_type": "data",
  "top_r_vals": [
    [
      21.98662768983352,
      21.839065849273318,
      21.834963476266395,
      21.181172443988974,
      20.791682498852314,
      20.58859060800626,
      20.44536210012722,
      20.43460734866298,
      19.638937615351924,
      19.453641246821142,
      19.452742232895428,
      19.4304185551292,
      19.083306682157243,
      19.040392968321996,
      18.869046250523887,
      18.4818506118291,
      18.276939926276885,
      18.269438619886113,
      17.945314684053425,
      17.909435336237138,
      17.88626351576802,
      17.4861705623516,
      17.355953308506724,
      17.342373811040506,
      17.161268061867393,
      16.956112360038382,
      16.65754592958301,
      16.651665330423736,
      16.306023818700986,
      16.081852737269262,
      15.783207920230193,
      15.725274802357253,
      15.583463377868773,
      15.57742602104551,
      15.546182062633141,
      15.401674094953313,
      15.080804316891967,
      15.035646272523774,
      14.723834292529084,
      14.723382501703911,
      14.039736713597707,
      13.717110462799509,
      13.538190524376786,
      13.388071599732358,
      12.891657048813867,
      12.891130584057304,
      12.135364007690434,
      11.658421763780114,
      11.525109794454702,
      10.652888294110081
    ]
  ],
  "top_r_val_seeds": [
    [
      12,
      48,
      37,
      29,
      7,
      17,
      21,
      2,
      25,
      47,
      26,
      36,
      39,
      27,
      35,
      49,
      6,
      3,
      22,
      30,
      11,
      16,
      33,
      42,
      24,
      20,
      9,
      44,
      28,
      45,
      14,
      31,
      10,
      1,
      18,
      15,
      40,
      38,
      8,
      34,
      32,
      5,
      50,
      43,
      13,
      23,
      46,
      41,
      4,
      19
    ]
  ],
  "test_acc_values": [
    0.9503999948501587
  ],
  "loss_predicts_minimas": true,
  "loss_ordering_violations": 0,
  "test_loss_ranks": [
    1
  ],
  "log_exp_r_n_ranks": [
    1
  ],
  "data_level_ranks": [
    1
  ],
  "accuracy_predicts_minimas": true,
  "accuracy_ordering_violations": 0,
  "log_exp_r_n_acc_ranks": [
    1
  ]
}