{
  "test_loss_values": [
    0.5004135519266129,
    0.5037397129833698,
    0.34344325959682465,
    0.472473981231451,
    0.1695643812417984,
    0.2279261529445648,
    0.5297454953193664,
    0.42469351887702944
  ],
  "log_exp_r_n_values": [
    -Infinity,
    -Infinity,
    744834.9334022074,
    -Infinity,
    613386.1670238578,
    675476.5006157544,
    -Infinity,
    755403.7377265836
  ],
  "log_exp_r_n_acc_values": [
    -Infinity,
    418740.1803371349,
    -Infinity,
    -Infinity,
    -Infinity,
    -Infinity,
    -Infinity,
    -Infinity
  ],
  "model_data_levels": [
    200,
    100,
    2000,
    500,
    10000,
    5000,
    0,
    1000
  ],
  "loss_landscape_data_param": 1000,
  "train_loss_values": [
    0.17579130828380585,
    0.2123710662126541,
    0.01002213079482317,
    0.128938227891922,
    0.0639246478676796,
    0.032749224454164505,
    0.2738252878189087,
    0.005444064736366272
  ],
  "num_params": 235146,
  "dataset_type": "data",
  "top_r_vals": [
    [
      0.0,
      0.0,
      0.0,
      0.0,
      0.0,
      0.0,
      0.0,
      0.0,
      0.0,
      0.0,
      0.0,
      0.0,
      0.0,
      0.0,
      0.0,
      0.0,
      0.0,
      0.0,
      0.0,
      0.0,
      0.0,
      0.0,
      0.0,
      0.0,
      0.0,
      0.0,
      0.0,
      0.0,
      0.0,
      0.0,
      0.0,
      0.0,
      0.0,
      0.0,
      0.0,
      0.0,
      0.0,
      0.0,
      0.0,
      0.0,
      0.0,
      0.0,
      0.0,
      0.0,
      0.0,
      0.0,
      0.0,
      0.0,
      0.0,
      0.0
    ],
    [
      0.0,
      0.0,
      0.0,
      0.0,
      0.0,
      0.0,
      0.0,
      0.0,
      0.0,
      0.0,
      0.0,
      0.0,
      0.0,
      0.0,
      0.0,
      0.0,
      0.0,
      0.0,
      0.0,
      0.0,
      0.0,
      0.0,
      0.0,
      0.0,
      0.0,
      0.0,
      0.0,
      0.0,
      0.0,
      0.0,
      0.0,
      0.0,
      0.0,
      0.0,
      0.0,
      0.0,
      0.0,
      0.0,
      0.0,
      0.0,
      0.0,
      0.0,
      0.0,
      0.0,
      0.0,
      0.0,
      0.0,
      0.0,
      0.0,
      0.0
    ],
    [
      23.749442855570255,
      22.60757144897057,
      21.579982283729418,
      20.62711215609839,
      20.59596629932774,
      20.58341364982029,
      19.618193925816268,
      19.593279880874224,
      19.59055124673304,
      19.58695704496099,
      19.57845795994735,
      19.566861573097903,
      19.565626104770082,
      18.640739441881255,
      18.636808141897806,
      18.63074709472595,
      18.62936750615096,
      18.622306638202154,
      18.598153875095733,
      18.576053499070714,
      17.711672754697837,
      17.67410959785284,
      17.665004794282932,
      17.656706759545607,
      17.645545530041066,
      16.806548739354998,
      16.77912011641071,
      16.77840588979687,
      16.770893323006366,
      16.77081419893541,
      16.7613509600489,
      15.901166836952507,
      15.899316186775586,
      15.884507989164572,
      15.883663061992594,
      15.860973871102528,
      15.019241371153823,
      15.011340889502426,
      14.9976092123485,
      14.98353013679002,
      14.979401004666324,
      14.16904502848038,
      14.16189244057126,
      14.144120990054502,
      14.143848391735883,
      14.111402065066812,
      13.336944168563598,
      13.307918335987411,
      11.755604749231496,
      10.28342978088143
    ],
    [
      0.0,
      0.0,
      0.0,
      0.0,
      0.0,
      0.0,
      0.0,
      0.0,
      0.0,
      0.0,
      0.0,
      0.0,
      0.0,
      0.0,
      0.0,
      0.0,
      0.0,
      0.0,
      0.0,
      0.0,
      0.0,
      0.0,
      0.0,
      0.0,
      0.0,
      0.0,
      0.0,
      0.0,
      0.0,
      0.0,
      0.0,
      0.0,
      0.0,
      0.0,
      0.0,
      0.0,
      0.0,
      0.0,
      0.0,
      0.0,
      0.0,
      0.0,
      0.0,
      0.0,
      0.0,
      0.0,
      0.0,
      0.0,
      0.0,
      0.0
    ],
    [
      13.579345405349573,
      12.917923415449229,
      12.442744922099276,
      12.422709558908258,
      12.290905628352785,
      12.130438765157955,
      11.80704922793007,
      11.66248439700786,
      11.544222560811171,
      11.538667493829932,
      11.51232878917045,
      11.384836654347282,
      11.055972945215338,
      10.929610437260177,
      10.789879867652067,
      10.652360494898833,
      10.642613624185527,
      10.642049655992798,
      10.635480297282236,
      10.52043841954153,
      10.50857353941471,
      10.487884666794379,
      10.352643008691759,
      10.207733178392894,
      9.92249796772459,
      9.539456544041695,
      9.532284210942361,
      9.498510055781194,
      9.391987917832122,
      9.270577605336191,
      8.991174999448896,
      8.985810437799534,
      8.878054455129487,
      8.84266833130507,
      8.73108410595104,
      8.72841671793419,
      8.60578251491137,
      8.568223575552285,
      8.474338063605552,
      8.459268253508293,
      8.074155479051159,
      7.9597730863997125,
      7.832627379926661,
      7.581472444868709,
      7.472174405445079,
      7.34972929896262,
      7.002987203842356,
      6.412879869319708,
      5.978099304952739,
      5.8732993252045995
    ],
    [
      17.682935092488982,
      16.79864160719732,
      16.773276540023602,
      16.747730014980487,
      16.741895933481892,
      15.89838736612554,
      15.879883860551974,
      15.874719417991338,
      15.873543910566495,
      15.86834650985376,
      15.846085774940974,
      15.025484158244359,
      15.020179724453081,
      14.999810660933882,
      14.996263987548256,
      14.98975687558469,
      14.985893956368834,
      14.98353013679002,
      14.979932486464595,
      14.183448197158253,
      14.126212349534258,
      13.36912459982293,
      13.347399074228564,
      13.347305921673675,
      13.34673777501007,
      13.34632823945344,
      13.340761744889647,
      13.33313078829858,
      13.315837981577415,
      13.300014635429324,
      12.56242266609429,
      12.544790535592535,
      12.544422015858185,
      12.53734359612131,
      12.533440601247444,
      12.52904835105174,
      11.782441598105164,
      11.778937951876857,
      11.777932255073214,
      11.776243750866803,
      11.761107939914762,
      11.751187237130072,
      11.750758445930286,
      11.022267907903803,
      11.018651666215225,
      11.011646671766695,
      10.266167073288228,
      9.580723577056135,
      8.917623165650115,
      8.265872213883291
    ],
    [
      0.0,
      0.0,
      0.0,
      0.0,
      0.0,
      0.0,
      0.0,
      0.0,
      0.0,
      0.0,
      0.0,
      0.0,
      0.0,
      0.0,
      0.0,
      0.0,
      0.0,
      0.0,
      0.0,
      0.0,
      0.0,
      0.0,
      0.0,
      0.0,
      0.0,
      0.0,
      0.0,
      0.0,
      0.0,
      0.0,
      0.0,
      0.0,
      0.0,
      0.0,
      0.0,
      0.0,
      0.0,
      0.0,
      0.0,
      0.0,
      0.0,
      0.0,
      0.0,
      0.0,
      0.0,
      0.0,
      0.0,
      0.0,
      0.0,
      0.0
    ],
    [
      24.841230259571155,
      24.81072680317589,
      23.684152891893515,
      22.68859629781435,
      22.635177235083038,
      21.629058803212434,
      21.60159106866383,
      21.58524990084195,
      21.56828341589188,
      20.59728763085484,
      20.589064285233242,
      20.5823229035989,
      20.557433940235985,
      20.556135926324067,
      19.608930379362267,
      19.59841903455721,
      19.56413293895672,
      18.67257898652955,
      18.656131758930343,
      18.64223507061676,
      18.641243454699648,
      18.63296475112687,
      18.624254706351376,
      18.58647835955157,
      18.576053499070714,
      17.714978837734527,
      17.704313910160096,
      17.698356061429557,
      17.697602706257616,
      17.695001015870613,
      17.68959510830002,
      17.6795600168073,
      17.67410959785284,
      17.656706759545607,
