{
  "test_loss_values": [
    0.5272684580087662,
    0.5372755736112594,
    0.35973994731903075,
    0.5068882033228874,
    0.17222663760185242,
    0.22708712220191957,
    0.5525336116552353,
    0.4392503917217255
  ],
  "log_exp_r_n_values": [
    754628.8928561554,
    733248.302026849,
    822942.9659879195,
    764965.3968547417,
    832371.0840689959,
    831989.6107630354,
    722182.097338814,
    804497.7783576364
  ],
  "log_exp_r_n_acc_values": [
    -Infinity,
    -Infinity,
    -Infinity,
    -Infinity,
    -Infinity,
    -Infinity,
    -Infinity,
    -Infinity
  ],
  "model_data_levels": [
    200,
    100,
    2000,
    500,
    10000,
    5000,
    0,
    1000
  ],
  "loss_landscape_data_param": 10000,
  "train_loss_values": [
    0.5010002255439758,
    0.5240284204483032,
    0.28781870007514954,
    0.4750152826309204,
    0.06570125371217728,
    0.1481800377368927,
    0.5528321862220764,
    0.38166314363479614
  ],
  "num_params": 235146,
  "dataset_type": "data",
  "top_r_vals": [
    [
      24.759509023345274,
      23.703415236416856,
      22.635177235083038,
      20.602189511735766,
      20.59728763085484,
      20.592942781892198,
      19.633182302056767,
      19.596967790822834,
      19.58350093944913,
      17.714978837734527,
      17.71394394805963,
      17.711672754697837,
      17.68757317868788,
      17.67225792428399,
      17.656706759545607,
      17.65662997740844,
      17.646128629169716,
      16.747501082668517,
      16.740838835893904,
      15.876609018711648,
      15.858550947557353,
      15.856771207344037,
      15.038730610452793,
      15.030038098199709,
      14.9976092123485,
      14.98836350589686,
      14.985032068479274,
      14.978836482258922,
      14.154173275764617,
      13.34477569687195,
      13.335676118920015,
      13.31638179108704,
      13.300014635429324,
      12.554859725764501,
      12.544790535592535,
      12.527155248604833,
      12.500065497083407,
      11.783177726693397,
      11.778937951876857,
      11.778476575508176,
      11.777975208250394,
      11.77761380910446,
      11.020269057012648,
      11.01911635396577,
      11.008307855600831,
      11.006359634867572,
      9.609146808260052,
      9.601620044218423,
      9.580406991379638,
      8.931861649143322
    ],
    [
      22.60757144897057,
      20.581322836992115,
      18.619851040866042,
      17.71894702760623,
      17.693327387837233,
      17.68959510830002,
      17.686263431217608,
      16.778344700515326,
      16.756132991316164,
      16.739634040040123,
      16.729605327793177,
      15.899316186775586,
      15.89838736612554,
      15.856771207344037,
      15.005039573332864,
      14.992047061806018,
      14.985893956368834,
      14.979932486464595,
      14.183448197158253,
      14.179150764841204,
      14.144120990054502,
      14.135086048396227,
      13.36912459982293,
      13.340761744889647,
      13.33256851612042,
      13.325587948989163,
      12.537952797909144,
      12.526263541324713,
      12.52108453700664,
      12.500065497083407,
      11.776243750866803,
      11.76821372845008,
      11.752346232341928,
      11.751187237130072,
      11.736743861017064,
      11.030361797528986,
      10.311168973992134,
      10.307699063478017,
      10.302899258235666,
      10.288415589918618,
      9.612915023649972,
      9.60945614388289,
      9.60837588588751,
      8.931861649143322,
      8.285437809163003,
      8.278947895269967,
      8.277446536156168,
      8.276580728089845,
      8.268462344873512,
      8.260657048689586
    ],
    [
      33.106422933507844,
      31.863321936764784,
      30.63978214118941,
      30.62026217316067,
      30.56729509054971,
      29.34096595473442,
      28.285090062435287,
      28.27178251496174,
      28.26545099871215,
      28.205218144743817,
      27.094934290254514,
      27.066869944413046,
      27.058067279585543,
      27.02799590573564,
      25.873678326314757,
      24.845573182738296,
      24.841230259571155,
      24.797744849231435,
      24.794291421646502,
      24.778985855558364,
      24.772600213589293,
      24.76186696689739,
      23.69603613673345,
      23.69355356053588,
      23.68727550726702,
      22.651118885492156,
      22.610526667324923,
      22.608801127581856,
      22.570919046979704,
      21.62042942684331,
      21.57844617861015,
      21.54382535986899,
      20.58341364982029,
      20.557433940235985,
      20.554631940144695,
      20.541663459833128,
      19.60123521186334,
      19.573680075945052,
      18.64954560072909,
      18.642835197507495,
      18.641311437823987,
      18.640739441881255,
      18.638571014639343,
      18.62763276435743,
      18.62152131590373,
      17.704313910160096,
      17.6795600168073,
      17.662218381652885,
      15.878865154032567,
      13.347399074228564
    ],
    [
      25.872158564641282,
      24.793086701314113,
      24.78974251002875,
      22.59535445660305,
      21.645583488017586,
      21.640735920888993,
      21.619430278823256,
      21.6097269882557,
      21.605656989382172,
      20.621287933994626,
      20.59728763085484,
      20.57276009052728,
      20.554656553182944,
      19.59841903455721,
      19.58350093944913,
      19.573412514440925,
      19.565626104770082,
      18.656131758930343,
      18.610041544872757,
      18.609682875285714,
      18.598153875095733,
      17.72728734815823,
      17.669558308852483,
      16.760593478942933,
      15.876609018711648,
      15.870556703508118,
      15.853552294489091,
      15.84699761714903,
      15.820395394746187,
      15.030038098199709,
      14.979401004666324,
      14.960989833242355,
      14.168490032557177,
      14.165804137359022,
      14.16189244057126,
      14.154173275764617,
      14.141983854870297,
      13.351799063825723,
      13.34673777501007,
      13.334525558985302,
      13.317695158189759,
      12.55564411252241,
      12.551126392010302,
      12.540891486326103,
      12.537305718289941,
      11.77761380910446,
      11.75442649914711,
      11.743330508566112,
      10.307771002227936,
      10.304109255047369
    ],
    [
      34.46078639556529,
      34.411407658735975,
      34.404926577763334,
      34.38735146205963,
      33.16645646032061,
      33.106422933507844,
      33.04372009229566,
      31.931214953296088,
      31.91619197978103,
      31.832093394087714,
      31.819028718788026,
      29.453725359619927,
      29.419445331161494,
      29.402165621236882,
      29.358554660435605,
      29.35842699152193,
      29.356830204963952,
      28.237623221320167,
      28.221723409762376,
      28.192979462324182,
      28.189815479722732,
      28.125147368437663,
      27.103146252182167,
      27.061288057356503,
      27.02799590573564,
      27.012792540898193,
      27.01183413821053,
      25.908504023804444,
      25.884349270940522,
      25.877174430421974,
      25.84281998950271,
      24.8193705155089,
      24.791966248984252,
      24.785368376490307,
      24.772938846117956,
      24.745311425438477,
      23.71749460635464,
      23.71012296633529,
      23.705823215973872,
      22.661265515145658,
      22.638162376091895,
      21.618845743246894,
      21.576283396977626,
      21.569524534452846,
      20.61136499331072,
      20.610077342783327,
      20.603948696259103,
      20.59923594714578,
      19.603537227200704,
      16.779237220035725
    ],
    [
      34.404926577763334,
      33.18007809047594,
      31.909044291514892,
      31.863321936764784,
      31.845342474132348,
      31.8410470462147,
      31.78502809173853,
      30.63978214118941,
      29.475911996487476,
      29.449948950158944,
      29.402165621236882,
      29.372352154482915,
      29.356830204963952,
      28.221723409762376,
      28.19728688196005,
      28.190358789866416,
      28.1724739432085,
      27.103146252182167,
      27.066869944413046,
