{
  "test_loss_values": [
    2.2023826895952223,
    0.6087129473686218,
    0.23677033185958862,
    0.9246939712762833,
    0.375013667345047,
    0.14346647262573242
  ],
  "log_exp_r_n_values": [
    1218152.5747817147,
    1069740.5664563533,
    935976.0522876205,
    1069740.5664563533,
    992694.0522523553,
    935192.334338361
  ],
  "log_exp_r_n_acc_values": [
    -Infinity,
    -Infinity,
    -Infinity,
    -Infinity,
    -Infinity,
    -Infinity
  ],
  "model_data_levels": [
    0,
    1940,
    19940,
    540,
    5940,
    59940
  ],
  "loss_landscape_data_param": 0,
  "train_loss_values": [
    2.9464433737302897e-06,
    9.075070556718856e-05,
    0.00017468024452682585,
    2.7768151994678192e-05,
    9.62379781412892e-05,
    8.713357237866148e-05
  ],
  "num_params": 300938,
  "dataset_type": "data",
  "top_r_vals": [
    [
      57.275061218243046,
      43.96015782429728,
      43.93749900360935,
      40.83914613329676,
      40.81646526746514,
      40.805633292710496,
      40.805083976304246,
      37.88801218964424,
      37.83149628784691,
      37.830982698273786,
      37.83016179690689,
      37.80963505298408,
      37.782999960941495,
      34.99989217184671,
      34.996011697227964,
      34.97458929772792,
      34.94905678669588,
      34.92359822653421,
      32.282656106519745,
      32.261159176997246,
      32.25147067263545,
      32.23733786730946,
      32.22485149793389,
      32.22330908516989,
      32.21361699380166,
      32.21294981060606,
      29.658018089024324,
      29.63870021608725,
      29.61487242363264,
      29.612395097498826,
      29.607275729397838,
      29.602660391746944,
      29.5989971116129,
      29.58633705266045,
      29.56035477710542,
      27.170654296875004,
      27.094536675347225,
      27.092782479745374,
      27.090895664544757,
      27.07685607156636,
      27.058232060185187,
      27.020372178819446,
      24.723664310900197,
      24.68582851105157,
      24.622405417366135,
      22.43060985884732,
      22.39190257212275,
      22.36598645068106,
      20.210852501648034,
      20.172987644556365
    ],
    [
      34.97734494068686,
      32.22485149793389,
      29.658018089024324,
      27.138668860918212,
      27.12639853395062,
      27.100194106867285,
      27.09564887152778,
      27.092782479745374,
      27.064549575617285,
      27.020372178819446,
      24.69994999488852,
      24.686325591676713,
      24.68488927583721,
      24.684059892694705,
      24.675156382270867,
      24.664602344467404,
      24.663550510879393,
      24.642090908642537,
      22.45508619576447,
      22.41894212404985,
      22.395865716030258,
      22.39190257212275,
      22.383864190356856,
      22.373070788376193,
      22.372565120108924,
      20.213696356318874,
      20.204303767532494,
      20.18901889171665,
      20.181863168857134,
      20.17701625133118,
      20.172567248648498,
      18.150731614798556,
      18.14394410188533,
      18.13652706934401,
      18.13559287835744,
      18.133756779442148,
      18.13200945893595,
      18.13161600916839,
      18.125829271048556,
      16.206115623017187,
      16.20212921961487,
      16.19634848474885,
      16.19203093090589,
      16.178349378461466,
      16.167597787524475,
      16.159425210617066,
      16.14956628608529,
      14.332349696459547,
      14.325591776349354,
      14.293278428221612
    ],
    [
      22.425722562589282,
      22.395865716030258,
      22.373070788376193,
      22.367396343485364,
      18.16432479984504,
      18.13689227143595,
      18.136490750903928,
      18.13559287835744,
      18.13350255036157,
      18.12647896758781,
      16.19634848474885,
      16.181727472902164,
      16.177334330371668,
      16.176175303829414,
      16.17034057704372,
      16.14922973645268,
      14.354337248750129,
      14.34784715845322,
      14.343113904193451,
      14.341318806754414,
      14.338292967554333,
      14.326720487705337,
      14.32652599224569,
      14.326215118355272,
      14.321642880828488,
      14.321470704519948,
      14.318441676869709,
      14.304705833588411,
      12.596117760524278,
      12.59433126318225,
      12.59092360707573,
      12.583444138203772,
      12.583183519767994,
      12.561123430236313,
      11.00299223592459,
      10.990998830835187,
      10.972032260340148,
      10.969803483860069,
      10.959333360833721,
      10.954834308201974,
      10.952647031393484,
      10.943291296607175,
      9.47200304741106,
      9.46397084326735,
      9.462921562930443,
      9.460695657300995,
      9.45712894610563,
      9.45196779187073,
      9.448019045808467,
      8.061946704258494
    ],
    [
      34.97734494068686,
      32.29725880968779,
      32.29304049012856,
      32.24336403810836,
      29.585075329376874,
      27.12691997010031,
      27.100911458333336,
      27.091805917245374,
      27.07685607156636,
      27.064549575617285,
      24.71640858155418,
      24.692532233736515,
      24.68582851105157,
      24.68455697331985,
      24.67967954132949,
      24.6791440124792,
      24.672151928105635,
      24.654298220127412,
      24.648377193454433,
      24.642090908642537,
      22.408310635553775,
      22.399930989981897,
      22.395865716030258,
      22.387354048694018,
      22.372565120108924,
      22.37152140087747,
      22.330886098197894,
      20.208941611157748,
      20.20622589855508,
      20.201437431797064,
      20.191696386509513,
      20.172987644556365,
      18.188619818569215,
      18.157843975981404,
      18.153003534994834,
      18.13840957515496,
      18.136490750903928,
      18.12868632166839,
      16.186588545403136,
      16.178149608358687,
      16.135771350609556,
      14.352059101112133,
      14.327705718804205,
      14.325591776349354,
      14.321470704519948,
      14.316866582491585,
      14.305200043362923,
      12.580867378508094,
      10.990998830835187,
      9.461590229303374
    ],
    [
      27.07685607156636,
      24.72435912525468,
      24.71640858155418,
      24.680014590148648,
      24.663550510879393,
      22.428651951172082,
      22.395865716030258,
      22.39122502646414,
      22.387040185631573,
      22.385196862883895,
      22.367396343485364,
      22.351102864981897,
      20.26571529167743,
      20.20622589855508,
      20.191696386509513,
      20.1536247036236,
      18.159343120480372,
      18.14394410188533,
      18.13583701898244,
      18.13559287835744,
      18.13161600916839,
      18.12868632166839,
      18.12647896758781,
      18.121777747288224,
      18.11978426846591,
      18.105396113119834,
      18.105018804881198,
      16.19634848474885,
      16.19203093090589,
      16.190004434187603,
      16.186588545403136,
      16.181727472902164,
      16.179879149518786,
      16.178349378461466,
      16.178149608358687,
      16.177334330371668,
      16.177301935219866,
      16.17486330018143,
      16.156671622713887,
      16.152791403420256,
      14.352059101112133,
      14.334366391184576,
      14.331582874196512,
      14.325673081828386,
      14.317773696561577,
      14.314231328435875,
      14.293278428221612,
      12.617218045601614,
      12.587230111394486,
      10.968031203767477
    ],
    [
      22.367396343485364,
      20.201437431797064,
      20.1957542186683,
      18.188619818569215,
      18.13200945893595,
      16.202584551470757,
      16.20212921961487,
      16.190004434187603,
      16.186588545403136,
      16.168371671706417,
      16.14956628608529,
      16.14867181994942,
      14.354337248750129,
      14.34784715845322,
      14.333354058259363,
      14.330994605142335,
      14.33038401693705,
      14.329357335986126,
      14.329068781246812,
      14.327906591164169,
      14.326720487705337,
      14.323900303540457,
      14.317163108356292,
      14.29176710284665,
      12.617218045601614,
      12.606252454857525,
