{
  "test_loss_values": [
    0.0008261009860183588,
    0.0008111061897812886
  ],
  "log_exp_r_n_values": [
    22634.355379132256,
    41646.2471030992
  ],
  "log_exp_r_n_acc_values": [
    -Infinity,
    -Infinity
  ],
  "model_data_levels": [
    5457,
    6398
  ],
  "loss_landscape_data_param": 5457,
  "train_loss_values": [
    0.0007168336305767298,
    0.000747364538256079
  ],
  "num_params": 73097,
  "dataset_type": "data",
  "top_r_vals": [
    [
      1.3630614431035024,
      1.3605226396650778,
      1.3598865656545733,
      1.3592767340834566,
      1.3591658140053475,
      1.3590234640289023,
      1.358999662746667,
      1.3589960010109385,
      1.3589383286732146,
      1.3589369555223165,
      1.3588568550532556,
      1.3586228091112758,
      1.3584653544749505,
      1.3584273639667672,
      1.3583753368049583,
      1.3582120844203962,
      1.3581475463281814,
      1.3577214118327774,
      1.3576937962424918,
      1.3576928808085595,
      1.357682200746018,
      1.357658399463783,
      1.3576306313011752,
      1.3576027105662454,
      1.3575873007617212,
      1.3575644149134183,
      1.357481568142561,
      1.3574554782754953,
      1.3574263369619894,
      1.3572470644836152,
      1.3572058699566696,
      1.3571997670637888,
      1.3571588776814871,
      1.3570655034204104,
      1.357062757118614,
      1.3569503113172847,
      1.3569231534439652,
      1.3569123208091016,
      1.3568731097223423,
      1.3567930092532814,
      1.3567476952736413,
      1.3566801057349862,
      1.3566361649062442,
      1.356627315711567,
      1.356627163139245,
      1.3566149573534834,
      1.3565597261729119,
      1.3564481958055146,
      1.3564044075490946,
      1.3563966263606717
    ],
    [
      1.7679567534562801,
      1.7676131979517398,
      1.7673742634680136,
      1.7661510942760945,
      1.7632013793235386,
      1.7612610081241713,
      1.7610916217095196,
      1.7587734191664117,
      1.758726788082849,
      1.3630614431035024,
      1.3605226396650778,
      1.3598865656545733,
      1.3592767340834566,
      1.3591658140053475,
      1.3590234640289023,
      1.358999662746667,
      1.3589960010109385,
      1.3589383286732146,
      1.3589369555223165,
      1.3588568550532556,
      1.3586228091112758,
      1.3584653544749505,
      1.3584273639667672,
      1.3583753368049583,
      1.3582120844203962,
      1.3581475463281814,
      1.3577214118327774,
      1.3576937962424918,
      1.3576928808085595,
      1.357682200746018,
      1.357658399463783,
      1.3576306313011752,
      1.3576027105662454,
      1.3575873007617212,
      1.3575644149134183,
      1.357481568142561,
      1.3574554782754953,
      1.3574263369619894,
      1.3572470644836152,
      1.3572058699566696,
      1.3571997670637888,
      1.3571588776814871,
      1.3570655034204104,
      1.357062757118614,
      1.3569503113172847,
      1.3569231534439652,
      1.3569123208091016,
      1.3568731097223423,
      1.3567930092532814,
      1.3567476952736413
    ]
  ],
  "top_r_val_seeds": [
    [
      178,
      94,
      237,
      264,
      131,
      476,
      79,
      383,
      424,
      29,
      195,
      333,
      182,
      340,
      375,
      479,
      342,
      202,
      422,
      22,
      66,
      246,
      46,
      205,
      493,
      155,
      343,
      395,
      8,
      174,
      474,
      159,
      408,
      87,
      430,
      114,
      298,
      300,
      429,
      400,
      412,
      125,
      223,
      7,
      439,
      169,
      271,
      140,
      435,
      444
    ],
    [
      30,
      329,
      453,
      105,
      460,
      324,
      188,
      310,
      338,
      178,
      94,
      237,
      264,
      131,
      476,
      79,
      383,
      424,
      29,
      195,
      333,
      182,
      340,
      375,
      479,
      342,
      202,
      422,
      22,
      66,
      246,
      46,
      205,
      493,
      155,
      343,
      395,
      8,
      174,
      474,
      159,
      408,
      87,
      430,
      114,
      298,
      300,
      429,
      400,
      412
    ]
  ],
  "loss_predicts_minimas": false,
  "loss_ordering_violations": 0,
  "test_loss_ranks": [
    1,
    2
  ],
  "log_exp_r_n_ranks": [
    2,
    1
  ],
  "data_level_ranks": [
    2,
    1
  ],
  "accuracy_predicts_minimas": true,
  "accuracy_ordering_violations": 1,
  "log_exp_r_n_acc_ranks": [
    1,
    2
  ]
}