{
  "test_loss_values": [
    0.5136513113975525,
    0.5273925653100013,
    0.3479690134525299,
    0.5027844592928886,
    0.17716334760189056,
    0.2266646921634674,
    0.5501429006457329,
    0.42639172077178955
  ],
  "log_exp_r_n_values": [
    -Infinity,
    -Infinity,
    794550.8230593465,
    531495.1007164093,
    785011.5788640247,
    804466.0587798032,
    -Infinity,
    744378.7664035098
  ],
  "log_exp_r_n_acc_values": [
    -Infinity,
    -Infinity,
    -Infinity,
    -Infinity,
    -Infinity,
    -Infinity,
    -Infinity,
    -Infinity
  ],
  "model_data_levels": [
    200,
    100,
    2000,
    500,
    10000,
    5000,
    0,
    1000
  ],
  "loss_landscape_data_param": 5000,
  "train_loss_values": [
    0.4192717969417572,
    0.4495874345302582,
    0.17216409742832184,
    0.39897266030311584,
    0.0679076537489891,
    0.03307173028588295,
    0.48312848806381226,
    0.2856155037879944
  ],
  "num_params": 235146,
  "dataset_type": "data",
  "top_r_vals": [
    [
      0.0,
      0.0,
      0.0,
      0.0,
      0.0,
      0.0,
      0.0,
      0.0,
      0.0,
      0.0,
      0.0,
      0.0,
      0.0,
      0.0,
      0.0,
      0.0,
      0.0,
      0.0,
      0.0,
      0.0,
      0.0,
      0.0,
      0.0,
      0.0,
      0.0,
      0.0,
      0.0,
      0.0,
      0.0,
      0.0,
      0.0,
      0.0,
      0.0,
      0.0,
      0.0,
      0.0,
      0.0,
      0.0,
      0.0,
      0.0,
      0.0,
      0.0,
      0.0,
      0.0,
      0.0,
      0.0,
      0.0,
      0.0,
      0.0,
      0.0
    ],
    [
      0.0,
      0.0,
      0.0,
      0.0,
      0.0,
      0.0,
      0.0,
      0.0,
      0.0,
      0.0,
      0.0,
      0.0,
      0.0,
      0.0,
      0.0,
      0.0,
      0.0,
      0.0,
      0.0,
      0.0,
      0.0,
      0.0,
      0.0,
      0.0,
      0.0,
      0.0,
      0.0,
      0.0,
      0.0,
      0.0,
      0.0,
      0.0,
      0.0,
      0.0,
      0.0,
      0.0,
      0.0,
      0.0,
      0.0,
      0.0,
      0.0,
      0.0,
      0.0,
      0.0,
      0.0,
      0.0,
      0.0,
      0.0,
      0.0,
      0.0
    ],
    [
      29.34096595473442,
      28.209023091272943,
      25.934710128798436,
      25.92979373239766,
      25.912112642456158,
      25.875540523558435,
      25.872158564641282,
      24.81231853211246,
      24.795605378278456,
      24.78974251002875,
      23.72744729013709,
      23.716797873731885,
      23.64447046298547,
      22.682189999973858,
      22.671275355521423,
      22.61952483700079,
      21.64325486140758,
      21.60725698559932,
      21.597468053772907,
      21.590809785742664,
      21.588547769000662,
      21.583243448491476,
      21.555915730604184,
      21.533315953960088,
      20.622492677445805,
      20.554656553182944,
      19.609532084495974,
      19.600751874952653,
      19.5703250766237,
      19.564931924462137,
      18.67257898652955,
      18.656131758930343,
      18.648380510632627,
      18.642835197507495,
      18.63561257660767,
      18.62936750615096,
      18.62152131590373,
      18.611771598174954,
      18.609682875285714,
      18.605905123393452,
      18.598212481237407,
      17.71894702760623,
      17.65662997740844,
      16.777891055841838,
      16.747730014980487,
      15.8491578742093,
      15.007195709082868,
      14.999015798279983,
      14.16858891626099,
      14.157490779485325
    ],
    [
      9.585903740396391,
      6.48393150524751,
      6.482448433099415,
      4.910605913617239,
      4.895362305895842,
      4.891232981115534,
      4.422398777075005,
      4.419890004201825,
      4.41852739946321,
      4.417389577213121,
      4.414171404159568,
      3.9663588016045996,
      3.963388073622273,
      3.962990828016298,
      3.9620392862159415,
      3.5390361784829056,
      3.5382114794846657,
      3.1361202999924243,
      3.1343358990303276,
      2.751206194540789,
      2.7494790472709423,
      2.4021676803507566,
      2.071249272744405,
      2.067441696837823,
      2.062999090827242,
      1.7607796214505314,
      1.482343412897165,
      1.4820206891809768,
      1.4804547192041888,
      1.4786575928874903,
      1.477779403936592,
      1.2265701353668863,
      1.225221076700044,
      1.224409452920815,
      1.2235398780323967,
      0.9937072616734741,
      0.9936492103828463,
      0.992774820620356,
      0.7847277570326506,
      0.7843572151744905,
      0.7839367613822883,
      0.6012015239279883,
      0.600769654846153,
      0.6005716755162532,
      0.6003968434930916,
      0.6001012527636514,
      0.4408107622805058,
      0.44040780170876365,
      0.306768473469637,
      0.30573221207965473
    ],
    [
      28.174501590868914,
      27.069430224417026,
      27.06116038381907,
      27.05097203553197,
      27.04589062874216,
      27.04224257019926,
      26.99466630321046,
      25.927341241456773,
      25.9098770273764,
      24.842681541836853,
      24.82772553190734,
      24.804249090611467,
      24.785368376490307,
      24.759509023345274,
      23.728543860753202,
      23.68382914247352,
      23.64447046298547,
      22.661182871623694,
      22.638162376091895,
      22.59460781512876,
      21.645583488017586,
      21.639471692781985,
      21.629058803212434,
      21.612899792988774,
      21.58524990084195,
      21.583243448491476,
      21.582827476662718,
      21.56955036276901,
      21.569524534452846,
      20.636821351976444,
      20.624893096386703,
      20.602264646273582,
      20.593039938622134,
      20.589064285233242,
      20.57276009052728,
      20.561072783627772,
      20.52012705136446,
      19.62512216587018,
      19.6111349875161,
      19.59055124673304,
      19.564931924462137,
      18.640739441881255,
      18.62152131590373,
      18.605905123393452,
      18.598153875095733,
      17.66524626854041,
      17.659092569720855,
      15.877000521609302,
      15.002531319091286,
      14.16858891626099
    ],
    [
      30.604620382751534,
      30.571290788703244,
      30.550776712551443,
      29.39664255301491,
      28.224949535680913,
      28.214323028458875,
      28.21188878595237,
      28.170819155450616,
      27.069430224417026,
      27.066869944413046,
      27.037470984526955,
      25.934710128798436,
      24.81822353436343,
      24.804249090611467,
      24.772600213589293,
      24.731432173318993,
      23.753594904583377,
      23.749442855570255,
      23.738014650237687,
      23.736531669023513,
      23.703343623641924,
      23.69355356053588,
      23.6877320387072,
      23.657739713406862,
      22.683515146101897,
      22.651118885492156,
      22.61595691667326,
      22.608872371997343,
      21.65577207905202,
      21.636697187871874,
      21.612899792988774,
      21.58524990084195,
      21.582827476662718,
      21.56955036276901,
      21.533315953960088,
      20.62711215609839,
      20.602264646273582,
      20.589064285233242,
      20.55540660313803,
      19.6111349875161,
      19.608930379362267,
      19.572286783319868,
      19.56413293895672,
      18.623267778925598,
      18.62152131590373,
      18.60722962219527,
      18.600747782926195,
      15.884507989164572,
      15.872065787381473,
      15.007195709082868
    ],
    [
      0.0,
      0.0,
      0.0,
      0.0,
      0.0,
      0.0,
      0.0,
      0.0,
      0.0,
      0.0,
      0.0,
      0.0,
      0.0,
      0.0,
      0.0,
      0.0,
      0.0,
      0.0,
      0.0,
      0.0,
      0.0,
      0.0,
      0.0,
      0.0,
      0.0,
      0.0,
      0.0,
      0.0,
      0.0,
      0.0,
      0.0,
      0.0,
      0.0,
      0.0,
      0.0,
      0.0,
      0.0,
      0.0,
      0.0,
      0.0,
      0.0,
      0.0,
      0.0,
      0.0,
      0.0,
      0.0,
      0.0,
      0.0,
      0.0,
      0.0
    ],
    [
      23.703415236416856,
      23.671313318121705,
      22.64248406233527,
      21.556628048376304,
      21.54382535986899,
