{
  "test_loss_values": [
    4.946532695740461
  ],
  "log_exp_r_n_values": [
    13728.822886862738
  ],
  "log_exp_r_n_acc_values": [
    -Infinity
  ],
  "model_data_levels": [
    0
  ],
  "loss_landscape_data_param": 50,
  "train_loss_values": [
    2.4588632583618164
  ],
  "num_params": 4353,
  "dataset_type": "data",
  "top_r_vals": [
    [
      23.447757168913725,
      19.823634012085776,
      15.444106107991773,
      14.655552912537175,
      10.902148846555924,
      10.719614746450421,
      9.018285026392393,
      8.456258812373012,
      8.298719612688991,
      8.057122939090936,
      7.590076128426759,
      6.798953555766926,
      6.440829556647385,
      5.468454585415342,
      5.453768457620355,
      5.369716211143576,
      5.263566510567906,
      4.688253352073538,
      4.663321085638828,
      4.491490485941358,
      4.374210045881718,
      4.250478829494612,
      4.161860631010888,
      4.106660264971363,
      4.051872489210363,
      3.972969379539394,
      3.9368620477926197,
      3.934554295787156,
      3.8730504386422755,
      3.73139409830642,
      3.513048462018886,
      3.4512360238634607,
      3.439275299143422,
      3.256249321831597,
      3.230512913111161,
      3.196799649416909,
      2.9604685473047727,
      2.824215835023792,
      2.715234217319379,
      2.5945252321842536,
      2.568253364745658,
      2.549733988188678,
      2.2259156236269177,
      2.2182620664069415,
      2.190280661355771,
      1.6994096198300401,
      1.6255938906633884,
      1.1666366170344638,
      1.118865431340817,
      0.8829446231229117
    ]
  ],
  "top_r_val_seeds": [
    [
      50,
      36,
      2,
      44,
      27,
      9,
      6,
      34,
      25,
      17,
      40,
      43,
      41,
      1,
      28,
      16,
      13,
      14,
      31,
      18,
      38,
      24,
      42,
      45,
      11,
      33,
      5,
      7,
      47,
      49,
      30,
      46,
      3,
      48,
      10,
      32,
      19,
      26,
      8,
      29,
      23,
      20,
      22,
      4,
      35,
      15,
      21,
      12,
      37,
      39
    ]
  ],
  "test_acc_values": [
    0.66025
  ],
  "loss_predicts_minimas": true,
  "loss_ordering_violations": 0,
  "test_loss_ranks": [
    1
  ],
  "log_exp_r_n_ranks": [
    1
  ],
  "data_level_ranks": [
    1
  ],
  "accuracy_predicts_minimas": true,
  "accuracy_ordering_violations": 0,
  "log_exp_r_n_acc_ranks": [
    1
  ]
}