{
  "test_loss_values": [
    4.031405506655574
  ],
  "log_exp_r_n_values": [
    3397.865251633142
  ],
  "log_exp_r_n_acc_values": [
    -Infinity
  ],
  "model_data_levels": [
    0
  ],
  "loss_landscape_data_param": 0,
  "train_loss_values": [
    2.060126826108899e-05
  ],
  "num_params": 4353,
  "dataset_type": "data",
  "top_r_vals": [
    [
      2.1847006423653386,
      2.0463773920003585,
      2.0336661907823292,
      1.8057255722989083,
      1.7984552078849396,
      1.6325651810396964,
      1.4372784649884258,
      1.4281002510395233,
      1.4180442694937414,
      1.4152425391503367,
      1.4150240412616073,
      1.411940464257827,
      1.3285928500577047,
      1.3163492418986549,
      1.2895697190853705,
      1.2742139462658657,
      1.2540433747593664,
      1.2316827108875013,
      1.2289143199404045,
      1.2076967292187393,
      1.1847366127381311,
      1.135862182795094,
      1.1304719673934833,
      1.1053104952943513,
      1.0540872808748594,
      1.0100190098044932,
      1.0002691404287092,
      0.993434788862663,
      0.983955514093547,
      0.97505058363622,
      0.972297590404887,
      0.9557520155642693,
      0.8711328884412964,
      0.8698404152610419,
      0.8450538896480139,
      0.828659541204117,
      0.824674818250868,
      0.7771959102789446,
      0.7743770579859844,
      0.7473171162473488,
      0.7189004232546798,
      0.690974796796286,
      0.6772415013636429,
      0.6647828046121251,
      0.6367902363307406,
      0.5420179336381611,
      0.5351761120614384,
      0.5286961319163948,
      0.5200670187327148,
      0.5153814550481726
    ]
  ],
  "top_r_val_seeds": [
    [
      5,
      44,
      31,
      13,
      50,
      6,
      39,
      37,
      16,
      45,
      15,
      4,
      8,
      28,
      3,
      21,
      25,
      41,
      18,
      36,
      34,
      33,
      49,
      35,
      9,
      14,
      47,
      38,
      22,
      23,
      30,
      20,
      19,
      17,
      29,
      42,
      24,
      7,
      46,
      40,
      27,
      11,
      1,
      43,
      12,
      32,
      48,
      10,
      2,
      26
    ]
  ],
  "loss_predicts_minimas": true,
  "loss_ordering_violations": 0,
  "test_loss_ranks": [
    1
  ],
  "log_exp_r_n_ranks": [
    1
  ],
  "data_level_ranks": [
    1
  ],
  "accuracy_predicts_minimas": true,
  "accuracy_ordering_violations": 0,
  "log_exp_r_n_acc_ranks": [
    1
  ]
}