{
  "test_loss_values": [
    0.5345328444242478,
    0.5333628770709038,
    0.36673222333192823,
    0.49618795663118365,
    0.18272170424461365,
    0.23914813995361328,
    0.5469314098358155,
    0.44533042311668397
  ],
  "log_exp_r_n_values": [
    840930.2257477989,
    849345.2802070755,
    831925.0664659808,
    849455.2257293618,
    793133.6624803725,
    814333.3671908004,
    835332.3851652836,
    849455.2257293618
  ],
  "log_exp_r_n_acc_values": [
    -Infinity,
    -Infinity,
    -Infinity,
    -Infinity,
    -Infinity,
    -Infinity,
    -Infinity,
    -Infinity
  ],
  "model_data_levels": [
    200,
    100,
    2000,
    500,
    10000,
    5000,
    0,
    1000
  ],
  "loss_landscape_data_param": 200,
  "train_loss_values": [
    0.0036897030659019947,
    0.0743483453989029,
    0.015005548484623432,
    0.004705506842583418,
    0.08845903724431992,
    0.05001795291900635,
    0.14716702699661255,
    0.007044642698019743
  ],
  "num_params": 235146,
  "dataset_type": "data",
  "top_r_vals": [
    [
      35.73824188948334,
      35.72237029210122,
      35.70567174472098,
      35.70204484989233,
      35.672544307568586,
      35.6536929936172,
      34.468505679048405,
      33.17264735265524,
      33.1401092227982,
      33.10195740598407,
      33.04372009229566,
      31.85967994305206,
      31.857320764956366,
      31.827230721139408,
      31.766150658174173,
      30.66425338417215,
      30.626030312153766,
      30.549767191899345,
      29.427806719870063,
      29.396553739857573,
      29.387491097260856,
      28.263799762000957,
      28.20774826551097,
      28.17235143209767,
      28.125147368437663,
      27.085368988830083,
      27.083676888880646,
      27.07562324213941,
      27.05097203553197,
      27.023912054851635,
      25.92979373239766,
      25.927341241456773,
      25.896466598189008,
      25.890103819165514,
      25.88175491383484,
      25.877174430421974,
      24.85994243768727,
      24.794291421646502,
      23.753594904583377,
      23.72680575902834,
      23.68246700781704,
      23.6744075867718,
      23.673567628599187,
      23.672675452778183,
      22.65433770818381,
      22.622816328996237,
      21.620580318585112,
      21.61036182107933,
      20.554656553182944,
      18.62763276435743
    ],
    [
      37.040348774959185,
      35.6536929936172,
      34.41157001046375,
      34.391990392094485,
      33.18007809047594,
      33.17264735265524,
      33.13998836391048,
      31.85967994305206,
      31.8410470462147,
      31.827230721139408,
      31.819028718788026,
      31.766150658174173,
      30.62026217316067,
      30.550776712551443,
      29.449948950158944,
      29.42655408429677,
      29.396553739857573,
      29.33999641110014,
      28.224949535680913,
      27.098408712786508,
      27.044668367410473,
      27.010731038847116,
      25.945061466892014,
      25.94344060519305,
      25.93572602099004,
      25.934710128798436,
      25.912112642456158,
      25.899179992421477,
      25.886191900437332,
      25.83021346858251,
      24.814665552034622,
      24.7827716735977,
      24.77668253015603,
      24.76430917845203,
      23.767332621907435,
      23.72180181638011,
      23.704567008546977,
      23.68246700781704,
      23.680093342714674,
      23.673567628599187,
      22.6861554641398,
      22.65433770818381,
      22.610526667324923,
      22.608872371997343,
      21.618845743246894,
      21.582827476662718,
      20.59354774446392,
      19.610503690326635,
      19.56421801611702,
      17.684616510014543
    ],
    [
      34.39548420127613,
      34.36357234566534,
      31.91619197978103,
      31.863472266719903,
      31.845342474132348,
      30.669977212144257,
      30.591340562417727,
      30.56729509054971,
      29.427806719870063,
      29.42644676839832,
      29.407699791103518,
      29.32354007315502,
      28.221723409762376,
      28.208937866152368,
      27.094934290254514,
      27.07341023415725,
      27.06116038381907,
      27.037470984526955,
      27.010731038847116,
      26.99466630321046,
      25.957552211976576,
      25.903750691960905,
      25.896466598189008,
      25.857322951223612,
      25.83021346858251,
      24.829276687361215,
      24.820342718575063,
      24.81231853211246,
      24.797744849231435,
      24.768692675101867,
      23.736531669023513,
      23.704567008546977,
      23.702344028658526,
      23.684152891893515,
      23.675902503448462,
      22.6861554641398,
      22.65433770818381,
      22.62325234481901,
      22.618223913974017,
      22.608872371997343,
      21.65577207905202,
      21.618845743246894,
      21.616330880883492,
      20.567308950266458,
      20.556135926324067,
      20.55540660313803,
      20.554656553182944,
      19.60123521186334,
      18.64223507061676,
      17.684616510014543
    ],
    [
      37.05767151358237,
      37.040348774959185,
      35.70204484989233,
      34.468505679048405,
      34.36357234566534,
      34.345412763741656,
      33.17264735265524,
      33.13998836391048,
      33.12132816840169,
      33.10195740598407,
      33.04372009229566,
      31.857320764956366,
      31.827230721139408,
      31.766150658174173,
      30.66425338417215,
      30.63989388202495,
      30.626030312153766,
      30.608656538793795,
      29.35842699152193,
      29.33999641110014,
      28.263799762000957,
      28.200241352806746,
      28.19728688196005,
      28.125147368437663,
      27.074562700621804,
      27.05097203553197,
      27.044668367410473,
      25.945061466892014,
      25.94344060519305,
      25.93572602099004,
      25.927341241456773,
      25.886191900437332,
      25.88175491383484,
      25.877174430421974,
      24.85994243768727,
      24.814665552034622,
      24.794291421646502,
      24.77668253015603,
      24.771175460139204,
      23.753594904583377,
      23.672675452778183,
      22.660570169650516,
      22.65433770818381,
      22.610526667324923,
      22.609724455206553,
      21.61036182107933,
      21.582827476662718,
      21.56955036276901,
      20.603285439649422,
      18.62763276435743
    ],
    [
      29.164667768066852,
      28.398026212993525,
      27.529478637146237,
      27.349071392774214,
      27.28836025939853,
      26.883409381153708,
      26.613864881033905,
      25.902739775633513,
      25.060666995186168,
      25.048379763882373,
      25.000223523422438,
      24.818710557971794,
      24.5916234838354,
      24.39056790148507,
      24.376731429878326,
      24.304323937300666,
      24.14590027864994,
      23.512915464987167,
      23.324324255797446,
      23.242757182924585,
      23.111887333800773,
      22.921483225081683,
      22.918544347060173,
      22.481994776754288,
      22.43521073268408,
      22.058536920302462,
      21.853967702041846,
      21.62046026298685,
      21.601340838300846,
      21.456199885220947,
      21.214758831988398,
      21.019797129148667,
      20.991517598366634,
      20.846242013762073,
      19.800634407878615,
      19.785444500529213,
      19.61486935268734,
      19.47417912821793,
      18.839099145202,
      18.486677208896587,
      18.084210466880766,
      17.77121012771351,
      17.70110056072034,
      17.371315442705956,
      17.338853321953184,
      17.3317052981904,
      16.817619500483026,
      16.645137959547,
      16.452779440085106,
      16.249916105488232
    ],
    [
      31.91619197978103,
      30.583457053813934,
      30.56729509054971,
      29.399628895430407,
      28.26545099871215,
      28.237726201674196,
      28.225082699931818,
      28.13887393942072,
      27.074562700621804,
      27.07331149995497,
      27.06116038381907,
      27.058067279585543,
      27.05606365620477,
      27.04589062874216,
      27.045808917678205,
      27.04224257019926,
      27.030508520952306,
      25.954224064363313,
      25.93572602099004,
      25.912112642456158,
