{
  "test_loss_values": [
    0.5114522278308868,
    0.11531662940979004,
    0.27700451016426086,
    0.0664140060544014
  ],
  "log_exp_r_n_values": [
    747031.5879526404,
    652739.7642600192,
    702509.3574549087,
    597347.3448551073
  ],
  "log_exp_r_n_acc_values": [
    -Infinity,
    -Infinity,
    -Infinity,
    -Infinity
  ],
  "model_data_levels": [
    1940,
    19940,
    5940,
    59940
  ],
  "loss_landscape_data_param": 1940,
  "train_loss_values": [
    0.0011423237156122923,
    0.007350841537117958,
    0.002524314448237419,
    0.02334086038172245
  ],
  "num_params": 235146,
  "dataset_type": "data",
  "top_r_vals": [
    [
      23.972576376832563,
      23.969530647183642,
      21.870795019620928,
      21.859002399707304,
      21.834681150998627,
      21.824765628362822,
      21.81998294378444,
      21.816957892355735,
      21.811963742539028,
      21.804720371551095,
      21.79998712040505,
      21.79212033890934,
      21.77779425558856,
      19.839200729278268,
      19.826720936081145,
      19.821152357699475,
      19.815124194119228,
      19.814670836362367,
      19.811179732536864,
      19.809337655277528,
      19.805328428301326,
      19.805105485887925,
      19.80467205594455,
      19.80359719950452,
      19.799645264992098,
      19.798550480738577,
      19.79350625294932,
      19.790291647535973,
      19.78963776615588,
      19.788658812318264,
      19.787920237730848,
      19.785207564119737,
      19.78491736533581,
      19.783765288618515,
      19.783258374862903,
      19.782382796557755,
      19.778313786141087,
      19.776217629259776,
      19.77527230360742,
      19.775258603235645,
      19.772663005528777,
      19.772558384507963,
      19.768973869056733,
      19.768846829245746,
      19.762854784827447,
      19.762549640183405,
      19.761585632205904,
      19.759580395973632,
      19.74976470234224,
      19.74920049612285
    ],
    [
      16.05335481501808,
      16.045718862990704,
      14.344588515685784,
      14.33256181557925,
      14.326957454317485,
      14.326188069462184,
      14.323896112472186,
      14.322572410574937,
      14.320050088061013,
      14.319474174251196,
      14.317472873762089,
      14.316427230251142,
      14.314469123297771,
      14.311689439300084,
      14.308895357457152,
      14.307254902964505,
      14.306885958180093,
      14.306613298985758,
      14.30634243952208,
      14.304452722333624,
      14.303929900578149,
      14.300808267755885,
      14.299598848755274,
      14.29926319898799,
      14.298013286047626,
      14.297280795670767,
      14.295391078482309,
      14.294007985473426,
      14.286159360084035,
      14.285749021494542,
      14.284457714749097,
      14.282991834130051,
      14.28100403162086,
      14.279663232282385,
      14.27844211503251,
      14.277799611188435,
      14.277710524520979,
      14.277483758458365,
      14.273365974718185,
      14.26920499744227,
      14.268440111913609,
      14.261771209969012,
      14.258421911218806,
      12.709206968676668,
      12.699861621263137,
      12.699099581675341,
      12.698649213090503,
      12.697948551168249,
      12.697775577747171,
      12.69658788006326
    ],
    [
      19.837455800109687,
      19.809529460482356,
      19.777524146531608,
      17.89361564481323,
      17.8831495851926,
      17.880372049662306,
      17.877927233887966,
      17.877231444938857,
      17.870552320648684,
      17.86170939389157,
      17.859233104626803,
      17.85614982661806,
      17.855144923030817,
      17.853600473893373,
      17.851476013289464,
      17.84917620038174,
      17.84534093076241,
      17.84482836248972,
      17.844733942018436,
      17.841384263394286,
      17.83890122981014,
      17.837226390498063,
      17.83597644330677,
      17.835701050265524,
      17.824162643863872,
      17.82365344775087,
      17.82320719861873,
      17.8106931140138,
      16.073262364411157,
      16.072297908057852,
      16.071271912125518,
      16.070841135072314,
      16.069752590715392,
      16.062850069408576,
      16.062056107954547,
      16.061964303008782,
      16.061193545002585,
      16.06012820409349,
      16.059675232438018,
      16.0576938597624,
      16.057140003551137,
      16.05513340973657,
      16.054759128034608,
      16.05431220945248,
      16.054245625645663,
      16.053666548295453,
      16.05335481501808,
      16.053198443956614,
      16.052860480694733,
      16.051422875774794
    ],
    [
      12.684132199520459,
      12.675007652280382,
      11.167932235395504,
      11.158568887561698,
      11.153606628474016,
      11.150791669132735,
      11.14882792323089,
      11.1483795474274,
      11.146821441510275,
      11.146007359192064,
      11.144482881460199,
      11.142860321521322,
      11.14231876762117,
      11.139879323015311,
      11.138866273934301,
      11.138155878520648,
      11.136684645415448,
      11.13570242217093,
      11.134251506094325,
      11.132905678096664,
      11.131671243462682,
      11.131625004707947,
      11.123293621809358,
      11.122173382887828,
      11.121117597988048,
      11.118428744341498,
      11.117384869423999,
      11.116434172603164,
      11.115864595215292,
      11.115688047242669,
      11.114221017660627,
      11.112482160247719,
      11.109242645067509,
      11.100847508734361,
      9.731555812225798,
      9.730486585393075,
      9.729618754025422,
      9.722828065116925,
      9.722748117220185,
      9.722403303772419,
      9.721734426712679,
      9.721208357346352,
      9.71703275803729,
      9.716552460367568,
      9.716496924042353,
      9.71597573699033,
      9.715112177647693,
      9.715093258679762,
      9.714703894113965,
      9.71447625620951
    ]
  ],