{
  "test_loss_values": [
    3.9533917903900146,
    4.488439083099365
  ],
  "log_exp_r_n_values": [
    4064080.052627931,
    3660148.569351124
  ],
  "log_exp_r_n_acc_values": [
    -Infinity,
    -Infinity
  ],
  "model_data_levels": [
    19950,
    49950
  ],
  "loss_landscape_data_param": 19950,
  "train_loss_values": [
    0.0008460453245788813,
    0.0002888833696488291
  ],
  "num_params": 1707274,
  "dataset_type": "data",
  "top_r_vals": [
    [
      10.809803355823863,
      10.808856049845042,
      10.808035858406509,
      10.807532444473141,
      10.806318803267045,
      10.806146290676653,
      10.80602522920971,
      10.805823460098141,
      10.80378559207128,
      10.803319505423554,
      10.802506375903926,
      10.80220372223657,
      10.802042306947314,
      10.80199690889721,
      10.801944448928202,
      10.801542928396177,
      10.801038505617253,
      10.80064102046746,
      10.800539127066116,
      10.80046245480372,
      10.799952987797004,
      10.799651342975206,
      10.799594847623966,
      10.799508086905991,
      10.799335574315599,
      10.79897844298812,
      10.79844375484246,
      10.798409454093491,
      10.798356994124484,
      10.798351949896695,
      10.798070481986054,
      10.798036181237087,
      10.797755722172004,
      10.797546891141529,
      10.797418767755682,
      10.797221034026343,
      10.797187742122935,
      10.796592523243802,
      10.796561249031509,
      10.796179905410641,
      10.796163763881715,
      10.796139551588327,
      10.795852030604339,
      10.795643199573863,
      10.795337519369834,
      10.795140794486054,
      10.79513373256715,
      10.79414708161157,
      10.794051241283574,
      10.793647703060435
    ],
    [
      8.532300594327111,
      6.5418776274822115,
      6.540809621228066,
      6.54053804249487,
      6.5404507711266735,
      6.540273176943841,
      6.539678144887961,
      6.539437080619168,
      6.539263758461352,
      6.539252773254167,
      6.539009267828222,
      6.539001334067477,
      6.53877430645231,
      6.538690696819843,
      6.53862783702317,
      6.53856741838365,
      6.538434375318848,
      6.538353817132821,
      6.538245185639542,
      6.538236641589509,
      6.538231148985916,
      6.538194531628631,
      6.538116414599757,
      6.538057216538812,
      6.538006562527902,
      6.5378899972738775,
      6.537851549048728,
      6.537824086030764,
      6.537684940073082,
      6.537616587672817,
      6.53761536709424,
      6.537594617258446,
      6.53755494845472,
      6.537518941386724,
      6.537477441715134,
      6.537459133036491,
      6.537418853943477,
      6.537391390925514,
      6.5373767439826,
      6.537208914428377,
      6.5371979292211915,
      6.537177179385397,
      6.537155819260314,
      6.537155819260314,
      6.5370856359921845,
      6.537053290659916,
      6.5370514597920515,
      6.536978225077482,
      6.5369745633417535,
      6.536933063670164
    ]
  ],
  "top_r_val_seeds": [
    [
      246,
      257,
      422,
      444,
      163,
      148,
      316,
      325,
      156,
      421,
      463,
      209,
      10,
      432,
      204,
      5,
      225,
      173,
      221,
      232,
      123,
      315,
      55,
      279,
      21,
      73,
      416,
      34,
      468,
      447,
      181,
      317,
      68,
      336,
      229,
      244,
      157,
      162,
      358,
      339,
      269,
      485,
      75,
      210,
      474,
      326,
      356,
      386,
      172,
      124
    ],
    [
      459,
      440,
      58,
      361,
      377,
      482,
      242,
      217,
      246,
      328,
      78,
      160,
      64,
      257,
      373,
      431,
      338,
      136,
      384,
      71,
      351,
      422,
      30,
      228,
      458,
      444,
      301,
      488,
      33,
      199,
      260,
      99,
      438,
      483,
      310,
      380,
      114,
      206,
      412,
      366,
      249,
      340,
      163,
      241,
      178,
      158,
      148,
      316,
      388,
      116
    ]
  ],
  "loss_predicts_minimas": true,
  "loss_ordering_violations": 0,
  "test_loss_ranks": [
    2,
    1
  ],
  "log_exp_r_n_ranks": [
    1,
    2
  ],
  "data_level_ranks": [
    2,
    1
  ],
  "accuracy_predicts_minimas": true,
  "accuracy_ordering_violations": 0,
  "log_exp_r_n_acc_ranks": [
    1,
    2
  ]
}