{
  "test_loss_values": [
    23.81229293346405,
    3.7353793773651125,
    3.0252407058715822,
    5.638607835769653,
    3.469156380844116,
    3.069732927322388
  ],
  "log_exp_r_n_values": [
    4620131.848247201,
    3584853.1975504006,
    3120989.6320422506,
    3978163.359422712,
    3586674.381057249,
    3363041.3848393774
  ],
  "log_exp_r_n_acc_values": [
    -Infinity,
    -Infinity,
    -Infinity,
    -Infinity,
    -Infinity,
    -Infinity
  ],
  "model_data_levels": [
    0,
    1950,
    19950,
    450,
    4950,
    49950
  ],
  "loss_landscape_data_param": 0,
  "train_loss_values": [
    1.852215609687846e-05,
    0.002794996602460742,
    7.473397272406146e-05,
    0.0013501746580004692,
    0.0005287689855322242,
    3.4427318951202324e-06
  ],
  "num_params": 1276234,
  "dataset_type": "data",
  "top_r_vals": [
    [
      37.342503066890494,
      37.32827027376033,
      33.338995348250506,
      33.309515760110585,
      33.305264796301884,
      29.52079507193144,
      29.503539179675546,
      29.500149857157435,
      25.96236860347079,
      25.941950690319388,
      25.936379620961034,
      25.931074774735997,
      25.92715428880424,
      25.918520252238295,
      25.903931224532258,
      22.59625138896861,
      22.59288015094124,
      22.588515361952872,
      22.587597486863594,
      22.58514168276835,
      22.58403339742119,
      22.58112353809561,
      22.579465992389178,
      22.57895579054434,
      22.571559084372776,
      19.50286943077397,
      19.496270646709366,
      19.493315401788568,
      19.485015878481793,
      19.481031349539432,
      19.480936630150946,
      19.48076824012697,
      19.479846304745696,
      19.47567865165226,
      19.472816021244647,
      19.47043540728067,
      19.465394230937857,
      19.46533950418006,
      19.46166860165736,
      19.457663023962006,
      16.60798324150597,
      16.60681925792011,
      16.60485716540404,
      16.60335600321396,
      16.59533545684114,
      16.587329258494034,
      16.582716368227732,
      16.575327134986228,
      13.938004858699847,
      13.934309594425155
    ],
    [
      16.59222193526171,
      13.9635929060571,
      13.947108892746915,
      13.945811330536266,
      13.944691599151236,
      13.944384162808642,
      13.94343020592207,
      11.538830490431465,
      11.536254820538087,
      11.534506154904477,
      11.53332169549026,
      11.532513373555636,
      11.53156057497322,
      11.531150809308365,
      11.529595194367925,
      11.527237484934576,
      11.52718143795914,
      11.527081798891698,
      11.525784000038264,
      11.52492212210489,
      11.524819992060763,
      11.52407020807826,
      11.523179683912996,
      11.520981396987555,
      11.520135710402641,
      11.519875403338949,
      11.519342334328133,
      11.517984752034234,
      11.517952369337316,
      11.515780237667078,
      11.515775255713706,
      11.512858322014338,
      11.510643843740437,
      9.344147485149794,
      9.33910224851498,
      9.338246747481922,
      9.337096663545971,
      9.336853531766529,
      9.335049715909092,
      9.33469359342717,
      9.333655491348141,
      9.333197475464877,
      9.332067568440083,
      9.33198383425878,
      9.330399946732955,
      9.330372707902892,
      9.328042274664256,
      9.32586215941374,
      7.3792693347617595,
      7.370213339200083
    ],
    [
      11.53598454956765,
      11.529755862364174,
      11.52727983153824,
      11.52718143795914,
      11.519342334328133,
      11.515780237667078,
      9.34752913545971,
      9.346452697249484,
      9.344366404635847,
      9.341335832580063,
      9.340564065728307,
      9.340232155539773,
      9.338246747481922,
      9.336494382747935,
      9.335049715909092,
      9.334876194473141,
      9.33469359342717,
      9.334670389979339,
      9.334496868543388,
      9.33403179074122,
      9.333197475464877,
      9.33312483858471,
      9.332067568440083,
      9.331994931559917,
      9.33198383425878,
      9.331309925426137,
      9.331099076704545,
      9.330372707902892,
      9.329541419163224,
      9.328042274664256,
      9.325415240831612,
      7.3792693347617595,
      7.3789409243954704,
      7.377431990358128,
      7.377332351290685,
      7.376501760024488,
      7.376296902101827,
      7.375950158147129,
      7.374834997704316,
      7.374740141312112,
      7.3721678591470265,
      7.371510241301909,
      7.370213339200083,
      7.370096163656771,
      7.36858244694419,
      7.366812059993879,
      5.651908015903195,
      5.651327630790227,
      5.64822003773531,
      5.647161796109774
    ],
    [
      22.58112353809561,
      22.571559084372776,
      19.495813888769327,
      19.487644867731134,
      19.485883087105275,
      19.477118386357265,
      19.474173665812962,
      19.470610111930547,
      16.609688863062445,
      16.602848441804408,
      16.59928295741506,
      16.59914127066116,
      16.59899779040404,
      16.595740788567493,
      16.59533545684114,
      16.59496958218549,
      16.59222193526171,
      16.588620580808083,
      16.587329258494034,
      16.58585141184573,
      16.58272354224059,
      16.579310505624427,
      16.578515983700644,
      13.9635929060571,
      13.96198489342207,
      13.95886833285108,
      13.954341182002317,
      13.953188295717593,
      13.949726622781636,
      13.947957356770834,
      13.947108892746915,
      13.946198640046298,
      13.945811330536266,
      13.944950810185187,
      13.94441882474923,
      13.94343020592207,
      13.94286807966821,
      13.942183883101853,
      13.939364209587193,
      13.938404224537038,
      13.936761549961421,
      13.93408805941358,
      13.927879050925927,
      11.53332169549026,
      11.529595194367925,
      11.52697966884757,
      11.52407020807826,
      11.520967696615783,
      11.51901227991723,
      11.51595834250013
    ],
    [
      16.615915906221307,
      16.590342343893482,
      13.9635929060571,
      13.958541304976853,
      13.947957356770834,
      13.946198640046298,
      13.945811330536266,
      13.94286807966821,
      13.938404224537038,
      13.934482904128087,
      13.930558569637347,
      11.536254820538087,
      11.53332169549026,
      11.53156057497322,
      11.530108335565252,
      11.529595194367925,
      11.52727983153824,
      11.52718143795914,
      11.527081798891698,
      11.526536274997452,
      11.524752735690239,
      11.524538511695239,
      11.52428443207326,
      11.52407020807826,
      11.523496037952125,
      11.523179683912996,
      11.522376343931745,
      11.520981396987555,
      11.519875403338949,
      11.517952369337316,
      11.51595834250013,
      11.515775255713706,
      11.513410073350299,
      11.510643843740437,
      9.342949985472623,
      9.341335832580063,
      9.340232155539773,
      9.33910224851498,
      9.338246747481922,
      9.336853531766529,
      9.33518691890496,
      9.33469359342717,
      9.333197475464877,
      9.331309925426137,
      9.330372707902892,
      9.329567649147728,
      9.327781992510332,
      7.375884794918886,
      7.373419325834099,
      7.3721678591470265
    ],
    [
      13.945155767746915,
      13.938404224537038,
      13.934482904128087,
      11.53598454956765,
      11.534506154904477,
      11.524538511695239,
      11.52428443207326,
      11.519875403338949,
      11.51901227991723,
      9.346452697249484,
      9.340232155539773,
      9.338972107438018,
      9.336853531766529,
      9.336494382747935,
      9.335885040030991,
      9.335625766722623,
      9.335049715909092,
      9.333775543969525,
      9.331309925426137,
      9.330372707902892,
      9.327781992510332,
      7.385702032955821,
      7.383203085144374,
      7.381325885113765,
      7.380808559075605,
      7.38019876798286,
      7.3792693347617595,
      7.379043751913071,
      7.378367800479544,
