{
  "test_loss_values": [
    0.5579330787062645
  ],
  "log_exp_r_n_values": [
    804512.2497770367
  ],
  "log_exp_r_n_acc_values": [
    -Infinity
  ],
  "model_data_levels": [
    0
  ],
  "loss_landscape_data_param": 0,
  "train_loss_values": [
    0.002344986656680703
  ],
  "num_params": 235146,
  "dataset_type": "data",
  "top_r_vals": [
    [
      30.61063280393136,
      27.309527657133046,
      26.821388166400933,
      26.778925579068495,
      25.95164376429058,
      24.61996667523071,
      24.37798956990023,
      22.67311193161067,
      22.663640202702705,
      22.438750138278127,
      22.295987683896712,
      22.23963069571092,
      21.463777224093818,
      21.423958099296158,
      21.26257318598384,
      21.193777524265393,
      21.033730513233454,
      21.00169510726943,
      20.991542734551366,
      20.604786426929735,
      20.565243506486258,
      20.04962678163424,
      20.048374224488818,
      20.0294170115152,
      20.007157029650074,
      20.006771433587197,
      19.83110031618733,
      19.449953455003424,
      19.066646853647356,
      19.02421506044685,
      18.865065961589885,
      18.85796338876042,
      18.818089295682732,
      18.674116652939222,
      18.638215119171658,
      18.47347761123093,
      18.132731843161512,
      17.89366167969772,
      17.70110056072034,
      17.67071989709553,
      17.51557380965781,
      16.98884918568796,
      16.96805865486631,
      16.85295867926802,
      16.48471863614741,
      16.464801025922696,
      16.45789472217463,
      16.43194147248788,
      14.386859160074271,
      14.221655149098371
    ]
  ],
  "top_r_val_seeds": [
    [
      33,
      35,
      27,
      29,
      47,
      8,
      43,
      4,
      36,
      3,
      40,
      6,
      9,
      32,
      39,
      23,
      1,
      50,
      18,
      24,
      12,
      44,
      21,
      49,
      45,
      42,
      5,
      2,
      19,
      41,
      25,
      48,
      20,
      15,
      17,
      30,
      22,
      38,
      13,
      16,
      11,
      37,
      7,
      14,
      28,
      26,
      46,
      31,
      34,
      10
    ]
  ],
  "loss_predicts_minimas": true,
  "loss_ordering_violations": 0,
  "test_loss_ranks": [
    1
  ],
  "log_exp_r_n_ranks": [
    1
  ],
  "data_level_ranks": [
    1
  ],
  "accuracy_predicts_minimas": true,
  "accuracy_ordering_violations": 0,
  "log_exp_r_n_acc_ranks": [
    1
  ]
}