{
  "test_loss_values": [
    0.11912757903337479,
    0.23268810510635377,
    0.0687241181731224
  ],
  "log_exp_r_n_values": [
    597699.9633850545,
    678171.7120416051,
    421211.6200003594
  ],
  "log_exp_r_n_acc_values": [
    -Infinity,
    -Infinity,
    -Infinity
  ],
  "model_data_levels": [
    19940,
    5940,
    59940
  ],
  "loss_landscape_data_param": 5940,
  "train_loss_values": [
    0.004329550080001354,
    0.0011700353352352977,
    0.017070703208446503
  ],
  "num_params": 235146,
  "dataset_type": "data",
  "top_r_vals": [
    [
      12.703167246964597,
      12.690107355116826,
      12.688427041883482,
      12.6820302137537,
      12.681074475818795,
      12.680439974237323,
      12.677975302265077,
      12.675410194112848,
      12.672746244005715,
      12.666944061830428,
      12.665266937047242,
      12.66523345832058,
      12.66330763442506,
      12.663166545505563,
      12.659614612029387,
      12.651660225997349,
      12.64386207402306,
      12.641342401285584,
      11.171428866075528,
      11.170201437313477,
      11.169605938199467,
      11.163964810121815,
      11.162349256054867,
      11.160605494531609,
      11.15911044146185,
      11.158568887561698,
      11.157083642712639,
      11.15620370519829,
      11.15592347032111,
      11.154300910382233,
      11.154205630523991,
      11.15359331731735,
      11.153303274219468,
      11.152922855373696,
      11.152868209572645,
      11.152552244748623,
      11.152530526545641,
      11.152083551916538,
      11.151822232893567,
      11.15165199020568,
      11.151344432427974,
      11.151176291501665,
      11.150176553577323,
      11.149586659160857,
      11.14939539885718,
      11.149260185528941,
      11.149138283357367,
      11.148998165918776,
      11.1489561306872,
      11.14882792323089
    ],
    [
      17.886955629427963,
      17.877927233887966,
      17.87792610983474,
      17.87169211062348,
      17.859958118959884,
      17.827397669058605,
      16.086857567148762,
      16.085090069731404,
      16.077446046939567,
      16.071271912125518,
      16.066200445506198,
      16.060917121319733,
      16.06075671487603,
      16.059000314759814,
      16.058790474883782,
      16.05512937435434,
      16.054759128034608,
      16.05431220945248,
      16.05335481501808,
      16.051966643530477,
      16.050694489282026,
      16.049851094395663,
      16.049484883458163,
      16.048681842394114,
      16.04681346042097,
      16.046614717846076,
      16.046086082773762,
      16.04548884620351,
      16.044531451769114,
      16.04316951026601,
      16.04302524535124,
      16.04231602692407,
      16.042135443569215,
      16.040732139398244,
      16.039928089488637,
      16.039248127582646,
      16.037585550103305,
      16.034715384491218,
      16.034426854661675,
      16.03391234342717,
      16.03365407896436,
      16.03276629487345,
      16.031601078254134,
      16.030690090715392,
      16.030243172133265,
      16.029606590586262,
      16.029478467200413,
      16.028646169615186,
      16.028215392561982,
      16.027379059594526
    ],
    [
      5.99726434401524,
      5.995897081163195,
      5.989852716893326,
      5.986301751784337,
      5.98539149908372,
      5.982096730926891,
      4.965079496033569,
      4.964533972139324,
      4.964091201033378,
      4.9635254379535585,
      4.961762137831919,
      4.961044113802164,
      4.960269108680716,
      4.959363950027422,
      4.958703841205618,
      4.95742472467733,
      4.957152585474379,
      4.957073185592511,
      4.957023677430876,
      4.95685460238831,
      4.956830315365621,
      4.95682969262145,
      4.956689886554945,
      4.956680234020286,
      4.956365436841587,
      4.9561530810791,
      4.956078351778519,
      4.955924845340241,
      4.955907408503439,
      4.955634023812144,
      4.955172570381053,
      4.955110295963902,
      4.955034632547063,
      4.954897940201416,
      4.954835354412179,
      4.95473914043768,
      4.954586568115659,
      4.954310692447679,
      4.954142862893456,
      4.95401270936161,
      4.953995272524808,
      4.953942027898143,
      4.95391805224754,
      4.953734965461115,
      4.953667709090592,
      4.953657745183848,
      4.953544717116718,
      4.953296864936456,
      4.953292505727255,
      4.953200028217785
    ]
  ],
  "top_r_val_seeds": [
    [
      173,
      99,
      496,
      5,
      448,
      87,
      212,
      27,
      412,
      434,
      461,
      186,
      451,
      317,
      302,
      14,
      201,
      275,
      419,
      384,
      408,
      246,
      484,
      140,
      128,
      259,
      376,
      471,
      388,
      456,
      394,
      435,
      415,
      29,
      329,
      478,
      46,
      13,
      432,
      477,
      378,
      237,
      119,
      350,
      475,
      1,
      199,
      225,
      261,
      202
    ],
    [
      198,
      422,
      212,
      301,
      186,
      141,
      419,
      384,
      173,
      140,
      376,
      99,
      415,
      13,
      496,
      475,
      199,
      202,
      285,
      178,
      5,
      79,
      448,
      87,
      339,
      156,
      328,
      487,
      392,
      52,
      389,
      27,
      468,
      438,
      154,
      483,
      495,
      113,
      278,
      356,
      98,
      62,
      434,
      282,
      135,
      442,
      461,
      110,
      130,
      124
    ],
    [
      496,
      475,
      412,
      186,
      451,
      351,
      419,
      384,
      333,
      267,
      246,
      484,
      140,
      259,
      376,
      394,
      435,
      99,
      415,
      29,
      329,
      458,
      478,
      46,
      432,
      378,
      237,
      377,
      324,
      119,
      199,
      225,
      202,
      105,
      198,
      285,
      411,
      178,
      348,
      45,
      474,
      325,
      5,
      375,
      380,
      79,
      448,
      87,
      355,
      323
    ]
  ],
  "loss_predicts_minimas": true,
  "loss_ordering_violations": 2,
  "test_loss_ranks": [
    2,
    1,
    3
  ],
  "log_exp_r_n_ranks": [
    2,
    1,
    3
  ],
  "data_level_ranks": [
    2,
    3,
    1
  ],
  "subset_sizes": [
    1,
    2,
    3,
    4,
    5,
    6,
    7,
    8,
    9,
    10,
    11,
    12,
    13,
    14,
    15,
    16,
    17,
    18,
    19,
    20,
    21,
    22,
    23,
    24,
    25,
    26,
    27,
    28,
    29,
    30,
    31,
    32,
    33,
    34,
    35,
    36,
    37,
    38,
    39,
    40,
    41,
    42,
    43,
    44,
    45,
    46,
    47,
    48,
    49,
    50,
    51,
    52,
    53,
    54,
    55,
    56,
    57,
    58,
    59,
    60,
    61,
    62,
    63,
    64,
    65,
    66,
    67,
    68,
    69,
    70,
    71,
    72,
    73,
    74,
    75,
    76,
    77,
    78,
    79,
    80,
    81,
    82,
    83,
    84,
    85,
    86,
    87,
    88,
    89,
    90,
    91,
    92,
    93,
    94,
    95,
    96,
    97,
    98,
    99,
    100
  ],