{
  "test_loss_values": [
    4.356682425689697,
    4.590903620147705
  ],
  "log_exp_r_n_values": [
    4749387.959248588,
    4064762.3464043606
  ],
  "log_exp_r_n_acc_values": [
    -Infinity,
    -Infinity
  ],
  "model_data_levels": [
    19950,
    49950
  ],
  "loss_landscape_data_param": 19950,
  "train_loss_values": [
    0.0001914463355205953,
    8.384053217014298e-05
  ],
  "num_params": 1707274,
  "dataset_type": "data",
  "top_r_vals": [
    [
      16.149001133294753,
      16.143856095679013,
      16.140578281732253,
      16.13606620129244,
      16.13579493393133,
      16.13413116078318,
      16.134061836902006,
      16.13353889371142,
      16.13331283757716,
      16.132842640817902,
      16.13087143132716,
      16.130399727527006,
      16.12908106674383,
      16.128808292341823,
      16.12753634982639,
      16.125542534722225,
      16.12546115451389,
      16.12507384500386,
      16.12434745129244,
      16.12373709972994,
      16.123441719714506,
      16.12324580439815,
      16.122569143036266,
      16.12165889033565,
      16.119119526427472,
      16.115104769483025,
      13.350770668331041,
      13.348591063730746,
      13.348036821418098,
      13.347858716585046,
      13.347496279477225,
      13.345789960447279,
      13.34543624175786,
      13.345413822967686,
      13.344916873118818,
      13.344900681770358,
      13.344437360106753,
      13.344266728203758,
      13.344138442904427,
      13.344015139558467,
      13.343743623099687,
      13.343579218638409,
      13.343357521713349,
      13.343340084876546,
      13.34332887548146,
      13.343254146180879,
      13.343094723672971,
      13.342973911303698,
      13.342870535771226,
      13.342632647497709
    ],
    [
      10.814124241348141,
      10.812358761621901,
      10.811909825348657,
      10.811765560433885,
      10.81147198637655,
      10.810488361957646,
      10.809803355823863,
      10.80938266722624,
      10.809369552233989,
      10.808994261686466,
      10.808856049845042,
      10.808752138752583,
      10.808652263042356,
      10.808299167097108,
      10.80811959258781,
      10.80810546875,
      10.80809638913998,
      10.808035858406509,
      10.807906726175103,
      10.807808868155991,
      10.80772513397469,
      10.807532444473141,
      10.807468887202996,
      10.807423489152892,
      10.807193472365702,
      10.807080481663224,
      10.807078463972108,
      10.807044163223141,
      10.806978588261881,
      10.806919066373966,
      10.80675361570248,
      10.806708217652377,
      10.806406572830578,
      10.806388413610538,
      10.80635411286157,
      10.806318803267045,
      10.806202786027892,
      10.806149317213327,
      10.806146290676653,
      10.806019176136363,
      10.80595057463843,
      10.8059465392562,
      10.805848681237087,
      10.805818415870352,
      10.805728628615702,
      10.805557124870868,
      10.805548045260847,
      10.805475408380682,
      10.805367461905991,
      10.805351320377067
    ]
  ],
  "top_r_val_seeds": [
    [
      242,
      99,
      428,
      59,
      129,
      48,
      253,
      394,
      95,
      285,
      447,
      317,
      23,
      473,
      332,
      452,
      177,
      61,
      22,
      126,
      321,
      240,
      496,
      72,
      265,
      413,
      440,
      58,
      361,
      377,
      482,
      217,
      246,
      328,
      78,
      160,
      64,
      257,
      373,
      431,
      338,
      136,
      384,
      71,
      351,
      422,
      30,
      228,
      458,
      444
    ],
    [
      440,
      58,
      361,
      377,
      482,
      242,
      246,
      78,
      160,
      64,
      257,
      373,
      431,
      136,
      384,
      71,
      351,
      422,
      30,
      228,
      458,
      444,
      301,
      488,
      33,
      199,
      260,
      99,
      438,
      483,
      114,
      206,
      366,
      249,
      340,
      163,
      178,
      158,
      148,
      388,
      116,
      311,
      268,
      425,
      456,
      289,
      357,
      259,
      450,
      32
    ]
  ],
  "loss_predicts_minimas": true,
  "loss_ordering_violations": 0,
  "test_loss_ranks": [
    2,
    1
  ],
  "log_exp_r_n_ranks": [
    1,
    2
  ],
  "data_level_ranks": [
    2,
    1
  ],
  "accuracy_predicts_minimas": true,
  "accuracy_ordering_violations": 0,
  "log_exp_r_n_acc_ranks": [
    1,
    2
  ]
}