{
  "test_loss_values": [
    0.5328066855669021
  ],
  "log_exp_r_n_values": [
    841957.2368487148
  ],
  "log_exp_r_n_acc_values": [
    -Infinity
  ],
  "model_data_levels": [
    0
  ],
  "loss_landscape_data_param": 0,
  "train_loss_values": [
    0.002121556317433715
  ],
  "num_params": 235146,
  "dataset_type": "data",
  "top_r_vals": [
    [
      35.89467168306945,
      33.64104049136436,
      33.39771847893665,
      32.320129223351664,
      31.12135796979525,
      30.675619057062942,
      29.400245855503236,
      29.163122288210726,
      28.927074722859274,
      28.022673574475377,
      27.761304802493296,
      27.681856780422326,
      27.48545038308923,
      27.484475210697155,
      27.054914796161903,
      27.04730699686251,
      26.67362138518903,
      26.42776662550391,
      26.39796307796702,
      26.13179693668581,
      25.49170531540988,
      25.079523278465533,
      24.985887895004648,
      24.39056790148507,
      24.113883026192795,
      23.494869711349864,
      23.323693624132034,
      23.3006301042011,
      23.270510842543874,
      23.065677768741548,
      22.809038382564392,
      22.689761287892626,
      22.646665563367424,
      22.50484825504685,
      22.50091448277519,
      22.461525874035676,
      22.456291681178342,
      22.23050300340909,
      21.850498894849395,
      21.41825655297929,
      21.242880836877635,
      20.994379154554956,
      20.991517598366634,
      20.625793887273627,
      20.390295562309774,
      20.23956835319272,
      20.223856013072478,
      19.614491317148104,
      18.484506344833708,
      16.825571741372915
    ]
  ],
  "top_r_val_seeds": [
    [
      17,
      10,
      44,
      24,
      35,
      28,
      37,
      43,
      33,
      21,
      5,
      12,
      7,
      13,
      36,
      6,
      14,
      22,
      2,
      45,
      15,
      9,
      20,
      25,
      29,
      50,
      34,
      30,
      18,
      31,
      16,
      8,
      38,
      40,
      39,
      48,
      32,
      3,
      1,
      27,
      26,
      41,
      11,
      49,
      23,
      47,
      4,
      42,
      46,
      19
    ]
  ],
  "test_acc_values": [
    0.8921999931335449
  ],
  "loss_predicts_minimas": true,
  "loss_ordering_violations": 0,
  "test_loss_ranks": [
    1
  ],
  "log_exp_r_n_ranks": [
    1
  ],
  "data_level_ranks": [
    1
  ],
  "accuracy_predicts_minimas": true,
  "accuracy_ordering_violations": 0,
  "log_exp_r_n_acc_ranks": [
    1
  ]
}