{
  "test_loss_values": [
    0.5179950767755508,
    0.5249489420652389,
    0.34018183052539824,
    0.4857225723564625,
    0.17315715551376343,
    0.21993917226791382,
    0.5431342154741288,
    0.42747425436973574
  ],
  "log_exp_r_n_values": [
    832244.1674706002,
    814153.7833275343,
    804840.7661311594,
    831582.5018253466,
    742674.2658525213,
    765627.0624999952,
    755602.4622344278,
    814153.7833275343
  ],
  "log_exp_r_n_acc_values": [
    -Infinity,
    -Infinity,
    -Infinity,
    -Infinity,
    -Infinity,
    -Infinity,
    -Infinity,
    -Infinity
  ],
  "model_data_levels": [
    200,
    100,
    2000,
    500,
    10000,
    5000,
    0,
    1000
  ],
  "loss_landscape_data_param": 200,
  "train_loss_values": [
    0.0030063032172620296,
    0.06320012360811234,
    0.008860306814312935,
    0.003942415118217468,
    0.06963051110506058,
    0.032147351652383804,
    0.13464970886707306,
    0.004909505136311054
  ],
  "num_params": 235146,
  "dataset_type": "data",
  "top_r_vals": [
    [
      34.442191711011176,
      34.345412763741656,
      33.17070944290391,
      31.88983412764987,
      31.863321936764784,
      30.62026217316067,
      29.427806719870063,
      29.419445331161494,
      29.39664255301491,
      28.190358789866416,
      27.072579505007024,
      27.030508520952306,
      27.02354265275,
      26.99466630321046,
      25.933606181745922,
      25.921994354624882,
      25.886191900437332,
      24.845573182738296,
      24.838045241179447,
      24.797744849231435,
      24.768692675101867,
      23.75615058548869,
      23.702344028658526,
      23.69355356053588,
      23.672675452778183,
      23.64447046298547,
      22.65793412627754,
      22.6311832731509,
      22.608899444875227,
      22.59460781512876,
      21.640735920888993,
      21.6212763237365,
      21.612899792988774,
      21.599727351744786,
      21.594620142069488,
      20.59354774446392,
      20.59058899818167,
      20.5823229035989,
      20.567308950266458,
      20.55540660313803,
      19.60946057036123,
      19.531352339192825,
      18.67257898652955,
      18.605905123393452,
      18.598153875095733,
      17.698479580519788,
      17.6795600168073,
      17.659092569720855,
      17.657977559554997,
      16.766094184355893
    ],
    [
      31.891826500655068,
      30.668185505643393,
      30.56729509054971,
      28.230904640981286,
      28.224949535680913,
      27.083676888880646,
      27.05606365620477,
      25.934710128798436,
      25.90724516542255,
      24.778985855558364,
      24.77668253015603,
      24.746129137166676,
      23.74639782070292,
      23.72680575902834,
      23.684152891893515,
      23.68382914247352,
      22.661265515145658,
      22.651118885492156,
      22.64248406233527,
      22.58193485850213,
      21.645583488017586,
      21.64325486140758,
      21.612899792988774,
      21.569524534452846,
      20.59923594714578,
      20.58039272323088,
      20.57854674536214,
      20.57276009052728,
      20.554656553182944,
      20.541663459833128,
      19.59158943468915,
      19.58350093944913,
      19.576260749807457,
      19.5703250766237,
      19.564931924462137,
      18.659614135868573,
      18.642835197507495,
      18.63342422327759,
      18.63074709472595,
      18.623267778925598,
      17.72728734815823,
      17.69753816475101,
      17.627045486121524,
      16.740838835893904,
      15.884507989164572,
      15.872065787381473,
      15.867527549710708,
      15.853552294489091,
      15.8491578742093,
      15.84694768055494
    ],
    [
      30.65342800908791,
      29.356830204963952,
      28.224949535680913,
      28.209023091272943,
      27.098408712786508,
      27.074562700621804,
      27.066869944413046,
      25.94344060519305,
      24.807201591736952,
      24.80241236026015,
      24.772600213589293,
      23.753594904583377,
      23.72753382224013,
      23.6877320387072,
      23.684152891893515,
      22.68859629781435,
      22.660570169650516,
      22.625355479964156,
      22.61595691667326,
      22.59535445660305,
      21.612899792988774,
      20.59923594714578,
      20.58518967484348,
      20.58341364982029,
      20.554656553182944,
      20.554631940144695,
      20.541663459833128,
      19.62512216587018,
      19.6111349875161,
      19.60123521186334,
      19.576260749807457,
      19.54088468015328,
      19.531352339192825,
      18.659614135868573,
      18.641243454699648,
      18.63074709472595,
      18.62152131590373,
      18.619851040866042,
      18.616565580563833,
      18.59891341069182,
      17.72728734815823,
      17.698479580519788,
      17.67225792428399,
      16.762165410485956,
      16.74653787897806,
      16.740838835893904,
      16.739561245894844,
      15.872065787381473,
      15.867527549710708,
      14.980878391903083
    ],
    [
      34.345412763741656,
      33.154747734629495,
      31.907180200071394,
      31.88983412764987,
      30.626030312153766,
      29.407699791103518,
      29.39664255301491,
      28.238928230979013,
      28.230904640981286,
      28.190358789866416,
      27.07341023415725,
      27.072579505007024,
      27.02354265275,
      25.858177409503547,
      24.845573182738296,
      24.797744849231435,
      24.778985855558364,
      24.772938846117956,
      23.75615058548869,
      23.716909768692712,
      23.672675452778183,
      23.657739713406862,
      22.679281802933726,
      22.65793412627754,
      22.637207700924385,
      22.62881225900353,
      22.61595691667326,
      22.58193485850213,
      21.6212763237365,
      21.612899792988774,
      21.61036182107933,
      21.599727351744786,
      21.594620142069488,
      21.590809785742664,
      21.56955036276901,
      20.622492677445805,
      20.59058899818167,
      20.567308950266458,
      20.55540660313803,
      19.60946057036123,
      19.59055124673304,
      19.531352339192825,
      18.67257898652955,
      18.605905123393452,
      17.698479580519788,
      17.659092569720855,
      17.65662997740844,
      16.766094184355893,
      16.76130032064349,
      16.740838835893904
    ],
    [
      23.532217746537047,
      21.243862582559863,
      21.04945650417685,
      20.46226077162379,
      20.41683739965503,
      19.86213768642853,
      19.834836030217566,
      19.60127366278775,
      19.25877136406541,
      19.072932201627303,
      18.84194610797859,
      18.458268772482977,
      18.269688356536435,
      17.733508163678565,
      17.711350158186182,
      17.68926577844834,
      17.371315442705956,
      17.321321876141344,
      17.172778302283298,
      16.27594643880006,
      16.121681559430467,
      16.044651349233643,
      15.774085093856522,
      15.754462298552774,
      15.59748881813573,
      15.57742602104551,
      15.395802829485048,
      15.372948492664767,
      15.229483215707965,
      15.21178607713455,
      15.200722132275327,
      14.873789272902282,
      14.723780596078551,
      14.556270885310528,
      14.37202667595414,
      14.192060509127424,
      14.170710843933566,
      13.715833143813857,
      13.710103332499164,
      13.563659680169655,
      13.549859516799817,
      13.543564077052187,
      13.532139840956381,
      13.232567597818468,
      12.738749379394175,
      12.578478690486756,
      12.577684474614363,
      12.266200169202932,
      12.007416420547969,
      10.93105184096505
    ],
    [
      25.945061466892014,
      25.934710128798436,
      25.927341241456773,
      24.841230259571155,
      24.793086701314113,
      24.759509023345274,
      23.736531669023513,
      22.68859629781435,
      21.61950912315681,
      21.618845743246894,
      21.6097269882557,
      21.583243448491476,
      21.579982283729418,
      21.579687297171116,
      20.589064285233242,
      20.58341364982029,
      20.541663459833128,
      19.631070169077173,
      19.600751874952653,
