{
  "test_loss_values": [
    0.5232865208387375,
    0.5074769893288612,
    0.35561294853687286,
    0.4852389059960842,
    0.17301252484321594,
    0.23223425149917604,
    0.5281790509819985,
    0.435069078207016
  ],
  "log_exp_r_n_values": [
    822943.3657270788,
    814308.0688804624,
    874298.5194047195,
    840691.9403156285,
    862133.658102759,
    881892.1109896123,
    798642.3145069868,
    857795.3524280376
  ],
  "log_exp_r_n_acc_values": [
    -Infinity,
    -Infinity,
    -Infinity,
    -Infinity,
    -Infinity,
    -Infinity,
    -Infinity,
    -Infinity
  ],
  "model_data_levels": [
    200,
    100,
    2000,
    500,
    10000,
    5000,
    0,
    1000
  ],
  "loss_landscape_data_param": 2000,
  "train_loss_values": [
    0.32649117708206177,
    0.34862232208251953,
    0.008678104728460312,
    0.27113956212997437,
    0.06041707843542099,
    0.02884487435221672,
    0.3912304639816284,
    0.15795958042144775
  ],
  "num_params": 235146,
  "dataset_type": "data",
  "top_r_vals": [
    [
      33.106422933507844,
      33.10632291235938,
      33.07906714940517,
      31.78502809173853,
      30.569090650182833,
      29.45887467247143,
      29.455446114543356,
      29.392677415594584,
      29.356830204963952,
      28.263799762000957,
      28.248434382970125,
      28.190358789866416,
      27.07562324213941,
      27.07341023415725,
      27.023912054851635,
      27.010731038847116,
      25.92567798297293,
      25.908504023804444,
      25.84281998950271,
      24.838045241179447,
      24.81231853211246,
      24.807084552844557,
      24.80241236026015,
      24.77620501147506,
      24.768692675101867,
      23.728543860753202,
      23.72744729013709,
      23.716909768692712,
      23.71012296633529,
      23.702344028658526,
      23.6744075867718,
      22.68859629781435,
      22.64248406233527,
      21.65577207905202,
      21.616330880883492,
      21.569524534452846,
      20.59058899818167,
      20.574915674508745,
      20.57276009052728,
      20.569617394169686,
      19.618193925816268,
      19.564931924462137,
      18.640739441881255,
      18.63342422327759,
      18.624254706351376,
      18.605905123393452,
      18.600747782926195,
      18.58647835955157,
      15.01429188790633,
      14.953691634694508
    ],
    [
      31.912758443606073,
      31.845342474132348,
      31.819028718788026,
      30.583875118664135,
      30.569090650182833,
      29.396553739857573,
      28.26545099871215,
      28.263799762000957,
      28.205218144743817,
      28.155595818287413,
      27.083676888880646,
      27.074562700621804,
      27.07341023415725,
      27.00926194200973,
      25.93572602099004,
      25.84281998950271,
      24.81072680317589,
      24.80241236026015,
      24.794291421646502,
      24.77668253015603,
      24.77620501147506,
      24.768692675101867,
      24.762745538849636,
      23.72180181638011,
      23.67260085613763,
      22.679281802933726,
      22.65101201886893,
      21.619430278823256,
      21.609828942135298,
      21.60364509949145,
      21.596557265781836,
      20.636821351976444,
      20.62711215609839,
      20.61136499331072,
      20.59058899818167,
      20.58518967484348,
      20.569617394169686,
      20.554631940144695,
      19.606649325064396,
      19.58350093944913,
      19.564931924462137,
      18.63342422327759,
      18.614615168168942,
      18.58647835955157,
      17.681409464806958,
      17.66398882194618,
      17.659092569720855,
      16.777891055841838,
      14.16858891626099,
      14.111402065066812
    ],
    [
      41.18713267319539,
      39.70378941563187,
      37.03647441194051,
      37.00598303511488,
      35.777625383143146,
      35.71547379877462,
      34.46078639556529,
      34.36404208333103,
      33.15267646334689,
      33.14151993774621,
      33.1401092227982,
      33.10803160697884,
      33.063528447237765,
      33.06338466683686,
      31.907180200071394,
      31.880351314080855,
      31.86800020496814,
      31.8410470462147,
      31.824272227622632,
      31.802213812207924,
      31.766150658174173,
      30.66425338417215,
      30.571290788703244,
      29.46204419202394,
      29.419445331161494,
      29.414103589802423,
      29.413378282350827,
      29.413239511792487,
      29.395314056203063,
      29.376626287679816,
      29.36771906810844,
      29.359625969145995,
      28.285090062435287,
      28.237623221320167,
      28.21700584423373,
      28.214323028458875,
      28.17244020826494,
      27.058067279585543,
      27.014498259358287,
      25.945061466892014,
      25.932810426706595,
      25.92979373239766,
      25.9098770273764,
      25.899179992421477,
      25.857322951223612,
      24.7827716735977,
      24.778985855558364,
      23.68246700781704,
      22.570919046979704,
      17.698479580519788
    ],
    [
      35.70204484989233,
      35.634425957520016,
      34.39188648698871,
      30.67354713918307,
      30.669977212144257,
      30.642398417993896,
      30.604620382751534,
      30.583457053813934,
      30.569090650182833,
      29.453725359619927,
      29.437713087461496,
      29.42655408429677,
      29.417558051568058,
      29.372753663965046,
      28.219633618784876,
      28.190358789866416,
      28.189815479722732,
      28.170819155450616,
      27.074562700621804,
      27.06116038381907,
      27.047204815020798,
      27.010731038847116,
      26.97863391153662,
      25.927341241456773,
      25.912112642456158,
      25.875540523558435,
      24.848246351040597,
      24.838045241179447,
      24.81822353436343,
      24.800102792783555,
      24.791966248984252,
      24.768692675101867,
      24.760933776795362,
      23.767332621907435,
      23.716909768692712,
      23.714087031814223,
      23.689934131536297,
      22.671275355521423,
      22.660570169650516,
      22.65793412627754,
      22.651677441709566,
      22.640530540462645,
      22.6311832731509,
      22.609724455206553,
      21.588547769000662,
      20.557433940235985,
      20.541663459833128,
      19.572286783319868,
      17.627045486121524,
      16.779237220035725
    ],
    [
      39.110566256321384,
      35.49169146117718,
      34.89396619614093,
      34.60543123002075,
      33.051929185011396,
      32.15250894007824,
      31.559752901953107,
      30.85180071593975,
      30.16378097727513,
      29.62014713343982,
      29.43016105320023,
      29.41348248850624,
      28.739559666791735,
      28.698329638529202,
      28.6162000144808,
      28.245868040719994,
      28.180699740326325,
      27.94567864598833,
      27.50038974699976,
      27.05987936633377,
      27.03657569097814,
      26.848829687345543,
      26.67362138518903,
      26.40400247561305,
      26.37381544790678,
      26.207274807183307,
      26.145571207781853,
      25.974500761825137,
      25.95164376429058,
      25.91609042910494,
      25.72256344424203,
      25.707467875132977,
      25.70502366114629,
      25.49170531540988,
      25.446022589145937,
      25.445119774807036,
      25.269437216812815,
      24.61401907889335,
      24.547547491405048,
      24.16209518430981,
      24.12830941774164,
      23.957670235339506,
      23.700685842446806,
      23.075263223522686,
      22.910453432997034,
      21.85651021127562,
      21.62046026298685,
      21.610343740283795,
      18.798359926712003,
      18.68340744642681
    ],
    [
      42.53890149455664,
      37.03658630690134,
      35.7019369868491,
      35.672544307568586,
      34.4647975655861,
      34.46078639556529,
      34.404926577763334,
      33.15267646334689,
      31.814009702686395,
      31.804081912450226,
      31.803943608891515,
      31.766150658174173,
      30.66425338417215,
      30.64119816729493,
      30.63989388202495,
      30.610236323020363,
      30.58849695080991,
      29.453725359619927,
      29.417558051568058,
      29.372753663965046,
