{
  "test_loss_values": [
    0.5345328444242478,
    0.5333628770709038,
    0.36673222333192823,
    0.49618795663118365,
    0.18272170424461365,
    0.23914813995361328,
    0.5469314098358155,
    0.44533042311668397
  ],
  "log_exp_r_n_values": [
    874298.5194047195,
    882361.781427035,
    857819.2391969411,
    874432.3516959092,
    831925.0664659808,
    841214.5119524176,
    890266.0347142825,
    874432.3516959092
  ],
  "log_exp_r_n_acc_values": [
    -Infinity,
    -Infinity,
    -Infinity,
    -Infinity,
    -Infinity,
    -Infinity,
    -Infinity,
    -Infinity
  ],
  "model_data_levels": [
    200,
    100,
    2000,
    500,
    10000,
    5000,
    0,
    1000
  ],
  "loss_landscape_data_param": 0,
  "train_loss_values": [
    0.0035291172098368406,
    0.0031002103351056576,
    0.013934047892689705,
    0.004510705824941397,
    0.08219511806964874,
    0.04410448297858238,
    0.002724036108702421,
    0.006579776760190725
  ],
  "num_params": 235146,
  "dataset_type": "data",
  "top_r_vals": [
    [
      41.18713267319539,
      41.15309981161204,
      39.801776776075734,
      39.783171295815656,
      39.72525669967842,
      38.43454271790801,
      37.118985289826085,
      37.11067242669457,
      37.07427159725021,
      36.9444850984148,
      35.718118690480516,
      35.71547379877462,
      35.6972292144414,
      35.634425957520016,
      34.45435510245583,
      34.411407658735975,
      34.372430255932564,
      34.325718416818106,
      33.14151993774621,
      33.10632291235938,
      31.907180200071394,
      31.880351314080855,
      31.843903315361995,
      31.83542871469199,
      31.803943608891515,
      31.75065464640033,
      30.65151300235473,
      30.61449981386596,
      30.583875118664135,
      29.43955225992804,
      29.3844122411398,
      29.36771906810844,
      28.285090062435287,
      28.26874104347112,
      28.233575028092723,
      28.230904640981286,
      28.21039379529557,
      28.190358789866416,
      28.176280665260975,
      27.072579505007024,
      27.021988440220987,
      27.010816154538738,
      25.92567798297293,
      25.889604841620358,
      25.875540523558435,
      25.874622470101173,
      24.819543733069647,
      24.807813315014535,
      22.608899444875227,
      21.60364509949145
    ],
    [
      42.62395176384558,
      41.21058081708795,
      41.18713267319539,
      41.131352273843696,
      38.48103731203126,
      38.472419414913766,
      38.43454271790801,
      38.390435808123534,
      38.36388852830421,
      37.05326098720973,
      37.05051722952443,
      37.01552208052547,
      36.9444850984148,
      35.73837222399391,
      35.634425957520016,
      34.45435510245583,
      34.325718416818106,
      33.12511438562553,
      33.10632291235938,
      31.907180200071394,
      31.88983412764987,
      31.880351314080855,
      31.843903315361995,
      31.803943608891515,
      31.75065464640033,
      30.64119816729493,
      30.61449981386596,
      30.599220217889258,
      30.583875118664135,
      29.43955225992804,
      29.422228143424757,
      29.3844122411398,
      29.377192471557848,
      29.36771906810844,
      29.36252164813004,
      28.285090062435287,
      28.26874104347112,
      28.236859746281656,
      28.230904640981286,
      28.21039379529557,
      28.184092967980604,
      28.17244020826494,
      27.065133584303968,
      27.012792540898193,
      27.01183413821053,
      25.889604841620358,
      24.819543733069647,
      24.807813315014535,
      22.608899444875227,
      21.60364509949145
    ],
    [
      38.39951529199074,
      38.36388852830421,
      37.05767151358237,
      37.03658630690134,
      35.781474745498464,
      35.68173963200405,
      34.46078639556529,
      34.404926577763334,
      34.345412763741656,
      34.30646566659409,
      33.14151993774621,
      33.13998836391048,
      31.90308922089271,
      31.877745594858762,
      31.85967994305206,
      31.845246262961073,
      30.668185505643393,
      30.626030312153766,
      30.599220217889258,
      30.550776712551443,
      29.42895944064135,
      29.392677415594584,
      29.3844122411398,
      29.35842699152193,
      29.33999641110014,
      29.309235604001234,
      28.25019925317542,
      28.214323028458875,
      28.18126811033812,
      27.083676888880646,
      27.066869944413046,
      27.047204815020798,
      27.023912054851635,
      27.014498259358287,
      27.010816154538738,
      25.962090298604558,
      25.92567798297293,
      25.90607436190157,
      25.890103819165514,
      25.884349270940522,
      24.85994243768727,
      24.817552511380367,
      24.814665552034622,
      23.68727550726702,
      23.6744075867718,
      23.673567628599187,
      23.672703799501594,
      22.651677441709566,
      21.620580318585112,
      19.595142947384538
    ],
    [
      41.21058081708795,
      41.19131678643394,
      39.77913021855287,
      38.36388852830421,
      38.343614961585565,
      37.118985289826085,
      37.11067242669457,
      37.07413639083921,
      37.05326098720973,
      37.05051722952443,
      37.03159066312937,
      35.68173963200405,
      35.634425957520016,
      35.613262329579356,
      34.45435510245583,
      34.42698476584324,
      34.411407658735975,
      33.10632291235938,
      33.04262819475834,
      31.907180200071394,
      31.83542871469199,
      31.832093394087714,
      31.803943608891515,
      31.75065464640033,
      30.64119816729493,
      30.61449981386596,
      30.607365739486724,
      29.43955225992804,
      29.437713087461496,
      29.42895944064135,
      29.372753663965046,
      29.36771906810844,
      28.285090062435287,
      28.230904640981286,
      28.21039379529557,
      28.190358789866416,
      28.176280665260975,
      27.103146252182167,
      27.069430224417026,
      27.021988440220987,
      27.010816154538738,
      25.932810426706595,
      25.92567798297293,
      25.875540523558435,
      24.807813315014535,
      24.77620501147506,
      24.76186696689739,
      23.72870946529523,
      23.672703799501594,
      21.60364509949145
    ],
    [
      34.39548420127613,
      34.3268527142228,
      33.118875566490594,
      33.106422933507844,
      31.91619197978103,
      31.909044291514892,
      31.85967994305206,
      31.819028718788026,
      30.64119816729493,
      30.626174804613512,
      30.61449981386596,
      30.56729509054971,
      29.413239511792487,
      29.396553739857573,
      29.392677415594584,
      29.379923476145997,
      29.309235604001234,
      28.263799762000957,
      28.237726201674196,
      28.237623221320167,
      28.13887393942072,
      27.094934290254514,
      27.07562324213941,
      27.044668367410473,
      27.01928005891359,
      25.945061466892014,
      25.92979373239766,
      25.927341241456773,
      25.899179992421477,
      25.896466598189008,
      25.87356581177026,
      24.82772553190734,
      24.794291421646502,
      24.760933776795362,
      24.745311425438477,
      23.753594904583377,
      23.6877320387072,
      23.684152891893515,
      23.675902503448462,
      22.65433770818381,
      21.65577207905202,
      21.618845743246894,
      21.582827476662718,
      21.57844617861015,
      21.570337446719503,
      20.603285439649422,
      20.59354774446392,
      20.58714705909588,
      20.554656553182944,
      19.565626104770082
    ],
    [
      35.781474745498464,
      35.672544307568586,
      35.6536929936172,
      34.39548420127613,
      33.17264735265524,
      33.12527066866999,
      31.879102573253654,
      31.877745594858762,
      31.857320764956366,
      31.845342474132348,
      31.766150658174173,
      30.66425338417215,
      30.642398417993896,
      30.63978214118941,
      30.626030312153766,
      30.62252974149563,
      30.61449981386596,
      30.608656538793795,
      30.604620382751534,
      30.591340562417727,
