{
  "test_loss_values": [
    0.5247679626941681,
    0.5174245566129685,
    0.3569228991866112,
    0.49386005401611327,
    0.1806485503911972,
    0.23310291171073913,
    0.5535140320658684,
    0.44005684852600097
  ],
  "log_exp_r_n_values": [
    890585.135718902,
    898015.7464186178,
    882680.8824316544,
    906005.9270739721,
    870787.1893637403,
    882337.8946581314,
    896128.9154022211,
    890585.135718902
  ],
  "log_exp_r_n_acc_values": [
    -Infinity,
    -Infinity,
    -Infinity,
    -Infinity,
    -Infinity,
    -Infinity,
    -Infinity,
    -Infinity
  ],
  "model_data_levels": [
    200,
    100,
    2000,
    500,
    10000,
    5000,
    0,
    1000
  ],
  "loss_landscape_data_param": 200,
  "train_loss_values": [
    0.0033979678992182016,
    0.0638330951333046,
    0.013856865465641022,
    0.004912079777568579,
    0.09507016092538834,
    0.05199424549937248,
    0.1439794898033142,
    0.007130543235689402
  ],
  "num_params": 235146,
  "dataset_type": "data",
  "top_r_vals": [
    [
      44.14093633308661,
      44.07659858011399,
      44.040780170876374,
      44.02265873573269,
      42.696906412121315,
      42.66167915660003,
      42.62762954082698,
      41.274325030484746,
      41.26711041639376,
      41.21908125532163,
      41.216437020189474,
      41.15309981161204,
      39.75281063727257,
      38.4172924235657,
      38.39951529199074,
      38.39549876226295,
      38.390435808123534,
      38.30013397310043,
      37.06882138019988,
      37.02117743833732,
      36.986427059565166,
      35.79831711026967,
      35.781474745498464,
      35.77346142024508,
      35.72237029210122,
      35.71547379877462,
      35.70377964717097,
      35.68173963200405,
      35.657088432332245,
      35.65578733437327,
      35.65563228124862,
      34.44004000944578,
      34.40747441754449,
      34.38128383682037,
      34.35207134927,
      34.2897304504954,
      33.13998836391048,
      33.10492678382885,
      33.04372009229566,
      31.879102573253654,
      31.877745594858762,
      31.783977786452084,
      30.626930018536456,
      30.57863293222452,
      29.404961385418922,
      29.35851950522749,
      28.24003438202318,
      28.184092967980604,
      27.027474997702914,
      25.934891130456972
    ],
    [
      45.55806203239003,
      44.16990788042364,
      44.14093633308661,
      44.040780170876374,
      44.02265873573269,
      42.696906412121315,
      42.58440560173054,
      41.26711041639376,
      41.21908125532163,
      39.8183842515925,
      39.80743278198443,
      39.786603958100216,
      38.37021057509596,
      38.30013397310043,
      37.05749667770608,
      37.03647441194051,
      37.03159066312937,
      37.02117743833732,
      36.988599686721244,
      35.79831711026967,
      35.77346142024508,
      35.70567174472098,
      35.70377964717097,
      35.69093046214604,
      35.68173963200405,
      35.6536929936172,
      34.468505679048405,
      34.44004000944578,
      34.42192372131617,
      34.41157001046375,
      34.40747441754449,
      34.34868360988383,
      34.347280890955886,
      34.3268527142228,
      34.2897304504954,
      33.14151993774621,
      33.13998836391048,
      33.118875566490594,
      33.067996058535456,
      31.877745594858762,
      31.843903315361995,
      31.783977786452084,
      30.626930018536456,
      30.57863293222452,
      29.404961385418922,
      28.24003438202318,
      28.184092967980604,
      28.17244020826494,
      25.889604841620358,
      24.819543733069647
    ],
    [
      42.681833159854015,
      42.619622127049105,
      41.15366235967447,
      38.470171898279084,
      38.43350354355004,
      38.40282856651348,
      38.34862716534936,
      37.114992038411536,
      37.10374659484832,
      37.06293757017634,
      37.03159066312937,
      37.00598303511488,
      36.988599686721244,
      36.986427059565166,
      35.72973868624195,
      35.72220175609617,
      35.71547379877462,
      35.69093046214604,
      35.68173963200405,
      35.67842284342469,
      34.48473002837705,
      34.40747441754449,
      34.39188648698871,
      34.37768179315355,
      34.3268527142228,
      34.30646566659409,
      33.17264735265524,
      33.13523735935883,
      33.10978614462467,
      33.06338466683686,
      31.91619197978103,
      31.84688987047039,
      31.805242459703756,
      30.65151300235473,
      30.64119816729493,
      30.63978214118941,
      30.626174804613512,
      30.549767191899345,
      30.517738029988777,
      29.42895944064135,
      29.42655408429677,
      29.414103589802423,
      29.404961385418922,
      29.36252164813004,
      28.20774826551097,
      28.18126811033812,
      27.021988440220987,
      25.87364734404888,
      24.819543733069647,
      23.68727550726702
    ],
    [
      47.13271090677359,
      47.06401248387727,
      44.040780170876374,
      44.02265873573269,
      42.70984703659852,
      42.58440560173054,
      41.26711041639376,
      41.261819353742055,
      41.19487094953805,
      39.8183842515925,
      39.80998662263377,
      39.80158899367505,
      39.75281063727257,
      38.42293296531338,
      38.343614961585565,
      38.30013397310043,
      37.06882138019988,
      37.03647441194051,
      37.03159066312937,
      37.02117743833732,
      36.988599686721244,
      35.718118690480516,
      35.70567174472098,
      35.69093046214604,
      35.65563228124862,
      34.46078639556529,
      34.404926577763334,
      34.393661532545686,
      34.372430255932564,
      34.34868360988383,
      33.195695976052534,
      33.18007809047594,
      33.12527066866999,
      33.04372009229566,
      33.04262819475834,
      33.007985453235875,
      31.88983412764987,
      31.879102573253654,
      31.877745594858762,
      31.864257991285335,
      31.843903315361995,
      31.808379344767275,
      30.63978214118941,
      29.404961385418922,
      29.36771906810844,
      28.24003438202318,
      28.184092967980604,
      27.074751657457206,
      27.027474997702914,
      27.010816154538738
    ],
    [
      40.57667284846133,
      38.58476896316714,
      37.87238220556652,
      37.34453883509058,
      37.080144113356035,
      36.978206510987334,
      35.950103412972524,
      35.63588308707818,
      35.411937816722975,
      35.368749536328984,
      35.14022877046768,
      34.66822615814408,
      34.13639251597954,
      33.57633116959567,
      33.338657660378914,
      33.03227142366184,
      32.90753235248512,
      32.84173797552167,
      32.66219904393325,
      32.0915808648571,
      31.861745629513397,
      31.853427000574147,
      31.615340061334123,
      31.569933409036768,
      31.12887796374998,
      31.019904600025434,
      30.79244357321848,
      30.67231898142145,
      30.37271724377715,
      30.325889779474835,
      30.32465134192411,
      30.13302741652609,
      30.104566011312812,
      29.960815429809816,
      29.610595383241172,
      29.44132142418319,
      29.425834582074682,
      28.70387115367056,
      28.480759903182204,
      28.41888916437122,
      28.215984362023132,
      27.900371866799233,
      27.752215047478295,
      27.304569017303482,
      24.792118705301665,
      24.62197913625064,
      24.621186536218175,
      23.483483999652023,
      22.861483172030077,
      22.690727150292187
    ],
    [
      42.619622127049105,
      41.261819353742055,
      41.15366235967447,
      38.470171898279084,
      38.45166009459989,
      37.07313399848179,
      37.043544774777835,
      37.03159066312937,
      37.00598303511488,
      35.687191209980696,
      35.65578733437327,
      35.6536929936172,
      34.468505679048405,
      34.4647975655861,
      34.46078639556529,
      34.418668028001925,
      34.411407658735975,
      34.40747441754449,
      34.404926577763334,
      34.39548420127613,
      34.38128383682037,
      34.369235173930015,
