{
  "test_loss_values": [
    0.51194744348526,
    0.5336634787917137,
    0.3613476872444153,
    0.4949553184211254,
    0.18404729664325714,
    0.23918715715408326,
    0.5505193188786507,
    0.4391642689704895
  ],
  "log_exp_r_n_values": [
    804179.1004859058,
    744060.0885317791,
    794677.928856135,
    822624.288116189,
    733543.8043928391,
    764965.3968547417,
    680327.663053506,
    813492.1176822807
  ],
  "log_exp_r_n_acc_values": [
    -Infinity,
    -Infinity,
    -Infinity,
    -Infinity,
    -Infinity,
    -Infinity,
    -Infinity,
    -Infinity
  ],
  "model_data_levels": [
    200,
    100,
    2000,
    500,
    10000,
    5000,
    0,
    1000
  ],
  "loss_landscape_data_param": 500,
  "train_loss_values": [
    0.06813929975032806,
    0.1236557886004448,
    0.010427725501358509,
    0.003877537325024605,
    0.07458318769931793,
    0.03546854481101036,
    0.17967063188552856,
    0.0054045929573476315
  ],
  "num_params": 235146,
  "dataset_type": "data",
  "top_r_vals": [
    [
      30.56729509054971,
      29.32354007315502,
      28.26874104347112,
      25.907166894435075,
      25.87356581177026,
      24.81231853211246,
      23.767332621907435,
      23.72744729013709,
      23.69603613673345,
      22.682189999973858,
      22.65793412627754,
      22.64248406233527,
      22.640530540462645,
      22.63823077073076,
      22.570919046979704,
      21.612899792988774,
      21.609828942135298,
      21.598582749523175,
      21.58524990084195,
      21.579982283729418,
      21.571102780509015,
      21.56955036276901,
      21.556628048376304,
      21.555915730604184,
      20.622492677445805,
      20.61136499331072,
      20.610077342783327,
      20.603285439649422,
      20.603141647689117,
      20.60163247981748,
      20.589064285233242,
      20.57854674536214,
      20.57276009052728,
      20.55540660313803,
      19.62512216587018,
      19.609532084495974,
      19.60065939977842,
      19.59841903455721,
      19.573412514440925,
      18.663793925892715,
      18.610041544872757,
      18.604040275965406,
      18.598212481237407,
      17.69011477870666,
      17.66757532670123,
      17.66398882194618,
      16.779777373693463,
      16.741895933481892,
      15.86685839934992,
      12.540891486326103
    ],
    [
      23.671313318121705,
      23.64447046298547,
      21.64325486140758,
      20.621287933994626,
      20.581260656684957,
      20.554567168991404,
      19.642423654468956,
      19.60946057036123,
      19.603537227200704,
      19.58959936893955,
      19.565626104770082,
      19.531352339192825,
      18.642104964982245,
      18.638571014639343,
      18.62586168675606,
      18.623267778925598,
      18.619851040866042,
      18.59891341069182,
      18.598234751571244,
      18.587092551916307,
      17.704313910160096,
      17.693327387837233,
      17.689678567144767,
      17.67410959785284,
      17.669558308852483,
      17.66524626854041,
      16.7948795213702,
      16.785817177776543,
      16.77840588979687,
      16.754377491928523,
      16.729052514284085,
      15.902877664665981,
      15.884507989164572,
      15.873543910566495,
      15.86918744209821,
      15.854464136697148,
      15.025484158244359,
      15.013087321699235,
      15.007195709082868,
      15.00675485295535,
      15.005039573332864,
      14.98836350589686,
      14.980878391903083,
      14.978836482258922,
      14.16904502848038,
      14.152845917938663,
      14.143848391735883,
      13.320052505277003,
      12.526263541324713,
      9.601620044218423
    ],
    [
      29.356830204963952,
      28.208937866152368,
      28.13887393942072,
      24.841230259571155,
      24.785368376490307,
      23.753594904583377,
      23.728543860753202,
      23.67260085613763,
      23.657739713406862,
      22.699275835695683,
      22.683515146101897,
      22.679281802933726,
      22.661182871623694,
      22.655791094259722,
      22.651118885492156,
      22.64248406233527,
      22.640530540462645,
      22.635177235083038,
      22.62881225900353,
      22.610526667324923,
      22.608899444875227,
      21.645583488017586,
      21.627707574461503,
      21.616330880883492,
      21.612899792988774,
      21.59753330425585,
      21.58524990084195,
      20.61136499331072,
      20.602264646273582,
      20.5823229035989,
      20.564316522984498,
      20.52012705136446,
      19.608930379362267,
      19.60065939977842,
      19.596967790822834,
      19.573680075945052,
      19.564931924462137,
      19.56419458907288,
      19.55249709603293,
      18.64223507061676,
      18.63074709472595,
      18.604040275965406,
      18.600747782926195,
      17.69904932623328,
      17.69011477870666,
      17.667915838787806,
      16.760593478942933,
      16.749938104054003,
      16.74653787897806,
      12.540891486326103
    ],
    [
      33.06158636993858,
      33.02409510945905,
      29.453725359619927,
      28.208937866152368,
      28.17235143209767,
      27.05097203553197,
      27.037470984526955,
      27.012792540898193,
      25.962090298604558,
      25.927341241456773,
      25.9098770273764,
      25.896466598189008,
      24.85994243768727,
      24.842681541836853,
      24.82772553190734,
      24.8193705155089,
      24.81822353436343,
      24.81072680317589,
      24.807201591736952,
      24.793086701314113,
      24.78974251002875,
      24.778985855558364,
      24.768692675101867,
      24.745311425438477,
      24.71936780429092,
      23.724045683327915,
      23.672703799501594,
      23.658521486199845,
      22.679281802933726,
      22.671275355521423,
      22.662388327133716,
      22.660570169650516,
      22.65101201886893,
      22.646745903269636,
      22.639330784505866,
      22.619834037764,
      22.61952483700079,
      22.61195440541126,
      22.609724455206553,
      21.61950912315681,
      21.60725698559932,
      20.62711215609839,
      20.59354774446392,
      20.554631940144695,
      19.576638048518348,
      19.576260749807457,
      19.572286783319868,
      18.642835197507495,
      16.760593478942933,
      15.002531319091286
    ],
    [
      22.63599970325055,
      21.221301131786415,
      20.76539068266165,
      20.63836799875255,
      18.640651470884045,
      18.50940558588483,
      18.090898828615092,
      18.073007005365298,
      17.72674798076139,
      17.36653771410901,
      17.18435338912408,
      17.012584587253983,
      16.956112360038382,
      16.672231205860445,
      16.449795784351043,
      16.434758449327706,
      16.28588177432826,
      16.267632174818047,
      16.248746640102414,
      15.772249234031326,
      15.740762206991617,
      15.693959175074566,
      15.551034874763232,
      15.382726184266373,
      15.254305002122582,
      15.221182143562745,
      15.200703930270624,
      15.062043955554653,
      15.05751346942538,
      15.0299961889442,
      15.020443616789963,
      14.909918395041853,
      14.730338043649644,
      14.37808233884144,
      14.366696534673595,
      14.21405843445721,
      14.046692509713635,
      13.867784549428318,
      13.864210766887215,
      13.726585062680922,
      13.573770589631575,
      13.562987666281666,
      13.557249111139186,
      13.53347448782783,
      12.741335861172619,
      12.605863285472063,
      11.089496222926439,
      10.78533545946653,
      10.205464323341051,
      10.076938636271406
    ],
    [
      25.872158564641282,
      24.79301179642298,
      24.731432173318993,
      21.609828942135298,
      21.590809785742664,
      21.569456565199783,
      20.621287933994626,
      20.59596629932774,
      20.556135926324067,
      20.541663459833128,
      19.616968321507034,
      19.604794889570343,
      19.593279880874224,
      19.58695704496099,
      19.573680075945052,
      19.56421801611702,
      18.67257898652955,
      18.659614135868573,
      18.642104964982245,
