{
  "test_loss_values": [
    1.5345583629608155,
    0.3815502405166626,
    0.12448835372924805,
    0.5988453623652458,
    0.22866836786270142,
    0.07130324095487595
  ],
  "log_exp_r_n_values": [
    937957.2599290932,
    843406.4263735017,
    787874.7510936699,
    876904.0617623795,
    806378.3666982666,
    807175.9061869954
  ],
  "log_exp_r_n_acc_values": [
    -Infinity,
    -Infinity,
    -Infinity,
    -Infinity,
    -Infinity,
    -Infinity
  ],
  "model_data_levels": [
    0,
    1940,
    19940,
    540,
    5940,
    59940
  ],
  "loss_landscape_data_param": 0,
  "train_loss_values": [
    3.316099537187256e-05,
    0.00038482111995108426,
    0.003449289593845606,
    0.0002325757232028991,
    0.0013058367185294628,
    0.015399055555462837
  ],
  "num_params": 235146,
  "dataset_type": "data",
  "top_r_vals": [
    [
      53.99307250976563,
      53.95710923936633,
      50.70864261299868,
      50.64728088970514,
      50.58059126619733,
      50.557953270074485,
      47.699479458733684,
      47.66690842840894,
      47.63377784065003,
      47.62031853937298,
      47.61843040706844,
      47.59193371680425,
      47.580724614406776,
      47.55782465160702,
      47.53396117279766,
      47.50403831535645,
      47.49952894074007,
      47.45682603088572,
      47.44238226759885,
      47.42927306375386,
      44.676820809300395,
      44.642421978126436,
      44.61147283829058,
      44.61020897899449,
      44.60660796082272,
      44.58992838093291,
      44.588796232029104,
      44.583614689150025,
      44.57374201442694,
      44.57093406095759,
      44.56786548905246,
      44.564418600063135,
      44.55870461091742,
      44.555465095737205,
      44.54007459628243,
      44.531008998005625,
      44.517543712157085,
      44.517182209165526,
      44.51690477663711,
      44.51606407200557,
      44.508881652103426,
      44.50612133856319,
      44.50506485307622,
      44.496938041637975,
      44.488959754684636,
      44.48571743715565,
      44.485145758006205,
      44.48443115906939,
      44.46419820093693,
      44.45905589094066
    ],
    [
      36.11692494794357,
      33.448196615081535,
      33.43511902484441,
      33.41646351506304,
      31.001681929254474,
      30.98018947103513,
      30.97548969861574,
      30.954968332088846,
      30.95009925109783,
      30.934952945201307,
      30.92735352023331,
      30.922211988667257,
      30.91795592147007,
      30.91694396219136,
      30.91318609033139,
      30.907616422147417,
      30.907359540176667,
      30.907028707335552,
      30.90469341669238,
      30.892859331358093,
      30.88162463728889,
      30.87898381278657,
      30.859007347409747,
      28.58990652261249,
      28.563025496441693,
      28.552741549012858,
      28.55245638200184,
      28.55052657254362,
      28.548960844237836,
      28.537554163797065,
      28.53128587006428,
      28.527194889233243,
      28.525397799012858,
      28.522895862029387,
      28.52157763716713,
      28.519672936753906,
      28.51872776056015,
      28.517179967286506,
      28.50635079488063,
      28.50473305498164,
      28.501020503328746,
      28.4987660697888,
      28.495442708333336,
      28.487728851010104,
      28.485684257346193,
      28.483912276170802,
      28.48324150596878,
      28.481702680211207,
      28.478013444100096,
      28.473495609504134
    ],
    [
      28.519934788223143,
      26.200285196280003,
      26.199455028479843,
      26.14962190025353,
      26.1477606113365,
      26.146983152603017,
      26.123471614548468,
      26.10503661847823,
      26.10098625613578,
      24.0054328824267,
      23.99251151379244,
      23.990379050925927,
      23.98905737606096,
      23.987419222608025,
      23.98358832465278,
      23.982643410011576,
      23.980198989679785,
      23.979136525848766,
      23.97607723283179,
      23.973289207175927,
      23.969298562885804,
      23.967155550733025,
      23.952119803722997,
      23.94958797501929,
      23.94877417293596,
      23.948487835165896,
      23.948424539448304,
      23.946879822530867,
      23.94156599633488,
      23.939171308352627,
      23.937950605227627,
      23.932594581886576,
      23.93156225887346,
      23.930751470871915,
      23.92946445794753,
      23.925645616319446,
      23.91761459538966,
      23.908239293981485,
      23.868504653742285,
      21.883190452778855,
      21.871856465265225,
      21.86856639571317,
      21.867883939716773,
      21.86496324775633,
      21.86211807909529,
      21.855131487325316,
      21.849042936242757,
      21.848703767970903,
      21.84864746878408,
      21.84851015369426
    ],
    [
      41.64645355227723,
      38.9140394335559,
      38.847918250927854,
      38.835790582195074,
      38.782214506172856,
      38.77682443118051,
      38.772181350276774,
      38.72165672069497,
      36.195429526084716,
      36.162670293130176,
      36.16036180228242,
      36.15939255391272,
      36.15007914393402,
      36.14412291976047,
      36.13529299901538,
      36.13275070820959,
      36.131352448266405,
      36.12405017190729,
      36.11784198855566,
      36.11692494794357,
      36.114625536705844,
      36.112727898211524,
      36.10990867930011,
      36.108124535931054,
      36.105875062548435,
      36.098994988055274,
      36.09521106057917,
      36.089926727547144,
      36.087266401811085,
      36.071604074525446,
      36.0706143970332,
      36.06454467773438,
      36.05921040684724,
      36.05714025576253,
      36.05530163473335,
      36.053721782589754,
      36.04995828423619,
      36.049951474528676,
      36.03719916225466,
      36.036767880778676,
      36.03242101748128,
      36.01750094831483,
      36.01251397251098,
      36.00002723883007,
      35.97912597656251,
      35.9466028134685,
      33.51219113881875,
      33.50537765747357,
      33.50308965802279,
      33.49773906501091
    ],
    [
      30.854827177158466,
      28.52809881485308,
      28.522895862029387,
      28.52122790404041,
      28.501020503328746,
      28.491227975780536,
      28.472934242998168,
      28.470907584366394,
      28.467139434113868,
      28.45330973083104,
      28.424387698002757,
      26.243073428313284,
      26.232361957669543,
      26.222655253609332,
      26.219444942017045,
      26.21243463614902,
      26.208303563048222,
      26.19278733154522,
      26.192546846428503,
      26.18871226182776,
      26.18864802265275,
      26.188036926910964,
      26.18334417281839,
      26.181627833834725,
      26.179666068259344,
      26.176912019525478,
      26.176305865258694,
      26.175103439675127,
      26.17045515885756,
      26.16492070685649,
      26.164464443998067,
      26.163586508606233,
      26.16133154884746,
      26.159704156413813,
      26.156819982171587,
      26.154311360029435,
      26.147716138061494,
      26.146983152603017,
      26.14135975405193,
      26.139878958709975,
      26.13820709300132,
      26.137686590967885,
      26.12724031281586,
      26.126011532698957,
      26.123476556023466,
      26.108309522087197,
      24.02346311969522,
      24.0044864607446,
      23.99692111545139,
      23.9934699918017
    ],
    [
      30.95965448197948,
      28.483912276170802,
      26.2052579672893,
      26.19784904910453,
      26.17907309125923,
      26.16133154884746,
      26.156819982171587,
      26.1477606113365,
      24.01692557629244,
      24.00770248601466,
      23.99823374807099,
      23.987419222608025,
      23.98358832465278,
      23.982643410011576,
      23.979136525848766,
      23.97886375144676,
      23.974648558063272,
      23.9715274763696,
      23.969310619212965,
      23.95602756076389,
      23.954133210358798,
      23.949381510416668,
      23.945362232349538,
      23.94527030285494,
      23.94010115258488,
      23.938613703221453,
      23.93690170476466,
      23.932594581886576,
