{
  "test_loss_values": [
    4.577027868106962
  ],
  "log_exp_r_n_values": [
    5935.481971693853
  ],
  "log_exp_r_n_acc_values": [
    -Infinity
  ],
  "model_data_levels": [
    0
  ],
  "loss_landscape_data_param": 0,
  "train_loss_values": [
    8.316937964991666e-06
  ],
  "num_params": 4353,
  "dataset_type": "data",
  "top_r_vals": [
    [
      3.9135188809645447,
      3.6038769082403532,
      3.2018984552338754,
      3.0821061507030683,
      2.669845382736496,
      2.6636736827151846,
      2.594260827907683,
      2.4604677876074272,
      2.3478613298153905,
      2.3145483753954696,
      2.1803217780001525,
      2.1391302198278073,
      2.0863847031020675,
      2.015110359906328,
      1.9869968251425347,
      1.919116829832141,
      1.8868983779361077,
      1.8563611251665515,
      1.8026059107032275,
      1.7516596747454805,
      1.720051962937327,
      1.7102671941849574,
      1.6783984311316786,
      1.6632823232391551,
      1.633973637887097,
      1.62858715879042,
      1.6241065840642914,
      1.570770247618055,
      1.5360323040044768,
      1.5307982143808527,
      1.5255269751166785,
      1.3572342337690098,
      1.335633679925634,
      1.3209367211686414,
      1.3017210704735875,
      1.3002994303055655,
      1.2685538276650399,
      1.219844051832,
      1.2103082839375088,
      1.2004836969257187,
      1.1546242003056468,
      1.133712629910839,
      1.1223806751329206,
      1.067419076367203,
      1.0637025381358183,
      1.0624895030644772,
      0.894371680410038,
      0.8358320900667935,
      0.8293556872709298,
      0.6666714831796416
    ]
  ],
  "top_r_val_seeds": [
    [
      37,
      15,
      14,
      42,
      10,
      41,
      23,
      3,
      22,
      33,
      26,
      36,
      25,
      47,
      46,
      31,
      5,
      17,
      28,
      38,
      16,
      34,
      1,
      12,
      32,
      48,
      8,
      6,
      39,
      13,
      43,
      20,
      4,
      18,
      11,
      50,
      2,
      24,
      30,
      19,
      40,
      44,
      35,
      29,
      21,
      49,
      27,
      7,
      45,
      9
    ]
  ],
  "loss_predicts_minimas": true,
  "loss_ordering_violations": 0,
  "test_loss_ranks": [
    1
  ],
  "log_exp_r_n_ranks": [
    1
  ],
  "data_level_ranks": [
    1
  ],
  "accuracy_predicts_minimas": true,
  "accuracy_ordering_violations": 0,
  "log_exp_r_n_acc_ranks": [
    1
  ]
}