{
  "test_loss_values": [
    0.5232865208387375,
    0.5074769893288612,
    0.35561294853687286,
    0.4852389059960842,
    0.17301252484321594,
    0.23223425149917604,
    0.5281790509819985,
    0.435069078207016
  ],
  "log_exp_r_n_values": [
    882337.1842337963,
    874795.7927311705,
    866119.3219412691,
    889796.3642768599,
    860474.7780758827,
    873852.7357362004,
    868965.8927396592,
    881892.1109896123
  ],
  "log_exp_r_n_acc_values": [
    -Infinity,
    -Infinity,
    -Infinity,
    -Infinity,
    -Infinity,
    -Infinity,
    -Infinity,
    -Infinity
  ],
  "model_data_levels": [
    200,
    100,
    2000,
    500,
    10000,
    5000,
    0,
    1000
  ],
  "loss_landscape_data_param": 200,
  "train_loss_values": [
    0.0024849458131939173,
    0.06125307083129883,
    0.008543165400624275,
    0.0033398782834410667,
    0.06408949196338654,
    0.030048945918679237,
    0.12943601608276367,
    0.004963603802025318
  ],
  "num_params": 235146,
  "dataset_type": "data",
  "top_r_vals": [
    [
      42.619493364616496,
      42.53890149455664,
      41.15309981161204,
      39.77913021855287,
      38.470171898279084,
      38.390435808123534,
      38.364412948852305,
      37.114992038411536,
      37.11067242669457,
      37.08833073284924,
      37.05051722952443,
      36.986427059565166,
      35.67842284342469,
      35.65578733437327,
      34.42698476584324,
      34.393661532545686,
      34.347280890955886,
      33.14281812890221,
      33.13210336337388,
      33.12997791396919,
      33.07384937949405,
      33.02409510945905,
      31.90308922089271,
      31.879102573253654,
      31.87762933969347,
      31.863472266719903,
      31.863321936764784,
      31.85132560634615,
      31.82365888140574,
      31.80637093656686,
      31.805242459703756,
      30.691286960107732,
      30.61741085528833,
      30.607365739486724,
      29.46204419202394,
      29.35851950522749,
      28.221723409762376,
      28.21188878595237,
      27.072579505007024,
      27.069430224417026,
      27.061955364378818,
      27.037470984526955,
      27.034638334309786,
      27.030508520952306,
      27.014498259358287,
      26.993774290762264,
      25.945061466892014,
      24.771175460139204,
      22.570919046979704,
      20.603285439649422
    ],
    [
      41.274325030484746,
      41.15366235967447,
      39.746260787136606,
      39.70378941563187,
      38.395614763121515,
      38.39549876226295,
      37.11067242669457,
      37.108504461828524,
      37.03159066312937,
      35.75192476594657,
      35.73989354233282,
      35.71547379877462,
      35.65578733437327,
      35.6536929936172,
      34.42698476584324,
      33.12997791396919,
      33.10803160697884,
      33.07384937949405,
      33.06590811706145,
      33.02409510945905,
      31.880351314080855,
      31.87004469235778,
      31.824272227622632,
      30.66425338417215,
      30.63978214118941,
      30.626174804613512,
      30.61449981386596,
      30.58790742157414,
      30.57020613197208,
      30.568957717119865,
      29.413239511792487,
      29.404961385418922,
      29.395314056203063,
      28.285090062435287,
      28.221723409762376,
      28.17244020826494,
      27.10606231577712,
      27.061955364378818,
      27.048638163267704,
      27.030508520952306,
      26.993774290762264,
      25.945061466892014,
      25.92979373239766,
      25.899179992421477,
      24.817552511380367,
      24.7827716735977,
      24.76430917845203,
      23.68246700781704,
      21.533315953960088,
      19.610503690326635
    ],
    [
      39.77913021855287,
      39.70378941563187,
      38.39549876226295,
      35.71547379877462,
      35.672544307568586,
      34.4647975655861,
      34.46078639556529,
      34.393661532545686,
      34.36404208333103,
      33.17070944290391,
      33.15267646334689,
      33.14151993774621,
      33.1401092227982,
      33.10195740598407,
      33.08451830199601,
      33.063528447237765,
      33.06338466683686,
      31.880351314080855,
      31.86800020496814,
      31.802213812207924,
      31.766150658174173,
      30.66425338417215,
      30.58790742157414,
      30.571290788703244,
      29.475911996487476,
      29.46204419202394,
      29.419445331161494,
      29.414103589802423,
      29.413378282350827,
      29.413239511792487,
      29.395314056203063,
      29.359625969145995,
      28.237623221320167,
      28.21700584423373,
      28.214323028458875,
      28.18126811033812,
      28.176280665260975,
      28.17244020826494,
      27.058067279585543,
      27.048638163267704,
      26.993774290762264,
      25.945061466892014,
      25.92979373239766,
      25.899179992421477,
      24.817552511380367,
      24.778985855558364,
      23.69355356053588,
      23.68246700781704,
      23.63293633042332,
      17.698479580519788
    ],
    [
      43.993118466074094,
      41.18713267319539,
      41.18700823860094,
      38.364412948852305,
      38.36388852830421,
      37.11067242669457,
      37.05051722952443,
      37.03159066312937,
      35.777625383143146,
      35.77137157378247,
      35.75192476594657,
      35.73837222399391,
      35.72744659657329,
      35.65578733437327,
      34.42979886245794,
      34.428450260772586,
      34.369235173930015,
      33.13210336337388,
      33.12511438562553,
      33.10803160697884,
      33.083880667174604,
      33.06338466683686,
      33.06158636993858,
      31.85132560634615,
      31.814009702686395,
      31.80637093656686,
      31.766150658174173,
      30.67684734696369,
      30.66425338417215,
      30.63978214118941,
      30.626174804613512,
      30.62252974149563,
      30.61741085528833,
      30.607365739486724,
      30.57020613197208,
      30.569054045426363,
      29.475911996487476,
      29.425651150530502,
      29.414103589802423,
      29.399628895430407,
      29.379923476145997,
      28.25019925317542,
      27.069430224417026,
      27.037470984526955,
      27.034638334309786,
      26.993774290762264,
      25.877174430421974,
      23.68246700781704,
      22.570919046979704,
      20.603285439649422
    ],
    [
      38.83562463923978,
      34.96783604262812,
      33.86012848081752,
      33.83214991103152,
      32.40320981524881,
      32.29648147078138,
      31.807765723681637,
      31.590739820388997,
      30.10176764773069,
      29.921988116745375,
      29.893694675343514,
      29.19137777147108,
      29.172674161335767,
      28.976585959493182,
      28.180699740326325,
      28.011948815369426,
      27.964523152093538,
      27.91398873535698,
      27.266184644975425,
      27.25140319212706,
      26.831044204355475,
      26.67362138518903,
      26.62081518081109,
      26.433686496863377,
      26.341795683806545,
      26.199874983686136,
      26.147916569989032,
      26.145571207781853,
      25.95266031979201,
      25.95164376429058,
      25.707467875132977,
      25.70502366114629,
      25.69219436853978,
      25.277159510122452,
      25.2695564370677,
      25.269437216812815,
      25.206512766285428,
      25.003491504664304,
      24.833296562440626,
      24.34519200757314,
      24.173991216889824,
      24.131598580271433,
      23.945880654417437,
      22.699783715303145,
      22.653806097059903,
      21.44606844778513,
      21.212536213192173,
      21.202610563988607,
      18.989690601840227,
      18.49324677609276
    ],
    [
      41.109125144409234,
      35.70204484989233,
      35.7019369868491,
      34.4647975655861,
      34.46078639556529,
      34.404926577763334,
      34.36357234566534,
      33.15267646334689,
      31.824272227622632,
      31.814009702686395,
      31.804081912450226,
      31.803943608891515,
      30.66425338417215,
      30.64119816729493,
      30.63989388202495,
      30.610236323020363,
      30.583875118664135,
      30.53263231273949,
      29.453725359619927,
      29.417558051568058,
