{
  "test_loss_values": [
    0.5129846721887589,
    0.5294458201527595,
    0.3395117536187172,
    0.4816159911453724,
    0.16668950021266937,
    0.22003218531608582,
    0.5579052731394768,
    0.4290456175804138
  ],
  "log_exp_r_n_values": [
    609540.3561847144,
    -Infinity,
    814266.962552709,
    744546.0115919012,
    765893.7262733812,
    775854.4379909473,
    -Infinity,
    795452.7737265632
  ],
  "log_exp_r_n_acc_values": [
    -Infinity,
    -Infinity,
    -Infinity,
    -Infinity,
    -Infinity,
    -Infinity,
    -Infinity,
    -Infinity
  ],
  "model_data_levels": [
    200,
    100,
    2000,
    500,
    10000,
    5000,
    0,
    1000
  ],
  "loss_landscape_data_param": 1000,
  "train_loss_values": [
    0.185823455452919,
    0.2295496165752411,
    0.008518093265593052,
    0.127437025308609,
    0.05392879247665405,
    0.023999111726880074,
    0.2899594008922577,
    0.004938896279782057
  ],
  "num_params": 235146,
  "dataset_type": "data",
  "top_r_vals": [
    [
      13.359061606258265,
      13.333818942307673,
      12.550634769324006,
      12.53734359612131,
      12.52880687987677,
      12.506166195298098,
      11.782441598105164,
      11.774374547087424,
      11.772646051991911,
      11.751604179177532,
      11.023294382337845,
      11.018651666215225,
      10.30810282781315,
      10.304770313830408,
      10.288415589918618,
      9.618104853728441,
      9.608635679477002,
      9.597608952030884,
      9.593444400374201,
      9.590420523826735,
      9.58646682789734,
      9.585903740396391,
      9.580406991379638,
      8.949579277567418,
      8.945368686374616,
      8.944406345785787,
      8.941696286824602,
      8.933279598732465,
      8.92273261553651,
      8.921797802495174,
      8.919605710856173,
      8.28502730569955,
      8.266183738085253,
      8.265846166709215,
      7.6458642634534835,
      7.059781328517587,
      7.059214936570414,
      7.053580757114719,
      7.038898954571853,
      6.4862653667230035,
      6.4774692568441,
      6.4575533671456276,
      5.928521757953556,
      5.918975625862116,
      5.399367013443227,
      5.3940708492444065,
      5.3923811336132115,
      4.422528694676665,
      4.422419641786192,
      3.9680164468453683
    ],
    [
      0.0,
      0.0,
      0.0,
      0.0,
      0.0,
      0.0,
      0.0,
      0.0,
      0.0,
      0.0,
      0.0,
      0.0,
      0.0,
      0.0,
      0.0,
      0.0,
      0.0,
      0.0,
      0.0,
      0.0,
      0.0,
      0.0,
      0.0,
      0.0,
      0.0,
      0.0,
      0.0,
      0.0,
      0.0,
      0.0,
      0.0,
      0.0,
      0.0,
      0.0,
      0.0,
      0.0,
      0.0,
      0.0,
      0.0,
      0.0,
      0.0,
      0.0,
      0.0,
      0.0,
      0.0,
      0.0,
      0.0,
      0.0,
      0.0,
      0.0
    ],
    [
      31.907180200071394,
      28.22909360716901,
      28.170819155450616,
      27.05606365620477,
      25.934710128798436,
      25.921872056206954,
      25.90724516542255,
      25.899179992421477,
      25.896466598189008,
      25.886191900437332,
      25.88583805034812,
      24.85994243768727,
      24.848246351040597,
      24.762745538849636,
      23.72180181638011,
      23.704567008546977,
      23.6877320387072,
      22.64248406233527,
      22.59460781512876,
      21.64325486140758,
      21.636697187871874,
      21.629058803212434,
      21.616330880883492,
      21.599727351744786,
      21.556628048376304,
      21.54382535986899,
      20.622492677445805,
      20.58039272323088,
      20.57854674536214,
      20.569617394169686,
      20.554567168991404,
      20.52012705136446,
      19.616968321507034,
      19.6111349875161,
      19.609532084495974,
      19.60946057036123,
      19.56421801611702,
      18.640739441881255,
      18.63074709472595,
      18.609682875285714,
      18.605905123393452,
      18.600747782926195,
      18.59891341069182,
      17.684616510014543,
      17.6795600168073,
      17.662218381652885,
      16.779237220035725,
      16.77130687815057,
      16.770893323006366,
      16.73961399527548
    ],
    [
      23.72028004491285,
      22.682189999973858,
      22.662230164531337,
      22.619834037764,
      21.605656989382172,
      21.59753330425585,
      21.588547769000662,
      20.62711215609839,
      20.59728763085484,
      20.5823229035989,
      20.574915674508745,
      20.567705349724587,
      20.564316522984498,
      20.553449218885632,
      18.656131758930343,
      18.648380510632627,
      18.63287684191436,
      18.599573315847064,
      18.58647835955157,
      18.576053499070714,
      17.72728734815823,
      17.714978837734527,
      17.656706759545607,
      17.65662997740844,
      16.760593478942933,
      16.759090121594745,
      16.749938104054003,
      15.901166836952507,
      15.883720988441738,
      15.883663061992594,
      15.881385953302157,
      15.870556703508118,
      15.86918744209821,
      15.858550947557353,
      15.837522647786672,
      15.020179724453081,
      15.014775224817013,
      15.01429188790633,
      15.013087321699235,
      14.985032068479274,
      14.979401004666324,
      14.953691634694508,
      14.15985775246758,
      13.317695158189759,
      12.540891486326103,
      12.537305718289941,
      12.525008049039165,
      11.772991899125419,
      11.750744375061899,
      11.025422929660868
    ],
    [
      25.974500761825137,
      23.71835537621664,
      22.647968122260778,
      22.057121848532002,
      21.600165954827194,
      20.82498817391214,
      20.80024116243038,
      20.46226077162379,
      20.25479711922649,
      19.627855985329273,
      19.61486935268734,
      19.233205844773988,
      19.057075574175315,
      19.04825714584411,
      18.881942434139223,
      18.869046250523887,
      18.683277053447025,
      18.627527593675378,
      18.474431070540817,
      18.09993244525592,
      18.074386366070385,
      17.957783233684136,
      17.899303582862142,
      17.19502386833781,
      17.128333643445437,
      17.024814248366322,
      16.611034879959167,
      16.577955332312563,
      16.44738152856623,
      16.427413189982403,
      16.416972465458453,
      16.10650645608834,
      16.099745421860018,
      16.081542793228234,
      16.07382154020614,
      15.564251023122367,
      15.079049144239335,
      15.04890052558815,
      15.029382399479058,
      14.894298028082599,
      14.893505772060564,
      14.527435992070123,
      14.52144698831333,
      14.387300624593095,
      14.386859160074271,
      14.381213299291536,
      13.89093029353984,
      13.879602835192303,
      13.395042651197244,
      13.209459749804262
    ],
    [
      27.098408712786508,
      24.81072680317589,
      24.793086701314113,
      24.772600213589293,
      23.75615058548869,
      23.728543860753202,
      23.71233102689563,
      23.69603613673345,
      23.69355356053588,
      23.6877320387072,
      23.684152891893515,
      22.699275835695683,
      22.655791094259722,
      22.60757144897057,
      21.571102780509015,
      21.555915730604184,
      20.61864397551736,
      20.61136499331072,
      20.592942781892198,
      20.58341364982029,
      20.5823229035989,
      20.52012705136446,
      19.606649325064396,
      19.593279880874224,
      19.58871407327151,
      19.57845795994735,
      19.54088468015328,
      18.66178607947899,
      18.659614135868573,
      18.648380510632627,
      18.619851040866042,
      18.609682875285714,
      18.604040275965406,
      18.59891341069182,
      18.598153875095733,
      18.587092551916307,
      17.697602706257616,
      17.68757317868788,
      17.659092569720855,
      16.779777373693463,
      16.778344700515326,
      16.777891055841838,
      16.74653787897806,
      16.739634040040123,
      15.884507989164572,
      15.877000521609302,
      15.876609018711648,
      15.867527549710708,
      15.002531319091286,
