{
  "test_loss_values": [
    4.732215881347656,
    2.8150665760040283,
    5.2923419713974,
    4.220506429672241,
    2.004835844039917
  ],
  "log_exp_r_n_values": [
    6028952.061985126,
    -Infinity,
    6955691.999412009,
    5572469.577810482,
    -Infinity
  ],
  "log_exp_r_n_acc_values": [
    -Infinity,
    -Infinity,
    -Infinity,
    -Infinity,
    -Infinity
  ],
  "model_data_levels": [
    1950,
    19950,
    450,
    4950,
    49950
  ],
  "loss_landscape_data_param": 450,
  "train_loss_values": [
    0.0001728059578454122,
    0.02590532973408699,
    4.320631705923006e-05,
    0.0005778875784017146,
    0.12808531522750854
  ],
  "num_params": 1707274,
  "dataset_type": "data",
  "top_r_vals": [
    [
      34.16959047546169,
      34.1664817365575,
      34.16522229874503,
      34.16298719518417,
      34.16294574533212,
      34.15892192123253,
      34.15570477502296,
      34.151738343026224,
      34.15089659218447,
      34.15086789613305,
      34.150552239567396,
      34.149608458320586,
      34.147905825936135,
      34.143824609733706,
      34.14207415059688,
      34.14064891337619,
      34.14048949086828,
      34.13911526885012,
      34.13825438730742,
      34.13730741761045,
      34.13529869401082,
      34.13479491888583,
      34.13376823793491,
      34.131364146515665,
      34.1301047087032,
      34.12855193347618,
      34.12668350168351,
      34.125411310070405,
      34.124550428527705,
      34.123281425364766,
      34.12106864095501,
      34.12054573512907,
      34.11862309968371,
      34.11685032139578,
      34.116722783389456,
      34.1167195949393,
      34.11642625752474,
      34.116324227119684,
      34.11611060095909,
      34.11502333945516,
      34.11436651872258,
      34.10862411998776,
      34.106621773288445,
      34.10350665748393,
      34.09797469645955,
      34.09569814304663,
      34.09215577492093,
      30.034329893394172,
      30.032682112316348,
      30.02498406024019
    ],
    [
      0.0,
      0.0,
      0.0,
      0.0,
      0.0,
      0.0,
      0.0,
      0.0,
      0.0,
      0.0,
      0.0,
      0.0,
      0.0,
      0.0,
      0.0,
      0.0,
      0.0,
      0.0,
      0.0,
      0.0,
      0.0,
      0.0,
      0.0,
      0.0,
      0.0,
      0.0,
      0.0,
      0.0,
      0.0,
      0.0,
      0.0,
      0.0,
      0.0,
      0.0,
      0.0,
      0.0,
      0.0,
      0.0,
      0.0,
      0.0,
      0.0,
      0.0,
      0.0,
      0.0,
      0.0,
      0.0,
      0.0,
      0.0,
      0.0,
      0.0
    ],
    [
      58.80074919113006,
      53.37331550192584,
      53.368119324558734,
      53.36209116097849,
      53.35972473312674,
      53.35964003991941,
      53.35728357597441,
      53.35330797718347,
      53.35309375318847,
      53.3455510757831,
      53.34341879973984,
      53.342367607578325,
      53.336404209391915,
      53.33618998539691,
      53.334301825068884,
      53.33007214665597,
      53.33005221884248,
      53.32801459991329,
      53.32646521241456,
      53.325025427890026,
      53.322469685810134,
      53.32049185032141,
      53.31914174095757,
      53.313895744056744,
      53.30980556033825,
      53.30539653160393,
      53.30369768550405,
      53.30060887441334,
      53.297749233177754,
      53.29575645182891,
      53.26899339831396,
      53.25026623558822,
      48.19628211267506,
      48.18446156891278,
      48.18007776131741,
      48.178301757214676,
      48.17514991195893,
      48.173418869985376,
      48.17091447938987,
      48.169520653385185,
      48.16914746771297,
      48.16857195245942,
      48.168135819806345,
      48.16690385746672,
      48.165393129926166,
      48.164880561653476,
      48.16417016001238,
      48.16097784884037,
      48.16072606091694,
      48.16015953808924
    ],
    [
      26.152924595943663,
      26.147898253367014,
      22.55911889770496,
      22.555216458899288,
      22.554385033155903,
      22.55181077066435,
      22.55159396850848,
      22.54983008300732,
      22.548101980386253,
      22.547893597731584,
      22.54666224568125,
      22.54651700928557,
      22.545740310299976,
      22.545300391362336,
      22.544908884556587,
      22.544498433873144,
      22.544077458813202,
      22.543452310849187,
      22.54326918669811,
      22.542997657784447,
      22.54224411242715,
      22.541682110722125,
      22.54165474734323,
      22.541528454825247,
      22.541425315935562,
      22.54077701434325,
      22.540345514906807,
      22.540259215019518,
      22.539968742228158,
      22.539419369774933,
      22.539158365237768,
      22.539103638479975,
      22.538966821585493,
      22.53856268552795,
      22.53841534425697,
      22.538293261489585,
      22.538162759221002,
      22.538074354458416,
      22.538057515456018,
      22.538019627700624,
      22.537644959897275,
      22.537476569873295,
      22.536771436647893,
      22.53656094911792,
      22.536537795489625,
      22.536108400928484,
      22.535874759770213,
      22.53575688675343,
      22.535662167364944,
      22.535500091966863
    ],
    [
      0.0,
      0.0,
      0.0,
      0.0,
      0.0,
      0.0,
      0.0,
      0.0,
      0.0,
      0.0,
      0.0,
      0.0,
      0.0,
      0.0,
      0.0,
      0.0,
      0.0,
      0.0,
      0.0,
      0.0,
      0.0,
      0.0,
      0.0,
      0.0,
      0.0,
      0.0,
      0.0,
      0.0,
      0.0,
      0.0,
      0.0,
      0.0,
      0.0,
      0.0,
      0.0,
      0.0,
      0.0,
      0.0,
      0.0,
      0.0,
      0.0,
      0.0,
      0.0,
      0.0,
      0.0,
      0.0,
      0.0,
      0.0,
      0.0,
      0.0
    ]
  ],