{
  "test_loss_values": [
    0.5014571762084961,
    0.5053082209825516,
    0.3390557512640953,
    0.4714832194149494,
    0.1752994805574417,
    0.22565534114837646,
    0.5328791067004204,
    0.42284139394760134
  ],
  "log_exp_r_n_values": [
    -Infinity,
    -Infinity,
    755129.9011932943,
    -Infinity,
    594421.3575459085,
    710976.7227409218,
    -Infinity,
    -Infinity
  ],
  "log_exp_r_n_acc_values": [
    -Infinity,
    -Infinity,
    -Infinity,
    -Infinity,
    -Infinity,
    -Infinity,
    -Infinity,
    -Infinity
  ],
  "model_data_levels": [
    200,
    100,
    2000,
    500,
    10000,
    5000,
    0,
    1000
  ],
  "loss_landscape_data_param": 2000,
  "train_loss_values": [
    0.31082841753959656,
    0.34193798899650574,
    0.012107416987419128,
    0.26639336347579956,
    0.07626628875732422,
    0.03935839980840683,
    0.3897229731082916,
    0.1571631282567978
  ],
  "num_params": 235146,
  "dataset_type": "data",
  "top_r_vals": [
    [
      0.0,
      0.0,
      0.0,
      0.0,
      0.0,
      0.0,
      0.0,
      0.0,
      0.0,
      0.0,
      0.0,
      0.0,
      0.0,
      0.0,
      0.0,
      0.0,
      0.0,
      0.0,
      0.0,
      0.0,
      0.0,
      0.0,
      0.0,
      0.0,
      0.0,
      0.0,
      0.0,
      0.0,
      0.0,
      0.0,
      0.0,
      0.0,
      0.0,
      0.0,
      0.0,
      0.0,
      0.0,
      0.0,
      0.0,
      0.0,
      0.0,
      0.0,
      0.0,
      0.0,
      0.0,
      0.0,
      0.0,
      0.0,
      0.0,
      0.0
    ],
    [
      0.0,
      0.0,
      0.0,
      0.0,
      0.0,
      0.0,
      0.0,
      0.0,
      0.0,
      0.0,
      0.0,
      0.0,
      0.0,
      0.0,
      0.0,
      0.0,
      0.0,
      0.0,
      0.0,
      0.0,
      0.0,
      0.0,
      0.0,
      0.0,
      0.0,
      0.0,
      0.0,
      0.0,
      0.0,
      0.0,
      0.0,
      0.0,
      0.0,
      0.0,
      0.0,
      0.0,
      0.0,
      0.0,
      0.0,
      0.0,
      0.0,
      0.0,
      0.0,
      0.0,
      0.0,
      0.0,
      0.0,
      0.0,
      0.0,
      0.0
    ],
    [
      24.81231853211246,
      24.772938846117956,
      21.64325486140758,
      21.636697187871874,
      21.629058803212434,
      21.612899792988774,
      20.636821351976444,
      20.621287933994626,
      20.603141647689117,
      20.593039938622134,
      19.60065939977842,
      19.565626104770082,
      18.663793925892715,
      18.648380510632627,
      18.63074709472595,
      18.624254706351376,
      18.623267778925598,
      18.611771598174954,
      18.606975271540406,
      18.587092551916307,
      18.576053499070714,
      17.714978837734527,
      17.682935092488982,
      17.679613430467942,
      17.67722873307729,
      16.77593932875822,
      16.76130032064349,
      16.75026093026351,
      15.86685839934992,
      15.84694768055494,
      15.846085774940974,
      15.820395394746187,
      15.01429188790633,
      14.979401004666324,
      14.978836482258922,
      14.969385924030684,
      14.147597064038981,
      14.140977200948601,
      14.137057486563231,
      14.135147516644542,
      13.347828750878143,
      13.34673777501007,
      13.34632823945344,
      13.338186202628789,
      13.324092472837698,
      12.550054765031186,
      12.533440601247444,
      12.525008049039165,
      11.769332732772838,
      10.302899258235666
    ],
    [
      0.0,
      0.0,
      0.0,
      0.0,
      0.0,
      0.0,
      0.0,
      0.0,
      0.0,
      0.0,
      0.0,
      0.0,
      0.0,
      0.0,
      0.0,
      0.0,
      0.0,
      0.0,
      0.0,
      0.0,
      0.0,
      0.0,
      0.0,
      0.0,
      0.0,
      0.0,
      0.0,
      0.0,
      0.0,
      0.0,
      0.0,
      0.0,
      0.0,
      0.0,
      0.0,
      0.0,
      0.0,
      0.0,
      0.0,
      0.0,
      0.0,
      0.0,
      0.0,
      0.0,
      0.0,
      0.0,
      0.0,
      0.0,
      0.0,
      0.0
    ],
    [
      12.527155248604833,
      11.774374547087424,
      11.027697125383318,
      10.324548933380242,
      10.315454838435514,
      10.311813182257175,
      10.296783168298848,
      10.284182221319774,
      9.619224382847813,
      9.609079745263694,
      9.593444400374201,
      8.945368686374616,
      8.94336535506127,
      8.942842893445617,
      8.933279598732465,
      8.930550439024042,
      8.929529672620129,
      8.927188145723317,
      8.925944911792742,
      8.92430730361035,
      8.918136076892146,
      8.908606489380004,
      8.903315582394839,
      8.288169115836723,
      8.285437809163003,
      8.281317667167498,
      8.277446536156168,
      8.260657048689586,
      7.652164134698449,
      7.651841434871681,
      7.649805054472314,
      7.642239429279966,
      7.629434507497194,
      7.059431550418549,
      7.059405805330042,
      7.047589697466604,
      7.047453869930683,
      7.044070166315244,
      7.043110052066235,
      6.483202606676649,
      6.4792474758408,
      6.47043872845871,
      6.468655617525293,
      6.4680396411603205,
      5.932368333723621,
      5.927530741583823,
      5.92338839013397,
      5.9181759498753985,
      5.4025904552698325,
      5.394611544652538
    ],
    [
      20.564597629789773,
      17.693327387837233,
      16.796834413416654,
      16.791745153172673,
      16.785817177776543,
      16.77912011641071,
      16.770893323006366,
      15.910363160119852,
      15.878865154032567,
      15.86918744209821,
      15.028288833950691,
      15.027410897765268,
      15.019241371153823,
      15.00675485295535,
      15.005039573332864,
      15.001104908794327,
      14.979932486464595,
      14.969880589150213,
      14.154173275764617,
      14.153485544058821,
      14.15157646498431,
      14.145435876061958,
      14.141790541683564,
      13.362834704337386,
      13.300014635429324,
      13.293526685863114,
      12.548255568041212,
      12.513184641801974,
      11.778558779002436,
      11.76596757351234,
      11.765471390258702,
      11.758218227891334,
      11.750744375061899,
      11.75070734646088,
      11.750068232807314,
      11.014565188265648,
      11.006359634867572,
      11.005274207509952,
      11.004872634065824,
      10.307260301913194,
      10.30722271229612,
      10.30694403065229,
      10.300656195051252,
      10.293577681297949,
      10.289772056617544,
      9.60945614388289,
      9.601620044218423,
      9.590420523826735,
      9.589459287545612,
      8.281521877012262
    ],
    [
      0.0,
      0.0,
      0.0,
      0.0,
      0.0,
      0.0,
      0.0,
      0.0,
      0.0,
      0.0,
      0.0,
      0.0,
      0.0,
      0.0,
      0.0,
      0.0,
      0.0,
      0.0,
      0.0,
      0.0,
      0.0,
      0.0,
      0.0,
      0.0,
      0.0,
      0.0,
      0.0,
      0.0,
      0.0,
      0.0,
      0.0,
      0.0,
      0.0,
      0.0,
      0.0,
      0.0,
      0.0,
      0.0,
      0.0,
      0.0,
      0.0,
      0.0,
      0.0,
      0.0,
      0.0,
      0.0,
      0.0,
      0.0,
      0.0,
      0.0
    ],
    [
      0.0,
      0.0,
      0.0,
      0.0,
      0.0,
      0.0,
      0.0,
      0.0,
      0.0,
      0.0,
      0.0,
      0.0,
      0.0,
      0.0,
      0.0,
      0.0,
      0.0,
      0.0,
      0.0,
      0.0,
      0.0,
      0.0,
      0.0,
      0.0,
      0.0,
      0.0,
      0.0,
      0.0,
      0.0,
      0.0,
      0.0,
      0.0,
      0.0,
      0.0,
      0.0,
      0.0,
      0.0,
      0.0,
      0.0,
      0.0,
      0.0,
      0.0,
      0.0,
      0.0,
      0.0,
      0.0,
      0.0,
      0.0,
      0.0,
      0.0
    ]
  ],