{
  "test_loss_values": [
    0.38899188935756684,
    0.13242751359939575,
    0.6686756634712219,
    0.2533590912818909,
    0.07270311564207077
  ],
  "log_exp_r_n_values": [
    787965.8828410634,
    701965.1336364828,
    843358.3022459754,
    746762.969579597,
    677782.1173778818
  ],
  "log_exp_r_n_acc_values": [
    -Infinity,
    -Infinity,
    -Infinity,
    -Infinity,
    -Infinity
  ],
  "model_data_levels": [
    1940,
    19940,
    540,
    5940,
    59940
  ],
  "loss_landscape_data_param": 540,
  "train_loss_values": [
    0.0003877457929775119,
    0.005123274866491556,
    0.00018129534146282822,
    0.0012575018918141723,
    0.0166807658970356
  ],
  "num_params": 235146,
  "dataset_type": "data",
  "top_r_vals": [
    [
      28.53098994203398,
      28.50473305498164,
      28.481702680211207,
      26.213917078649306,
      26.2099029537902,
      26.20741574470638,
      26.197804575829522,
      26.191678793986668,
      26.18996080784467,
      26.176360221483705,
      26.171517575982765,
      26.168101369598773,
      26.16724649442361,
      26.161188246072435,
      26.155775683788054,
      26.154311360029435,
      26.15203992868733,
      26.144467941827532,
      26.138772068309763,
      26.137686590967885,
      26.131598693766705,
      26.12668027898242,
      26.117319478172277,
      26.115525722746927,
      26.107288283920333,
      26.10240281230272,
      24.030984760802472,
      24.01692557629244,
      24.01067587770062,
      24.0054328824267,
      24.000126591435187,
      23.99105571228781,
      23.990379050925927,
      23.99033233265818,
      23.989370840567133,
      23.98905737606096,
      23.988808714313272,
      23.982643410011576,
      23.98170603057485,
      23.98140311535494,
      23.98111376350309,
      23.980937439718367,
      23.980198989679785,
      23.979448483314044,
      23.97696337287809,
      23.97630027488426,
      23.97575171199846,
      23.975703486689817,
      23.973020953896608,
      23.9715274763696
    ],
    [
      19.791596919319463,
      19.767805600990975,
      17.911961317573226,
      17.897189010030072,
      17.89620096724127,
      17.892664695781008,
      17.891442849920452,
      17.891361918087924,
      17.888585506610855,
      17.88718156412711,
      17.886739811207885,
      17.883644168613618,
      17.88229642879135,
      17.879589708614517,
      17.87921202672938,
      17.876666046164377,
      17.87292744512279,
      17.87169211062348,
      17.868191808866566,
      17.866530458193246,
      17.86595943915262,
      17.86363939328676,
      17.861355317124254,
      17.86023688416082,
      17.85859801455209,
      17.857666174424768,
      17.857344695201107,
      17.85704344893558,
      17.85239661288449,
      17.849215542244778,
      17.845829893917276,
      17.84558147815354,
      17.841813651727986,
      17.841498916823703,
      17.8404007168184,
      17.840028655199408,
      17.83761194075581,
      17.836871189677517,
      17.83648563941977,
      17.835826944227236,
      17.835586396836106,
      17.822972271493743,
      17.821748177526732,
      17.818650286826006,
      16.086857567148762,
      16.084232551007233,
      16.077446046939567,
      16.07378292871901,
      16.073262364411157,
      16.071727910317666
    ],
    [
      36.10953414538676,
      35.99154234326576,
      35.97912597656251,
      33.50503035304912,
      33.490005753159764,
      33.45474277726365,
      33.453471432582624,
      33.44413210087779,
      33.441585201765136,
      33.42644272885899,
      33.42401580763842,
      33.40750937553806,
      33.39312044798921,
      33.36205459344073,
      33.35917722890602,
      31.01359191153466,
      30.98018947103513,
      30.979251462626785,
      30.971074053224605,
      30.969828564881578,
      30.968112126258845,
      30.965196905105948,
      30.96198782654712,
      30.956896892945,
      30.954968332088846,
      30.94480008741336,
      30.93875946894968,
      30.935235126154023,
      30.933160609632672,
      30.92948836509628,
      30.929184777312667,
      30.92735352023331,
      30.923418555499563,
      30.921061858025492,
      30.919724904132277,
      30.91950499759671,
      30.91694396219136,
      30.91593394898819,
      30.909399027338374,
      30.907028707335552,
      30.90444626509931,
      30.902313366311876,
      30.892462331948753,
      30.889774801633568,
      30.889021670401142,
      30.88784234862634,
      30.87946060129288,
      30.87476277494903,
      30.874344368708794,
      30.87253646453587
    ],
    [
      23.94520700713735,
      21.857798146369593,
      21.846778610411647,
      21.83975768986922,
      21.838254089635708,
      21.832361899131588,
      21.832177896911233,
      21.82790190501428,
      21.826438126156813,
      21.825174827330482,
      21.82188063832573,
      21.82077525185269,
      21.81465099884678,
      21.814282994406067,
      21.81248691303124,
      21.806916039837297,
      21.806303614536706,
      21.804720371551095,
      21.795293690635045,
      21.79380794136321,
      21.79054533482912,
      21.788547400272257,
      21.773140647194605,
      21.77266141753114,
      21.76554986902943,
      21.760226162997164,
      19.860317984134277,
      19.857077223465723,
      19.848698823382186,
      19.843533783223656,
      19.841639395453914,
      19.839200729278268,
      19.83481536482247,
      19.829585559270107,
      19.828094709723505,
      19.8273187704858,
      19.826720936081145,
      19.825461747366347,
      19.824223731953378,
      19.821152357699475,
      19.821147375746104,
      19.82069028152421,
      19.820366454555025,
      19.819591760805665,
      19.819102283886853,
      19.818452138971793,
      19.818346272462637,
      19.81819930483816,
      19.816057064888156,
      19.815124194119228
    ],
    [
      17.857344695201107,
      17.821748177526732,
      16.086857567148762,
      16.073262364411157,
      16.071727910317666,
      16.062851078254134,
      16.061964303008782,
      16.05513340973657,
      16.052946232567148,
      16.051261460485538,
      16.050694489282026,
      16.04988337745351,
      16.049851094395663,
      16.045571571539256,
      16.042463318375518,
      16.04107615573347,
      16.040102619770146,
      16.039967434465392,
      16.03865290870351,
      16.033483584065085,
      16.032402101627067,
      16.031193504648762,
      16.030820231792354,
      16.03070017917097,
      16.030690090715392,
      16.02968628938533,
      16.029606590586262,
      16.02878539030217,
      16.027379059594526,
      16.027375024212294,
      16.026820159155477,
      16.02086494382748,
      16.020418025245352,
      16.0197945586906,
      16.01772743414256,
      16.016755915870352,
      16.016532961002067,
      16.014885516206096,
      16.014574791774276,
      16.011922536802686,
      16.007912375710227,
      16.004689114152892,
      16.000212866412706,
      15.999478426846592,
      15.996519482825414,
      15.996241041451446,
      15.990097172004132,
      14.344588515685784,
      14.34068489989363,
      14.334793481592284
    ]
  ],