{
  "test_loss_values": [
    5.349292993545532,
    5.206071090698242,
    4.6910576820373535
  ],
  "log_exp_r_n_values": [
    5572441.920495314,
    5045565.6704308465,
    4746998.241249823
  ],
  "log_exp_r_n_acc_values": [
    -Infinity,
    -Infinity,
    -Infinity
  ],
  "model_data_levels": [
    1500,
    4500,
    8500
  ],
  "loss_landscape_data_param": 1500,
  "train_loss_values": [
    0.0002624900662340224,
    0.0006364063010551035,
    0.0016997875645756721
  ],
  "num_params": 1707274,
  "dataset_type": "data",
  "top_r_vals": [
    [
      30.007682358923038,
      29.999788142432852,
      26.15476278727937,
      26.152465658399027,
      26.15155998909551,
      26.150466350691268,
      26.15046146837696,
      26.1495069759304,
      26.14883565771351,
      26.14628220733217,
      26.142718117889768,
      26.142139563644665,
      26.141365716827377,
      26.141031278297504,
      26.141028837140354,
      26.140452724052402,
      26.139940081050412,
      26.138763443302988,
      26.137442777283578,
      26.136727518237944,
      26.135170059974758,
      26.134989414345487,
      26.13488932690224,
      26.134884444587936,
      26.13483806260204,
      26.13481609218767,
      26.134730651687338,
      26.13455488837237,
      26.134452359771974,
      26.133666307168923,
      26.133554013939914,
      26.133541808154153,
      26.1334368383966,
      26.131735351861426,
      26.131525412346328,
      26.13131059051692,
      26.131198297287916,
      26.130727153957515,
      26.130194981698306,
      26.129743367625125,
      26.129345459009294,
      26.129262459666116,
      26.128664376163794,
      26.12838608424843,
      26.126599157212922,
      26.125534812694507,
      26.12508808093563,
      26.124089647660327,
      26.123943178231187,
      26.123313359685884
    ],
    [
      22.53352361406043,
      22.531589233659997,
      22.525363012523442,
      19.22117302284206,
      19.21574408861341,
      19.21252295684114,
      19.211925720270894,
      19.211882676193756,
      19.21138946280992,
      19.21057879935721,
      19.210343850436182,
      19.210196783172638,
      19.209879333103768,
      19.20986319157484,
      19.20915475780533,
      19.208555727731866,
      19.20818985307622,
      19.20709760961892,
      19.20707967458678,
      19.206894943755742,
      19.206120150367312,
      19.20590134297521,
      19.205655633034898,
      19.20523057277319,
      19.204916709710744,
      19.204853937098257,
      19.20422621097337,
      19.20398946854913,
      19.203252338728195,
      19.20309271694215,
      19.203019183310378,
      19.20287032254362,
      19.202750157828284,
      19.20249368686869,
      19.20184623220845,
      19.201349431818183,
      19.20121671258035,
      19.20114317894858,
      19.20113959194215,
      19.20108937385216,
      19.201026601239672,
      19.200897469008268,
      19.20044550619835,
      19.200244633838388,
      19.200153165174473,
      19.200076044536274,
      19.199864411157026,
      19.19977473599633,
      19.199416035353536,
      19.19900532311754
    ],
    [
      16.151124553915896,
      16.144998432677472,
      16.143856095679013,
      16.139297296971453,
      16.138292100694446,
      16.138085636091823,
      16.137464735243057,
      16.13697193287037,
      16.13668559510031,
      16.13542872299383,
      16.134138695987655,
      16.134087456597225,
      16.133469569830247,
      16.132084599247687,
      16.13202582465278,
      16.132015275366513,
      16.131395881558642,
      16.131109543788583,
      16.129947615258487,
      16.129255883487655,
      16.128243152006174,
      16.126390998746142,
      16.12548225308642,
      16.124801070601855,
      16.124192226080247,
      16.122709297839506,
      16.12103949652778,
      13.350770668331041,
      13.348591063730746,
      13.347858716585046,
      13.347496279477225,
      13.346281928342774,
      13.34543624175786,
      13.345413822967686,
      13.344916873118818,
      13.344437360106753,
      13.344266728203758,
      13.344015139558467,
      13.343579218638409,
      13.343357521713349,
      13.343254146180879,
      13.343094723672971,
      13.342870535771226,
      13.342632647497709,
      13.342214163414452,
      13.342074668720032,
      13.342072177743347,
      13.341948874397387,
      13.341875390585148,
      13.341753332727532
    ]
  ],
  "top_r_val_seeds": [
    [
      105,
      290,
      257,
      30,
      444,
      199,
      260,
      412,
      366,
      32,
      323,
      139,
      421,
      498,
      122,
      353,
      247,
      191,
      90,
      197,
      435,
      381,
      141,
      173,
      309,
      270,
      243,
      226,
      232,
      394,
      110,
      414,
      372,
      168,
      202,
      212,
      227,
      77,
      305,
      486,
      447,
      14,
      181,
      214,
      60,
      195,
      162,
      339,
      332,
      400
    ],
    [
      110,
      212,
      339,
      361,
      257,
      99,
      206,
      412,
      366,
      116,
      425,
      349,
      289,
      357,
      131,
      443,
      41,
      185,
      82,
      323,
      288,
      421,
      498,
      353,
      105,
      247,
      208,
      191,
      276,
      200,
      90,
      312,
      318,
      197,
      225,
      435,
      381,
      141,
      173,
      270,
      243,
      226,
      155,
      394,
      414,
      372,
      290,
      442,
      285,
      453
    ],
    [
      361,
      228,
      99,
      185,
      421,
      498,
      105,
      218,
      191,
      197,
      221,
      226,
      110,
      212,
      198,
      227,
      305,
      266,
      179,
      489,
      162,
      47,
      117,
      298,
      175,
      112,
      65,
      440,
      58,
      377,
      482,
      242,
      246,
      328,
      78,
      64,
      257,
      431,
      136,
      384,
      422,
      30,
      458,
      444,
      33,
      199,
      260,
      438,
      483,
      380
    ]
  ],
  "loss_predicts_minimas": true,
  "loss_ordering_violations": 2,
  "test_loss_ranks": [
    1,
    2,
    3
  ],
  "log_exp_r_n_ranks": [
    1,
    2,
    3
  ],
  "data_level_ranks": [
    3,
    2,
    1
  ],
  "accuracy_predicts_minimas": true,
  "accuracy_ordering_violations": 2,
  "log_exp_r_n_acc_ranks": [
    1,
    2,
    3
  ]
}