{
  "test_loss_values": [
    4.130596399307251,
    4.503326416015625
  ],
  "log_exp_r_n_values": [
    4746765.125860943,
    3661203.2379139243
  ],
  "log_exp_r_n_acc_values": [
    -Infinity,
    -Infinity
  ],
  "model_data_levels": [
    19950,
    49950
  ],
  "loss_landscape_data_param": 19950,
  "train_loss_values": [
    0.0005756187601946294,
    0.0007762220920994878
  ],
  "num_params": 1707274,
  "dataset_type": "data",
  "top_r_vals": [
    [
      16.124679000289355,
      16.12418921199846,
      16.122569143036266,
      13.350770668331041,
      13.348591063730746,
      13.347858716585046,
      13.346281928342774,
      13.345789960447279,
      13.34543624175786,
      13.345413822967686,
      13.344916873118818,
      13.344900681770358,
      13.344437360106753,
      13.344266728203758,
      13.344138442904427,
      13.344015139558467,
      13.343743623099687,
      13.343579218638409,
      13.343357521713349,
      13.34332887548146,
      13.343094723672971,
      13.342973911303698,
      13.342870535771226,
      13.342632647497709,
      13.342554181732098,
      13.342498134756662,
      13.342214163414452,
      13.342074668720032,
      13.342072177743347,
      13.342029831139683,
      13.341948874397387,
      13.341875390585148,
      13.341753332727532,
      13.341671130496891,
      13.341585191801222,
      13.341242682506891,
      13.341220263716716,
      13.341177917113054,
      13.341134325021047,
      13.341134325021047,
      13.3409910938616,
      13.34092508297942,
      13.34092134651439,
      13.340771887913228,
      13.34076441498317,
      13.340679721775842,
      13.340674739822472,
      13.340553927453197,
      13.340522790244622,
      13.340516562802907
    ],
    [
      8.539737654320989,
      8.53892778798082,
      8.53892619375574,
      8.538899091929396,
      8.538325968013469,
      8.538189661769207,
      8.537954513570044,
      8.53785965717784,
      8.537716974033263,
      8.537561537088052,
      8.537555957300276,
      8.537456318232834,
      8.537096023364963,
      8.536479855371901,
      8.53639775278033,
      8.536324418426693,
      8.536152242118153,
      8.5358286144271,
      8.53563810453015,
      8.535462739771454,
      8.535429261044792,
      8.535163025456587,
      8.535128749617387,
      8.53512237271707,
      8.53510802469136,
      8.53510643046628,
      8.534822658402206,
      8.534621786042242,
      8.534548451688604,
      8.534215258647079,
      8.534026342975208,
      8.533933080808081,
      8.533872500255077,
      8.533824673502705,
      8.533790397663505,
      8.533789600550966,
      8.533732208448118,
      8.533723440210183,
      8.533707497959393,
      8.533556843689421,
      8.533531336088155,
      8.533485103560862,
      8.533405392306909,
      8.533401406744211,
      8.533336840628508,
      8.533273071625345,
      8.533096909754107,
      8.533013212937457,
      8.532665671870218,
      8.5325261771758
    ]
  ],
  "top_r_val_seeds": [
    [
      222,
      7,
      496,
      440,
      58,
      377,
      242,
      217,
      246,
      328,
      78,
      160,
      64,
      257,
      373,
      431,
      338,
      136,
      384,
      351,
      30,
      228,
      458,
      444,
      301,
      488,
      33,
      199,
      260,
      99,
      438,
      483,
      380,
      114,
      412,
      366,
      249,
      340,
      163,
      241,
      178,
      158,
      148,
      316,
      388,
      116,
      311,
      268,
      325,
      425
    ],
    [
      71,
      199,
      260,
      99,
      241,
      148,
      268,
      456,
      357,
      32,
      362,
      251,
      46,
      82,
      323,
      156,
      324,
      194,
      220,
      434,
      470,
      300,
      132,
      38,
      231,
      191,
      295,
      333,
      495,
      476,
      407,
      435,
      297,
      309,
      411,
      243,
      226,
      424,
      271,
      186,
      155,
      36,
      110,
      414,
      343,
      290,
      430,
      55,
      205,
      73
    ]
  ],
  "loss_predicts_minimas": true,
  "loss_ordering_violations": 0,
  "test_loss_ranks": [
    2,
    1
  ],
  "log_exp_r_n_ranks": [
    1,
    2
  ],
  "data_level_ranks": [
    2,
    1
  ],
  "accuracy_predicts_minimas": true,
  "accuracy_ordering_violations": 0,
  "log_exp_r_n_acc_ranks": [
    1,
    2
  ]
}