{
  "test_loss_values": [
    0.5130886954069137,
    0.5132848525047302,
    0.344492669403553,
    0.488531943410635,
    0.17341797053813934,
    0.22876487970352172,
    0.5446264699101449,
    0.42654730677604674
  ],
  "log_exp_r_n_values": [
    755036.0017938442,
    755417.4750998047,
    711593.9053041638,
    744804.7822243484,
    580151.2698324698,
    663360.3664340191,
    687457.2220280232,
    733655.4109645378
  ],
  "log_exp_r_n_acc_values": [
    -Infinity,
    -Infinity,
    -Infinity,
    -Infinity,
    -Infinity,
    -Infinity,
    -Infinity,
    -Infinity
  ],
  "model_data_levels": [
    200,
    100,
    2000,
    500,
    10000,
    5000,
    0,
    1000
  ],
  "loss_landscape_data_param": 100,
  "train_loss_values": [
    0.0027973297983407974,
    0.002447044476866722,
    0.010969576425850391,
    0.004081136081367731,
    0.07650786638259888,
    0.04093301296234131,
    0.07502929866313934,
    0.006061050109565258
  ],
  "num_params": 235146,
  "dataset_type": "data",
  "top_r_vals": [
    [
      24.80241236026015,
      24.772938846117956,
      23.74639782070292,
      23.700218024402794,
      23.64447046298547,
      22.682189999973858,
      22.608872371997343,
      21.645583488017586,
      21.640735920888993,
      21.590809785742664,
      21.582827476662718,
      21.579687297171116,
      21.576283396977626,
      21.569456565199783,
      20.581322836992115,
      20.581260656684957,
      20.542342261519597,
      19.618193925816268,
      19.59841903455721,
      19.593279880874224,
      19.565626104770082,
      19.563068857951823,
      18.641311437823987,
      18.638571014639343,
      18.63287684191436,
      18.624254706351376,
      17.717040827592147,
      17.704313910160096,
      17.697059667374443,
      17.692192347548634,
      16.806548739354998,
      16.779237220035725,
      16.754377491928523,
      16.741895933481892,
      16.729052514284085,
      15.884397129925697,
      15.879883860551974,
      15.876609018711648,
      15.86834650985376,
      15.86685839934992,
      15.858550947557353,
      15.85707681929986,
      15.853552294489091,
      15.847594858814329,
      15.013493249182817,
      14.16904502848038,
      14.16189244057126,
      14.157490779485325,
      14.111402065066812,
      13.315895887219643
    ],
    [
      24.842681541836853,
      24.772938846117956,
      23.749442855570255,
      23.74639782070292,
      23.71233102689563,
      23.672675452778183,
      23.67260085613763,
      22.68859629781435,
      22.63823077073076,
      22.638162376091895,
      22.61595691667326,
      22.58193485850213,
      21.590809785742664,
      20.61136499331072,
      20.59058899818167,
      20.57854674536214,
      20.567308950266458,
      20.564316522984498,
      20.556135926324067,
      20.553449218885632,
      19.631070169077173,
      19.606649325064396,
      19.603537227200704,
      19.593279880874224,
      19.55249709603293,
      18.641311437823987,
      18.63287684191436,
      18.624254706351376,
      18.614615168168942,
      17.72728734815823,
      17.698479580519788,
      17.697059667374443,
      17.659092569720855,
      16.784768520089454,
      16.774352627388623,
      16.762165410485956,
      16.751818091979953,
      16.729052514284085,
      15.884397129925697,
      15.883663061992594,
      15.876609018711648,
      15.86685839934992,
      15.85707681929986,
      15.853552294489091,
      15.847594858814329,
      15.014775224817013,
      15.007195709082868,
      15.002531319091286,
      14.953691634694508,
      14.135147516644542
    ],
    [
      20.61864397551736,
      20.589064285233242,
      20.530141967086042,
      19.62878541577233,
      18.663793925892715,
      18.63074709472595,
      18.609682875285714,
      18.604040275965406,
      18.598153875095733,
      17.71394394805963,
      17.66524626854041,
      16.77840588979687,
      16.777891055841838,
      16.759090121594745,
      16.756132991316164,
      16.747501082668517,
      15.901166836952507,
      15.889744340420696,
      15.881385953302157,
      15.878865154032567,
      15.86918744209821,
      15.867575488841032,
      15.867527549710708,
      15.860973871102528,
      15.84699761714903,
      15.846085774940974,
      15.020179724453081,
      15.01429188790633,
      15.00675485295535,
      15.001104908794327,
      14.98975687558469,
      14.980878391903083,
      14.969385924030684,
      14.191651090353815,
      14.136164860696383,
      14.126679151883788,
      13.347305921673675,
      13.343513521713811,
      13.340761744889647,
      13.31638179108704,
      13.293526685863114,
      12.550054765031186,
      12.540891486326103,
      12.537952797909144,
      12.52904835105174,
      12.526263541324713,
      11.778937951876857,
      11.765471390258702,
      11.750758445930286,
      11.025694806673128
    ],
    [
      23.74639782070292,
      23.700218024402794,
      23.64447046298547,
      22.646745903269636,
      22.619834037764,
      21.582827476662718,
      21.576283396977626,
      21.569456565199783,
      20.62711215609839,
      20.622492677445805,
      20.621287933994626,
      20.554631940144695,
      19.59841903455721,
      19.593279880874224,
      19.58954018482804,
      19.58350093944913,
      19.573412514440925,
      19.55249709603293,
      18.640739441881255,
      18.63287684191436,
      18.624254706351376,
      18.62236290009816,
      18.599573315847064,
      18.597142333090453,
      17.705420018049182,
      17.704313910160096,
      17.697602706257616,
      17.695001015870613,
      17.692192347548634,
      16.806548739354998,
      16.796834413416654,
      16.754377491928523,
      16.751818091979953,
      16.741895933481892,
      16.729052514284085,
      15.884507989164572,
      15.879883860551974,
      15.876609018711648,
      15.853552294489091,
      15.847594858814329,
      15.014187101974521,
      15.002531319091286,
      14.999015798279983,
      14.98836350589686,
      14.167835262085985,
      14.16189244057126,
      14.152845917938663,
      14.111402065066812,
      13.347828750878143,
      13.315895887219643
    ],
    [
      11.789539240348256,
      9.620259328007815,
      9.602514217503188,
      9.597608952030884,
      9.575033493275107,
      8.934973385583206,
      8.918257984602466,
      8.913908070312155,
      8.288686933657374,
      8.280332042100422,
      8.27402914691726,
      8.270970166793651,
      8.268462344873512,
      7.666063346043037,
      7.659738429438383,
      7.6458642634534835,
      7.642263511356591,
      7.641823772637427,
      7.065949940500239,
      7.056237383920228,
      7.052972196488093,
      7.052598448823892,
      7.052255772818236,
      7.052234466538092,
      7.0493217204900125,
      7.0482448655810455,
      7.044070166315244,
      7.0436253977172285,
      6.4905225746511395,
      6.4858601512982625,
      6.483722782614243,
      6.483401545436481,
      6.478644136979012,
      6.4780281606140395,
      6.464330737805903,
      5.931011420831979,
      5.930070011228213,
      5.914630371549961,
      5.90823408260583,
      5.413943019763005,
      5.404857569705814,
      5.403571591437824,
      5.4025904552698325,
      5.4024572355338245,
      5.395810862122869,
      5.394611544652538,
      5.392584361679876,
      5.392387590692253,
      4.902783746879025,
      4.897178518317878
    ],
    [
      16.7948795213702,
      16.767655566022786,
      14.18497421323601,
      14.143848391735883,
      13.35734877414539,
      13.339173955395498,
      13.33137263872657,
      13.320052505277003,
      13.315837981577415,
      13.315113741443456,
      13.300014635429324,
      12.561688783111537,
      12.550100534077423,
      12.549715442791848,
      12.537305718289941,
      12.533440601247444,
      12.530213094366303,
      12.527155248604833,
      12.52698400924219,
