{
  "test_loss_values": [
    4.657871557213366
  ],
  "log_exp_r_n_values": [
    7387.093524108484
  ],
  "log_exp_r_n_acc_values": [
    -Infinity
  ],
  "model_data_levels": [
    0
  ],
  "loss_landscape_data_param": 20,
  "train_loss_values": [
    1.7865417003631592
  ],
  "num_params": 4353,
  "dataset_type": "data",
  "top_r_vals": [
    [
      5.462522951330148,
      4.030386549994934,
      2.8357517517055166,
      2.6391994046293847,
      2.473867762962789,
      2.2052435715877143,
      2.1847006423653386,
      2.1803217780001525,
      2.1029199209123823,
      2.0511922313111626,
      1.9262356971361143,
      1.9240756116692113,
      1.817309637353253,
      1.8088879952626251,
      1.8019840292871303,
      1.7938375492373047,
      1.749690348658335,
      1.6571899120873874,
      1.5764524799738373,
      1.5455336725988786,
      1.4666031946964766,
      1.4423172218888234,
      1.395843796311204,
      1.3733973627343559,
      1.334779256716048,
      1.3239024574834566,
      1.259693432721632,
      1.2445928561585233,
      1.2400889441087826,
      1.2344827791330428,
      1.2267679084906011,
      1.2143686098108508,
      1.184114075821625,
      1.1724374172713932,
      1.1570481537368589,
      1.1311585446343375,
      1.0852520438356275,
      1.0211083771645066,
      0.9911529773383203,
      0.9902414343692474,
      0.9772157178002049,
      0.9433437519726935,
      0.9254779487239425,
      0.8780123964218658,
      0.8711328884412964,
      0.8524643225721181,
      0.7686552675955608,
      0.5351128898244739,
      0.47094891247173404,
      0.46718777983184473
    ]
  ],
  "top_r_val_seeds": [
    [
      35,
      50,
      29,
      34,
      11,
      25,
      5,
      26,
      20,
      16,
      49,
      22,
      21,
      18,
      33,
      8,
      47,
      15,
      39,
      43,
      42,
      10,
      1,
      6,
      40,
      2,
      37,
      9,
      48,
      17,
      45,
      7,
      12,
      36,
      31,
      24,
      4,
      30,
      41,
      32,
      38,
      23,
      27,
      46,
      19,
      14,
      13,
      44,
      3,
      28
    ]
  ],
  "test_acc_values": [
    0.74075
  ],
  "loss_predicts_minimas": true,
  "loss_ordering_violations": 0,
  "test_loss_ranks": [
    1
  ],
  "log_exp_r_n_ranks": [
    1
  ],
  "data_level_ranks": [
    1
  ],
  "accuracy_predicts_minimas": true,
  "accuracy_ordering_violations": 0,
  "log_exp_r_n_acc_ranks": [
    1
  ]
}