{
  "test_loss_values": [
    0.6088151633739471,
    0.23124442994594574,
    1.0004090291261674,
    0.44394712448120116,
    0.13425762951374054
  ],
  "log_exp_r_n_values": [
    964575.7685623646,
    801249.5655498826,
    1044899.49554207,
    872430.9613365562,
    762733.812015042
  ],
  "log_exp_r_n_acc_values": [
    -Infinity,
    -Infinity,
    -Infinity,
    -Infinity,
    -Infinity
  ],
  "model_data_levels": [
    1940,
    19940,
    540,
    5940,
    59940
  ],
  "loss_landscape_data_param": 540,
  "train_loss_values": [
    5.989880446577445e-05,
    0.00014396397455129772,
    3.255415504099801e-05,
    9.470918303122744e-05,
    0.0003848951018881053
  ],
  "num_params": 300938,
  "dataset_type": "data",
  "top_r_vals": [
    [
      24.661702249770435,
      24.65796453302557,
      24.648377193454433,
      22.429379316364408,
      22.401355828646317,
      22.401119185861145,
      22.39320286195287,
      22.390303365090304,
      22.38745866971483,
      22.38169953161668,
      22.3751233531655,
      22.371234938558572,
      22.370104035143104,
      22.365996414587805,
      22.337952999056224,
      20.26998669394984,
      20.2488882148306,
      20.24864991554593,
      20.2471212031537,
      20.238708788783516,
      20.23720030934942,
      20.23311999612604,
      20.230552658549673,
      20.22989845957006,
      20.22661622413968,
      20.2252830970094,
      20.224799754120678,
      20.22017539913418,
      20.214480945473124,
      20.208867423644595,
      20.208080586383886,
      20.207412898765515,
      20.205079364260907,
      20.202640168752716,
      20.20048423465838,
      20.20000089176966,
      20.199879494020863,
      20.198406984290113,
      20.19647586084169,
      20.196322989602468,
      20.19580817322332,
      20.19406139450455,
      20.192654079861114,
      20.18982821004195,
      20.18605813550993,
      20.18569619037001,
      20.1856692130925,
      20.184012358632096,
      20.180788573969657,
      20.17914745625447
    ],
    [
      14.332472451790636,
      14.323524066421795,
      14.323390151515154,
      14.320078946025918,
      14.302754502091625,
      14.296289919395981,
      12.633112967835315,
      12.620349670354111,
      12.617617380301596,
      12.617293709018453,
      12.61182072186711,
      12.610670357696282,
      12.60652428268839,
      12.605110497733014,
      12.604418317586376,
      12.604341252995152,
      12.603382849715192,
      12.602926066865388,
      12.602602395582243,
      12.602561761525052,
      12.60076265361355,
      12.60062954204689,
      12.599874309052888,
      12.598519373421718,
      12.598300790217516,
      12.598171882174015,
      12.596472257643912,
      12.596287302624972,
      12.594563858130309,
      12.592022127794278,
      12.59167323537219,
      12.59085214718205,
      12.589365501158603,
      12.585180193267908,
      12.584245609952509,
      12.584050846712868,
      12.582781382719238,
      12.580872983205637,
      12.580867378508094,
      12.57934290077623,
      12.578053820341196,
      12.574444395123107,
      12.573400520205608,
      12.573191745222108,
      12.571060558981147,
      12.565317145173324,
      12.561123430236313,
      12.559622772469009,
      11.005311335219305,
      11.00184000974869
    ],
    [
      32.20632102272727,
      29.672193533643735,
      29.63933931352071,
      29.630118521168924,
      29.59821965287942,
      29.595389834862203,
      29.585648540476985,
      27.13399100597994,
      27.118233386381174,
      27.09641143422068,
      27.095775462962965,
      27.093382282021608,
      27.090895664544757,
      27.08608820408951,
      27.08319769965278,
      27.081856433256174,
      27.07389925733025,
      27.066379123263893,
      27.06635802469136,
      27.065257884837965,
      27.063856336805557,
      27.050883728780867,
      27.047399450231485,
      27.041145230516978,
      24.761950504243433,
      24.74952623491664,
      24.728390696291758,
      24.72683628947501,
      24.724331662236718,
      24.716913901084713,
      24.713777624433256,
      24.699494108790322,
      24.697233902411906,
      24.69575364574366,
      24.693097971906568,
      24.692669548826334,
      24.685853227767737,
      24.682173183360597,
      24.68205783868515,
      24.676307082723547,
      24.671962433281685,
      24.667480468750004,
      24.666596159571572,
      24.66512139550692,
      24.664602344467404,
      24.658947709068674,
      24.656978610680675,
      24.645911014441293,
      24.635392678561182,
      24.633786092010304
    ],
    [
      18.15706111182851,
      18.14490654054752,
      18.128210146565085,
      18.126476949896695,
      18.11880165289256,
      18.116457095816116,
      16.22721926468561,
      16.205226556073285,
      16.20470103472183,
      16.20217961207323,
      16.20212921961487,
      16.201969043586516,
      16.19733833660947,
      16.196805616335393,
      16.19143162059755,
      16.188345082523075,
      16.187342632547864,
      16.184979586196963,
      16.18383855696127,
      16.18377556638832,
      16.183120464429656,
      16.182832507524747,
      16.18181745943495,
      16.179468810929293,
      16.17908906776095,
      16.177350527947567,
      16.17701757777627,
      16.175878348271226,
      16.17525744119502,
      16.17375286636688,
      16.17311936117608,
      16.171537397929743,
      16.17109466418845,
      16.168907991441806,
      16.166026622662073,
      16.163764361227894,
      16.16321724310857,
      16.16002992011737,
      16.15839216522071,
      16.153252134468108,
      16.152791403420256,
      16.14967786938594,
      16.146468949626875,
      14.369750216814612,
      14.36765381083563,
      14.365464939802063,
      14.365287980818286,
      14.364682175288237,
      14.35915340271401,
      14.35806932966024
    ],
    [
      12.610654944778037,
      10.986297162159797,
      10.984684777860682,
      10.983901166414784,
      10.981341613140565,
      10.977934978334485,
      10.977552937240146,
      10.975473071346359,
      10.975426689360464,
      10.970966695243156,
      10.96874646281311,
      10.96644811335419,
      10.9654386948717,
      10.961885590636482,
      10.961350977220123,
      10.93996277882997,
      9.488871518062972,
      9.483557760368843,
      9.483451464166206,
      9.479396421901308,
      9.479284863510422,
      9.477232610093202,
      9.476989496996083,
      9.474630984222754,
      9.474601515968558,
      9.47369747202733,
      9.473183882454201,
      9.47312178863286,
      9.47200830959931,
      9.47193042921322,
      9.471820975697636,
      9.471799926944637,
      9.470712758852336,
      9.4702307424087,
      9.470216008281604,
      9.468900461219281,
      9.468222691372773,
      9.468119552483088,
      9.46788170157422,
      9.467838551630576,
      9.467645955540652,
      9.467461778951927,
      9.466889252870404,
      9.466227269588645,
      9.465954688237332,
      9.465924167545486,
      9.465885227352441,
      9.465513716862041,
      9.465163255124638,
      9.464572837603068
    ]
  ],