{
  "test_loss_values": [
    0.13074526190757751
  ],
  "log_exp_r_n_values": [
    801744.1032011973
  ],
  "log_exp_r_n_acc_values": [
    -Infinity
  ],
  "model_data_levels": [
    59940
  ],
  "loss_landscape_data_param": 59940,
  "train_loss_values": [
    0.0004668770416174084
  ],
  "num_params": 300938,
  "dataset_type": "data",
  "top_r_vals": [
    [
      14.356044663809817,
      14.338527318640956,
      14.314231328435875,
      12.630985985117512,
      12.629663276497217,
      12.624350023225867,
      12.616614139441289,
      12.613755743694044,
      12.613213489206698,
      12.612910835539344,
      12.61224808005481,
      12.611362537842918,
      12.610670357696282,
      12.610661950649966,
      12.610514827339447,
      12.60928179387985,
      12.60827575067077,
      12.60751631415361,
      12.606859163366622,
      12.606269268950156,
      12.60578586378702,
      12.603846638436927,
      12.603057777257662,
      12.602561761525052,
      12.60201530351455,
      12.601782708566489,
      12.601491264294221,
      12.600766857136708,
      12.60062954204689,
      12.598564211002067,
      12.598513768724175,
      12.598342825449095,
      12.598230731498221,
      12.596472257643912,
      12.596176609848486,
      12.595941212551654,
      12.595554488421143,
      12.594469979446455,
      12.594221971580149,
      12.591729282347625,
      12.59167323537219,
      12.591185626685894,
      12.590922205901345,
      12.590435998389435,
      12.589631724291927,
      12.589443966924215,
      12.588250166347423,
      12.587735935347798,
      12.586853195484677,
      12.586344569182595
    ]
  ],
  "top_r_val_seeds": [
    [
      218,
      216,
      25,
      7,
      478,
      329,
      139,
      391,
      71,
      373,
      88,
      140,
      414,
      324,
      328,
      57,
      154,
      378,
      452,
      349,
      108,
      89,
      390,
      119,
      30,
      125,
      166,
      282,
      428,
      4,
      60,
      101,
      27,
      301,
      92,
      258,
      62,
      120,
      55,
      52,
      38,
      174,
      80,
      446,
      195,
      338,
      66,
      403,
      460,
      81
    ]
  ],
  "loss_predicts_minimas": true,
  "loss_ordering_violations": 0,
  "test_loss_ranks": [
    1
  ],
  "log_exp_r_n_ranks": [
    1
  ],
  "data_level_ranks": [
    1
  ],
  "subset_sizes": [
    1,
    2,
    3,
    4,
    5,
    6,
    7,
    8,
    9,
    10,
    11,
    12,
    13,
    14,
    15,
    16,
    17,
    18,
    19,
    20,
    21,
    22,
    23,
    24,
    25,
    26,
    27,
    28,
    29,
    30,
    31,
    32,
    33,
    34,
    35,
    36,
    37,
    38,
    39,
    40,
    41,
    42,
    43,
    44,
    45,
    46,
    47,
    48,
    49,
    50,
    51,
    52,
    53,
    54,
    55,
    56,
    57,
    58,
    59,
    60,
    61,
    62,
    63,
    64,
    65,
    66,
    67,
    68,
    69,
    70,
    71,
    72,
    73,
    74,
    75,
    76,
    77,
    78,
    79,
    80,
    81,
    82,
    83,
    84,
    85,
    86,
    87,
    88,
    89,
    90,
    91,
    92,
    93,
    94,
    95,
    96,
    97,
    98,
    99,
    100
  ],
  "radii_rank_probabilities_full": [
    1.0,
    1.0,
    1.0,
    1.0,
    1.0,
    1.0,
    1.0,
    1.0,
    1.0,
    1.0,
    1.0,
    1.0,
    1.0,
    1.0,
    1.0,
    1.0,
    1.0,
    1.0,
    1.0,
    1.0,
    1.0,
    1.0,
    1.0,
    1.0,
    1.0,
    1.0,
    1.0,
    1.0,
    1.0,
    1.0,
    1.0,
    1.0,
    1.0,
    1.0,
    1.0,
    1.0,
    1.0,
    1.0,
    1.0,
    1.0,
    1.0,
    1.0,
    1.0,
    1.0,
    1.0,
    1.0,
    1.0,
    1.0,
    1.0,
    1.0,
    1.0,
    1.0,
    1.0,
    1.0,
    1.0,
    1.0,
    1.0,
    1.0,
    1.0,
    1.0,
    1.0,
    1.0,
    1.0,
    1.0,
    1.0,
    1.0,
    1.0,
    1.0,
    1.0,
    1.0,
    1.0,
    1.0,
    1.0,
    1.0,
    1.0,
    1.0,
    1.0,
    1.0,
    1.0,
    1.0,
    1.0,
    1.0,
    1.0,
    1.0,
    1.0,
    1.0,
    1.0,
    1.0,
    1.0,
    1.0,
    1.0,
    1.0,
    1.0,
    1.0,
    1.0,
    1.0,
    1.0,
    1.0,
    1.0,
    1.0
  ],
  "radii_rank_probabilities": [
    1.0,
    1.0,
    1.0,
    1.0,
    1.0,
    1.0,
    1.0,
    1.0,
    1.0,
    1.0,
    1.0,
    1.0,
    1.0,
    1.0,
    1.0,
    1.0,
    1.0,
    1.0,
    1.0,
    1.0,
    1.0,
    1.0,
    1.0,
    1.0,
    1.0,
    1.0,
    1.0,
    1.0,
    1.0,
    1.0,
    1.0,
    1.0,
    1.0,
    1.0,
    1.0,
    1.0,
    1.0,
    1.0,
    1.0,
    1.0,
    1.0,
    1.0,
    1.0,
    1.0,
    1.0,
    1.0,
    1.0,
    1.0,
    1.0,
    1.0,
    1.0,
    1.0,
    1.0,
    1.0,
    1.0,
    1.0,
    1.0,
    1.0,
    1.0,
    1.0,
    1.0,
    1.0,
    1.0,
    1.0,
    1.0,
    1.0,
    1.0,
    1.0,
    1.0,
    1.0,
    1.0,
    1.0,
    1.0,
    1.0,
    1.0,
    1.0,
    1.0,
    1.0,
    1.0,
    1.0,
    1.0,
    1.0,
    1.0,
    1.0,
    1.0,
    1.0,
    1.0,
    1.0,
    1.0,
    1.0,
    1.0,
    1.0,
    1.0,
    1.0,
    1.0,
    1.0,
    1.0,
    1.0,
    1.0,
    1.0
  ],
  "accuracy_predicts_minimas": true,
  "accuracy_ordering_violations": 0,
  "log_exp_r_n_acc_ranks": [
    1
  ]
}