{
  "test_loss_values": [
    0.5373830795288086,
    0.5377539253234863,
    0.3503900572657585,
    0.5108822338283062,
    0.16711190342903137,
    0.22618953585624696,
    0.5721011132001876,
    0.440893167257309
  ],
  "log_exp_r_n_values": [
    765089.6936448531,
    785105.1398290974,
    744090.8243568178,
    775203.8899106304,
    609585.4563523659,
    687514.6135460114,
    704351.637781758,
    754659.6286811942
  ],
  "log_exp_r_n_acc_values": [
    -Infinity,
    -Infinity,
    -Infinity,
    -Infinity,
    -Infinity,
    -Infinity,
    -Infinity,
    -Infinity
  ],
  "model_data_levels": [
    200,
    100,
    2000,
    500,
    10000,
    5000,
    0,
    1000
  ],
  "loss_landscape_data_param": 100,
  "train_loss_values": [
    0.0029315033461898565,
    0.002692484064027667,
    0.010122518986463547,
    0.0038948189467191696,
    0.0667395293712616,
    0.03025205433368683,
    0.07741505652666092,
    0.005963284522294998
  ],
  "num_params": 235146,
  "dataset_type": "data",
  "top_r_vals": [
    [
      25.88583805034812,
      25.875540523558435,
      25.872158564641282,
      24.848246351040597,
      24.841230259571155,
      24.793086701314113,
      24.778985855558364,
      23.736531669023513,
      23.729473334894482,
      23.72180181638011,
      23.68727550726702,
      23.673567628599187,
      23.658521486199845,
      23.64447046298547,
      22.65433770818381,
      22.646745903269636,
      22.608899444875227,
      22.59460781512876,
      21.640735920888993,
      21.62042942684331,
      21.599727351744786,
      21.590809785742664,
      20.592942781892198,
      20.57276009052728,
      20.567705349724587,
      20.554567168991404,
      19.62512216587018,
      19.606649325064396,
      18.66178607947899,
      18.64954560072909,
      18.64223507061676,
      18.62586168675606,
      18.623267778925598,
      18.619851040866042,
      18.605905123393452,
      18.56699181744518,
      17.69753816475101,
      17.66524626854041,
      17.662218381652885,
      16.77840588979687,
      16.777891055841838,
      16.77130687815057,
      16.770893323006366,
      16.76889728644301,
      15.910363160119852,
      15.872065787381473,
      14.998241704008965,
      14.9976092123485,
      14.137057486563231,
      14.13513059060515
    ],
    [
      28.185714020794926,
      27.012792540898193,
      25.964883594470074,
      25.957552211976576,
      24.82772553190734,
      24.820342718575063,
      24.793086701314113,
      24.778985855558364,
      24.77620501147506,
      24.76186696689739,
      24.7609634266481,
      24.759509023345274,
      24.746129137166676,
      23.72180181638011,
      23.657739713406862,
      23.64447046298547,
      22.640530540462645,
      21.640735920888993,
      21.62042942684331,
      21.612899792988774,
      21.605656989382172,
      21.590809785742664,
      21.583243448491476,
      21.569456565199783,
      20.61864397551736,
      20.592942781892198,
      20.57854674536214,
      20.57276009052728,
      19.631070169077173,
      19.606649325064396,
      19.59055124673304,
      19.573680075945052,
      19.531352339192825,
      18.64954560072909,
      18.64223507061676,
      18.641243454699648,
      18.62586168675606,
      18.605905123393452,
      18.604040275965406,
      17.69011477870666,
      16.77840588979687,
      16.777891055841838,
      16.770893323006366,
      16.76889728644301,
      16.766094184355893,
      15.910363160119852,
      15.86685839934992,
      14.998241704008965,
      14.137057486563231,
      14.13513059060515
    ],
    [
      23.6744075867718,
      21.579687297171116,
      20.569617394169686,
      20.553449218885632,
      20.541663459833128,
      19.633182302056767,
      19.6111349875161,
      19.576260749807457,
      19.55249709603293,
      19.54088468015328,
      18.65852406163345,
      18.642104964982245,
      18.636808141897806,
      18.616565580563833,
      18.598234751571244,
      17.705420018049182,
      17.704313910160096,
      17.692192347548634,
      17.681409464806958,
      17.679613430467942,
      17.657351061827075,
      17.65662997740844,
      16.7948795213702,
      16.77081419893541,
      16.767655566022786,
      16.759090121594745,
      16.754377491928523,
      16.75026093026351,
      16.71151334522186,
      15.896348954354846,
      15.881385953302157,
      15.86834650985376,
      15.030038098199709,
      15.013493249182817,
      15.001104908794327,
      14.986098808145432,
      14.98353013679002,
      14.191651090353815,
      14.16858891626099,
      14.16154322965329,
      14.157490779485325,
      14.152845917938663,
      14.140977200948601,
      13.34673777501007,
      13.34632823945344,
      13.341090716074483,
      13.339173955395498,
      12.522791406782657,
      11.76596757351234,
      11.004859456353495
    ],
    [
      27.02354265275,
      27.012792540898193,
      24.778985855558364,
      24.759509023345274,
      23.75615058548869,
      23.72180181638011,
      23.68727550726702,
      23.64447046298547,
      22.682189999973858,
      22.66985901654156,
      22.66311786994829,
      22.65433770818381,
      22.640530540462645,
      22.63823077073076,
      22.608899444875227,
      22.59535445660305,
      22.59460781512876,
      21.62042942684331,
      21.570337446719503,
      20.622492677445805,
      20.589064285233242,
      20.574915674508745,
      20.57276009052728,
      20.554567168991404,
      19.62512216587018,
      19.60065939977842,
      18.66178607947899,
      18.64954560072909,
      18.64223507061676,
      18.638571014639343,
      18.610041544872757,
      17.69753816475101,
      17.680472500176567,
      17.67722873307729,
      17.66524626854041,
      17.66398882194618,
      17.662218381652885,
      17.627045486121524,
      16.77130687815057,
      16.76889728644301,
      16.764500098073004,
      15.910363160119852,
      15.883233607283433,
      15.876609018711648,
      15.872065787381473,
      15.01354800219223,
      14.9976092123485,
      14.153442783538253,
      13.317695158189759,
      13.315879942187726
    ],
    [
      13.361624072556197,
      13.042027747842937,
      12.430071932543154,
      11.808592622746621,
      11.668335911231914,
      11.372700694551444,
      11.062966112483954,
      10.923641856286537,
      10.809819188359777,
      10.489539247983817,
      10.234924078565083,
      10.225320180360365,
      10.093649815355896,
      9.945577310759296,
      9.921201087357906,
      9.803794186801094,
      9.510199034843309,
      9.26499645056092,
      9.131778132555825,
      8.84266833130507,
      8.832160498296545,
      8.827852035979445,
      8.729698250176126,
      8.72513052664542,
      8.7223148893975,
      8.60935953099763,
      8.59020061525964,
      8.588089997269531,
      8.469811366300139,
      8.465892064819604,
      8.464649567395378,
      8.344516281032844,
      8.21878359339832,
      8.218561377949404,
      8.101745371816866,
      8.087671315598309,
      7.836268211354447,
      7.828177694050004,
      7.704020974891697,
      7.599131646980919,
      7.477661384658715,
      7.344088509566365,
      7.224643566640104,
      6.999877129381634,
      6.89833356044382,
      6.8838683589530625,
      6.426866968783244,
      6.0969450118286455,
      6.0941828574695815,
      5.451661698762192
    ],
    [
      18.611771598174954,
      17.665004794282932,
      17.657977559554997,
      17.646128629169716,
      17.645545530041066,
      16.756132991316164,
      16.738650791585027,
      15.902877664665981,
      15.88501933988804,
      15.879883860551974,
      15.856771207344037,
      15.847016593054784,
      15.027410897765268,
      15.019241371153823,
      14.998287016844342,
      14.979401004666324,
      14.17414511140225,
      14.168490032557177,
      14.163555646652505,
      14.118289181410741,
