{
  "test_loss_values": [
    0.5121708410978317,
    0.5180126670002937,
    0.3583094239234924,
    0.4947840742766857,
    0.18464787304401398,
    0.23201001286506653,
    0.5516663774847984,
    0.4326081514358521
  ],
  "log_exp_r_n_values": [
    -Infinity,
    -Infinity,
    785755.6879094142,
    -Infinity,
    734023.1468972772,
    764838.2910579531,
    -Infinity,
    699687.8742067922
  ],
  "log_exp_r_n_acc_values": [
    -Infinity,
    -Infinity,
    -Infinity,
    -Infinity,
    -Infinity,
    -Infinity,
    -Infinity,
    -Infinity
  ],
  "model_data_levels": [
    200,
    100,
    2000,
    500,
    10000,
    5000,
    0,
    1000
  ],
  "loss_landscape_data_param": 2000,
  "train_loss_values": [
    0.3204461336135864,
    0.35340794920921326,
    0.012980328872799873,
    0.28068721294403076,
    0.08038219809532166,
    0.041890550404787064,
    0.41081517934799194,
    0.15977253019809723
  ],
  "num_params": 235146,
  "dataset_type": "data",
  "top_r_vals": [
    [
      0.0,
      0.0,
      0.0,
      0.0,
      0.0,
      0.0,
      0.0,
      0.0,
      0.0,
      0.0,
      0.0,
      0.0,
      0.0,
      0.0,
      0.0,
      0.0,
      0.0,
      0.0,
      0.0,
      0.0,
      0.0,
      0.0,
      0.0,
      0.0,
      0.0,
      0.0,
      0.0,
      0.0,
      0.0,
      0.0,
      0.0,
      0.0,
      0.0,
      0.0,
      0.0,
      0.0,
      0.0,
      0.0,
      0.0,
      0.0,
      0.0,
      0.0,
      0.0,
      0.0,
      0.0,
      0.0,
      0.0,
      0.0,
      0.0,
      0.0
    ],
    [
      0.0,
      0.0,
      0.0,
      0.0,
      0.0,
      0.0,
      0.0,
      0.0,
      0.0,
      0.0,
      0.0,
      0.0,
      0.0,
      0.0,
      0.0,
      0.0,
      0.0,
      0.0,
      0.0,
      0.0,
      0.0,
      0.0,
      0.0,
      0.0,
      0.0,
      0.0,
      0.0,
      0.0,
      0.0,
      0.0,
      0.0,
      0.0,
      0.0,
      0.0,
      0.0,
      0.0,
      0.0,
      0.0,
      0.0,
      0.0,
      0.0,
      0.0,
      0.0,
      0.0,
      0.0,
      0.0,
      0.0,
      0.0,
      0.0,
      0.0
    ],
    [
      28.263799762000957,
      28.170819155450616,
      28.155595818287413,
      25.964883594470074,
      25.945061466892014,
      25.921872056206954,
      25.912112642456158,
      25.87356581177026,
      24.845573182738296,
      24.81822353436343,
      24.778985855558364,
      23.736531669023513,
      23.705823215973872,
      23.63293633042332,
      22.683515146101897,
      22.655791094259722,
      22.635177235083038,
      22.62881225900353,
      22.619834037764,
      22.58193485850213,
      21.636697187871874,
      21.59753330425585,
      20.603948696259103,
      20.603141647689117,
      20.59058899818167,
      20.589064285233242,
      20.58714705909588,
      20.567705349724587,
      20.564316522984498,
      19.603537227200704,
      19.58871407327151,
      18.63296475112687,
      18.609682875285714,
      18.600747782926195,
      18.598234751571244,
      18.598212481237407,
      18.58647835955157,
      17.72728734815823,
      17.69011477870666,
      17.680472500176567,
      17.6795600168073,
      17.66398882194618,
      17.657977559554997,
      17.657351061827075,
      16.779237220035725,
      16.77840588979687,
      16.77593932875822,
      16.744859393686152,
      15.883233607283433,
      15.862635760953795
    ],
    [
      0.0,
      0.0,
      0.0,
      0.0,
      0.0,
      0.0,
      0.0,
      0.0,
      0.0,
      0.0,
      0.0,
      0.0,
      0.0,
      0.0,
      0.0,
      0.0,
      0.0,
      0.0,
      0.0,
      0.0,
      0.0,
      0.0,
      0.0,
      0.0,
      0.0,
      0.0,
      0.0,
      0.0,
      0.0,
      0.0,
      0.0,
      0.0,
      0.0,
      0.0,
      0.0,
      0.0,
      0.0,
      0.0,
      0.0,
      0.0,
      0.0,
      0.0,
      0.0,
      0.0,
      0.0,
      0.0,
      0.0,
      0.0,
      0.0,
      0.0
    ],
    [
      22.682189999973858,
      21.56828341589188,
      20.62711215609839,
      20.622492677445805,
      20.602189511735766,
      20.542342261519597,
      19.631070169077173,
      19.616968321507034,
      19.60065939977842,
      19.58695704496099,
      19.56413293895672,
      18.64954560072909,
      18.56699181744518,
      17.693327387837233,
      17.692192347548634,
      17.684616510014543,
      17.66757532670123,
      17.665004794282932,
      17.635648423838333,
      16.791745153172673,
      16.76889728644301,
      16.763053710055903,
      16.7613509600489,
      16.754377491928523,
      16.751818091979953,
      16.75026093026351,
      15.884397129925697,
      15.870556703508118,
      15.86834650985376,
      15.854680861515492,
      15.847016593054784,
      15.01354800219223,
      14.979932486464595,
      14.969385924030684,
      14.16904502848038,
      14.165804137359022,
      14.16189244057126,
      14.16154322965329,
      14.158809228869494,
      14.153442783538253,
      14.137057486563231,
      14.13566331542389,
      14.13513059060515,
      13.36912459982293,
      13.347399074228564,
      13.34632823945344,
      13.329020326912563,
      13.321387691897083,
      12.536777006893765,
      12.525008049039165
    ],
    [
      25.858177409503547,
      24.841230259571155,
      24.759509023345274,
      23.75615058548869,
      23.738014650237687,
      23.67260085613763,
      22.65101201886893,
      22.570919046979704,
      21.64325486140758,
      21.627707574461503,
      21.619430278823256,
      20.622492677445805,
      20.59728763085484,
      20.58714705909588,
      20.58518967484348,
      20.58341364982029,
      20.57854674536214,
      20.569617394169686,
      20.530141967086042,
      19.62512216587018,
      19.58144922358337,
      19.576638048518348,
      19.576260749807457,
      18.642835197507495,
      18.642104964982245,
      18.63074709472595,
      18.62236290009816,
      18.60722962219527,
      17.692192347548634,
      17.69011477870666,
      17.686263431217608,
      17.665004794282932,
      17.656706759545607,
      17.65668561663827,
      17.645545530041066,
      16.762165410485956,
      16.76130032064349,
      16.741895933481892,
      16.740838835893904,
      15.883720988441738,
      15.876609018711648,
      15.86685839934992,
      15.853552294489091,
      15.847594858814329,
      15.038730610452793,
      15.01429188790633,
      15.011340889502426,
      14.993617906765742,
      14.98353013679002,
      14.167452199089233
    ],
    [
      0.0,
      0.0,
      0.0,
      0.0,
      0.0,
      0.0,
      0.0,
      0.0,
      0.0,
      0.0,
      0.0,
      0.0,
      0.0,
      0.0,
      0.0,
      0.0,
      0.0,
      0.0,
      0.0,
      0.0,
      0.0,
      0.0,
      0.0,
      0.0,
      0.0,
      0.0,
      0.0,
      0.0,
      0.0,
      0.0,
      0.0,
      0.0,
      0.0,
      0.0,
      0.0,
      0.0,
      0.0,
      0.0,
      0.0,
      0.0,
      0.0,
      0.0,
      0.0,
      0.0,
      0.0,
      0.0,
      0.0,
      0.0,
      0.0,
      0.0
    ],
    [
      19.60065939977842,
      17.65566964430152,
      16.79389838289033,
      16.785817177776543,
      16.729605327793177,
      15.901166836952507,
      15.883663061992594,
      15.86918744209821,
      15.828116590924155,
      15.820395394746187,
      15.031655200012214,
      14.978789281388739,
      14.17325961228883,
      14.156144713931623,
      14.152845917938663,
      13.35734877414539,
      13.343513521713811,
      13.333171070484479,
      13.33137263872657,
      13.327623877801429,
      13.325587948989163,
      13.3223360016901,
      12.548255568041212,
      12.540891486326103,
      12.52880687987677,
      11.789539240348256,
      11.778476575508176,
      11.771300432630925,
      11.770428779362966,
      11.031263430477807,
      11.025422929660868,
      11.019685076287335,
      11.011858902291571,
