{
  "test_loss_values": [
    0.49766533374786376,
    0.17252255976200104,
    0.7653172066807747,
    0.31109281778335574,
    0.09562090784311295
  ],
  "log_exp_r_n_values": [
    724825.699328038,
    567257.6940097333,
    768274.8916536421,
    626150.0402342111,
    499677.35606376315
  ],
  "log_exp_r_n_acc_values": [
    -Infinity,
    -Infinity,
    -Infinity,
    -Infinity,
    -Infinity
  ],
  "model_data_levels": [
    1940,
    19940,
    540,
    5940,
    59940
  ],
  "loss_landscape_data_param": 540,
  "train_loss_values": [
    0.00014990990166552365,
    0.0007293644011951983,
    0.00010365295747760683,
    0.0003267778374720365,
    0.0019638920202851295
  ],
  "num_params": 235146,
  "dataset_type": "data",
  "top_r_vals": [
    [
      21.81234410533783,
      19.841076434722865,
      19.78409409754107,
      19.770858292919733,
      19.764239767864893,
      19.753101365613208,
      17.908789239359347,
      17.906091511608352,
      17.89853000553296,
      17.89364599425043,
      17.892479226998127,
      17.88605751089753,
      17.88506159973612,
      17.87792610983474,
      17.876777327434105,
      17.865114151123972,
      17.86235797260504,
      17.860737087847983,
      17.86066964465421,
      17.86007389644253,
      17.858211340241116,
      17.85762683256173,
      17.856336419454173,
      17.85454580265945,
      17.853763461611663,
      17.851476013289464,
      17.84340868326076,
      17.841498916823703,
      17.840817740566575,
      17.83648563941977,
      17.831482478494905,
      17.816601137788478,
      17.80274830578712,
      16.077446046939567,
      16.06670184174845,
      16.062056107954547,
      16.060130221784608,
      16.06012820409349,
      16.059675232438018,
      16.057140003551137,
      16.056950340586262,
      16.05513340973657,
      16.05512937435434,
      16.052946232567148,
      16.05237421713585,
      16.048848301911157,
      16.048681842394114,
      16.04678117736312,
      16.046614717846076,
      16.045536261944733
    ],
    [
      11.160605494531609,
      11.131625004707947,
      11.130464131729225,
      11.12992397900346,
      11.128746992519298,
      11.126528232879219,
      9.71936284253919,
      9.715863443761323,
      9.715093258679762,
      9.71447625620951,
      9.712244428282991,
      9.711867879792244,
      9.71104154809618,
      9.710989673506694,
      9.707478068943065,
      9.706197682016667,
      9.70589070650476,
      9.70514005068042,
      9.703237168680177,
      9.701746231949391,
      9.700639167180809,
      9.699574212373104,
      9.698593477487155,
      9.698509867854687,
      9.696365921585652,
      9.69635676724633,
      9.695572545511144,
      9.695344907606689,
      9.694751706418673,
      9.69460950901455,
      9.692517437335,
      9.691711855474733,
      9.691634348735146,
      9.691415865170011,
      9.691373755209135,
      9.689013766532119,
      9.688706791020213,
      9.687876187299132,
      9.68772056353067,
      9.686734946330416,
      9.683717676090135,
      9.682376870524218,
      9.68202900563001,
      9.681848970290025,
      9.681441297045586,
      9.67901783828261,
      9.676628555719764,
      9.67439184547894,
      9.673279288106766,
      9.672947290734049
    ],
    [
      26.23912024831252,
      26.180311754326137,
      26.16492070685649,
      24.00770248601466,
      23.99692111545139,
      23.98359435281636,
      23.979472595968367,
      23.94616096402392,
      23.945461697048614,
      23.944087275752317,
      23.94208140432099,
      23.923430266203706,
      23.922738534432874,
      23.901252652391978,
      23.889824761284725,
      23.88438132957176,
      21.88914718137519,
      21.87638237062565,
      21.87618326374541,
      21.86856639571317,
      21.859621690762385,
      21.85899690710371,
      21.852814981760076,
      21.8498434832164,
      21.84851015369426,
      21.839794764943473,
      21.838390031574626,
      21.836565114030936,
      21.832177896911233,
      21.830388681290895,
      21.828929021886122,
      21.824142217855044,
      21.82077525185269,
      21.813419282491108,
      21.812208163398907,
      21.811963742539028,
      21.81189508499412,
      21.8114556767067,
      21.811231853110296,
      21.810276140085158,
      21.807999455895967,
      21.80748177800735,
      21.805590949220548,
      21.80028097469726,
      21.799459830460144,
      21.79772142142304,
      21.794461561190744,
      21.791468092232698,
      21.79007434407104,
      21.788547400272257
    ],
    [
      14.336953158379092,
      14.325941506362357,
      14.320782578437871,
      14.318755181854256,
      14.311689439300084,
      14.30349346589415,
      14.302312842584028,
      14.294257248169236,
      14.28971382812899,
      14.262207644653014,
      12.698288918222632,
      12.697948551168249,
      12.69467799841853,
      12.689485607335987,
      12.689126109580657,
      12.688427041883482,
      12.68829551831446,
      12.685534320477505,
      12.684888659320478,
      12.683344652331396,
      12.683035372666057,
      12.680571497806348,
      12.67915502882359,
      12.67716065324967,
      12.676084551321296,
      12.674041551882462,
      12.67361589378635,
      12.67251587848179,
      12.670126135088259,
      12.668889813539437,
      12.667844001887564,
      12.667550664473014,
      12.667441460055098,
      12.66578585731048,
      12.665738030558108,
      12.665368170339763,
      12.665315560912154,
      12.66523345832058,
      12.664641203703706,
      12.664629247015613,
      12.664268952147742,
      12.663994745434142,
      12.662532841036631,
      12.661780366799308,
      12.661525290786656,
      12.661395361442711,
      12.659759686511581,
      12.659654467656363,
      12.659516567187023,
      12.658120823130295
    ],
    [
      8.37283769211907,
      8.359809566451489,
      8.354037998379672,
      7.14278751650023,
      7.135249870867769,
      7.134207397124657,
      7.130306976010102,
      7.130297560118229,
      7.128856928661617,
      7.126815473628329,
      7.126250520115933,
      7.125512045167586,
      7.125435821280992,
      7.125021970414371,
      7.125020176911158,
      7.1234970443067045,
      7.122107976067494,
      7.117547097394399,
      7.113583006915749,
      7.112001137081038,
      7.110755100723141,
      7.107189616333793,
      7.10537997159091,
      7.1038151400367315,
      6.007746190200618,
      6.006550353250386,
      6.005865779923805,
      6.00423139407311,
      6.002308786651235,
      6.000031647858797,
      5.999379099151235,
      5.999230278862847,
      5.998780803915896,
      5.998449631679206,
      5.997763928071953,
      5.997593255690587,
      5.997583083164545,
      5.997309178481868,
      5.997202178578318,
      5.996871006341628,
      5.99666906286169,
      5.996577133367092,
      5.996532675660688,
      5.996465235580633,
      5.995897081163195,
      5.995660852502894,
      5.995350778838735,
      5.995175962094908,
      5.995081772038967,
      5.995049747419946
    ]
  ],