{
  "test_loss_values": [
    1.184130859375,
    0.5434833765029907,
    0.9359790444374084,
    0.34332361817359924
  ],
  "log_exp_r_n_values": [
    746175.8703401091,
    462542.99719255517,
    626046.7042189596,
    -Infinity
  ],
  "log_exp_r_n_acc_values": [
    -Infinity,
    -Infinity,
    -Infinity,
    -Infinity
  ],
  "model_data_levels": [
    1940,
    19940,
    5940,
    59940
  ],
  "loss_landscape_data_param": 1940,
  "train_loss_values": [
    0.0005346045363694429,
    0.047301653772592545,
    0.002461021998897195,
    0.14421309530735016
  ],
  "num_params": 235146,
  "dataset_type": "data",
  "top_r_vals": [
    [
      23.885496539834108,
      21.83537459220221,
      21.771166056203015,
      19.848698823382186,
      19.843533783223656,
      19.812275762278727,
      19.809336409789186,
      19.80665113692162,
      19.80467205594455,
      19.780574347483682,
      19.772752680689475,
      19.768871739012607,
      19.759952796988195,
      19.740860706177948,
      19.73915812361303,
      17.923936980681184,
      17.92196763942296,
      17.911961317573226,
      17.90771464447187,
      17.906571482337384,
      17.90092086675228,
      17.89853000553296,
      17.89415743846989,
      17.888172979075602,
      17.885497732389197,
      17.88399150106156,
      17.882983225314625,
      17.88191762285298,
      17.881052101866203,
      17.880372049662306,
      17.87921202672938,
      17.877936226313803,
      17.87784405394898,
      17.876666046164377,
      17.875283460691993,
      17.8733343523919,
      17.872378907146754,
      17.871842733756246,
      17.87169211062348,
      17.869032600682292,
      17.865624471290204,
      17.864544256136575,
      17.86366861867073,
      17.863071746405822,
      17.861882498088928,
      17.859317408619024,
      17.8581956034959,
      17.85742562703364,
      17.85690968660126,
      17.855345004505683
    ],
    [
      7.149714474288339,
      7.144937478477962,
      7.13979102100551,
      7.128874415317953,
      7.128515266299358,
      7.125255125832187,
      7.124504544737145,
      7.124269595816116,
      7.12405930756428,
      7.123938246097338,
      7.123528430612948,
      7.122109769570708,
      7.120425670052802,
      7.1181909650482105,
      7.117547097394399,
      7.11641898387282,
      7.11394036243113,
      7.11369106548439,
      7.106899068813132,
      6.007086106288581,
      6.006550353250386,
      6.002308786651235,
      6.001925621503665,
      6.00112161518615,
      6.000031647858797,
      5.999558437017748,
      5.997998649691358,
      5.9977646815924,
      5.99726434401524,
      5.9969452281057105,
      5.996827678915896,
      5.995591905381945,
      5.9955670392071765,
      5.995350778838735,
      5.995278440875772,
      5.995049747419946,
      5.994868148992092,
      5.994862120828511,
      5.994769061053241,
      5.994240843219522,
      5.994019308207948,
      5.993937927999615,
      5.993551372010032,
      5.993483931929977,
      5.993393886236498,
      5.993322301793982,
      5.993144094208141,
      5.992717224874615,
      5.992691981939623,
      5.992519802517362
    ],
    [
      14.330654101084237,
      14.313275002007732,
      14.30721980821672,
      14.305125821598844,
      12.699861621263137,
      12.699099581675341,
      12.692961815120908,
      12.68998061422304,
      12.689485607335987,
      12.68750318845016,
      12.684888659320478,
      12.68314776553413,
      12.682227897663505,
      12.680192072237528,
      12.68008685338231,
      12.676256727629836,
      12.67447597821651,
      12.674041551882462,
      12.673661329201103,
      12.670956726354456,
      12.669954755892258,
      12.667120223701664,
      12.66499432455872,
      12.662665161718193,
      12.659225621110092,
      12.658534524538315,
      12.656238043311909,
      12.654561715641263,
      12.654437366085094,
      12.654216565911643,
      12.653736704162842,
      12.653715182124275,
      12.651411526885013,
      12.651395584634223,
      12.64938686103459,
      12.646561894194472,
      12.643806276145293,
      12.634487233445569,
      12.633651062391595,
      12.633264462809919,
      11.171428866075528,
      11.170201437313477,
      11.163964810121815,
      11.16141957684982,
      11.160605494531609,
      11.158568887561698,
      11.15559349375323,
      11.153414667583148,
      11.150176553577323,
      11.149398201205953
    ],
    [
      0.0,
      0.0,
      0.0,
      0.0,
      0.0,
      0.0,
      0.0,
      0.0,
      0.0,
      0.0,
      0.0,
      0.0,
      0.0,
      0.0,
      0.0,
      0.0,
      0.0,
      0.0,
      0.0,
      0.0,
      0.0,
      0.0,
      0.0,
      0.0,
      0.0,
      0.0,
      0.0,
      0.0,
      0.0,
      0.0,
      0.0,
      0.0,
      0.0,
      0.0,
      0.0,
      0.0,
      0.0,
      0.0,
      0.0,
      0.0,
      0.0,
      0.0,
      0.0,
      0.0,
      0.0,
      0.0,
      0.0,
      0.0,
      0.0,
      0.0
    ]
  ],
  "top_r_val_seeds": [
    [
      341,
      27,
      441,
      173,
      182,
      122,
      212,
      209,
      172,
      72,
      55,
      480,
      332,
      409,
      427,
      419,
      384,
      246,
      114,
      140,
      376,
      31,
      329,
      199,
      248,
      221,
      375,
      361,
      323,
      218,
      330,
      205,
      487,
      71,
      90,
      129,
      101,
      18,
      301,
      92,
      59,
      279,
      62,
      100,
      395,
      21,
      362,
      200,
      176,
      144
    ],
    [
      419,
      246,
      388,
      301,
      153,
      470,
      455,
      442,
      360,
      21,
      169,
      445,
      385,
      55,
      454,
      204,
      81,
      313,
      423,
      384,
      333,
      114,
      140,
      128,
      376,
      471,
      415,
      329,
      496,
      378,
      268,
      202,
      170,
      198,
      457,
      411,
      74,
      248,
      184,
      5,
      375,
      380,
      459,
      355,
      276,
      414,
      218,
      156,
      322,
      328
    ],
    [
      376,
      330,
      154,
      92,
      182,
      114,
      388,
      415,
      329,
      268,
      202,
      184,
      474,
      323,
      414,
      209,
      58,
      101,
      18,
      30,
      396,
      470,
      360,
      338,
      26,
      385,
      245,
      55,
      142,
      381,
      400,
      155,
      204,
      179,
      93,
      313,
      77,
      423,
      341,
      2,
      419,
      384,
      246,
      472,
      140,
      259,
      31,
      99,
      119,
      373
    ],
    [
      1,
      2,
      3,
      4,
      5,
      6,
      7,
      8,
      9,
      10,
      11,
      12,
      13,
      14,
      15,
      16,
      17,
      18,
      19,
      20,
      21,
      22,
      23,
      24,
      25,
      26,
      27,
      28,
      29,
      30,
      31,
      32,
      33,
      34,
      35,
      36,
      37,
      38,
      39,
      40,
      41,
      42,
      43,
      44,
      45,
      46,
      47,
      48,
      49,
      50
    ]
  ],
  "loss_predicts_minimas": true,
  "loss_ordering_violations": 3,
  "test_loss_ranks": [
    1,
    3,
    2,
    4
  ],
  "log_exp_r_n_ranks": [
    1,
    3,
    2,
    4
  ],
  "data_level_ranks": [
    4,
    2,
    3,
    1
  ],
  "accuracy_predicts_minimas": true,
  "accuracy_ordering_violations": 2,
  "log_exp_r_n_acc_ranks": [
    1,
    2,
    3,
    4
  ]
}