{
  "test_loss_values": [
    0.5163066011667251,
    0.5316241231560707,
    0.3541771560907364,
    0.4865005545318127,
    0.17895710468292236,
    0.23996829986572266,
    0.56284858584404,
    0.43476603031158445
  ],
  "log_exp_r_n_values": [
    675760.622394835,
    -Infinity,
    722705.347299425,
    755403.7377265836,
    579885.9375494316,
    686948.1723605643,
    -Infinity,
    754247.3543180239
  ],
  "log_exp_r_n_acc_values": [
    -Infinity,
    -Infinity,
    -Infinity,
    -Infinity,
    -Infinity,
    -Infinity,
    -Infinity,
    -Infinity
  ],
  "model_data_levels": [
    200,
    100,
    2000,
    500,
    10000,
    5000,
    0,
    1000
  ],
  "loss_landscape_data_param": 500,
  "train_loss_values": [
    0.0719665139913559,
    0.12287581712007523,
    0.00971621461212635,
    0.0035532924812287092,
    0.0688541978597641,
    0.03390885517001152,
    0.19153904914855957,
    0.0054770964197814465
  ],
  "num_params": 235146,
  "dataset_type": "data",
  "top_r_vals": [
    [
      17.704313910160096,
      17.681409464806958,
      17.627045486121524,
      16.79389838289033,
      15.902877664665981,
      15.881385953302157,
      15.025484158244359,
      15.020179724453081,
      15.003928464848732,
      14.9976092123485,
      14.979932486464595,
      14.167886931048338,
      14.167835262085985,
      14.16154322965329,
      14.153485544058821,
      14.15157646498431,
      14.135086048396227,
      13.340698803974183,
      13.333818942307673,
      13.329020326912563,
      13.3223360016901,
      13.322153892641353,
      13.315895887219643,
      13.315113741443456,
      13.300014635429324,
      12.550634769324006,
      12.537305718289941,
      12.530213094366303,
      12.52904835105174,
      12.513184641801974,
      11.790911520301977,
      11.789539240348256,
      11.77761380910446,
      11.775129930548186,
      11.774374547087424,
      11.771300432630925,
      11.761107939914762,
      11.750744375061899,
      11.048863305638788,
      11.031263430477807,
      11.030908325808733,
      11.02121993299175,
      11.011646671766695,
      11.009411315617426,
      10.28665211840033,
      10.283817342795409,
      9.604605253813036,
      8.908606489380004,
      8.278947895269967,
      8.266999014633864
    ],
    [
      0.0,
      0.0,
      0.0,
      0.0,
      0.0,
      0.0,
      0.0,
      0.0,
      0.0,
      0.0,
      0.0,
      0.0,
      0.0,
      0.0,
      0.0,
      0.0,
      0.0,
      0.0,
      0.0,
      0.0,
      0.0,
      0.0,
      0.0,
      0.0,
      0.0,
      0.0,
      0.0,
      0.0,
      0.0,
      0.0,
      0.0,
      0.0,
      0.0,
      0.0,
      0.0,
      0.0,
      0.0,
      0.0,
      0.0,
      0.0,
      0.0,
      0.0,
      0.0,
      0.0,
      0.0,
      0.0,
      0.0,
      0.0,
      0.0,
      0.0
    ],
    [
      21.616330880883492,
      21.605656989382172,
      21.533315953960088,
      20.62711215609839,
      20.621287933994626,
      20.61136499331072,
      19.60065939977842,
      19.59158943468915,
      19.58695704496099,
      19.576638048518348,
      19.573680075945052,
      18.656131758930343,
      18.640739441881255,
      18.63296475112687,
      18.623267778925598,
      17.704313910160096,
      17.69753816475101,
      17.693327387837233,
      17.679613430467942,
      17.665004794282932,
      17.657977559554997,
      17.635648423838333,
      16.773276540023602,
      16.764500098073004,
      16.760593478942933,
      16.751818091979953,
      16.739634040040123,
      16.73961399527548,
      16.739561245894844,
      16.729052514284085,
      15.901166836952507,
      15.883720988441738,
      15.867527549710708,
      15.862635760953795,
      15.860973871102528,
      15.851963312065193,
      15.028288833950691,
      15.014187101974521,
      15.005039573332864,
      14.977974594369362,
      14.191651090353815,
      14.16904502848038,
      14.16189244057126,
      14.13566331542389,
      13.347399074228564,
      13.324092472837698,
      13.307918335987411,
      12.540891486326103,
      12.526263541324713,
      12.522791406782657
    ],
    [
      24.841230259571155,
      24.82772553190734,
      24.814665552034622,
      24.71936780429092,
      23.71233102689563,
      23.705823215973872,
      23.684152891893515,
      23.6744075867718,
      22.68859629781435,
      21.629058803212434,
      21.619430278823256,
      21.6097269882557,
      21.598582749523175,
      21.594620142069488,
      21.579687297171116,
      21.54382535986899,
      20.61864397551736,
      20.59728763085484,
      20.593039938622134,
      20.58039272323088,
      20.567705349724587,
      19.608930379362267,
      19.603537227200704,
      19.58959936893955,
      19.58954018482804,
      19.58350093944913,
      19.57845795994735,
      19.56413293895672,
      19.563068857951823,
      19.55185100281559,
      18.659614135868573,
      18.641311437823987,
      18.62586168675606,
      18.614615168168942,
      18.598234751571244,
      17.717040827592147,
      17.698356061429557,
      17.68757317868788,
      17.662218381652885,
      17.65668561663827,
      15.910363160119852,
      15.88501933988804,
      15.884507989164572,
      15.856771207344037,
      15.847594858814329,
      15.837522647786672,
      15.007195709082868,
      14.980878391903083,
      14.140977200948601,
      13.336944168563598
    ],
    [
      11.776243750866803,
      11.764416075129693,
      11.751604179177532,
      11.73101849872769,
      11.043665044906932,
      11.034544680847707,
      10.31738033416533,
      10.31677760409844,
      10.30722271229612,
      10.304770313830408,
      10.271177510005566,
      9.619224382847813,
      9.616309861276388,
      9.612915023649972,
      9.608670721403026,
      9.605733241328345,
      9.6043684187268,
      9.604323105891424,
      9.598903690780379,
      9.590972132076052,
      9.586425140088792,
      8.934318904096932,
      8.928868449693654,
      8.92273261553651,
      8.918257984602466,
      8.913936159646331,
      8.908312113157852,
      8.280332042100422,
      8.27816074966936,
      8.277446536156168,
      8.27700790174471,
      8.276580728089845,
      8.276231695957213,
      8.273162296963974,
      8.271129575499003,
      8.268462344873512,
      8.265882111809441,
      7.660353004033839,
      7.660299541823733,
      7.647835140604432,
      7.646976855393535,
      7.64255153299302,
      7.641823772637427,
      7.071272515608822,
      7.0564446762708,
      7.044070166315244,
      7.038898954571853,
      6.48393150524751,
      5.927530741583823,
      5.92061675195426
    ],
    [
      18.56699181744518,
      16.79864160719732,
      15.89838736612554,
      15.881385953302157,
      15.873543910566495,
      15.865435206418399,
      15.854680861515492,
      15.848157144863766,
      15.025484158244359,
      15.020179724453081,
      15.019241371153823,
      15.013493249182817,
      15.013087321699235,
      14.183448197158253,
      14.163555646652505,
      14.161476416339902,
      14.153485544058821,
      14.149079428751994,
      14.141790541683564,
      14.13513059060515,
      14.118289181410741,
      13.34673777501007,
      13.343513521713811,
      13.340761744889647,
      13.335676118920015,
      13.334525558985302,
      13.333818942307673,
      13.324349271772798,
      13.315837981577415,
      12.56242266609429,
      12.537305718289941,
      12.536777006893765,
      12.532127503093356,
      12.530213094366303,
      12.52109953031489,
      12.513184641801974,
      11.778476575508176,
      11.771300432630925,
      11.75442649914711,
      11.750068232807314,
      11.031263430477807,
      11.011646671766695,
      11.005274207509952,
      10.324548933380242,
      10.307771002227936,
      10.302899258235666,
      10.277281286102308,
      9.590420523826735,
      9.587762170817973,
