{
  "test_loss_values": [
    0.49606948971748355,
    0.5079651109874248,
    0.3372538462281227,
    0.479754601418972,
    0.16964907944202423,
    0.2204059600830078,
    0.5345132321119308,
    0.42428878545761106
  ],
  "log_exp_r_n_values": [
    881752.4140332128,
    865800.6440695385,
    865533.8413163504,
    881752.4140332128,
    839958.233242206,
    865533.8413163504,
    860335.0811194832,
    881752.4140332128
  ],
  "log_exp_r_n_acc_values": [
    -Infinity,
    -Infinity,
    -Infinity,
    -Infinity,
    -Infinity,
    -Infinity,
    -Infinity,
    -Infinity
  ],
  "model_data_levels": [
    200,
    100,
    2000,
    500,
    10000,
    5000,
    0,
    1000
  ],
  "loss_landscape_data_param": 500,
  "train_loss_values": [
    0.06447933614253998,
    0.11556488275527954,
    0.00844481773674488,
    0.003549247747287154,
    0.061201002448797226,
    0.03210499510169029,
    0.18076881766319275,
    0.004908403847366571
  ],
  "num_params": 235146,
  "dataset_type": "data",
  "top_r_vals": [
    [
      42.51363723225848,
      41.131352273843696,
      37.114992038411536,
      37.03647441194051,
      36.96643982218726,
      36.965218302198224,
      34.428450260772586,
      34.3984519908598,
      34.36357234566534,
      33.17264735265524,
      33.12527066866999,
      33.08451830199601,
      31.91619197978103,
      31.907180200071394,
      31.891826500655068,
      31.88983412764987,
      31.8730593090578,
      31.85967994305206,
      31.857320764956366,
      31.8410470462147,
      30.610236323020363,
      30.608749013968033,
      30.596014411849005,
      30.583875118664135,
      30.569090650182833,
      29.475911996487476,
      29.449948950158944,
      29.425651150530502,
      29.419445331161494,
      29.413239511792487,
      29.399628895430407,
      29.387491097260856,
      28.24003438202318,
      28.237726201674196,
      28.174501590868914,
      28.17244020826494,
      27.074751657457206,
      27.021988440220987,
      27.010731038847116,
      25.92567798297293,
      25.889604841620358,
      25.88175491383484,
      25.874622470101173,
      24.81822353436343,
      24.791966248984252,
      24.778985855558364,
      23.71012296633529,
      23.63293633042332,
      22.61195440541126,
      20.59354774446392
    ],
    [
      39.72525669967842,
      39.68020895363625,
      38.32289430822454,
      36.965218302198224,
      34.4647975655861,
      34.428450260772586,
      34.39188648698871,
      33.118875566490594,
      31.909044291514892,
      31.891826500655068,
      31.88983412764987,
      31.863472266719903,
      31.84688987047039,
      31.824272227622632,
      31.819028718788026,
      30.67684734696369,
      30.668185505643393,
      30.635389570413103,
      30.632492014953648,
      30.61449981386596,
      30.604620382751534,
      30.596014411849005,
      30.569090650182833,
      29.449948950158944,
      29.387491097260856,
      29.372753663965046,
      28.221723409762376,
      28.209023091272943,
      28.174501590868914,
      28.17244020826494,
      27.118821157951196,
      27.07562324213941,
      27.07341023415725,
      27.072579505007024,
      27.06116038381907,
      27.048638163267704,
      25.934891130456972,
      25.92567798297293,
      25.89251065203037,
      25.884349270940522,
      25.88175491383484,
      25.87356581177026,
      24.77620501147506,
      24.76186696689739,
      23.72744729013709,
      23.702344028658526,
      22.644637068571253,
      22.570919046979704,
      20.557433940235985,
      18.63342422327759
    ],
    [
      39.68020895363625,
      37.114992038411536,
      36.986427059565166,
      35.7019369868491,
      35.633248452631406,
      34.3268527142228,
      33.154747734629495,
      33.13523735935883,
      33.12527066866999,
      33.11264299867744,
      33.106422933507844,
      31.907180200071394,
      31.879102573253654,
      31.824272227622632,
      31.819028718788026,
      30.67684734696369,
      30.62252974149563,
      30.62026217316067,
      30.610236323020363,
      30.599220217889258,
      30.596014411849005,
      30.583875118664135,
      30.569090650182833,
      30.569054045426363,
      29.455446114543356,
      29.437713087461496,
      29.42655408429677,
      29.413239511792487,
      29.399628895430407,
      29.392677415594584,
      28.285090062435287,
      28.24003438202318,
      28.230904640981286,
      27.094934290254514,
      27.030508520952306,
      27.021988440220987,
      27.01928005891359,
      27.012792540898193,
      25.933511604302726,
      25.932810426706595,
      25.889604841620358,
      24.819543733069647,
      24.81072680317589,
      24.800102792783555,
      24.791966248984252,
      24.76186696689739,
      24.760855750867098,
      23.675902503448462,
      23.63293633042332,
      21.61036182107933
    ],
    [
      42.51363723225848,
      41.274325030484746,
      41.131352273843696,
      38.32162796551855,
      37.03647441194051,
      36.96643982218726,
      35.73989354233282,
      35.72237029210122,
      35.672544307568586,
      34.442191711011176,
      34.42192372131617,
      34.369235173930015,
      33.18007809047594,
      33.17070944290391,
      33.15267646334689,
      33.12132816840169,
      33.118875566490594,
      33.11264299867744,
      33.10803160697884,
      33.106422933507844,
      33.09611658766904,
      33.063528447237765,
      31.909044291514892,
      31.863321936764784,
      31.8410470462147,
      30.691286960107732,
      30.63989388202495,
      30.632492014953648,
      30.61185849170179,
      30.596014411849005,
      30.583875118664135,
      30.569054045426363,
      29.449948950158944,
      29.42895944064135,
      29.36771906810844,
      28.236859746281656,
      28.22909360716901,
      28.192979462324182,
      28.189815479722732,
      28.184092967980604,
      28.174501590868914,
      28.17235143209767,
      27.074751657457206,
      27.07331149995497,
      27.01183413821053,
      25.91457654791605,
      25.90607436190157,
      23.675902503448462,
      23.63293633042332,
      21.61036182107933
    ],
    [
      35.590820255440136,
      33.81427116164588,
      32.91490370402779,
      31.28315207813309,
      30.85180071593975,
      29.656632207391954,
      29.13800732280528,
      28.71250753911243,
      28.491664153048195,
      28.428403744686214,
      28.22787318558172,
      27.572564628714282,
      27.55929674146157,
      27.54830136962342,
      27.46700698054786,
      27.2529713383565,
      27.115847018130648,
      26.831044204355475,
      26.389898373798683,
      26.379962751228177,
      26.375007390597776,
      26.360006841634185,
      26.145571207781853,
      26.13179693668581,
      25.711765874181708,
      25.689502659688788,
      25.50520904462459,
      25.479789128283112,
      25.247316295920076,
      25.22427181545284,
      25.101633361775978,
      25.059600252996802,
      24.644139428173954,
      24.345221159598037,
      24.135870081679748,
      23.75164238227378,
      23.556617180184595,
      23.539070189688093,
      23.48436904522531,
      23.106304053438564,
      22.682824769448505,
      22.02643143901617,
      22.01585585851987,
      21.83397670781783,
      21.635579910563234,
      21.405991755497755,
      20.63741423487876,
      20.58971046953426,
      18.607998014495816,
      18.107281442175175
    ],
    [
      39.68020895363625,
      35.6536929936172,
      34.4647975655861,
      34.39188648698871,
      34.325718416818106,
      33.12527066866999,
      31.857320764956366,
      30.67684734696369,
      30.668185505643393,
      30.65342800908791,
      30.65151300235473,
      30.64119816729493,
      30.596014411849005,
      30.583875118664135,
      30.583457053813934,
      30.550776712551443,
      29.455446114543356,
      29.422228143424757,
      29.419445331161494,
      29.402165621236882,
