{
  "test_loss_values": [
    4.435854227840901
  ],
  "log_exp_r_n_values": [
    11727.802739848605
  ],
  "log_exp_r_n_acc_values": [
    -Infinity
  ],
  "model_data_levels": [
    0
  ],
  "loss_landscape_data_param": 10,
  "train_loss_values": [
    1.3336821794509888
  ],
  "num_params": 4353,
  "dataset_type": "data",
  "top_r_vals": [
    [
      14.806810467352998,
      11.876018753590477,
      10.412173759548827,
      8.679810677873194,
      8.4427369750608,
      7.787995604550167,
      7.760209659421989,
      7.5426102169701466,
      7.224487136458755,
      7.187789784701066,
      7.064919319335502,
      6.811113885238746,
      6.735415860579897,
      6.644486746433183,
      6.6294115635886595,
      6.330122539070592,
      5.895968169872917,
      5.731112126976666,
      5.726631154972002,
      5.6464975281470835,
      5.193100600385327,
      5.054604515877434,
      5.039046700518276,
      4.984322016920075,
      4.838494578794114,
      4.6589886642871745,
      4.608574739176317,
      4.508255620386276,
      4.438395463493438,
      4.342724739872681,
      4.306193617815695,
      4.214979120718983,
      4.040505702260207,
      4.0208141752548405,
      3.8368442931023856,
      3.7373702768956725,
      3.70191179489577,
      3.634877857164597,
      3.551300338691314,
      3.531628370590105,
      3.4855466062315306,
      3.3024647819988124,
      3.2194084860141645,
      3.0063681432331424,
      2.9417285363402375,
      2.7563322071543674,
      2.74312182813301,
      2.7172135237377604,
      2.7040179083139173,
      2.5176892471805408
    ]
  ],
  "top_r_val_seeds": [
    [
      38,
      5,
      44,
      23,
      49,
      47,
      37,
      11,
      3,
      31,
      48,
      24,
      33,
      36,
      1,
      19,
      21,
      12,
      50,
      17,
      4,
      35,
      7,
      46,
      20,
      9,
      13,
      29,
      2,
      45,
      10,
      25,
      43,
      18,
      42,
      34,
      27,
      15,
      26,
      14,
      8,
      30,
      16,
      22,
      32,
      6,
      40,
      41,
      39,
      28
    ]
  ],
  "test_acc_values": [
    0.73725
  ],
  "loss_predicts_minimas": true,
  "loss_ordering_violations": 0,
  "test_loss_ranks": [
    1
  ],
  "log_exp_r_n_ranks": [
    1
  ],
  "data_level_ranks": [
    1
  ],
  "accuracy_predicts_minimas": true,
  "accuracy_ordering_violations": 0,
  "log_exp_r_n_acc_ranks": [
    1
  ]
}