{
  "test_loss_values": [
    4.984338371455669
  ],
  "log_exp_r_n_values": [
    12022.479023115124
  ],
  "log_exp_r_n_acc_values": [
    -Infinity
  ],
  "model_data_levels": [
    0
  ],
  "loss_landscape_data_param": 20,
  "train_loss_values": [
    1.6088536977767944
  ],
  "num_params": 4353,
  "dataset_type": "data",
  "top_r_vals": [
    [
      15.843862949907958,
      12.390032927775751,
      11.164250609520924,
      10.200706243029815,
      6.60932661996311,
      6.24132888794358,
      5.583375185244816,
      5.442929577885433,
      5.39689886252663,
      5.111534864933283,
      4.654816832248849,
      4.631655737069378,
      4.455316937866657,
      4.340058536490152,
      4.293262231200169,
      4.1505771054098375,
      4.143728998250352,
      4.013886173889767,
      3.987359894569136,
      3.965919274875043,
      3.943218816924798,
      3.8771924021431343,
      3.7419157407498407,
      3.7107106059939357,
      3.5784985523953003,
      3.4669690644673654,
      3.3936001192298937,
      3.3600656797181343,
      3.292407060776993,
      3.0230282281760483,
      3.015656920315058,
      2.9716046571202885,
      2.907073519881098,
      2.895543885449058,
      2.867951956225693,
      2.576200457213665,
      2.4804795251864484,
      2.4792519646186792,
      2.290650287848994,
      2.2502859402468975,
      2.2182620664069415,
      2.113093993701392,
      2.0796458702978504,
      2.020776113115156,
      1.89660539020193,
      1.8396512548200552,
      1.793315152197678,
      1.7799803755950332,
      1.7783284835733553,
      1.334779256716048
    ]
  ],
  "top_r_val_seeds": [
    [
      32,
      46,
      11,
      15,
      33,
      5,
      1,
      43,
      34,
      37,
      36,
      50,
      35,
      3,
      23,
      30,
      17,
      16,
      8,
      48,
      6,
      45,
      42,
      44,
      9,
      12,
      18,
      20,
      39,
      7,
      25,
      10,
      26,
      22,
      2,
      47,
      41,
      49,
      28,
      27,
      4,
      21,
      13,
      38,
      31,
      14,
      19,
      29,
      24,
      40
    ]
  ],
  "test_acc_values": [
    0.69325
  ],
  "loss_predicts_minimas": true,
  "loss_ordering_violations": 0,
  "test_loss_ranks": [
    1
  ],
  "log_exp_r_n_ranks": [
    1
  ],
  "data_level_ranks": [
    1
  ],
  "accuracy_predicts_minimas": true,
  "accuracy_ordering_violations": 0,
  "log_exp_r_n_acc_ranks": [
    1
  ]
}