{
  "test_loss_values": [
    4.19239681744366
  ],
  "log_exp_r_n_values": [
    12489.64799830508
  ],
  "log_exp_r_n_acc_values": [
    -Infinity
  ],
  "model_data_levels": [
    0
  ],
  "loss_landscape_data_param": 5,
  "train_loss_values": [
    0.6475054025650024
  ],
  "num_params": 4353,
  "dataset_type": "data",
  "top_r_vals": [
    [
      17.638841642137024,
      16.724704276056702,
      16.246382694382962,
      14.862929761852733,
      13.11493619794278,
      11.62799872005785,
      11.271922739205083,
      10.586675256513551,
      10.513537657877952,
      10.435515701745636,
      10.324672222898572,
      7.853267728400314,
      7.500888333303908,
      7.016378240629447,
      6.798953555766926,
      6.7921533998162165,
      6.540455573503628,
      6.025352118337683,
      5.8280678603490665,
      5.824797180284214,
      5.724873381814562,
      5.615916831699202,
      5.536109589319048,
      5.430465177899654,
      5.398732144865142,
      5.307786467602352,
      5.275143391033206,
      5.142434871213194,
      5.020228613267453,
      4.979890265499743,
      4.97227955692707,
      4.8876716735786205,
      4.811749934212239,
      4.7503687757875355,
      4.616560452097649,
      4.405213181183365,
      4.189593758512867,
      3.9329619296180094,
      3.81246207849178,
      3.7601090767195946,
      3.4873303611360518,
      3.335648335358625,
      3.163013046781077,
      2.873350020049454,
      2.768193545311568,
      2.73585384076996,
      2.684329987019479,
      2.3538461998358207,
      2.3038113681803636,
      2.0106059590942116
    ]
  ],
  "top_r_val_seeds": [
    [
      50,
      7,
      17,
      49,
      47,
      36,
      31,
      23,
      20,
      28,
      5,
      34,
      2,
      39,
      43,
      10,
      14,
      37,
      48,
      24,
      6,
      12,
      38,
      46,
      27,
      3,
      35,
      44,
      15,
      25,
      40,
      26,
      22,
      13,
      4,
      29,
      32,
      42,
      33,
      16,
      9,
      8,
      21,
      11,
      19,
      1,
      18,
      45,
      41,
      30
    ]
  ],
  "test_acc_values": [
    0.72475
  ],
  "loss_predicts_minimas": true,
  "loss_ordering_violations": 0,
  "test_loss_ranks": [
    1
  ],
  "log_exp_r_n_ranks": [
    1
  ],
  "data_level_ranks": [
    1
  ],
  "accuracy_predicts_minimas": true,
  "accuracy_ordering_violations": 0,
  "log_exp_r_n_acc_ranks": [
    1
  ]
}