{
  "test_loss_values": [
    0.5169145303964615,
    0.5351147130131721,
    0.34629110544919967,
    0.5063655525445938,
    0.17210252583026886,
    0.22264325022697448,
    0.5634837165474892,
    0.446678626537323
  ],
  "log_exp_r_n_values": [
    813677.0203295962,
    813677.0203295962,
    804630.5012414546,
    804630.5012414546,
    733699.7027823977,
    765150.2995020571,
    794862.8315034504,
    813677.0203295962
  ],
  "log_exp_r_n_acc_values": [
    -Infinity,
    -Infinity,
    -Infinity,
    -Infinity,
    -Infinity,
    -Infinity,
    -Infinity,
    -Infinity
  ],
  "model_data_levels": [
    200,
    100,
    2000,
    500,
    10000,
    5000,
    0,
    1000
  ],
  "loss_landscape_data_param": 100,
  "train_loss_values": [
    0.003120708977803588,
    0.0027488400228321552,
    0.011036669835448265,
    0.0040273466147482395,
    0.07918768376111984,
    0.033886153250932693,
    0.07547672837972641,
    0.005554292816668749
  ],
  "num_params": 235146,
  "dataset_type": "data",
  "top_r_vals": [
    [
      31.827230721139408,
      30.626030312153766,
      28.248434382970125,
      28.185714020794926,
      27.09999186465067,
      27.037470984526955,
      27.034638334309786,
      27.023912054851635,
      27.00926194200973,
      25.964883594470074,
      25.934710128798436,
      25.933606181745922,
      25.927341241456773,
      25.92567798297293,
      25.890103819165514,
      25.87364734404888,
      25.858177409503547,
      24.85994243768727,
      24.841230259571155,
      24.838045241179447,
      24.829276687361215,
      24.807201591736952,
      24.804249090611467,
      24.797744849231435,
      24.795605378278456,
      24.76430917845203,
      24.745311425438477,
      24.731432173318993,
      23.753594904583377,
      23.729473334894482,
      23.724045683327915,
      23.702344028658526,
      23.6744075867718,
      23.673567628599187,
      23.63293633042332,
      22.646745903269636,
      21.618845743246894,
      21.598582749523175,
      21.59753330425585,
      21.582827476662718,
      21.56955036276901,
      20.602189511735766,
      20.581260656684957,
      19.60123521186334,
      19.595142947384538,
      18.598153875095733,
      17.698479580519788,
      17.67722873307729,
      17.662218381652885,
      16.74653787897806
    ],
    [
      31.827230721139408,
      30.626030312153766,
      29.455446114543356,
      28.248434382970125,
      28.200241352806746,
      27.074562700621804,
      27.034638334309786,
      27.023912054851635,
      27.02354265275,
      27.00926194200973,
      26.99466630321046,
      25.964883594470074,
      25.954224064363313,
      25.933606181745922,
      25.927341241456773,
      25.92567798297293,
      25.918909173201907,
      25.912112642456158,
      25.890103819165514,
      25.87364734404888,
      25.84281998950271,
      24.85994243768727,
      24.841230259571155,
      24.829276687361215,
      24.820342718575063,
      24.807201591736952,
      24.795605378278456,
      24.76430917845203,
      24.762745538849636,
      24.745311425438477,
      23.724045683327915,
      23.702344028658526,
      23.673567628599187,
      23.63293633042332,
      22.6861554641398,
      22.646745903269636,
      22.639330784505866,
      22.63823077073076,
      22.608899444875227,
      21.619430278823256,
      21.618845743246894,
      21.582827476662718,
      20.59354774446392,
      20.581260656684957,
      19.595142947384538,
      19.56413293895672,
      17.662218381652885,
      16.779237220035725,
      16.759090121594745,
      16.74653787897806
    ],
    [
      30.626030312153766,
      27.083676888880646,
      26.99466630321046,
      25.89251065203037,
      24.848246351040597,
      24.842681541836853,
      24.818314044440214,
      24.762745538849636,
      24.759509023345274,
      23.749442855570255,
      23.738014650237687,
      23.72028004491285,
      23.68382914247352,
      23.673567628599187,
      23.657739713406862,
      22.648422996810172,
      22.64248406233527,
      22.640530540462645,
      22.62881225900353,
      22.62325234481901,
      22.619834037764,
      22.61195440541126,
      22.608872371997343,
      22.58193485850213,
      22.570919046979704,
      21.65577207905202,
      21.636697187871874,
      21.62042942684331,
      21.590809785742664,
      20.624893096386703,
      20.603948696259103,
      20.59923594714578,
      20.58039272323088,
      19.60946057036123,
      19.600751874952653,
      19.58959936893955,
      19.58954018482804,
      18.636808141897806,
      18.63342422327759,
      18.62936750615096,
      18.623267778925598,
      18.609682875285714,
      17.684616510014543,
      16.777891055841838,
      16.739634040040123,
      15.884507989164572,
      15.851963312065193,
      15.84694768055494,
      14.985032068479274,
      14.15157646498431
    ],
    [
      30.626030312153766,
      30.591340562417727,
      29.437713087461496,
      28.263799762000957,
      27.09999186465067,
      27.02354265275,
      27.010816154538738,
      26.99466630321046,
      25.964883594470074,
      25.933606181745922,
      25.92567798297293,
      25.899179992421477,
      25.896466598189008,
      25.886191900437332,
      25.875540523558435,
      25.872158564641282,
      24.838045241179447,
      24.829276687361215,
      24.77668253015603,
      24.731432173318993,
      23.767332621907435,
      23.728543860753202,
      23.72180181638011,
      23.716909768692712,
      23.714087031814223,
      23.70786865585781,
      23.673567628599187,
      23.657739713406862,
      22.6861554641398,
      22.66311786994829,
      22.646745903269636,
      22.640530540462645,
      22.63823077073076,
      22.570919046979704,
      21.619430278823256,
      21.597468053772907,
      21.582827476662718,
      21.572464884340437,
      21.56955036276901,
      20.60163247981748,
      20.59923594714578,
      19.60123521186334,
      19.59055124673304,
      19.58871407327151,
      18.62763276435743,
      17.662218381652885,
      17.65662997740844,
      16.779237220035725,
      16.759090121594745,
      16.74653787897806
    ],
    [
      22.65101201886893,
      22.625355479964156,
      21.571102780509015,
      21.54382535986899,
      20.610077342783327,
      19.62763872361178,
      19.609532084495974,
      19.593279880874224,
      19.576638048518348,
      19.573412514440925,
      19.55249709603293,
      19.55185100281559,
      18.663793925892715,
      18.64954560072909,
      18.63561257660767,
      17.714978837734527,
      17.67410959785284,
      17.659092569720855,
      17.657351061827075,
      17.65566964430152,
      16.806548739354998,
      16.779777373693463,
      16.76889728644301,
      16.762165410485956,
      16.73961399527548,
      15.901166836952507,
      15.877000521609302,
      15.86918744209821,
      15.867527549710708,
      15.860973871102528,
      15.820395394746187,
      15.025484158244359,
      15.013493249182817,
      14.998287016844342,
      14.986098808145432,
      14.168490032557177,
      14.165804137359022,
      14.164464307714567,
      14.16154322965329,
      14.143848391735883,
      13.34632823945344,
      13.338186202628789,
      13.33256851612042,
      13.320052505277003,
      12.550722361809045,
      12.540891486326103,
      12.53565250877503,
      12.52109953031489,
      11.75070734646088,
      11.009411315617426
    ],
    [
      25.89251065203037,
      24.807084552844557,
      23.736531669023513,
      23.6744075867718,
      23.658521486199845,
      22.64248406233527,
      22.58193485850213,
      21.645583488017586,
      21.639471692781985,
      21.61950912315681,
      21.583243448491476,
      21.579687297171116,
      21.56828341589188,
      21.555915730604184,
      20.622492677445805,
      20.61136499331072,
      20.59596629932774,
      20.55540660313803,
      20.554631940144695,
