{
  "test_loss_values": [
    0.5151210844516754,
    0.1862003207206726,
    0.7680396865308284,
    0.2961312532424927,
    0.09906736761331558
  ],
  "log_exp_r_n_values": [
    806687.3629368821,
    702642.5904197169,
    843406.4263735017,
    747016.3319165467,
    677924.9091015592
  ],
  "log_exp_r_n_acc_values": [
    -Infinity,
    -Infinity,
    -Infinity,
    -Infinity,
    -Infinity
  ],
  "model_data_levels": [
    1940,
    19940,
    540,
    5940,
    59940
  ],
  "loss_landscape_data_param": 540,
  "train_loss_values": [
    0.00019756170513574034,
    0.0006871861405670643,
    8.751357381697744e-05,
    0.0003717258514370769,
    0.0018536850111559033
  ],
  "num_params": 235146,
  "dataset_type": "data",
  "top_r_vals": [
    [
      30.895398959932546,
      28.551342616505973,
      28.55052657254362,
      28.542452221074385,
      28.505647741620756,
      28.496775281221307,
      28.492124727387516,
      28.485684257346193,
      28.48250258264463,
      28.481702680211207,
      26.208950896273347,
      26.20894266048168,
      26.208303563048222,
      26.196164006129205,
      26.19225200508678,
      26.191094052778222,
      26.18871226182776,
      26.176080204566983,
      26.17433751104998,
      26.171926071249512,
      26.170227851007517,
      26.163854995414617,
      26.161626390189184,
      26.16089340473071,
      26.157523318780058,
      26.155718033246377,
      26.144929146160955,
      26.133114079433668,
      26.123804340531866,
      26.10503661847823,
      24.01692557629244,
      24.014928747106485,
      24.0044864607446,
      24.00332151813272,
      23.987419222608025,
      23.98586094232253,
      23.977117091049386,
      23.97395682629244,
      23.973020953896608,
      23.971165786554785,
      23.97102111062886,
      23.97076792775849,
      23.970079210069446,
      23.969298562885804,
      23.967155550733025,
      23.966047875675155,
      23.965722354841823,
      23.9644473982446,
      23.961140950520836,
      23.956246081693674
    ],
    [
      19.848698823382186,
      19.81076124845361,
      19.803166260537832,
      19.798550480738577,
      19.773055334356833,
      19.762689134877824,
      17.90417275274546,
      17.89630325608516,
      17.895342190573867,
      17.89415743846989,
      17.892479226998127,
      17.891491184209325,
      17.891442849920452,
      17.877231444938857,
      17.874473018313466,
      17.874107701013852,
      17.859317408619024,
      17.85926457811723,
      17.85545628577541,
      17.83597644330677,
      17.827397669058605,
      17.80994561861613,
      16.076109326575413,
      16.072297908057852,
      16.0645297972624,
      16.064054631004648,
      16.06012820409349,
      16.059671197055785,
      16.057621222882233,
      16.05513340973657,
      16.053666548295453,
      16.053198443956614,
      16.05235807560692,
      16.048681842394114,
      16.04836809142562,
      16.048055349302686,
      16.046547125193698,
      16.04601142820248,
      16.04412892239153,
      16.04399777246901,
      16.04316951026601,
      16.04231602692407,
      16.036679606792354,
      16.035750460033576,
      16.034822322120352,
      16.034521686144114,
      16.034426854661675,
      16.03414336905992,
      16.03365407896436,
      16.033552185563018
    ],
    [
      36.11692494794357,
      36.057194733422655,
      36.04715495464231,
      36.03258218055915,
      36.029590449057345,
      33.50833711214497,
      33.50721521361023,
      33.47562734998741,
      33.47478750474283,
      33.471005043829244,
      33.459550312448194,
      33.454544918985476,
      33.44465410995212,
      33.434340220983515,
      33.42037858312051,
      33.41646351506304,
      33.40829028427425,
      33.400178094869155,
      33.386835290344266,
      33.383160178070966,
      33.367994551536526,
      31.01101336144949,
      30.97054277460328,
      30.96520663548363,
      30.95965448197948,
      30.956896892945,
      30.95309815349877,
      30.952090086371133,
      30.94547732169988,
      30.94480008741336,
      30.941295205373063,
      30.941079190988567,
      30.93079028962985,
      30.930060511303857,
      30.92431180417058,
      30.921836396088814,
      30.92155810728717,
      30.92098012285298,
      30.9165780999906,
      30.91358308974073,
      30.912133263466423,
      30.905493253737667,
      30.89886297438659,
      30.887235173059114,
      30.879201773246596,
      30.875607371731643,
      30.85992589506273,
      30.842434568145354,
      30.839322793363326,
      28.593165317952252
    ],
    [
      23.97102111062886,
      23.933213975694446,
      23.92539695457176,
      23.910070348668985,
      23.901552553530095,
      21.883190452778855,
      21.88137102783876,
      21.859621690762385,
      21.85899690710371,
      21.852814981760076,
      21.84851015369426,
      21.84688434303081,
      21.844039174369765,
      21.840506057108733,
      21.838390031574626,
      21.835128798191434,
      21.82790190501428,
      21.817843574685064,
      21.809352009530677,
      21.80898675139176,
      21.802237714727177,
      21.80190678536071,
      21.79567817288654,
      21.794461561190744,
      21.79099984777642,
      21.79044509481355,
      21.788364771202797,
      21.7627719847624,
      21.760226162997164,
      19.842343096367724,
      19.837455800109687,
      19.83275283612642,
      19.832658179012352,
      19.82969889870932,
      19.828634006176035,
      19.828292742370046,
      19.825461747366347,
      19.824366963112826,
      19.824313407114076,
      19.819341417648715,
      19.81895656175072,
      19.817732246709525,
      19.81772601926781,
      19.812414011484805,
      19.809304027092267,
      19.807566570853744,
      19.80638211143953,
      19.80551026959941,
      19.805328428301326,
      19.80259582687673
    ],
    [
      17.868191808866566,
      16.060130221784608,
      16.0576938597624,
      16.05512937435434,
      16.046086082773762,
      16.04316951026601,
      16.029436095686982,
      16.026820159155477,
      16.012257473527892,
      16.00777819925103,
      15.987104936079547,
      14.34068489989363,
      14.33609288712568,
      14.33256181557925,
      14.326875566572651,
      14.326107081582679,
      14.324830172682478,
      14.319196115864894,
      14.31905663673908,
      14.318648997745571,
      14.316892460625635,
      14.31609967927181,
      14.315440977851834,
      14.31492715474964,
      14.314469123297771,
      14.313275002007732,
      14.313123824632655,
      14.311689439300084,
      14.308875560419938,
      14.307787623238585,
      14.299792319800758,
      14.299523260067735,
      14.299095824037012,
      14.298979741409722,
      14.298084375408525,
      14.297156614255526,
      14.296743576070048,
      14.293770421026876,
      14.292902050985514,
      14.288461215592642,
      14.287817811883238,
      14.28763423935636,
      14.283812511309039,
      14.283431868275363,
      14.283335582685286,
      14.282991834130051,
      14.27866258203783,
      14.27678276336798,
      14.276052972587104,
      14.273391170947365
    ]
  ],