{
  "test_loss_values": [
    2.7898260620830113
  ],
  "log_exp_r_n_values": [
    11709.265582959926
  ],
  "log_exp_r_n_acc_values": [
    -Infinity
  ],
  "model_data_levels": [
    0
  ],
  "loss_landscape_data_param": 500,
  "train_loss_values": [
    2.455202341079712
  ],
  "num_params": 4353,
  "dataset_type": "data",
  "top_r_vals": [
    [
      14.743890051104735,
      10.776722118197872,
      9.688692613847705,
      8.939887051845117,
      8.11763378892875,
      7.584699298058194,
      7.556406807990422,
      7.386267683263272,
      6.676290435831227,
      6.575496493907336,
      6.320980181130126,
      6.251682127679432,
      6.088821056924385,
      5.549316225980889,
      5.096855785063463,
      4.917449049008342,
      4.862632899465775,
      4.5291300982844875,
      4.426589669405635,
      4.344203371461365,
      4.329525721918114,
      4.327567034414698,
      4.316566817556577,
      3.9088628712008195,
      3.5506628094103565,
      3.4542971495463157,
      3.404017657741306,
      3.328540979155858,
      3.3027187302847465,
      3.116355439708303,
      2.8226556337534747,
      2.7836741419795072,
      2.736501226316703,
      2.6907425667374048,
      2.6740847297421246,
      2.4473905211517826,
      2.445284903024564,
      2.3536220660471376,
      2.222720781196654,
      2.1271790984800196,
      1.955966162149152,
      1.9517237209149474,
      1.8772746337390604,
      1.7213937463892544,
      1.6914207986139291,
      1.6797995208045884,
      1.434930662722908,
      1.4297523027584875,
      1.136616133385623,
      1.0723851980108237
    ]
  ],
  "top_r_val_seeds": [
    [
      5,
      16,
      3,
      2,
      8,
      46,
      24,
      22,
      37,
      25,
      7,
      47,
      14,
      18,
      21,
      27,
      28,
      34,
      50,
      17,
      44,
      26,
      15,
      38,
      35,
      19,
      42,
      43,
      11,
      29,
      49,
      4,
      31,
      36,
      33,
      1,
      12,
      41,
      20,
      13,
      9,
      10,
      45,
      30,
      48,
      39,
      23,
      40,
      6,
      32
    ]
  ],
  "test_acc_values": [
    0.81875
  ],
  "loss_predicts_minimas": true,
  "loss_ordering_violations": 0,
  "test_loss_ranks": [
    1
  ],
  "log_exp_r_n_ranks": [
    1
  ],
  "data_level_ranks": [
    1
  ],
  "accuracy_predicts_minimas": true,
  "accuracy_ordering_violations": 0,
  "log_exp_r_n_acc_ranks": [
    1
  ]
}