{
  "test_loss_values": [
    2.7898260620830113
  ],
  "log_exp_r_n_values": [
    11636.105488566649
  ],
  "log_exp_r_n_acc_values": [
    -Infinity
  ],
  "model_data_levels": [
    0
  ],
  "loss_landscape_data_param": 1000,
  "train_loss_values": [
    2.9183123111724854
  ],
  "num_params": 4353,
  "dataset_type": "data",
  "top_r_vals": [
    [
      14.498162852199751,
      10.56644966625687,
      7.765281053692787,
      7.342497304455355,
      7.157020829538761,
      7.088639812567353,
      6.533945277278836,
      6.498730285571326,
      6.320980181130126,
      6.144860325065014,
      6.012023470464334,
      5.988157098409105,
      5.860797104650906,
      5.158278876341482,
      4.631655737069378,
      4.395716648305364,
      4.389875116155535,
      4.243374232966455,
      3.9247735847601315,
      3.9198608844275014,
      3.706029783965699,
      3.530818350633894,
      3.3051012333028726,
      3.1755659167396697,
      2.81089817701469,
      2.7754411939829042,
      2.6832057636838473,
      2.642409251288638,
      2.5945252321842536,
      2.5807336384123882,
      2.5168206690043387,
      2.5048771377039336,
      2.460792596675535,
      2.347033399086062,
      2.3324034853169655,
      2.272004670365235,
      2.0100150666881333,
      1.8794881505238343,
      1.740266677556514,
      1.7151383594320673,
      1.6369212011399534,
      1.6243339308568845,
      1.615220906303615,
      1.5963801216879612,
      1.5360323040044768,
      1.447221920814043,
      1.2839956624072772,
      1.1720522438062182,
      0.9425260529392004,
      0.9222214929934979
    ]
  ],
  "top_r_val_seeds": [
    [
      5,
      16,
      46,
      22,
      24,
      8,
      25,
      14,
      7,
      37,
      47,
      2,
      18,
      3,
      50,
      26,
      21,
      17,
      27,
      15,
      34,
      38,
      19,
      28,
      4,
      35,
      11,
      42,
      29,
      43,
      33,
      49,
      44,
      31,
      36,
      12,
      1,
      41,
      13,
      9,
      30,
      10,
      20,
      45,
      39,
      48,
      23,
      40,
      32,
      6
    ]
  ],
  "test_acc_values": [
    0.81875
  ],
  "loss_predicts_minimas": true,
  "loss_ordering_violations": 0,
  "test_loss_ranks": [
    1
  ],
  "log_exp_r_n_ranks": [
    1
  ],
  "data_level_ranks": [
    1
  ],
  "accuracy_predicts_minimas": true,
  "accuracy_ordering_violations": 0,
  "log_exp_r_n_acc_ranks": [
    1
  ]
}