{
  "test_loss_values": [
    0.024642031564144417,
    0.004442261660733493,
    0.004858198620058829
  ],
  "log_exp_r_n_values": [
    6290.297898583858,
    7596.066216060241,
    5568.374847241586
  ],
  "log_exp_r_n_acc_values": [
    -Infinity,
    -Infinity,
    -Infinity
  ],
  "model_data_levels": [
    180,
    380,
    780
  ],
  "loss_landscape_data_param": 180,
  "train_loss_values": [
    6.6771412093658e-05,
    3.0221794077078812e-05,
    1.929628342622891e-05
  ],
  "num_params": 4353,
  "dataset_type": "data",
  "top_r_vals": [
    [
      4.248796658982503,
      3.5967798224274894,
      3.592393851574557,
      3.584739095008492,
      3.5664539903466195,
      3.5539652358608684,
      3.549209066172448,
      3.5157507507305543,
      3.354651933834877,
      3.304300567250193,
      3.2745357560522765,
      3.2677250614872686,
      3.2616671338493446,
      3.2508989498939047,
      3.2386727038724925,
      3.012676592810205,
      3.0085276173713345,
      3.000705119992091,
      2.9915070687005896,
      2.9910676604131696,
      2.9898905268056994,
      2.9839272757426003,
      2.9829859808018937,
      2.9739025876103904,
      2.970057421807744,
      2.9698531656116387,
      2.96041446962523,
      2.959944165442601,
      2.9522716847989847,
      2.950676083455292,
      2.9498322822283565,
      2.9470695026212055,
      2.942789391271558,
      2.91998650416855,
      2.9162656085221896,
      2.7482011660959347,
      2.7362354482123963,
      2.733577887460464,
      2.7290137954274445,
      2.727073947333181,
      2.727029421124918,
      2.718463575045755,
      2.71697583922001,
      2.712285952864345,
      2.7118712052461174,
      2.708684311948399,
      2.707214324331542,
      2.701893598130134,
      2.7000132221042503,
      2.6914716630477766
    ],
    [
      5.735102096633903,
      4.61509748648994,
      4.604790438366064,
      4.58249559919149,
      4.224156910102595,
      4.194932207259923,
      4.172097443439635,
      4.159798732571135,
      4.155475525767959,
      4.138302868719601,
      3.911395112345042,
      3.9048465837350785,
      3.871304038251837,
      3.651522306067253,
      3.626098828976915,
      3.622185592565741,
      3.620546670023757,
      3.603685121951743,
      3.5974806882984587,
      3.594132427195727,
      3.578986394528212,
      3.571303636270475,
      3.570767486232871,
      3.5587868800930518,
      3.5563449678634123,
      3.546132586194769,
      3.5300126711624817,
      3.526149673080484,
      3.517105950249567,
      3.4913192747466586,
      3.3253234109760808,
      3.3220546392746915,
      3.3197530110677085,
      3.308796070240162,
      3.3074563108844526,
      3.3064296392746915,
      3.3032441315827548,
      3.2995808919270835,
      3.2977675449701005,
      3.293942675178434,
      3.2902681327160495,
      3.2852700315875776,
      3.2819119677131563,
      3.270858199508102,
      3.2693718804253473,
      3.267914195119599,
      3.26506362726659,
      3.26387494876061,
      3.2579534083236887,
      3.256680712287809
    ],
    [
      3.5994852799905135,
      3.2841374903549387,
      3.263403998480903,
      3.259430685161073,
      3.2047017415364585,
      3.006665624753394,
      2.943153962835027,
      2.938861493127296,
      2.7529825958448124,
      2.707851702991086,
      2.705033785614989,
      2.702106265264706,
      2.6965968475793294,
      2.6954699920009766,
      2.6912297269371437,
      2.689566688627118,
      2.688760546297094,
      2.682031484151809,
      2.6774188180734115,
      2.6660204201301214,
      2.658733067835075,
      2.6528235370195015,
      2.469534547897447,
      2.4654800878983476,
      2.4578556348420983,
      2.446802819435627,
      2.443559925868285,
      2.4426252756078886,
      2.439778610803974,
      2.4346644496226872,
      2.4155133927236982,
      2.4115325582111367,
      2.3884616466872903,
      2.3803856052460572,
      2.3695252839551513,
      2.25084036834969,
      2.2256124196958935,
      2.22018205626937,
      2.2145933040902634,
      2.2025499580320247,
      2.201321184142562,
      2.2012669586938274,
      2.199721659510589,
      2.198811680817407,
      2.1975702963584713,
      2.1963236154603565,
      2.1960875455998194,
      2.1927000944279444,
      2.192241069699122,
      2.1899366142336003
    ]
  ],
  "top_r_val_seeds": [
    [
      421,
      605,
      782,
      315,
      579,
      616,
      8,
      686,
      491,
      129,
      18,
      382,
      739,
      489,
      891,
      453,
      538,
      596,
      143,
      250,
      473,
      650,
      89,
      304,
      463,
      144,
      880,
      331,
      498,
      843,
      270,
      320,
      194,
      604,
      997,
      857,
      781,
      544,
      369,
      864,
      173,
      520,
      757,
      492,
      203,
      590,
      27,
      303,
      180,
      482
    ],
    [
      692,
      129,
      1000,
      776,
      123,
      331,
      609,
      847,
      36,
      604,
      988,
      351,
      190,
      821,
      275,
      973,
      460,
      979,
      211,
      425,
      18,
      76,
      180,
      694,
      221,
      499,
      194,
      941,
      863,
      683,
      857,
      893,
      922,
      13,
      870,
      453,
      637,
      629,
      187,
      994,
      421,
      996,
      41,
      81,
      848,
      188,
      817,
      304,
      222,
      482
    ],
    [
      596,
      884,
      455,
      144,
      604,
      778,
      134,
      196,
      962,
      675,
      386,
      827,
      924,
      838,
      981,
      822,
      612,
      743,
      801,
      160,
      602,
      885,
      960,
      357,
      96,
      410,
      472,
      650,
      20,
      6,
      74,
      191,
      269,
      291,
      671,
      899,
      667,
      655,
      487,
      168,
      425,
      788,
      564,
      691,
      926,
      709,
      393,
      87,
      729,
      834
    ]
  ],
  "loss_predicts_minimas": false,
  "loss_ordering_violations": 1,
  "test_loss_ranks": [
    1,
    3,
    2
  ],
  "log_exp_r_n_ranks": [
    2,
    1,
    3
  ],
  "data_level_ranks": [
    3,
    2,
    1
  ],
  "accuracy_predicts_minimas": true,
  "accuracy_ordering_violations": 1,
  "log_exp_r_n_acc_ranks": [
    1,
    2,
    3
  ]
}