{
  "test_loss_values": [
    0.5278571861982345,
    0.5351414972543717,
    0.36472122073173524,
    0.5108099102973938,
    0.1698162704706192,
    0.2321321666240692,
    0.56555777490139,
    0.45390955209732053
  ],
  "log_exp_r_n_values": [
    785299.5209107166,
    794996.6067278656,
    823399.132986617,
    804953.945356334,
    836606.4995262986,
    849777.5604368697,
    771505.9273417724,
    823399.132986617
  ],
  "log_exp_r_n_acc_values": [
    -Infinity,
    -Infinity,
    -Infinity,
    -Infinity,
    -Infinity,
    -Infinity,
    -Infinity,
    -Infinity
  ],
  "model_data_levels": [
    200,
    100,
    2000,
    500,
    10000,
    5000,
    0,
    1000
  ],
  "loss_landscape_data_param": 5000,
  "train_loss_values": [
    0.43716657161712646,
    0.45761898159980774,
    0.17810937762260437,
    0.4057987332344055,
    0.06277122348546982,
    0.02966877818107605,
    0.4986419379711151,
    0.3038409352302551
  ],
  "num_params": 235146,
  "dataset_type": "data",
  "top_r_vals": [
    [
      28.209023091272943,
      24.841230259571155,
      24.81822353436343,
      23.74639782070292,
      23.69603613673345,
      23.68382914247352,
      23.657739713406862,
      22.66985901654156,
      22.638162376091895,
      21.56955036276901,
      20.589064285233242,
      20.5823229035989,
      20.569617394169686,
      20.567705349724587,
      19.593279880874224,
      19.58871407327151,
      19.576260749807457,
      19.573680075945052,
      19.56413293895672,
      18.663793925892715,
      18.638571014639343,
      18.636808141897806,
      18.63296475112687,
      18.624254706351376,
      18.576053499070714,
      17.72728734815823,
      17.697602706257616,
      17.68959510830002,
      17.67722873307729,
      17.659092569720855,
      17.657977559554997,
      16.785817177776543,
      16.77912011641071,
      16.73961399527548,
      16.738650791585027,
      15.901166836952507,
      15.878865154032567,
      15.877000521609302,
      15.874719417991338,
      15.847594858814329,
      15.01429188790633,
      14.181797462895505,
      14.16904502848038,
      14.13955986786062,
      13.34632823945344,
      13.293526685863114,
      12.532127503093356,
      12.513598141461074,
      11.009411315617426,
      10.299697011718996
    ],
    [
      29.39664255301491,
      24.841230259571155,
      23.74639782070292,
      23.72744729013709,
      22.66985901654156,
      22.6311832731509,
      22.61952483700079,
      21.555915730604184,
      20.62711215609839,
      20.581260656684957,
      19.59055124673304,
      19.58871407327151,
      19.576638048518348,
      19.576260749807457,
      19.573680075945052,
      19.56421801611702,
      18.638571014639343,
      18.636808141897806,
      18.62936750615096,
      18.624254706351376,
      18.611771598174954,
      17.689678567144767,
      17.682935092488982,
      17.635648423838333,
      16.806548739354998,
      16.77840588979687,
      16.77081419893541,
      16.741895933481892,
      16.740838835893904,
      16.739561245894844,
      15.901166836952507,
      15.884397129925697,
      15.878865154032567,
      15.865435206418399,
      15.020179724453081,
      15.007195709082868,
      15.005039573332864,
      14.979401004666324,
      14.978836482258922,
      14.977974594369362,
      14.181797462895505,
      14.16858891626099,
      13.347828750878143,
      13.320052505277003,
      13.293526685863114,
      12.513598141461074,
      11.77761380910446,
      11.761107939914762,
      10.287683240482504,
      9.601620044218423
    ],
    [
      33.17070944290391,
      31.783977786452084,
      30.65151300235473,
      30.608749013968033,
      30.583457053813934,
      29.407699791103518,
      28.237623221320167,
      28.230904640981286,
      28.208937866152368,
      28.200241352806746,
      28.174501590868914,
      28.13887393942072,
      27.10606231577712,
      27.047204815020798,
      25.97710528303519,
      25.954224064363313,
      25.92567798297293,
      25.921994354624882,
      25.921872056206954,
      25.9098770273764,
      25.90607436190157,
      25.89251065203037,
      25.890103819165514,
      25.877174430421974,
      25.87356581177026,
      25.872158564641282,
      24.818314044440214,
      24.797744849231435,
      24.78974251002875,
      24.7609634266481,
      24.760933776795362,
      23.738014650237687,
      23.724045683327915,
      23.714087031814223,
      23.68727550726702,
      23.684152891893515,
      23.673567628599187,
      22.6861554641398,
      22.683515146101897,
      22.66311786994829,
      22.662388327133716,
      22.662230164531337,
      22.651677441709566,
      20.52012705136446,
      19.58144922358337,
      19.5703250766237,
      19.55249709603293,
      17.697059667374443,
      15.872065787381473,
      14.985032068479274
    ],
    [
      30.668185505643393,
      28.209023091272943,
      24.82772553190734,
      24.79301179642298,
      24.772600213589293,
      24.745311425438477,
      23.69603613673345,
      22.661182871623694,
      22.625355479964156,
      22.619834037764,
      21.645583488017586,
      21.636697187871874,
      21.599727351744786,
      21.598582749523175,
      21.596557265781836,
      21.583243448491476,
      21.54382535986899,
      20.589064285233242,
      20.58518967484348,
      20.556135926324067,
      20.554567168991404,
      19.606649325064396,
      19.604794889570343,
      19.600751874952653,
      19.60065939977842,
      19.576260749807457,
      19.56421801611702,
      18.67257898652955,
      18.659614135868573,
      18.641311437823987,
      18.63561257660767,
      18.63342422327759,
      18.619851040866042,
      18.600747782926195,
      18.59891341069182,
      17.717040827592147,
      17.705420018049182,
      17.698356061429557,
      17.68757317868788,
      17.65668561663827,
      16.779237220035725,
      16.738650791585027,
      15.88501933988804,
      15.013087321699235,
      14.992047061806018,
      14.953691634694508,
      14.13955986786062,
      14.126679151883788,
      11.755604749231496,
      11.022267907903803
    ],
    [
      35.087112770875265,
      34.441854086387046,
      33.094952540199884,
      32.635225105024,
      29.19127131323871,
      29.182453634819666,
      29.164667768066852,
      28.935015891200102,
      28.381160352386217,
      28.18272798001917,
      27.999508517526536,
      27.9748657018505,
      27.74712345718838,
      27.49676446135747,
      27.131529269294475,
      26.661072000262507,
      26.601807760172544,
      26.5842871779349,
      26.568390732238782,
      26.395466306647716,
      25.922989300148352,
      25.66538889536081,
      25.45614918337357,
      25.305697659934708,
      25.277159510122452,
      24.850269055273134,
      24.825220298482137,
      24.815254210623092,
      24.799935704163055,
      24.639540180719944,
      24.360206834712592,
      24.345115291718145,
      24.12830941774164,
      23.969770266685956,
      23.915656949266975,
      23.350027629211507,
      23.065677768741548,
      22.90033799051731,
      22.881358396592013,
      22.481114165857687,
      22.46998567534573,
      22.064960236280143,
      22.01288143315137,
      21.181172443988974,
      20.82952300775226,
      20.755261009036115,
      19.619689923517704,
      18.11439010457026,
      17.175893092224953,
      13.699834723518562
    ],
    [
      37.108504461828524,
      35.75192476594657,
      35.633248452631406,
      33.13998836391048,
      31.845342474132348,
      30.571290788703244,
      30.53263231273949,
      29.475911996487476,
      29.417558051568058,
      29.407699791103518,
      29.395314056203063,
      29.387491097260856,
      29.372753663965046,
      28.27178251496174,
      28.230904640981286,
      28.225082699931818,
      28.205218144743817,
      28.192979462324182,
      28.190358789866416,
