{
  "test_loss_values": [
    0.5533811002969742
  ],
  "log_exp_r_n_values": [
    747204.167632144
  ],
  "log_exp_r_n_acc_values": [
    -Infinity
  ],
  "model_data_levels": [
    0
  ],
  "loss_landscape_data_param": 0,
  "train_loss_values": [
    0.0021734400652348995
  ],
  "num_params": 235146,
  "dataset_type": "data",
  "top_r_vals": [
    [
      23.98994200906636,
      23.986866138599538,
      23.956966447241513,
      23.94344829041281,
      23.912321867766206,
      23.883906611689817,
      21.859881216282144,
      21.83176320533998,
      21.828661257460976,
      21.816175196343767,
      21.813298445212066,
      21.801806545345144,
      21.79821438259549,
      21.774921623909552,
      19.816857913892722,
      19.805196406536965,
      19.795416832067524,
      19.781813608384994,
      19.768504319951415,
      19.761174621052703,
      19.74984316810785,
      17.898378258346966,
      17.876817793350373,
      17.876752598263057,
      17.876269255374336,
      17.860460570753506,
      17.8595141179342,
      17.857839278622123,
      17.85121635699343,
      17.84413369759384,
      17.836791381898216,
      17.83615853992996,
      17.835486356098674,
      16.071479734310433,
      16.04525075865186,
      16.04069178557593,
      16.035475045196282,
      16.03279454254907,
      16.031270176911157,
      16.019142844460227,
      16.017345081676137,
      16.014093572443183,
      16.009654651988637,
      15.980600908768078,
      14.327077136406087,
      14.316785376651621,
      14.312528113785627,
      14.312067382737775,
      14.305303095068428,
      14.278287338196122
    ]
  ],
  "top_r_val_seeds": [
    [
      39,
      9,
      25,
      37,
      23,
      12,
      22,
      1,
      15,
      30,
      36,
      45,
      3,
      29,
      44,
      2,
      5,
      27,
      31,
      17,
      20,
      28,
      8,
      26,
      34,
      33,
      43,
      32,
      6,
      50,
      7,
      13,
      11,
      14,
      47,
      35,
      49,
      4,
      48,
      24,
      42,
      38,
      41,
      16,
      40,
      21,
      10,
      19,
      46,
      18
    ]
  ],
  "loss_predicts_minimas": true,
  "loss_ordering_violations": 0,
  "test_loss_ranks": [
    1
  ],
  "log_exp_r_n_ranks": [
    1
  ],
  "data_level_ranks": [
    1
  ],
  "accuracy_predicts_minimas": true,
  "accuracy_ordering_violations": 0,
  "log_exp_r_n_acc_ranks": [
    1
  ]
}