{
  "test_loss_values": [
    0.6159591436386108,
    0.18779271841049194,
    0.885692046880722,
    0.3114564776420593,
    0.10356754064559937
  ],
  "log_exp_r_n_values": [
    807331.7931083951,
    678657.3754406006,
    876871.5906203152,
    767184.906684827,
    652325.0271377469
  ],
  "log_exp_r_n_acc_values": [
    -Infinity,
    -Infinity,
    -Infinity,
    -Infinity,
    -Infinity
  ],
  "model_data_levels": [
    1940,
    19940,
    540,
    5940,
    59940
  ],
  "loss_landscape_data_param": 540,
  "train_loss_values": [
    0.00015406408056151122,
    0.0007221665000542998,
    9.060907905222848e-05,
    0.0003113911079708487,
    0.0021009426563978195
  ],
  "num_params": 235146,
  "dataset_type": "data",
  "top_r_vals": [
    [
      30.980185578884054,
      30.944109230598087,
      28.582126305670343,
      28.547011306244265,
      28.53241757059229,
      28.51685713670799,
      28.515497661271812,
      28.5134530676079,
      28.505002080463733,
      28.500893164600555,
      28.497209308999086,
      28.492124727387516,
      28.489414744031226,
      28.48445929465106,
      28.48324150596878,
      28.481702680211207,
      28.48131528351699,
      28.47248407369146,
      28.468941904843895,
      28.468016457185495,
      28.425671846303953,
      26.24772170913085,
      26.22881562577719,
      26.22803981420204,
      26.22500080707645,
      26.22426782161798,
      26.220838437967313,
      26.21346740442422,
      26.20894266048168,
      26.204849472022552,
      26.203900708822367,
      26.201917530188652,
      26.1978622263712,
      26.19784904910453,
      26.1978474019462,
      26.19397493270378,
      26.19278733154522,
      26.192546846428503,
      26.188839093019453,
      26.18747195160252,
      26.185156046985405,
      26.17982090114271,
      26.177862429883994,
      26.17266070386632,
      26.172006782007863,
      26.170501279290903,
      26.17045515885756,
      26.170194907840845,
      26.169811119949102,
      26.16815902014045
    ],
    [
      17.923936980681184,
      17.89415519036343,
      17.88788072523591,
      17.882740429817034,
      17.88205700545345,
      17.877936226313803,
      17.875010315757205,
      17.871061516761685,
      17.865912228916976,
      17.857661678211848,
      17.855088720369338,
      17.847183254005692,
      17.84536790803992,
      17.829391739487882,
      17.816126787325594,
      17.815395028673137,
      16.077446046939567,
      16.072297908057852,
      16.068339198088843,
      16.062193310950413,
      16.06174437467717,
      16.061193545002585,
      16.056254237151343,
      16.054759128034608,
      16.053198443956614,
      16.05237421713585,
      16.051422875774794,
      16.05025059723657,
      16.049851094395663,
      16.048055349302686,
      16.04681346042097,
      16.046086082773762,
      16.04601142820248,
      16.043824251033058,
      16.043190696022727,
      16.04231602692407,
      16.041426225142047,
      16.04107615573347,
      16.04063125484246,
      16.04056467103564,
      16.039967434465392,
      16.038944465069733,
      16.03878506747159,
      16.037585550103305,
      16.035628389721076,
      16.034521686144114,
      16.03406367026085,
      16.03175240508781,
      16.031299433432334,
      16.031193504648762
    ],
    [
      41.64070302050353,
      41.58526380912782,
      38.77670237332289,
      36.135288459210365,
      36.11134098778087,
      36.10882820570765,
      36.10251560684079,
      36.10019576648051,
      36.07767379382426,
      36.06270378680269,
      36.05938518934014,
      36.054021409720434,
      36.04718900317989,
      36.04666465570119,
      36.03100459831806,
      36.00187720937178,
      33.52824923248027,
      33.51735229305365,
      33.51636089678748,
      33.51247740185951,
      33.51154073235114,
      33.507158381977135,
      33.50308965802279,
      33.49774748451211,
      33.491990650567395,
      33.4919569725626,
      33.486726357442805,
      33.48551394927017,
      33.48297967940932,
      33.472829970714095,
      33.469895774546295,
      33.469148543814896,
      33.46492405908837,
      33.45378716387758,
      33.44896489456593,
      33.4447572488418,
      33.43984026014167,
      33.436510347417524,
      33.429042249854135,
      33.42394213700293,
      33.41562366981846,
      33.413716652796914,
      33.396513506972354,
      33.38755094794617,
      33.383160178070966,
      33.38274130788632,
      33.37560788549559,
      33.37487328401599,
      33.362942850817205,
      33.355811533301775
    ],
    [
      26.117774093872363,
      23.952119803722997,
      23.933834876543212,
      23.932216314621915,
      21.872718804029287,
      21.86496324775633,
      21.85961894446059,
      21.852814981760076,
      21.852311035380442,
      21.851954016146912,
      21.845630656260763,
      21.845132202484724,
      21.836565114030936,
      21.83537459220221,
      21.832177896911233,
      21.831143914284898,
      21.830568564058556,
      21.829213264122046,
      21.818175877202425,
      21.816996340580882,
      21.81674093451382,
      21.814282994406067,
      21.81189508499412,
      21.81045739600372,
      21.806351674818142,
      21.806303614536706,
      21.800020076026605,
      21.79800154420627,
      21.79653364589611,
      21.795825100032644,
      21.792464999784784,
      21.788547400272257,
      21.78677878191539,
      21.77891337357058,
      21.772724582472456,
      21.77266141753114,
      21.766409461491694,
      21.74795568657097,
      19.860317984134277,
      19.847048551327678,
      19.843533783223656,
      19.842343096367724,
      19.83275283612642,
      19.829868285123972,
      19.826720936081145,
      19.824313407114076,
      19.822536095248577,
      19.820441183855607,
      19.81895656175072,
      19.8177459470813
    ],
    [
      16.025065776730372,
      14.32523781167599,
      14.322135975890937,
      14.31609967927181,
      14.315027939666356,
      14.310695088112825,
      14.310129972686942,
      14.309911305412278,
      14.302627795448771,
      14.301988891066006,
      14.295147214978467,
      14.294440820696115,
      14.293404175838447,
      14.28737597800727,
      14.286180956851904,
      14.28308362039349,
      14.282109966108772,
      14.27866258203783,
      12.710603509845935,
      12.706625121161107,
      12.699099581675341,
      12.697088466738089,
      12.692961815120908,
      12.69111570247934,
      12.685241780175494,
      12.685034530915214,
      12.683809368941946,
      12.683357406132028,
      12.683179650035711,
      12.682605729007246,
      12.682276521528417,
      12.680904690847875,
      12.680571497806348,
      12.68023830476482,
      12.679944967350272,
      12.679709819151109,
      12.67833001734517,
      12.677982476277933,
      12.675410194112848,
      12.674707140852975,
      12.67407901617182,
      12.673107335986126,
      12.672954290378534,
      12.671668547852262,
      12.670956726354456,
      12.669251702632385,
      12.668485677481891,
      12.667864726813592,
      12.666622028364454,
      12.665426359555148
    ]
  ],