{
  "test_loss_values": [
    4.831660008683684
  ],
  "log_exp_r_n_values": [
    12639.52439949089
  ],
  "log_exp_r_n_acc_values": [
    -Infinity
  ],
  "model_data_levels": [
    0
  ],
  "loss_landscape_data_param": 20,
  "train_loss_values": [
    1.5840249061584473
  ],
  "num_params": 4353,
  "dataset_type": "data",
  "top_r_vals": [
    [
      18.256733698119813,
      14.358513374756217,
      10.542295973479108,
      9.800867308750192,
      9.52064990091707,
      8.869416983440278,
      8.262952584721742,
      8.139165451594915,
      7.855520967664362,
      7.8297840979087905,
      7.761307273749565,
      7.715488864298143,
      7.603293157215609,
      6.879064630131851,
      6.644720967968447,
      6.627218324429926,
      6.421341171593139,
      6.29799409718269,
      6.2207398096607625,
      5.703045993463637,
      4.841605410077783,
      4.711772377354891,
      4.61074439976075,
      4.54687752057207,
      4.453114911473661,
      4.303361984052166,
      4.226442048768769,
      4.216283180055875,
      4.148229234219919,
      3.8571147017489404,
      3.846850512392657,
      3.7425328014331014,
      3.602572633514708,
      3.3740923729704626,
      3.3185081227251207,
      3.2342602789581596,
      3.168462877638469,
      3.1602790708362347,
      3.0722877385409064,
      3.0172708270184025,
      2.811630065115461,
      2.777637463353697,
      2.594857002173468,
      2.538029927923331,
      2.529802811415723,
      2.4991115568879607,
      2.4780282467773804,
      2.4596459112782076,
      1.8915974256904786,
      1.4974280395898607
    ]
  ],
  "top_r_val_seeds": [
    [
      38,
      31,
      8,
      27,
      7,
      28,
      37,
      18,
      15,
      35,
      10,
      13,
      17,
      14,
      50,
      21,
      46,
      1,
      45,
      34,
      11,
      41,
      2,
      4,
      49,
      29,
      23,
      19,
      20,
      30,
      6,
      48,
      24,
      42,
      12,
      22,
      44,
      36,
      25,
      40,
      39,
      3,
      33,
      16,
      5,
      47,
      43,
      9,
      32,
      26
    ]
  ],
  "test_acc_values": [
    0.74175
  ],
  "loss_predicts_minimas": true,
  "loss_ordering_violations": 0,
  "test_loss_ranks": [
    1
  ],
  "log_exp_r_n_ranks": [
    1
  ],
  "data_level_ranks": [
    1
  ],
  "accuracy_predicts_minimas": true,
  "accuracy_ordering_violations": 0,
  "log_exp_r_n_acc_ranks": [
    1
  ]
}