{
  "test_loss_values": [
    0.1862003207206726,
    0.2961312532424927,
    0.09906736761331558
  ],
  "log_exp_r_n_values": [
    746871.3501862045,
    767473.6593057178,
    724993.3589932396
  ],
  "log_exp_r_n_acc_values": [
    -Infinity,
    -Infinity,
    -Infinity
  ],
  "model_data_levels": [
    19940,
    5940,
    59940
  ],
  "loss_landscape_data_param": 5940,
  "train_loss_values": [
    0.0005939572001807392,
    0.00031659487285651267,
    0.0017350049456581473
  ],
  "num_params": 235146,
  "dataset_type": "data",
  "top_r_vals": [
    [
      23.956246081693674,
      23.92539695457176,
      23.91285385320216,
      23.901552553530095,
      21.883190452778855,
      21.859621690762385,
      21.857571576471393,
      21.856305531343263,
      21.852820474363668,
      21.849042936242757,
      21.843186447661992,
      21.841364276420098,
      21.841133587069205,
      21.832177896911233,
      21.824765628362822,
      21.824636552178394,
      21.817843574685064,
      21.816996340580882,
      21.81682332356771,
      21.81234410533783,
      21.809597803541454,
      21.795825100032644,
      21.79567817288654,
      21.756747971772057,
      19.847048551327678,
      19.844176455208657,
      19.838418562598847,
      19.83275283612642,
      19.82969889870932,
      19.828634006176035,
      19.8273187704858,
      19.82675954621978,
      19.826754564266405,
      19.822536095248577,
      19.821147375746104,
      19.819341417648715,
      19.817732246709525,
      19.817242769790717,
      19.815768111592572,
      19.813187459745823,
      19.81280011287114,
      19.812275762278727,
      19.81088081533454,
      19.809982818239217,
      19.808566697993196,
      19.808063520702614,
      19.807566570853744,
      19.80665113692162,
      19.80638211143953,
      19.80551026959941
    ],
    [
      26.149865679686908,
      26.123804340531866,
      23.98358832465278,
      23.97707941502701,
      23.97102111062886,
      23.967756860050155,
      23.9644473982446,
      23.933213975694446,
      23.93254183545525,
      23.928200050636576,
      23.928079487364972,
      23.915745864679785,
      23.91285385320216,
      23.910070348668985,
      21.883190452778855,
      21.88137102783876,
      21.865610001829378,
      21.862243035827024,
      21.859621690762385,
      21.85899690710371,
      21.857571576471393,
      21.849049801997246,
      21.849042936242757,
      21.84851015369426,
      21.844039174369765,
      21.843186447661992,
      21.840506057108733,
      21.832177896911233,
      21.832025477161533,
      21.82790190501428,
      21.82770279813404,
      21.824765628362822,
      21.82188063832573,
      21.82164720267304,
      21.819043708570078,
      21.817843574685064,
      21.816996340580882,
      21.81682332356771,
      21.81674093451382,
      21.81570283243479,
      21.813283340552186,
      21.81234410533783,
      21.8114556767067,
      21.809352009530677,
      21.80898675139176,
      21.808414147467218,
      21.806177284654073,
      21.797875214323636,
      21.79748798577035,
      21.79567817288654
    ],
    [
      21.82790190501428,
      21.817843574685064,
      21.788364771202797,
      19.848698823382186,
      19.827321261462483,
      19.815768111592572,
      19.809982818239217,
      19.80638211143953,
      19.795705785363108,
      19.790975420636293,
      19.78842715148646,
      19.783765288618515,
      19.782563392367493,
      19.77527230360742,
      19.76932260579278,
      19.76821910312086,
      19.75334921779347,
      17.923936980681184,
      17.911961317573226,
      17.90417275274546,
      17.89365049046335,
      17.89364599425043,
      17.892479226998127,
      17.891442849920452,
      17.888590002823776,
      17.888585506610855,
      17.88718156412711,
      17.88660829698002,
      17.885503352655345,
      17.885497732389197,
      17.881401682420602,
      17.88127578845889,
      17.880703645365035,
      17.87931993583942,
      17.87921202672938,
      17.87902318578681,
      17.877231444938857,
      17.876777327434105,
      17.87477988484514,
      17.874308906541945,
      17.873716530489958,
      17.873317491593454,
      17.87292744512279,
      17.872357550135394,
      17.871842733756246,
      17.871567340714996,
      17.870791743986587,
      17.868028821148275,
      17.866530458193246,
      17.86551881028662
    ]
  ],
  "top_r_val_seeds": [
    [
      223,
      254,
      309,
      141,
      173,
      329,
      432,
      237,
      373,
      248,
      249,
      330,
      37,
      301,
      59,
      278,
      186,
      262,
      390,
      491,
      413,
      345,
      379,
      255,
      246,
      484,
      128,
      388,
      394,
      289,
      458,
      478,
      469,
      119,
      475,
      198,
      175,
      178,
      325,
      87,
      323,
      122,
      339,
      328,
      346,
      392,
      208,
      209,
      52,
      476
    ],
    [
      254,
      141,
      475,
      325,
      330,
      392,
      27,
      211,
      385,
      245,
      137,
      107,
      309,
      145,
      173,
      246,
      388,
      394,
      329,
      469,
      432,
      175,
      248,
      178,
      87,
      249,
      328,
      301,
      499,
      223,
      30,
      59,
      94,
      100,
      403,
      186,
      262,
      390,
      305,
      464,
      374,
      491,
      489,
      365,
      439,
      437,
      316,
      123,
      454,
      379
    ],
    [
      223,
      186,
      309,
      173,
      329,
      325,
      328,
      52,
      59,
      282,
      305,
      228,
      210,
      137,
      379,
      14,
      141,
      419,
      246,
      128,
      478,
      469,
      432,
      237,
      373,
      475,
      105,
      285,
      175,
      248,
      87,
      118,
      249,
      339,
      330,
      37,
      346,
      392,
      404,
      27,
      172,
      320,
      290,
      75,
      18,
      499,
      153,
      30,
      49,
      278
    ]
  ],
  "loss_predicts_minimas": true,
  "loss_ordering_violations": 2,
  "test_loss_ranks": [
    2,
    1,
    3
  ],
  "log_exp_r_n_ranks": [
    2,
    1,
    3
  ],
  "data_level_ranks": [
    2,
    3,
    1
  ],
  "accuracy_predicts_minimas": false,
  "accuracy_ordering_violations": 1,
  "log_exp_r_n_acc_ranks": [
    1,
    2,
    3
  ]
}