{
  "test_loss_values": [
    0.4971111047267914,
    0.514248166680336,
    0.33501703292131424,
    0.4856918528676033,
    0.17394602298736572,
    0.22285034656524658,
    0.5435654744505882,
    0.4123481810092926
  ],
  "log_exp_r_n_values": [
    650236.8712769648,
    -Infinity,
    804729.7059413776,
    687880.3163541676,
    840923.8678993696,
    814042.7231377525,
    -Infinity,
    755179.4983116271
  ],
  "log_exp_r_n_acc_values": [
    -Infinity,
    -Infinity,
    -Infinity,
    -Infinity,
    -Infinity,
    -Infinity,
    -Infinity,
    -Infinity
  ],
  "model_data_levels": [
    200,
    100,
    2000,
    500,
    10000,
    5000,
    0,
    1000
  ],
  "loss_landscape_data_param": 10000,
  "train_loss_values": [
    0.47489380836486816,
    0.5045276284217834,
    0.2670338749885559,
    0.45233234763145447,
    0.0703042671084404,
    0.14249420166015625,
    0.5475878715515137,
    0.3510233163833618
  ],
  "num_params": 235146,
  "dataset_type": "data",
  "top_r_vals": [
    [
      15.883233607283433,
      14.978854418589593,
      12.57115113886013,
      12.551126392010302,
      11.762340251756635,
      11.023294382337845,
      10.305745051486971,
      10.287683240482504,
      10.28342978088143,
      10.271177510005566,
      9.6043684187268,
      8.934560472370835,
      8.931861649143322,
      8.927188145723317,
      8.925107849634331,
      8.920434908001013,
      8.908606489380004,
      8.281521877012262,
      8.266183738085253,
      8.260657048689586,
      7.667046376410848,
      7.663357002271978,
      7.660353004033839,
      7.6565075780384415,
      7.652187253492008,
      7.652164134698449,
      7.647124237702477,
      7.646976855393535,
      7.64465823305613,
      7.641823772637427,
      7.06718526086778,
      7.062108595742531,
      7.059732057744753,
      7.043087858024418,
      6.489767178089727,
      6.4774692568441,
      6.475937672990226,
      6.47145951258703,
      6.469293607605493,
      6.468885130889609,
      5.931883455560032,
      5.921038222973379,
      5.40181424639983,
      5.397136942250166,
      4.901198722392586,
      4.8987857368461345,
      4.89763781168326,
      4.882838084798206,
      4.4297367569015575,
      4.427918188674459
    ],
    [
      0.0,
      0.0,
      0.0,
      0.0,
      0.0,
      0.0,
      0.0,
      0.0,
      0.0,
      0.0,
      0.0,
      0.0,
      0.0,
      0.0,
      0.0,
      0.0,
      0.0,
      0.0,
      0.0,
      0.0,
      0.0,
      0.0,
      0.0,
      0.0,
      0.0,
      0.0,
      0.0,
      0.0,
      0.0,
      0.0,
      0.0,
      0.0,
      0.0,
      0.0,
      0.0,
      0.0,
      0.0,
      0.0,
      0.0,
      0.0,
      0.0,
      0.0,
      0.0,
      0.0,
      0.0,
      0.0,
      0.0,
      0.0,
      0.0,
      0.0
    ],
    [
      30.63895371775353,
      29.39664255301491,
      27.01183413821053,
      27.010848498501556,
      25.9169899033632,
      25.912112642456158,
      24.85994243768727,
      24.785368376490307,
      23.738014650237687,
      23.72744729013709,
      23.700218024402794,
      23.6877320387072,
      22.66311786994829,
      22.662230164531337,
      22.65101201886893,
      22.640530540462645,
      22.60757144897057,
      22.58193485850213,
      21.58524990084195,
      21.579982283729418,
      21.579687297171116,
      20.621287933994626,
      20.603285439649422,
      20.59596629932774,
      20.59354774446392,
      20.59058899818167,
      20.567308950266458,
      20.557433940235985,
      20.542342261519597,
      19.631070169077173,
      19.606649325064396,
      19.600751874952653,
      19.572286783319868,
      19.565626104770082,
      19.56419458907288,
      19.55185100281559,
      18.663793925892715,
      18.648380510632627,
      18.636808141897806,
      18.623267778925598,
      18.598153875095733,
      17.714978837734527,
      17.697602706257616,
      17.684616510014543,
      17.678814451127536,
      17.627045486121524,
      16.76130032064349,
      16.744859393686152,
      15.025484158244359,
      14.992047061806018
    ],
    [
      18.640739441881255,
      17.656706759545607,
      14.993617906765742,
      14.191651090353815,
      14.158809228869494,
      14.118289181410741,
      13.347828750878143,
      13.335676118920015,
      12.544422015858185,
      12.53734359612131,
      12.521556431655766,
      11.783177726693397,
      11.772991899125419,
      11.767198404210172,
      11.759311312193379,
      11.757991612853104,
      11.755604749231496,
      11.750744375061899,
      11.750068232807314,
      11.030321570828193,
      11.028740245348722,
      11.026989690300397,
      11.025422929660868,
      11.010044539373022,
      10.997916189083769,
      10.296317834763336,
      10.289970374252455,
      10.288415589918618,
      9.617542974569771,
      9.612314477538447,
      9.609079745263694,
      9.603225326933032,
      9.597608952030884,
      9.586425140088792,
      9.580723577056135,
      8.935035743905074,
      8.934593055998478,
      8.925484246712275,
      8.916729363036673,
      8.915151304242732,
      8.91458839398587,
      8.28302584084347,
      8.251996363308969,
      7.6692118367409225,
      7.668386784795768,
      7.667494303036064,
      7.654352713822083,
      7.652559080755091,
      7.649003602962251,
      7.0650439797132645
    ],
    [
      35.73727561638773,
      31.857320764956366,
      30.599220217889258,
      29.475911996487476,
      29.402165621236882,
      29.39664255301491,
      28.190358789866416,
      28.17350197122547,
      28.1724739432085,
      28.170819155450616,
      28.13887393942072,
      27.085368988830083,
      27.06116038381907,
      26.99466630321046,
      25.957552211976576,
      25.933511604302726,
      25.927341241456773,
      25.918909173201907,
      25.903750691960905,
      25.89251065203037,
      25.889604841620358,
      25.886191900437332,
      25.88583805034812,
      24.848246351040597,
      24.820342718575063,
      24.8193705155089,
      24.814665552034622,
      24.81072680317589,
      24.807813315014535,
      24.745311425438477,
      23.72870946529523,
      23.72753382224013,
      23.716909768692712,
      23.705823215973872,
      23.675902503448462,
      23.6744075867718,
      23.67260085613763,
      22.6861554641398,
      22.638162376091895,
      22.618223913974017,
      21.640735920888993,
      21.627707574461503,
      21.598582749523175,
      21.569524534452846,
      20.58714705909588,
      20.52012705136446,
      19.62512216587018,
      19.58871407327151,
      19.5703250766237,
      16.754377491928523
    ],
    [
      31.87676744795078,
      30.62026217316067,
      30.61449981386596,
      29.475911996487476,
      29.39664255301491,
      29.387491097260856,
      29.359625969145995,
      29.358554660435605,
      28.224949535680913,
      27.02799590573564,
      25.957552211976576,
      25.93572602099004,
      25.88583805034812,
      25.872158564641282,
      25.84281998950271,
      24.829276687361215,
      24.81822353436343,
      24.807813315014535,
      24.795605378278456,
      24.78974251002875,
      24.772938846117956,
      24.76430917845203,
      24.746129137166676,
      23.728543860753202,
      23.714087031814223,
      23.689934131536297,
      23.68727550726702,
      22.662388327133716,
      22.65793412627754,
      22.655791094259722,
      22.610526667324923,
      22.59460781512876,
      21.645583488017586,
      21.627707574461503,
      21.61950912315681,
      21.612899792988774,
      21.609828942135298,
      21.598582749523175,
      21.57844617861015,
      20.624893096386703,
      20.622492677445805,
      20.581260656684957,
      20.554567168991404,
      19.595142947384538,
      19.5703250766237,
      19.56419458907288,
      19.531352339192825,
      18.656131758930343,
      18.62152131590373,
      15.860973871102528
    ],
