{
  "test_loss_values": [
    2.7898260620830113
  ],
  "log_exp_r_n_values": [
    11995.908758527365
  ],
  "log_exp_r_n_acc_values": [
    -Infinity
  ],
  "model_data_levels": [
    0
  ],
  "loss_landscape_data_param": 20,
  "train_loss_values": [
    1.0992501974105835
  ],
  "num_params": 4353,
  "dataset_type": "data",
  "top_r_vals": [
    [
      15.747448191170479,
      14.407683336904903,
      12.025991670262366,
      11.402547324915005,
      11.318379471814156,
      10.875972930950065,
      10.634621645779285,
      10.047978044096478,
      8.997864017279918,
      8.92562656899702,
      8.461383887453337,
      8.387707939609268,
      8.012710905667202,
      7.654040157109021,
      7.09513136975658,
      6.745051089763936,
      6.6383265813186005,
      6.617179410113106,
      6.117419352434809,
      5.898676649331791,
      5.000305834240149,
      4.7593589632290545,
      4.631655737069378,
      4.568420015538061,
      4.513007142757866,
      4.2175762683344225,
      4.181481439761426,
      4.169413431099892,
      4.117202856969639,
      4.105093607512042,
      3.984650876183522,
      3.7736367428145847,
      3.6687045258696744,
      3.6366715522581594,
      3.5762596956951707,
      3.492142789881676,
      3.331170431567704,
      3.323584384246609,
      3.145545969066725,
      3.1034229840688963,
      2.9435045344669875,
      2.546536703238487,
      2.4850684391634026,
      2.481403137371606,
      2.2974938486201393,
      2.2369040061669216,
      2.1938638131814954,
      2.0681278287344744,
      1.717753731481693,
      1.6325651810396964
    ]
  ],
  "top_r_val_seeds": [
    [
      5,
      44,
      16,
      8,
      35,
      2,
      27,
      3,
      18,
      37,
      46,
      24,
      22,
      28,
      21,
      47,
      42,
      25,
      7,
      34,
      43,
      17,
      50,
      26,
      14,
      11,
      20,
      29,
      31,
      38,
      15,
      12,
      19,
      36,
      49,
      41,
      1,
      4,
      33,
      13,
      10,
      39,
      9,
      45,
      30,
      48,
      23,
      40,
      32,
      6
    ]
  ],
  "test_acc_values": [
    0.81875
  ],
  "loss_predicts_minimas": true,
  "loss_ordering_violations": 0,
  "test_loss_ranks": [
    1
  ],
  "log_exp_r_n_ranks": [
    1
  ],
  "data_level_ranks": [
    1
  ],
  "accuracy_predicts_minimas": true,
  "accuracy_ordering_violations": 0,
  "log_exp_r_n_acc_ranks": [
    1
  ]
}