{
  "test_loss_values": [
    0.5249067777395249,
    0.5217496910691262,
    0.35056384205818175,
    0.4970983549952507,
    0.17683035135269165,
    0.22684131264686586,
    0.5468985334038734,
    0.43584612011909485
  ],
  "log_exp_r_n_values": [
    -Infinity,
    -Infinity,
    813810.7955540114,
    -Infinity,
    765284.0747264723,
    785299.5209107166,
    -Infinity,
    711167.8894833252
  ],
  "log_exp_r_n_acc_values": [
    -Infinity,
    -Infinity,
    -Infinity,
    -Infinity,
    -Infinity,
    -Infinity,
    -Infinity,
    -Infinity
  ],
  "model_data_levels": [
    200,
    100,
    2000,
    500,
    10000,
    5000,
    0,
    1000
  ],
  "loss_landscape_data_param": 2000,
  "train_loss_values": [
    0.3255809545516968,
    0.3514811098575592,
    0.01095996331423521,
    0.2879098653793335,
    0.07592292129993439,
    0.037176571786403656,
    0.4002642333507538,
    0.16451822221279144
  ],
  "num_params": 235146,
  "dataset_type": "data",
  "top_r_vals": [
    [
      0.0,
      0.0,
      0.0,
      0.0,
      0.0,
      0.0,
      0.0,
      0.0,
      0.0,
      0.0,
      0.0,
      0.0,
      0.0,
      0.0,
      0.0,
      0.0,
      0.0,
      0.0,
      0.0,
      0.0,
      0.0,
      0.0,
      0.0,
      0.0,
      0.0,
      0.0,
      0.0,
      0.0,
      0.0,
      0.0,
      0.0,
      0.0,
      0.0,
      0.0,
      0.0,
      0.0,
      0.0,
      0.0,
      0.0,
      0.0,
      0.0,
      0.0,
      0.0,
      0.0,
      0.0,
      0.0,
      0.0,
      0.0,
      0.0,
      0.0
    ],
    [
      0.0,
      0.0,
      0.0,
      0.0,
      0.0,
      0.0,
      0.0,
      0.0,
      0.0,
      0.0,
      0.0,
      0.0,
      0.0,
      0.0,
      0.0,
      0.0,
      0.0,
      0.0,
      0.0,
      0.0,
      0.0,
      0.0,
      0.0,
      0.0,
      0.0,
      0.0,
      0.0,
      0.0,
      0.0,
      0.0,
      0.0,
      0.0,
      0.0,
      0.0,
      0.0,
      0.0,
      0.0,
      0.0,
      0.0,
      0.0,
      0.0,
      0.0,
      0.0,
      0.0,
      0.0,
      0.0,
      0.0,
      0.0,
      0.0,
      0.0
    ],
    [
      31.845342474132348,
      29.372753663965046,
      28.248434382970125,
      27.06116038381907,
      25.858177409503547,
      24.78974251002875,
      24.759509023345274,
      24.731432173318993,
      23.753594904583377,
      23.749442855570255,
      23.72753382224013,
      23.72180181638011,
      23.72028004491285,
      23.70786865585781,
      23.672675452778183,
      22.651118885492156,
      22.62881225900353,
      22.625355479964156,
      22.610526667324923,
      22.608899444875227,
      22.608801127581856,
      21.618845743246894,
      21.61036182107933,
      21.598582749523175,
      21.590809785742664,
      20.603948696259103,
      20.603141647689117,
      20.567705349724587,
      20.567308950266458,
      20.561072783627772,
      19.573412514440925,
      19.572286783319868,
      19.566861573097903,
      19.564931924462137,
      18.67257898652955,
      18.663793925892715,
      18.656131758930343,
      18.64954560072909,
      18.641243454699648,
      18.63074709472595,
      18.624254706351376,
      18.622306638202154,
      18.58647835955157,
      17.686263431217608,
      17.678814451127536,
      16.7948795213702,
      15.881385953302157,
      15.01429188790633,
      14.157490779485325,
      14.111402065066812
    ],
    [
      0.0,
      0.0,
      0.0,
      0.0,
      0.0,
      0.0,
      0.0,
      0.0,
      0.0,
      0.0,
      0.0,
      0.0,
      0.0,
      0.0,
      0.0,
      0.0,
      0.0,
      0.0,
      0.0,
      0.0,
      0.0,
      0.0,
      0.0,
      0.0,
      0.0,
      0.0,
      0.0,
      0.0,
      0.0,
      0.0,
      0.0,
      0.0,
      0.0,
      0.0,
      0.0,
      0.0,
      0.0,
      0.0,
      0.0,
      0.0,
      0.0,
      0.0,
      0.0,
      0.0,
      0.0,
      0.0,
      0.0,
      0.0,
      0.0,
      0.0
    ],
    [
      25.90724516542255,
      22.66985901654156,
      21.6097269882557,
      20.569617394169686,
      20.542342261519597,
      19.604794889570343,
      19.58695704496099,
      19.563068857951823,
      18.641311437823987,
      18.576053499070714,
      17.717040827592147,
      17.71394394805963,
      17.689678567144767,
      17.68757317868788,
      17.682935092488982,
      17.66524626854041,
      17.656706759545607,
      17.65668561663827,
      17.65662997740844,
      16.779777373693463,
      16.777891055841838,
      16.773276540023602,
      16.77130687815057,
      16.749938104054003,
      16.740838835893904,
      15.86834650985376,
      15.862635760953795,
      15.85707681929986,
      15.851963312065193,
      15.8491578742093,
      15.025484158244359,
      15.014187101974521,
      15.013493249182817,
      14.992047061806018,
      14.979401004666324,
      14.969385924030684,
      14.18497421323601,
      14.17414511140225,
      14.154923366562908,
      14.141790541683564,
      13.36912459982293,
      13.33313078829858,
      13.33256851612042,
      12.56242266609429,
      12.550722361809045,
      12.548255568041212,
      12.526263541324713,
      11.770428779362966,
      11.022267907903803,
      10.986385690795965
    ],
    [
      28.209023091272943,
      25.94344060519305,
      24.807084552844557,
      23.700218024402794,
      23.684152891893515,
      23.671313318121705,
      22.682189999973858,
      22.661265515145658,
      22.59535445660305,
      21.614286365751298,
      21.54382535986899,
      20.593039938622134,
      20.58518967484348,
      20.569617394169686,
      20.556135926324067,
      20.554631940144695,
      19.631070169077173,
      19.6111349875161,
      19.59841903455721,
      19.56413293895672,
      18.641243454699648,
      18.640739441881255,
      18.63561257660767,
      18.63342422327759,
      18.623267778925598,
      18.610041544872757,
      18.606975271540406,
      18.604040275965406,
      18.598234751571244,
      17.71894702760623,
      17.66757532670123,
      17.657351061827075,
      17.645545530041066,
      16.791745153172673,
      16.785817177776543,
      16.77912011641071,
      16.76130032064349,
      16.760593478942933,
      16.756132991316164,
      16.754377491928523,
      16.741895933481892,
      15.910363160119852,
      15.86918744209821,
      15.853552294489091,
      14.181797462895505,
      14.165804137359022,
      14.158809228869494,
      13.347399074228564,
      12.540891486326103,
      12.500065497083407
    ],
    [
      0.0,
      0.0,
      0.0,
      0.0,
      0.0,
      0.0,
      0.0,
      0.0,
      0.0,
      0.0,
      0.0,
      0.0,
      0.0,
      0.0,
      0.0,
      0.0,
      0.0,
      0.0,
      0.0,
      0.0,
      0.0,
      0.0,
      0.0,
      0.0,
      0.0,
      0.0,
      0.0,
      0.0,
      0.0,
      0.0,
      0.0,
      0.0,
      0.0,
      0.0,
      0.0,
      0.0,
      0.0,
      0.0,
      0.0,
      0.0,
      0.0,
      0.0,
      0.0,
      0.0,
      0.0,
      0.0,
      0.0,
      0.0,
      0.0,
      0.0
    ],
    [
      20.581322836992115,
      19.573680075945052,
      17.704313910160096,
      15.00675485295535,
      14.996263987548256,
      14.183448197158253,
      14.180968977809506,
      14.167835262085985,
      14.156144713931623,
      14.143848391735883,
      14.134317249870188,
      14.126679151883788,
      13.34673777501007,
      13.343513521713811,
      13.340761744889647,
      13.325587948989163,
      13.315837981577415,
      13.300014635429324,
      12.551126392010302,
      12.533440601247444,
      12.52108453700664,
      11.766574842569032,
      11.761107939914762,
      11.758218227891334,
      11.048863305638788,
      11.043665044906932,
      11.028740245348722,
      11.026989690300397,
      11.024110706938432,
      11.01911635396577,
      11.008307855600831,
      11.005274207509952,
      10.315454838435514,
