{
  "test_loss_values": [
    0.5214426511526108,
    0.5103812611103058,
    0.3551990374922752,
    0.48602689653635023,
    0.17558495700359344,
    0.23093942403793336,
    0.5455018758773804,
    0.4405334949493408
  ],
  "log_exp_r_n_values": [
    -Infinity,
    -Infinity,
    755036.0017938442,
    -Infinity,
    793198.2067774271,
    795085.0377938238,
    -Infinity,
    623212.2299975647
  ],
  "log_exp_r_n_acc_values": [
    -Infinity,
    -Infinity,
    -Infinity,
    -Infinity,
    -Infinity,
    -Infinity,
    -Infinity,
    -Infinity
  ],
  "model_data_levels": [
    200,
    100,
    2000,
    500,
    10000,
    5000,
    0,
    1000
  ],
  "loss_landscape_data_param": 10000,
  "train_loss_values": [
    0.49823233485221863,
    0.5022088289260864,
    0.2830539047718048,
    0.4584387540817261,
    0.07395127415657043,
    0.14868707954883575,
    0.5466230511665344,
    0.3747922480106354
  ],
  "num_params": 235146,
  "dataset_type": "data",
  "top_r_vals": [
    [
      0.0,
      0.0,
      0.0,
      0.0,
      0.0,
      0.0,
      0.0,
      0.0,
      0.0,
      0.0,
      0.0,
      0.0,
      0.0,
      0.0,
      0.0,
      0.0,
      0.0,
      0.0,
      0.0,
      0.0,
      0.0,
      0.0,
      0.0,
      0.0,
      0.0,
      0.0,
      0.0,
      0.0,
      0.0,
      0.0,
      0.0,
      0.0,
      0.0,
      0.0,
      0.0,
      0.0,
      0.0,
      0.0,
      0.0,
      0.0,
      0.0,
      0.0,
      0.0,
      0.0,
      0.0,
      0.0,
      0.0,
      0.0,
      0.0,
      0.0
    ],
    [
      0.0,
      0.0,
      0.0,
      0.0,
      0.0,
      0.0,
      0.0,
      0.0,
      0.0,
      0.0,
      0.0,
      0.0,
      0.0,
      0.0,
      0.0,
      0.0,
      0.0,
      0.0,
      0.0,
      0.0,
      0.0,
      0.0,
      0.0,
      0.0,
      0.0,
      0.0,
      0.0,
      0.0,
      0.0,
      0.0,
      0.0,
      0.0,
      0.0,
      0.0,
      0.0,
      0.0,
      0.0,
      0.0,
      0.0,
      0.0,
      0.0,
      0.0,
      0.0,
      0.0,
      0.0,
      0.0,
      0.0,
      0.0,
      0.0,
      0.0
    ],
    [
      24.80241236026015,
      21.636697187871874,
      21.62042942684331,
      21.588547769000662,
      20.569617394169686,
      20.564316522984498,
      20.553449218885632,
      20.542342261519597,
      19.642423654468956,
      19.60946057036123,
      19.60065939977842,
      18.659614135868573,
      18.64954560072909,
      18.648380510632627,
      18.62236290009816,
      18.576053499070714,
      17.717040827592147,
      17.695001015870613,
      17.693327387837233,
      17.69011477870666,
      17.68757317868788,
      17.682935092488982,
      17.657977559554997,
      16.773276540023602,
      16.770893323006366,
      16.763053710055903,
      16.739634040040123,
      15.883720988441738,
      15.031655200012214,
      15.027410897765268,
      15.014775224817013,
      15.01429188790633,
      14.986098808145432,
      14.98353013679002,
      14.978836482258922,
      14.978789281388739,
      14.953691634694508,
      14.167452199089233,
      14.157490779485325,
      14.144120990054502,
      14.137057486563231,
      13.333818942307673,
      13.33256851612042,
      13.307478588791357,
      12.537305718289941,
      12.53565250877503,
      12.533440601247444,
      12.52880687987677,
      11.755604749231496,
      11.005274207509952
    ],
    [
      0.0,
      0.0,
      0.0,
      0.0,
      0.0,
      0.0,
      0.0,
      0.0,
      0.0,
      0.0,
      0.0,
      0.0,
      0.0,
      0.0,
      0.0,
      0.0,
      0.0,
      0.0,
      0.0,
      0.0,
      0.0,
      0.0,
      0.0,
      0.0,
      0.0,
      0.0,
      0.0,
      0.0,
      0.0,
      0.0,
      0.0,
      0.0,
      0.0,
      0.0,
      0.0,
      0.0,
      0.0,
      0.0,
      0.0,
      0.0,
      0.0,
      0.0,
      0.0,
      0.0,
      0.0,
      0.0,
      0.0,
      0.0,
      0.0,
      0.0
    ],
    [
      29.172674161335767,
      29.137609022177276,
      27.021918712968162,
      26.850552170506372,
      26.402968241216826,
      26.325053703251232,
      25.971170441153518,
      25.737709159369345,
      25.72625160300421,
      25.545901436567647,
      25.481987633538232,
      25.413845195674572,
      25.02371233555961,
      24.86925475720301,
      24.816569278163808,
      24.62930294631625,
      24.42556720885049,
      24.394148997596194,
      24.39068297526756,
      24.210786346678738,
      24.17328107407826,
      23.075263223522686,
      22.041439523734653,
      21.998966560741835,
      21.858967512091823,
      21.84793302201726,
      21.601340838300846,
      21.565146803502923,
      21.446726525978754,
      21.39870704565771,
      21.39714141290608,
      21.26257318598384,
      21.230919568055413,
      20.21184046958699,
      20.20475738178353,
      20.037828298180905,
      19.82925367064132,
      19.417247695330463,
      19.407861256057103,
      19.259725590533847,
      19.22026566197993,
      18.851877842650232,
      18.681908514515044,
      18.460954737124244,
      18.07552767030366,
      17.3550335902903,
      16.44738152856623,
      15.552593692469465,
      15.392864290183851,
      15.201276814418673
    ],
    [
      29.407699791103518,
      26.99466630321046,
      25.959068712358906,
      25.945061466892014,
      25.94344060519305,
      25.934710128798436,
      25.912112642456158,
      25.88583805034812,
      25.872158564641282,
      24.838045241179447,
      24.81231853211246,
      24.7827716735977,
      23.767332621907435,
      23.716797873731885,
      23.64447046298547,
      22.6861554641398,
      22.661182871623694,
      22.65433770818381,
      22.651677441709566,
      22.651118885492156,
      22.640530540462645,
      22.625355479964156,
      21.645583488017586,
      21.616330880883492,
      21.59753330425585,
      20.621287933994626,
      20.603948696259103,
      20.602264646273582,
      20.59058899818167,
      20.556135926324067,
      19.610503690326635,
      19.5703250766237,
      19.56419458907288,
      19.56413293895672,
      19.55185100281559,
      19.531352339192825,
      18.640739441881255,
      18.62763276435743,
      18.610041544872757,
      18.60722962219527,
      18.598234751571244,
      17.67722873307729,
      17.66757532670123,
      16.762165410485956,
      16.760593478942933,
      16.756132991316164,
      16.741895933481892,
      15.867527549710708,
      14.979401004666324,
      14.140977200948601
    ],
    [
      0.0,
      0.0,
      0.0,
      0.0,
      0.0,
      0.0,
      0.0,
      0.0,
      0.0,
      0.0,
      0.0,
      0.0,
      0.0,
      0.0,
      0.0,
      0.0,
      0.0,
      0.0,
      0.0,
      0.0,
      0.0,
      0.0,
      0.0,
      0.0,
      0.0,
      0.0,
      0.0,
      0.0,
      0.0,
      0.0,
      0.0,
      0.0,
      0.0,
      0.0,
      0.0,
      0.0,
      0.0,
      0.0,
      0.0,
      0.0,
      0.0,
      0.0,
      0.0,
      0.0,
      0.0,
      0.0,
      0.0,
      0.0,
      0.0,
      0.0
    ],
    [
      14.158809228869494,
      13.333171070484479,
      13.322153892641353,
      12.560078186156915,
      12.544422015858185,
      11.776243750866803,
      11.041191796371937,
      11.030831340226179,
      11.014565188265648,
      10.324548933380242,
      10.284182221319774,
      9.6043684187268,
      9.60070714162837,
      9.593444400374201,
      9.58646682789734,
      8.942842893445617,
      8.938539607450037,
      8.934593055998478,
      8.934560472370835,
      8.929529672620129,
      8.925107849634331,
      8.908606489380004,
      8.284773085280557,
      8.282494478492298,
      8.266183738085253,
      8.265872213883291,
      8.265396592484645,
      7.668386784795768,
      7.660353004033839,
      7.652964622925447,
      7.652559080755091,
      7.647124237702477,
      7.645968779666034,
      7.64465823305613,
