{
  "test_loss_values": [
    0.8606279492378235,
    1.9962192532762693,
    0.6702414751052856
  ],
  "log_exp_r_n_values": [
    -Infinity,
    3205166.463845667,
    -Infinity
  ],
  "log_exp_r_n_acc_values": [
    -Infinity,
    -Infinity,
    -Infinity
  ],
  "model_data_levels": [
    29940,
    5940,
    59940
  ],
  "loss_landscape_data_param": 5940,
  "train_loss_values": [
    0.16531722247600555,
    0.00815059244632721,
    0.3504432737827301
  ],
  "num_params": 1707274,
  "dataset_type": "data",
  "top_r_vals": [
    [
      0.0,
      0.0,
      0.0,
      0.0,
      0.0,
      0.0,
      0.0,
      0.0,
      0.0,
      0.0,
      0.0,
      0.0,
      0.0,
      0.0,
      0.0,
      0.0,
      0.0,
      0.0,
      0.0,
      0.0,
      0.0,
      0.0,
      0.0,
      0.0,
      0.0,
      0.0,
      0.0,
      0.0,
      0.0,
      0.0,
      0.0,
      0.0,
      0.0,
      0.0,
      0.0,
      0.0,
      0.0,
      0.0,
      0.0,
      0.0,
      0.0,
      0.0,
      0.0,
      0.0,
      0.0,
      0.0,
      0.0,
      0.0,
      0.0,
      0.0
    ],
    [
      6.5362446573532065,
      4.806277440599174,
      4.805492782943068,
      4.805293255710515,
      4.805229137970616,
      4.8050986606118,
      4.8046614942033985,
      4.80448438576102,
      4.804357047032829,
      4.804348976268366,
      4.804170074322774,
      4.804164245437328,
      4.80399744963843,
      4.803936022153352,
      4.803889839445593,
      4.803845450241047,
      4.803747704315887,
      4.803688518709826,
      4.803608707816805,
      4.803602430555556,
      4.803598395173324,
      4.803571492625116,
      4.803514100522269,
      4.80347060806933,
      4.803433392877641,
      4.803347753099174,
      4.803319505423554,
      4.803299328512397,
      4.803197098829202,
      4.80314688073921,
      4.803145983987604,
      4.803130739210285,
      4.803101594783058,
      4.803075140610653,
      4.803044651056015,
      4.803031199781911,
      4.803001606978881,
      4.802981430067724,
      4.802970669048439,
      4.80284736570248,
      4.802839294938017,
      4.802824050160698,
      4.802808357007576,
      4.802808357007576,
      4.802756793790175,
      4.80273302987259,
      4.802731684745179,
      4.802677879648761,
      4.80267518939394,
      4.802644699839303
    ],
    [
      0.0,
      0.0,
      0.0,
      0.0,
      0.0,
      0.0,
      0.0,
      0.0,
      0.0,
      0.0,
      0.0,
      0.0,
      0.0,
      0.0,
      0.0,
      0.0,
      0.0,
      0.0,
      0.0,
      0.0,
      0.0,
      0.0,
      0.0,
      0.0,
      0.0,
      0.0,
      0.0,
      0.0,
      0.0,
      0.0,
      0.0,
      0.0,
      0.0,
      0.0,
      0.0,
      0.0,
      0.0,
      0.0,
      0.0,
      0.0,
      0.0,
      0.0,
      0.0,
      0.0,
      0.0,
      0.0,
      0.0,
      0.0,
      0.0,
      0.0
    ]
  ],
  "top_r_val_seeds": [
    [
      1,
      2,
      3,
      4,
      5,
      6,
      7,
      8,
      9,
      10,
      11,
      12,
      13,
      14,
      15,
      16,
      17,
      18,
      19,
      20,
      21,
      22,
      23,
      24,
      25,
      26,
      27,
      28,
      29,
      30,
      31,
      32,
      33,
      34,
      35,
      36,
      37,
      38,
      39,
      40,
      41,
      42,
      43,
      44,
      45,
      46,
      47,
      48,
      49,
      50
    ],
    [
      443,
      440,
      58,
      361,
      377,
      482,
      242,
      217,
      246,
      328,
      78,
      160,
      64,
      257,
      373,
      431,
      338,
      136,
      384,
      71,
      351,
      422,
      30,
      228,
      458,
      444,
      301,
      488,
      33,
      199,
      260,
      99,
      438,
      483,
      310,
      380,
      114,
      206,
      412,
      366,
      249,
      340,
      163,
      241,
      178,
      158,
      148,
      316,
      388,
      116
    ],
    [
      1,
      2,
      3,
      4,
      5,
      6,
      7,
      8,
      9,
      10,
      11,
      12,
      13,
      14,
      15,
      16,
      17,
      18,
      19,
      20,
      21,
      22,
      23,
      24,
      25,
      26,
      27,
      28,
      29,
      30,
      31,
      32,
      33,
      34,
      35,
      36,
      37,
      38,
      39,
      40,
      41,
      42,
      43,
      44,
      45,
      46,
      47,
      48,
      49,
      50
    ]
  ],
  "loss_predicts_minimas": true,
  "loss_ordering_violations": 2,
  "test_loss_ranks": [
    2,
    1,
    3
  ],
  "log_exp_r_n_ranks": [
    2,
    1,
    3
  ],
  "data_level_ranks": [
    2,
    3,
    1
  ],
  "accuracy_predicts_minimas": false,
  "accuracy_ordering_violations": 1,
  "log_exp_r_n_acc_ranks": [
    1,
    2,
    3
  ]
}