{
  "test_loss_values": [
    0.5283146405220032,
    0.5406798395514488,
    0.3619833692908287,
    0.5002955384552479,
    0.1779220551252365,
    0.23786835074424745,
    0.5812531426548958,
    0.4444130003452301
  ],
  "log_exp_r_n_values": [
    733248.302026849,
    662571.7841903699,
    866119.3219412691,
    765284.0747264723,
    804953.945356334,
    831901.1796970773,
    -Infinity,
    822942.9659879195
  ],
  "log_exp_r_n_acc_values": [
    -Infinity,
    -Infinity,
    -Infinity,
    -Infinity,
    -Infinity,
    -Infinity,
    -Infinity,
    -Infinity
  ],
  "model_data_levels": [
    200,
    100,
    2000,
    500,
    10000,
    5000,
    0,
    1000
  ],
  "loss_landscape_data_param": 2000,
  "train_loss_values": [
    0.34367239475250244,
    0.386832594871521,
    0.012043455615639687,
    0.29678064584732056,
    0.07136104255914688,
    0.03518537059426308,
    0.4425638020038605,
    0.1714741438627243
  ],
  "num_params": 235146,
  "dataset_type": "data",
  "top_r_vals": [
    [
      22.60757144897057,
      19.58959936893955,
      18.60722962219527,
      17.711672754697837,
      17.67225792428399,
      17.635648423838333,
      16.785817177776543,
      16.77912011641071,
      16.774352627388623,
      16.764500098073004,
      16.759090121594745,
      15.883663061992594,
      15.011340889502426,
      14.180968977809506,
      14.163555646652505,
      14.161476416339902,
      14.154173275764617,
      14.136164860696383,
      14.13513059060515,
      13.361397133828147,
      13.351799063825723,
      13.347828750878143,
      13.329020326912563,
      13.324092472837698,
      13.315895887219643,
      12.56523667331633,
      12.56242266609429,
      12.550100534077423,
      12.530213094366303,
      12.52904835105174,
      12.52698400924219,
      12.500065497083407,
      11.765471390258702,
      11.755604749231496,
      11.752346232341928,
      11.75070734646088,
      11.048863305638788,
      11.023294382337845,
      11.020269057012648,
      10.997916189083769,
      10.307771002227936,
      10.299697011718996,
      10.296752059650235,
      9.60837588588751,
      9.6043684187268,
      9.603225326933032,
      9.589459287545612,
      9.580723577056135,
      8.914272108083061,
      7.656732504634114
    ],
    [
      16.738650791585027,
      13.3223360016901,
      12.560078186156915,
      10.297283499064052,
      10.271177510005566,
      9.620259328007815,
      9.608635679477002,
      9.598903690780379,
      9.597608952030884,
      8.931861649143322,
      8.913946833593318,
      8.28302584084347,
      8.273162296963974,
      8.270970166793651,
      8.266477029265362,
      7.667046376410848,
      7.663357002271978,
      7.6599734705062374,
      7.658847392603276,
      7.642263511356591,
      7.062108595742531,
      7.056237383920228,
      6.48393150524751,
      5.941833155476859,
      5.932177366323807,
      5.9321359651883006,
      5.926967163964452,
      5.922483532884074,
      5.918150214034408,
      5.90823408260583,
      5.410813715351895,
      5.399139316445459,
      5.397702446435666,
      5.395810862122869,
      5.394921824292779,
      5.394611544652538,
      5.389157012094076,
      4.897897358672288,
      4.89738504620701,
      4.887962750703897,
      4.42189329467197,
      4.414773142430214,
      4.414337765456769,
      3.9748290466938965,
      3.9708084018208583,
      3.969152254677912,
      3.540473110142815,
      3.5393726948713313,
      3.1355148465316534,
      3.1312520122597913
    ],
    [
      39.77913021855287,
      34.37768179315355,
      33.17070944290391,
      33.14151993774621,
      33.11264299867744,
      31.912758443606073,
      31.891826500655068,
      30.669977212144257,
      30.632492014953648,
      30.63052691750109,
      30.626030312153766,
      29.413378282350827,
      29.377192471557848,
      29.372753663965046,
      29.356830204963952,
      29.32354007315502,
      28.233575028092723,
      28.176280665260975,
      28.125147368437663,
      27.07331149995497,
      27.05606365620477,
      25.94344060519305,
      25.93572602099004,
      25.908504023804444,
      25.907166894435075,
      25.903750691960905,
      25.899179992421477,
      25.88583805034812,
      25.875540523558435,
      24.848246351040597,
      24.838045241179447,
      24.800102792783555,
      24.795605378278456,
      24.760933776795362,
      23.72753382224013,
      23.702344028658526,
      23.673567628599187,
      23.67260085613763,
      22.648422996810172,
      22.625355479964156,
      22.618223913974017,
      22.59535445660305,
      22.59460781512876,
      21.618845743246894,
      21.582827476662718,
      21.576283396977626,
      21.56955036276901,
      20.636821351976444,
      20.603285439649422,
      20.59354774446392
    ],
    [
      25.90724516542255,
      24.7827716735977,
      24.759509023345274,
      22.671275355521423,
      22.64248406233527,
      21.614286365751298,
      20.57854674536214,
      20.564597629789773,
      20.530141967086042,
      19.631070169077173,
      19.62763872361178,
      19.62512216587018,
      19.60946057036123,
      19.606649325064396,
      18.642104964982245,
      18.63287684191436,
      18.610041544872757,
      17.714978837734527,
      17.704313910160096,
      17.692192347548634,
      16.79864160719732,
      16.779777373693463,
      16.767655566022786,
      16.762165410485956,
      16.756132991316164,
      16.741895933481892,
      16.71151334522186,
      15.86918744209821,
      15.86685839934992,
      15.858550947557353,
      15.854464136697148,
      15.848157144863766,
      15.84699761714903,
      15.01354800219223,
      14.998241704008965,
      14.988074636571334,
      14.978854418589593,
      14.16154322965329,
      14.15985775246758,
      14.157490779485325,
      14.140977200948601,
      14.13566331542389,
      14.135086048396227,
      14.126679151883788,
      14.126212349534258,
      13.36912459982293,
      12.550722361809045,
      12.549715442791848,
      12.525008049039165,
      10.302899258235666
    ],
    [
      30.668185505643393,
      30.608749013968033,
      30.596014411849005,
      28.25019925317542,
      28.230904640981286,
      27.074562700621804,
      27.065133584303968,
      27.02799590573564,
      25.959068712358906,
      25.954224064363313,
      25.921994354624882,
      25.84281998950271,
      24.848246351040597,
      24.845573182738296,
      24.82772553190734,
      24.807084552844557,
      24.80241236026015,
      24.797744849231435,
      24.762745538849636,
      24.759509023345274,
      24.71936780429092,
      23.700218024402794,
      23.68382914247352,
      23.675902503448462,
      22.66311786994829,
      22.639330784505866,
      22.6311832731509,
      22.619834037764,
      21.619430278823256,
      21.616330880883492,
      21.60364509949145,
      21.597468053772907,
      21.596557265781836,
      21.569456565199783,
      21.556628048376304,
      20.636821351976444,
      20.58341364982029,
      20.569617394169686,
      20.563133801725435,
      20.55540660313803,
      19.609532084495974,
      19.59841903455721,
      19.56419458907288,
      19.55185100281559,
      18.609682875285714,
      17.698479580519788,
      17.697059667374443,
      17.662218381652885,
      17.656706759545607,
      16.77130687815057
    ],
    [
      34.391990392094485,
      34.37768179315355,
      30.668185505643393,
      29.43955225992804,
      29.427806719870063,
      29.402165621236882,
      28.26874104347112,
      28.26545099871215,
      28.230904640981286,
      28.224949535680913,
      27.10606231577712,
      27.02799590573564,
      27.014498259358287,
      27.00926194200973,
      26.97863391153662,
      26.96547332329809,
      25.94344060519305,
      25.92567798297293,
      25.9169899033632,
      24.838045241179447,
      24.807201591736952,
