{
  "test_loss_values": [
    0.0008345649099210154
  ],
  "log_exp_r_n_values": [
    143115.31774834386
  ],
  "log_exp_r_n_acc_values": [
    -Infinity
  ],
  "model_data_levels": [
    5551
  ],
  "loss_landscape_data_param": 5551,
  "train_loss_values": [
    0.0007374891429208219
  ],
  "num_params": 73097,
  "dataset_type": "data",
  "top_r_vals": [
    [
      7.084977776502399,
      7.083177099275585,
      7.082710788439956,
      7.082122519385778,
      7.079759080706051,
      7.079134144475055,
      7.078338626160597,
      7.0751812633914914,
      7.073196453168045,
      7.0718270138251205,
      7.0694970538720545,
      7.064783727425774,
      7.061953180797879,
      7.0619316587593115,
      7.060977515049486,
      7.060457000561168,
      7.059443073410877,
      7.058592554331192,
      7.056964053412918,
      7.055675919549026,
      7.052799937506378,
      7.051598688909296,
      7.0464947773186415,
      7.045519908682788,
      7.039724900520356,
      7.037882773441487,
      7.034907152331396,
      7.0324799446485065,
      7.0309000675951445,
      6.263691575511866,
      6.262661712338226,
      6.258955606087509,
      6.2589380914076855,
      6.251336720364153,
      6.247741306889923,
      6.247297835196783,
      6.2469727627392535,
      6.245364915131429,
      6.244571850429007,
      6.244377087189366,
      6.243575615440628,
      6.242605302178389,
      6.241576840179135,
      6.241344245231075,
      6.24106751328986,
      6.240693399728823,
      6.24050984588427,
      6.240413865438835,
      6.240304573836735,
      6.2402877597441035
    ]
  ],
  "top_r_val_seeds": [
    [
      371,
      815,
      156,
      365,
      590,
      346,
      924,
      609,
      326,
      30,
      453,
      149,
      792,
      74,
      20,
      933,
      5,
      794,
      979,
      542,
      691,
      146,
      688,
      107,
      480,
      89,
      338,
      55,
      536,
      553,
      569,
      178,
      530,
      706,
      711,
      94,
      910,
      903,
      850,
      237,
      675,
      982,
      264,
      708,
      131,
      915,
      865,
      476,
      79,
      383
    ]
  ],
  "loss_predicts_minimas": true,
  "loss_ordering_violations": 0,
  "test_loss_ranks": [
    1
  ],
  "log_exp_r_n_ranks": [
    1
  ],
  "data_level_ranks": [
    1
  ],
  "accuracy_predicts_minimas": true,
  "accuracy_ordering_violations": 0,
  "log_exp_r_n_acc_ranks": [
    1
  ]
}