{
  "test_loss_values": [
    0.5297454953193664
  ],
  "log_exp_r_n_values": [
    702380.5525516084
  ],
  "log_exp_r_n_acc_values": [
    -Infinity
  ],
  "model_data_levels": [
    0
  ],
  "loss_landscape_data_param": 0,
  "train_loss_values": [
    0.0020617705304175615
  ],
  "num_params": 235146,
  "dataset_type": "data",
  "top_r_vals": [
    [
      19.8263983546003,
      17.872499180842322,
      17.84413369759384,
      16.06391843685434,
      16.057323613442666,
      16.0516549102531,
      16.044075453576962,
      16.034287633974692,
      16.031270176911157,
      16.029887049651343,
      16.029037601691634,
      16.026096816890497,
      16.019142844460227,
      16.009654651988637,
      16.00864378873967,
      16.007422076769114,
      16.006551443052686,
      15.988400293775827,
      14.312067382737775,
      14.31135828885944,
      14.311306096670425,
      14.309254403722958,
      14.306983143635499,
      14.30488285796033,
      14.30324780265965,
      14.2967678724339,
      14.292360332058157,
      14.2849976339458,
      14.282744371164897,
      14.278808360220939,
      14.269261688957924,
      12.698453123405777,
      12.691113311141722,
      12.68963626160596,
      12.68199673502704,
      12.67772899449036,
      12.671825579022551,
      12.664303227986942,
      12.663730901183554,
      12.65592398097133,
      12.655680064534232,
      12.647894666360576,
      11.142971714885002,
      11.13707207013315,
      11.13388509899241,
      11.126104377627483,
      11.10965388974977,
      11.097639519977832,
      9.687538087033534,
      8.349576715181927
    ]
  ],
  "top_r_val_seeds": [
    [
      39,
      35,
      50,
      28,
      9,
      44,
      34,
      5,
      48,
      33,
      43,
      36,
      24,
      41,
      7,
      23,
      17,
      12,
      19,
      8,
      26,
      2,
      1,
      25,
      49,
      30,
      27,
      3,
      31,
      13,
      20,
      14,
      40,
      22,
      21,
      47,
      46,
      37,
      32,
      45,
      42,
      18,
      10,
      15,
      4,
      6,
      29,
      16,
      38,
      11
    ]
  ],
  "loss_predicts_minimas": true,
  "loss_ordering_violations": 0,
  "test_loss_ranks": [
    1
  ],
  "log_exp_r_n_ranks": [
    1
  ],
  "data_level_ranks": [
    1
  ],
  "accuracy_predicts_minimas": true,
  "accuracy_ordering_violations": 0,
  "log_exp_r_n_acc_ranks": [
    1
  ]
}