{
  "test_loss_values": [
    0.4757929009199142,
    0.48931986823678014,
    0.33311471343040466,
    0.4677643060684204,
    0.17463581264019012,
    0.22011089324951172,
    0.5147746473550796,
    0.4134564220905304
  ],
  "log_exp_r_n_values": [
    795452.7737265632,
    785755.6879094142,
    754362.0901029673,
    794411.126102947,
    562373.7430890846,
    698969.6706980555,
    727741.0315524827,
    784714.040285798
  ],
  "log_exp_r_n_acc_values": [
    -Infinity,
    -Infinity,
    -Infinity,
    -Infinity,
    -Infinity,
    -Infinity,
    -Infinity,
    -Infinity
  ],
  "model_data_levels": [
    200,
    100,
    2000,
    500,
    10000,
    5000,
    0,
    1000
  ],
  "loss_landscape_data_param": 100,
  "train_loss_values": [
    0.0029699858278036118,
    0.0027741394005715847,
    0.0116276815533638,
    0.004141760058701038,
    0.0795801654458046,
    0.03650680556893349,
    0.06992395222187042,
    0.005877683870494366
  ],
  "num_params": 235146,
  "dataset_type": "data",
  "top_r_vals": [
    [
      29.453725359619927,
      28.13887393942072,
      24.81072680317589,
      24.759509023345274,
      24.746129137166676,
      23.684152891893515,
      22.683515146101897,
      22.66985901654156,
      22.661182871623694,
      22.65101201886893,
      22.63823077073076,
      22.638162376091895,
      22.608801127581856,
      21.636697187871874,
      21.60159106866383,
      21.594620142069488,
      21.582827476662718,
      20.603141647689117,
      20.58341364982029,
      20.58039272323088,
      20.567705349724587,
      20.556135926324067,
      19.642423654468956,
      19.618193925816268,
      19.59055124673304,
      19.58350093944913,
      19.56419458907288,
      18.663793925892715,
      18.66178607947899,
      18.642835197507495,
      18.641311437823987,
      18.640739441881255,
      18.63296475112687,
      18.614615168168942,
      18.611771598174954,
      18.58647835955157,
      18.56699181744518,
      17.68757317868788,
      17.66398882194618,
      17.659092569720855,
      17.656706759545607,
      16.779237220035725,
      16.77593932875822,
      16.774352627388623,
      16.767655566022786,
      16.744859393686152,
      16.740244877867916,
      15.872065787381473,
      15.854464136697148,
      13.341090716074483
    ],
    [
      28.263799762000957,
      28.13887393942072,
      25.92567798297293,
      24.746129137166676,
      23.75083035308452,
      23.736531669023513,
      23.716797873731885,
      23.703415236416856,
      23.703343623641924,
      23.671313318121705,
      22.679281802933726,
      22.661182871623694,
      22.635177235083038,
      22.62325234481901,
      22.608801127581856,
      21.60159106866383,
      21.599727351744786,
      21.582827476662718,
      21.579982283729418,
      20.61136499331072,
      20.603141647689117,
      20.574915674508745,
      20.556135926324067,
      19.642423654468956,
      19.631070169077173,
      19.58871407327151,
      19.56419458907288,
      18.663793925892715,
      18.642835197507495,
      18.641311437823987,
      18.640739441881255,
      18.623267778925598,
      18.611771598174954,
      18.600747782926195,
      18.598234751571244,
      17.689678567144767,
      17.68757317868788,
      17.686263431217608,
      17.67225792428399,
      17.66398882194618,
      17.645545530041066,
      17.627045486121524,
      16.779237220035725,
      16.77593932875822,
      16.774352627388623,
      16.740244877867916,
      15.872065787381473,
      15.854464136697148,
      15.851963312065193,
      12.544790535592535
    ],
    [
      24.731432173318993,
      20.621287933994626,
      20.553449218885632,
      19.618193925816268,
      19.573680075945052,
      19.55249709603293,
      18.648380510632627,
      18.641243454699648,
      18.63561257660767,
      18.62236290009816,
      18.610041544872757,
      17.714978837734527,
      17.711672754697837,
      17.6795600168073,
      17.67722873307729,
      17.657977559554997,
      17.65662997740844,
      16.806548739354998,
      16.779777373693463,
      16.77912011641071,
      16.77081419893541,
      16.764500098073004,
      16.763053710055903,
      16.754377491928523,
      16.749938104054003,
      15.876609018711648,
      15.86685839934992,
      15.862635760953795,
      15.8491578742093,
      15.847016593054784,
      15.820395394746187,
      15.030038098199709,
      15.01354800219223,
      14.999015798279983,
      14.98975687558469,
      14.985032068479274,
      14.978836482258922,
      14.969385924030684,
      14.18497421323601,
      14.167452199089233,
      14.15985775246758,
      14.158809228869494,
      14.157490779485325,
      14.13566331542389,
      13.347399074228564,
      13.34477569687195,
      13.343513521713811,
      13.322153892641353,
      12.525008049039165,
      10.302899258235666
    ],
    [
      29.32354007315502,
      27.098408712786508,
      24.81072680317589,
      22.683515146101897,
      22.66985901654156,
      22.661182871623694,
      22.65101201886893,
      22.63823077073076,
      22.60757144897057,
      22.59535445660305,
      21.636697187871874,
      21.597468053772907,
      21.579982283729418,
      21.569456565199783,
      20.61136499331072,
      20.58518967484348,
      20.567705349724587,
      20.567308950266458,
      19.642423654468956,
      19.610366827068763,
      19.59158943468915,
      19.58695704496099,
      19.58350093944913,
      19.565626104770082,
      18.66178607947899,
      18.623267778925598,
      18.62152131590373,
      18.614615168168942,
      18.598212481237407,
      17.71894702760623,
      17.69904932623328,
      17.697602706257616,
      17.697059667374443,
      17.689678567144767,
      17.669558308852483,
      17.659092569720855,
      17.645545530041066,
      16.76889728644301,
      16.74653787897806,
      16.71151334522186,
      15.879883860551974,
      15.873543910566495,
      15.847594858814329,
      15.847016593054784,
      15.01429188790633,
      15.011340889502426,
      14.985893956368834,
      14.98353013679002,
      14.157490779485325,
      12.544790535592535
    ],
    [
      10.931084865966403,
      10.349015002645563,
      10.049035944728512,
      9.788234563216086,
      9.536088837875976,
      9.535493091314537,
      9.515705794809605,
      8.592616845542011,
      8.480382184866453,
      8.47400612711529,
      8.22688308812128,
      8.21630098173182,
      8.085451667278642,
      7.956461466471476,
      7.936105775445115,
      7.82527518890878,
      7.729301695989696,
      7.607919680109974,
      7.581195803147309,
      7.461389928819273,
      7.369881253863044,
      7.231012248929947,
      7.104273692867903,
      7.002797860501267,
      6.886757069000805,
      6.866751745136965,
      6.765912088049166,
      6.7516059510187425,
      6.654258196118415,
      6.650171483475399,
      6.648401676955407,
      6.641847365108193,
      6.641826435513585,
      6.549968745921534,
      6.540965435315351,
      6.431586356146689,
      6.419739763736684,
      6.3186921866527985,
      6.3155813328020445,
      6.094497392475057,
      6.0888154326749175,
      5.979972556785301,
      5.764830343519048,
      5.663451524264976,
      5.461198513465135,
      5.360893421035319,
      5.260470643707396,
      4.957775079046833,
      4.766661713411839,
      4.57385194473479
    ],
    [
      19.54088468015328,
      16.785817177776543,
      16.784768520089454,
      16.7613509600489,
      16.747730014980487,
      15.014187101974521,
      15.008958189575539,
      14.999810660933882,
      14.98836350589686,
      14.988074636571334,
      14.977974594369362,
      14.181797462895505,
      14.179150764841204,
      14.15157646498431,
      14.126679151883788,
      13.36912459982293,
      13.361397133828147,
      13.359061606258265,
      13.340698803974183,
      13.33313078829858,
