{
  "test_loss_values": [
    0.5297451055049897,
    0.5344185465574265,
    0.3504063472151756,
    0.5177828721702099,
    0.1741010695695877,
    0.2271109938621521,
    0.5579330787062645,
    0.4424054384231567
  ],
  "log_exp_r_n_values": [
    -Infinity,
    -Infinity,
    804521.66512654,
    -Infinity,
    754971.4574967895,
    785323.4076796202,
    -Infinity,
    699579.0380918776
  ],
  "log_exp_r_n_acc_values": [
    -Infinity,
    -Infinity,
    -Infinity,
    -Infinity,
    -Infinity,
    -Infinity,
    -Infinity,
    -Infinity
  ],
  "model_data_levels": [
    200,
    100,
    2000,
    500,
    10000,
    5000,
    0,
    1000
  ],
  "loss_landscape_data_param": 2000,
  "train_loss_values": [
    0.3362802267074585,
    0.36346375942230225,
    0.010853273794054985,
    0.29791706800460815,
    0.07073645293712616,
    0.033230554312467575,
    0.41389063000679016,
    0.17011946439743042
  ],
  "num_params": 235146,
  "dataset_type": "data",
  "top_r_vals": [
    [
      0.0,
      0.0,
      0.0,
      0.0,
      0.0,
      0.0,
      0.0,
      0.0,
      0.0,
      0.0,
      0.0,
      0.0,
      0.0,
      0.0,
      0.0,
      0.0,
      0.0,
      0.0,
      0.0,
      0.0,
      0.0,
      0.0,
      0.0,
      0.0,
      0.0,
      0.0,
      0.0,
      0.0,
      0.0,
      0.0,
      0.0,
      0.0,
      0.0,
      0.0,
      0.0,
      0.0,
      0.0,
      0.0,
      0.0,
      0.0,
      0.0,
      0.0,
      0.0,
      0.0,
      0.0,
      0.0,
      0.0,
      0.0,
      0.0,
      0.0
    ],
    [
      0.0,
      0.0,
      0.0,
      0.0,
      0.0,
      0.0,
      0.0,
      0.0,
      0.0,
      0.0,
      0.0,
      0.0,
      0.0,
      0.0,
      0.0,
      0.0,
      0.0,
      0.0,
      0.0,
      0.0,
      0.0,
      0.0,
      0.0,
      0.0,
      0.0,
      0.0,
      0.0,
      0.0,
      0.0,
      0.0,
      0.0,
      0.0,
      0.0,
      0.0,
      0.0,
      0.0,
      0.0,
      0.0,
      0.0,
      0.0,
      0.0,
      0.0,
      0.0,
      0.0,
      0.0,
      0.0,
      0.0,
      0.0,
      0.0,
      0.0
    ],
    [
      30.61185849170179,
      27.066869944413046,
      25.954224064363313,
      25.908504023804444,
      25.899179992421477,
      25.858177409503547,
      24.8193705155089,
      24.818314044440214,
      24.78974251002875,
      24.7827716735977,
      23.749442855570255,
      23.702344028658526,
      22.6861554641398,
      22.671275355521423,
      22.65101201886893,
      22.644637068571253,
      22.61952483700079,
      22.608801127581856,
      22.58193485850213,
      21.627707574461503,
      20.603285439649422,
      20.59923594714578,
      20.589064285233242,
      20.581260656684957,
      20.567308950266458,
      20.554656553182944,
      19.603537227200704,
      19.600751874952653,
      19.59841903455721,
      19.593279880874224,
      19.572286783319868,
      19.566861573097903,
      18.67257898652955,
      18.659614135868573,
      18.642835197507495,
      18.611771598174954,
      18.610041544872757,
      18.60722962219527,
      18.59891341069182,
      18.58647835955157,
      17.69011477870666,
      17.662218381652885,
      17.657977559554997,
      17.65566964430152,
      16.79864160719732,
      16.778344700515326,
      16.73961399527548,
      15.867575488841032,
      15.013087321699235,
      14.953691634694508
    ],
    [
      0.0,
      0.0,
      0.0,
      0.0,
      0.0,
      0.0,
      0.0,
      0.0,
      0.0,
      0.0,
      0.0,
      0.0,
      0.0,
      0.0,
      0.0,
      0.0,
      0.0,
      0.0,
      0.0,
      0.0,
      0.0,
      0.0,
      0.0,
      0.0,
      0.0,
      0.0,
      0.0,
      0.0,
      0.0,
      0.0,
      0.0,
      0.0,
      0.0,
      0.0,
      0.0,
      0.0,
      0.0,
      0.0,
      0.0,
      0.0,
      0.0,
      0.0,
      0.0,
      0.0,
      0.0,
      0.0,
      0.0,
      0.0,
      0.0,
      0.0
    ],
    [
      24.795605378278456,
      22.59535445660305,
      21.614286365751298,
      20.58714705909588,
      20.574915674508745,
      19.631070169077173,
      19.610366827068763,
      19.59055124673304,
      18.65852406163345,
      18.656131758930343,
      18.62152131590373,
      18.619851040866042,
      18.614615168168942,
      18.606975271540406,
      18.598153875095733,
      18.576053499070714,
      17.705420018049182,
      17.698479580519788,
      17.697602706257616,
      17.68757317868788,
      17.656706759545607,
      16.773276540023602,
      15.902877664665981,
      15.889744340420696,
      15.881385953302157,
      15.876534113820515,
      15.85707681929986,
      15.856771207344037,
      15.854680861515492,
      15.847594858814329,
      15.038730610452793,
      15.006825654260625,
      15.003928464848732,
      15.001104908794327,
      14.969385924030684,
      14.181797462895505,
      14.153485544058821,
      14.153442783538253,
      14.145435876061958,
      14.137057486563231,
      14.136164860696383,
      14.13513059060515,
      13.347828750878143,
      13.34668910070211,
      13.341090716074483,
      12.526263541324713,
      12.525008049039165,
      12.520364069089164,
      12.500065497083407,
      11.030023338391276
    ],
    [
      28.21188878595237,
      24.785368376490307,
      23.74639782070292,
      23.704567008546977,
      23.658521486199845,
      22.655791094259722,
      22.635177235083038,
      21.54382535986899,
      20.624893096386703,
      20.621287933994626,
      20.603141647689117,
      20.58714705909588,
      20.57276009052728,
      20.554567168991404,
      19.609532084495974,
      19.58871407327151,
      19.573412514440925,
      18.648380510632627,
      18.64223507061676,
      18.638571014639343,
      18.63561257660767,
      18.63287684191436,
      18.63074709472595,
      18.59891341069182,
      18.598234751571244,
      17.705420018049182,
      17.689678567144767,
      17.686263431217608,
      17.669558308852483,
      17.667915838787806,
      17.66757532670123,
      17.66524626854041,
      16.806548739354998,
      16.79864160719732,
      16.7948795213702,
      16.764500098073004,
      16.76130032064349,
      16.741895933481892,
      15.867575488841032,
      15.853552294489091,
      15.836999312280623,
      15.007195709082868,
      14.98353013679002,
      14.977974594369362,
      14.16904502848038,
      14.167835262085985,
      14.136164860696383,
      14.13513059060515,
      13.293526685863114,
      12.549715442791848
    ],
    [
      0.0,
      0.0,
      0.0,
      0.0,
      0.0,
      0.0,
      0.0,
      0.0,
      0.0,
      0.0,
      0.0,
      0.0,
      0.0,
      0.0,
      0.0,
      0.0,
      0.0,
      0.0,
      0.0,
      0.0,
      0.0,
      0.0,
      0.0,
      0.0,
      0.0,
      0.0,
      0.0,
      0.0,
      0.0,
      0.0,
      0.0,
      0.0,
      0.0,
      0.0,
      0.0,
      0.0,
      0.0,
      0.0,
      0.0,
      0.0,
      0.0,
      0.0,
      0.0,
      0.0,
      0.0,
      0.0,
      0.0,
      0.0,
      0.0,
      0.0
    ],
    [
      19.59158943468915,
      17.67410959785284,
      16.729605327793177,
      15.01354800219223,
      14.164464307714567,
      13.333818942307673,
      12.563884908209388,
      12.550634769324006,
      12.536777006893765,
      11.788850508369325,
      11.776243750866803,
      11.769332732772838,
      11.75070734646088,
      11.039131218301979,
      11.024110706938432,
      11.017663337790557,
      11.004872634065824,
      11.0042262325979,
      10.991747632586222,
      10.311813182257175,
      10.311168973992134,
      10.307771002227936,
      10.304109255047369,
      10.30259659700853,
      10.298717737384512,
      10.296752059650235,
      10.292499248146008,
      10.290926965197325,
      10.289772056617544,
      10.288415589918618,
      10.287683240482504,
      10.28342978088143,
      9.620259328007815,
