{
  "test_loss_values": [
    0.06262003066949547,
    0.009443907119566575
  ],
  "log_exp_r_n_values": [
    6003.953704385768,
    5952.4884053212845
  ],
  "log_exp_r_n_acc_values": [
    -Infinity,
    -Infinity
  ],
  "model_data_levels": [
    380,
    780
  ],
  "loss_landscape_data_param": 380,
  "train_loss_values": [
    7.690174970775843e-05,
    3.5162654967280105e-05
  ],
  "num_params": 5409,
  "dataset_type": "data",
  "top_r_vals": [
    [
      3.038215617746277,
      2.99736484558336,
      2.781024029493065,
      2.7396628048307816,
      2.7368417122378403,
      2.7261230216538617,
      2.716850425549739,
      2.712319647994605,
      2.6855284012941527,
      2.683599806965499,
      2.67247224201926,
      2.6715179208273456,
      2.670095150452003,
      2.470607032460615,
      2.4658689892981664,
      2.4625975553654444,
      2.4585006335550106,
      2.4551525273598918,
      2.4550970408542097,
      2.4474101421261625,
      2.4453947209129647,
      2.4388556362183627,
      2.4386125044389204,
      2.4337281786705836,
      2.4050878099173554,
      2.400909928250904,
      2.2137305722189446,
      2.2009457355737085,
      2.198979079899722,
      2.198384718850686,
      2.1858241736384127,
      2.184964577283997,
      2.182267680896471,
      2.180705064754683,
      2.178795325562682,
      2.1761431974752163,
      2.175577632116671,
      2.1736431466281547,
      2.170912505290835,
      2.170140870772215,
      2.169334366472142,
      2.165970894843021,
      2.1647097335860583,
      2.162948022240487,
      2.1604277244235486,
      2.155326162913712,
      2.154396377063725,
      2.1532546729290325,
      2.1495735488391854,
      2.1469072478728064
    ],
    [
      3.009444837022371,
      2.6898967531576123,
      2.4752736997998452,
      2.4482790103628616,
      2.4382513377292097,
      2.4331798711098918,
      2.426108620383523,
      2.1965762145080667,
      2.1867926536974966,
      2.1788956605467362,
      2.1602245798257895,
      2.156695757942679,
      2.148965239877568,
      2.133809708026147,
      2.1295850652782864,
      2.0875273845521987,
      1.9572341151413124,
      1.9483409298158354,
      1.9375217213167026,
      1.9361108321217224,
      1.9331527474875014,
      1.931560116633507,
      1.9305390154703603,
      1.9296099808055303,
      1.928815259603612,
      1.9280619882537497,
      1.9266261892919092,
      1.924582392740537,
      1.9238054072926234,
      1.9235013088587902,
      1.9225256431103972,
      1.9214415700566272,
      1.915050520992756,
      1.9137352853025205,
      1.9116456547801246,
      1.9109013509463322,
      1.9099378411641672,
      1.907165882307928,
      1.9058482552800737,
      1.899434488508826,
      1.8989749531297828,
      1.8929766812697686,
      1.8925894838536885,
      1.8845227049535764,
      1.7167593165205859,
      1.715487400471781,
      1.7135982671059855,
      1.71355010173647,
      1.7092362360958664,
      1.7085226880398445
    ]
  ],
  "top_r_val_seeds": [
    [
      1,
      615,
      540,
      725,
      867,
      366,
      824,
      181,
      497,
      377,
      997,
      793,
      166,
      983,
      857,
      588,
      637,
      525,
      57,
      519,
      3,
      694,
      203,
      796,
      990,
      909,
      668,
      354,
      979,
      238,
      455,
      129,
      705,
      585,
      932,
      853,
      590,
      691,
      849,
      834,
      663,
      225,
      595,
      603,
      566,
      403,
      331,
      809,
      728,
      361
    ],
    [
      551,
      190,
      957,
      219,
      655,
      390,
      888,
      588,
      746,
      818,
      748,
      717,
      829,
      291,
      199,
      512,
      922,
      857,
      871,
      458,
      682,
      727,
      901,
      978,
      28,
      787,
      400,
      642,
      739,
      228,
      568,
      697,
      282,
      566,
      505,
      327,
      205,
      488,
      880,
      322,
      252,
      102,
      636,
      575,
      973,
      381,
      520,
      903,
      733,
      124
    ]
  ],
  "loss_predicts_minimas": true,
  "loss_ordering_violations": 1,
  "test_loss_ranks": [
    1,
    2
  ],
  "log_exp_r_n_ranks": [
    1,
    2
  ],
  "data_level_ranks": [
    2,
    1
  ],
  "accuracy_predicts_minimas": true,
  "accuracy_ordering_violations": 1,
  "log_exp_r_n_acc_ranks": [
    1,
    2
  ]
}