{
  "test_loss_values": [
    0.5609321743249893
  ],
  "log_exp_r_n_values": [
    702057.108436729
  ],
  "log_exp_r_n_acc_values": [
    -Infinity
  ],
  "model_data_levels": [
    0
  ],
  "loss_landscape_data_param": 0,
  "train_loss_values": [
    0.0019226761069148779
  ],
  "num_params": 235146,
  "dataset_type": "data",
  "top_r_vals": [
    [
      19.799145824166544,
      17.90680303730268,
      17.876752598263057,
      17.86536369094094,
      17.84413369759384,
      17.834460095500063,
      17.824822463109637,
      16.05938266722624,
      16.057323613442666,
      16.0516549102531,
      16.044075453576962,
      16.04220908929494,
      16.035475045196282,
      16.029887049651343,
      16.029037601691634,
      16.02825877292097,
      16.021590303783576,
      16.007422076769114,
      15.988400293775827,
      14.327077136406087,
      14.325409685953606,
      14.307901006269892,
      14.304950347859917,
      14.299497163973228,
      14.292360332058157,
      14.287076322853101,
      14.282744371164897,
      14.269261688957924,
      12.678225595602491,
      12.67772899449036,
      12.677189349301093,
      12.673313788133866,
      12.664264966585044,
      12.657100519079687,
      12.65592398097133,
      12.653838734567902,
      12.648804968880729,
      11.15549891448218,
      11.14628619289486,
      11.137346700312788,
      11.13388509899241,
      11.130232237368357,
      11.116719311590694,
      11.116300360449308,
      11.097639519977832,
      9.706454003517662,
      9.694799308983143,
      9.687538087033534,
      9.68485281416597,
      9.68354435393232
    ]
  ],
  "top_r_val_seeds": [
    [
      25,
      14,
      26,
      5,
      50,
      17,
      29,
      39,
      9,
      44,
      34,
      2,
      49,
      33,
      43,
      37,
      6,
      23,
      12,
      40,
      22,
      35,
      15,
      48,
      27,
      42,
      31,
      20,
      10,
      47,
      8,
      1,
      30,
      24,
      45,
      3,
      7,
      28,
      21,
      46,
      4,
      32,
      13,
      11,
      16,
      19,
      36,
      38,
      41,
      18
    ]
  ],
  "loss_predicts_minimas": true,
  "loss_ordering_violations": 0,
  "test_loss_ranks": [
    1
  ],
  "log_exp_r_n_ranks": [
    1
  ],
  "data_level_ranks": [
    1
  ],
  "accuracy_predicts_minimas": true,
  "accuracy_ordering_violations": 0,
  "log_exp_r_n_acc_ranks": [
    1
  ]
}