{
  "test_loss_values": [
    0.5377552330493927,
    0.529298582971096,
    0.3540287703275681,
    0.5080506063997745,
    0.17513605952262878,
    0.23571184873580933,
    0.5516325667500496,
    0.427170592546463
  ],
  "log_exp_r_n_values": [
    775486.7020582077,
    765451.3199148638,
    882426.3257240895,
    795136.2374364138,
    857883.7834939957,
    866207.7530072272,
    733469.1283384892,
    831989.6107630354
  ],
  "log_exp_r_n_acc_values": [
    -Infinity,
    -Infinity,
    -Infinity,
    -Infinity,
    -Infinity,
    -Infinity,
    -Infinity,
    -Infinity
  ],
  "model_data_levels": [
    200,
    100,
    2000,
    500,
    10000,
    5000,
    0,
    1000
  ],
  "loss_landscape_data_param": 2000,
  "train_loss_values": [
    0.3360044062137604,
    0.35759758949279785,
    0.00940634310245514,
    0.2845975458621979,
    0.06340940296649933,
    0.032704874873161316,
    0.40020641684532166,
    0.15414316952228546
  ],
  "num_params": 235146,
  "dataset_type": "data",
  "top_r_vals": [
    [
      27.05606365620477,
      27.04589062874216,
      25.92567798297293,
      25.922633567689264,
      24.82772553190734,
      24.807084552844557,
      24.778985855558364,
      24.759509023345274,
      24.746129137166676,
      23.753594904583377,
      23.75083035308452,
      23.749442855570255,
      23.69355356053588,
      23.64447046298547,
      21.619430278823256,
      21.60725698559932,
      21.598582749523175,
      21.594620142069488,
      21.555915730604184,
      20.636821351976444,
      20.61136499331072,
      20.59923594714578,
      20.581260656684957,
      20.564597629789773,
      20.556135926324067,
      19.604794889570343,
      19.600751874952653,
      18.663793925892715,
      18.64223507061676,
      18.605905123393452,
      18.598153875095733,
      17.711672754697837,
      17.678814451127536,
      17.66757532670123,
      17.665004794282932,
      17.662218381652885,
      17.659092569720855,
      16.77912011641071,
      16.756132991316164,
      15.870556703508118,
      15.85707681929986,
      15.84699761714903,
      15.014775224817013,
      14.999810660933882,
      14.978854418589593,
      14.167452199089233,
      14.13566331542389,
      13.34673777501007,
      13.293526685863114,
      11.769332732772838
    ],
    [
      25.92567798297293,
      24.807813315014535,
      24.80241236026015,
      23.75083035308452,
      23.736531669023513,
      23.716797873731885,
      23.703415236416856,
      23.69355356053588,
      23.689934131536297,
      23.64447046298547,
      22.60757144897057,
      22.59535445660305,
      21.64325486140758,
      21.639471692781985,
      21.594620142069488,
      21.571102780509015,
      21.555915730604184,
      20.636821351976444,
      20.59058899818167,
      20.5823229035989,
      20.581260656684957,
      19.618193925816268,
      19.60946057036123,
      19.604794889570343,
      18.638571014639343,
      18.60722962219527,
      17.698479580519788,
      17.689678567144767,
      17.678814451127536,
      17.66757532670123,
      17.66398882194618,
      16.79864160719732,
      16.791745153172673,
      16.747501082668517,
      16.744859393686152,
      15.884397129925697,
      15.85707681929986,
      15.8491578742093,
      15.84694768055494,
      14.993617906765742,
      14.978836482258922,
      14.156144713931623,
      14.154923366562908,
      13.34673777501007,
      13.34632823945344,
      13.31638179108704,
      13.315895887219643,
      12.500065497083407,
      11.778937951876857,
      11.022267907903803
    ],
    [
      42.635653049908925,
      37.03658630690134,
      36.986427059565166,
      34.45877323414092,
      34.41646004450423,
      34.41241856882757,
      34.40747441754449,
      34.3268527142228,
      33.12511438562553,
      33.04262819475834,
      31.891826500655068,
      31.88983412764987,
      31.845246262961073,
      31.8410470462147,
      31.832093394087714,
      31.827230721139408,
      31.766150658174173,
      30.67354713918307,
      29.475911996487476,
      29.372753663965046,
      29.36252164813004,
      29.309235604001234,
      28.26545099871215,
      28.230904640981286,
      28.21039379529557,
      28.17235143209767,
      27.10606231577712,
      27.094934290254514,
      27.074562700621804,
      27.048638163267704,
      25.933511604302726,
      25.921994354624882,
      25.88583805034812,
      25.88175491383484,
      25.875540523558435,
      24.814665552034622,
      24.77668253015603,
      23.72870946529523,
      23.70786865585781,
      23.702344028658526,
      23.69603613673345,
      23.68246700781704,
      22.622816328996237,
      21.618845743246894,
      21.60364509949145,
      21.569524534452846,
      20.603948696259103,
      20.55540660313803,
      19.609532084495974,
      19.56421801611702
    ],
    [
      29.414103589802423,
      29.407699791103518,
      29.39664255301491,
      28.22909360716901,
      28.170819155450616,
      27.034638334309786,
      27.030508520952306,
      26.99466630321046,
      26.97863391153662,
      25.959068712358906,
      25.94344060519305,
      25.921872056206954,
      25.903750691960905,
      24.841230259571155,
      24.804249090611467,
      24.79301179642298,
      24.745311425438477,
      23.767332621907435,
      23.753594904583377,
      23.704567008546977,
      22.619834037764,
      21.629058803212434,
      21.619430278823256,
      21.616330880883492,
      21.614286365751298,
      21.571102780509015,
      20.62711215609839,
      20.593039938622134,
      20.567308950266458,
      20.561072783627772,
      19.62512216587018,
      19.610503690326635,
      19.610366827068763,
      19.58350093944913,
      19.573412514440925,
      19.566861573097903,
      19.56413293895672,
      18.62152131590373,
      18.605905123393452,
      17.667915838787806,
      17.65668561663827,
      17.627045486121524,
      16.764500098073004,
      16.763053710055903,
      15.88501933988804,
      15.883720988441738,
      15.883233607283433,
      15.847594858814329,
      15.847016593054784,
      13.336944168563598
    ],
    [
      38.41005687001275,
      33.12997791396919,
      33.04372009229566,
      31.85967994305206,
      31.845342474132348,
      31.802213812207924,
      30.65151300235473,
      30.608656538793795,
      29.33999641110014,
      29.32354007315502,
      28.26545099871215,
      28.263799762000957,
      28.25019925317542,
      28.2257787050832,
      28.192979462324182,
      27.103146252182167,
      27.06116038381907,
      27.04224257019926,
      27.023912054851635,
      25.97710528303519,
      25.954224064363313,
      25.927341241456773,
      25.908504023804444,
      25.896466598189008,
      25.87356581177026,
      24.848246351040597,
      24.795605378278456,
      24.785368376490307,
      24.768692675101867,
      24.71936780429092,
      23.6744075867718,
      22.661182871623694,
      22.651118885492156,
      22.637207700924385,
      22.61195440541126,
      21.62042942684331,
      21.616330880883492,
      21.582827476662718,
      21.579687297171116,
      20.603948696259103,
      20.603285439649422,
      20.60163247981748,
      20.58518967484348,
      20.563133801725435,
      19.576638048518348,
      19.56419458907288,
      18.62763276435743,
      17.697602706257616,
      16.740244877867916,
      15.847016593054784
    ],
    [
      39.79409272023962,
      35.72744659657329,
      34.391990392094485,
      34.3268527142228,
      33.12608750804905,
      31.85967994305206,
      31.802213812207924,
      30.668185505643393,
      30.626030312153766,
      30.608656538793795,
      30.549767191899345,
      30.53263231273949,
      29.43955225992804,
      29.437713087461496,
      29.3844122411398,
      29.379923476145997,
      28.285090062435287,
      28.26874104347112,
      28.26545099871215,
      28.237623221320167,
