{
  "test_loss_values": [
    0.26636743545532227,
    0.2670277953147888,
    0.2780859172344208,
    0.49818065762519836,
    0.4000692367553711
  ],
  "log_exp_r_n_values": [
    725301.2583330387,
    725301.2583330387,
    678088.8145182232,
    534091.5527511714,
    567300.7037449478
  ],
  "log_exp_r_n_acc_values": [
    -Infinity,
    -Infinity,
    -Infinity,
    -Infinity,
    -Infinity
  ],
  "model_data_levels": [
    0,
    10,
    100,
    1000,
    500
  ],
  "loss_landscape_data_param": 0,
  "train_loss_values": [
    0.0003822013968601823,
    0.0003876980044879019,
    0.0005288310931064188,
    0.004149839747697115,
    0.0013760668225586414
  ],
  "num_params": 235146,
  "dataset_type": "poison",
  "top_r_vals": [
    [
      21.85656643001392,
      21.84936699985473,
      21.817000460033576,
      21.807971992878002,
      21.794461561190744,
      21.78968848866865,
      21.772095679361087,
      19.879862187213046,
      19.848698823382186,
      19.84689784723817,
      19.832112655118106,
      19.827321261462483,
      19.826754564266405,
      19.823605969735237,
      19.819341417648715,
      19.813187459745823,
      19.813047965051403,
      19.812418993438175,
      19.812414011484805,
      19.81076124845361,
      19.808464567949066,
      19.808063520702614,
      19.805328428301326,
      19.8028063144067,
      19.802290682232687,
      19.80226328148914,
      19.798550480738577,
      19.79317246207339,
      19.793137588399787,
      19.79130049309382,
      19.78942727862591,
      19.788144425632595,
      19.78443909781209,
      19.783637003319182,
      19.783633266854153,
      19.782563392367493,
      19.781393878813393,
      19.778960194591118,
      19.77537194267486,
      19.77466076883099,
      19.77295943175442,
      19.772413907860173,
      19.771315387141623,
      19.769788418433073,
      19.769455873045487,
      19.76631350595603,
      19.76457604971751,
      19.763146229099714,
      19.762689134877824,
      19.76052696711433
    ],
    [
      21.85656643001392,
      21.84936699985473,
      21.83537459220221,
      21.817000460033576,
      21.807971992878002,
      19.83987578396019,
      19.832112655118106,
      19.823605969735237,
      19.812414011484805,
      19.81076124845361,
      19.8028063144067,
      19.80226328148914,
      19.793137588399787,
      19.78443909781209,
      19.783637003319182,
      19.783633266854153,
      19.781393878813393,
      19.778960194591118,
      19.77537194267486,
      19.77466076883099,
      19.772413907860173,
      19.769788418433073,
      19.769455873045487,
      19.76821910312086,
      19.76631350595603,
      19.76457604971751,
      19.7638897856405,
      19.762689134877824,
      19.76052696711433,
      19.755558714114,
      19.75334921779347,
      19.74793258898965,
      17.94157562395977,
      17.924904790511853,
      17.919213709010485,
      17.913450688102422,
      17.911825307132446,
      17.90618143586672,
      17.90092086675228,
      17.90078935252442,
      17.900427407384495,
      17.899059434604094,
      17.898114105838015,
      17.8975700640749,
      17.895342190573867,
      17.89415743846989,
      17.89364599425043,
      17.89361564481323,
      17.893576302950198,
      17.8931660235214
    ],
    [
      17.880703645365035,
      17.85926795027692,
      17.851877300292426,
      17.83691053154055,
      16.077446046939567,
      16.070299385007747,
      16.063681358148244,
      16.060130221784608,
      16.059671197055785,
      16.058624015366735,
      16.05788554041839,
      16.0576938597624,
      16.057120835485538,
      16.053869326252585,
      16.053666548295453,
      16.052596163158576,
      16.050888187629134,
      16.05077217038998,
      16.04805938468492,
      16.045563500774794,
      16.045562491929235,
      16.04399777246901,
      16.04302524535124,
      16.04231602692407,
      16.04027311466942,
      16.039833258006198,
      16.0390816680656,
      16.038168662835744,
      16.032441446603823,
      16.0315970428719,
      16.03128732728564,
      16.03095339940599,
      16.029436095686982,
      16.029157654313018,
      16.0283969847624,
      16.027854225852273,
      16.025871844331096,
      16.02539566922779,
      16.02484988378099,
      16.02474294615186,
      16.024050878099175,
      16.023377978112087,
      16.022203681882747,
      16.020957757618802,
      16.018051273566634,
      16.017506496965392,
      16.0174752227531,
      16.0161324493156,
      16.016097139721076,
      16.015655265366735
    ],
    [
      9.692460070141921,
      9.67648696860493,
      8.386075252878973,
      8.384073516468945,
      8.383389958215362,
      8.383277347386828,
      8.382854793670411,
      8.38234751872318,
      8.380147924034977,
      8.379674327092543,
      8.379338073263412,
      8.378640833320382,
      8.37859347362614,
      8.377885183087786,
      8.377597867609374,
      8.377055862219697,
      8.3770432329679,
      8.376803803402558,
      8.37625758826228,
      8.375872396082434,
      8.375473522213138,
      8.37498150761183,
      8.373427583421815,
      8.373277084837886,
      8.372260430068124,
      8.372222542312729,
      8.372162027147862,
      8.372121508298342,
      8.370938568379902,
      8.370097144478843,
      8.369879816104147,
      8.369107853087977,
      8.368310105349385,
      8.3681964420832,
      8.368121192791236,
      8.367751260957311,
      8.367544983177938,
      8.366456236429162,
      8.366156817917776,
      8.366064203404589,
      8.36558797536803,
      8.364887578112048,
      8.364740763059894,
      8.364119824846478,
      8.363786728330298,
      8.3626637773579,
      8.362580108564737,
      8.36200495138909,
      8.361998636763191,
      8.361687115218833
    ],
    [
      11.162679933209942,
      11.161317991706841,
      11.159930128477603,
      11.157001674011063,
      11.15592347032111,
      11.155563368503932,
      11.153989149081369,
      11.152885023665275,
      11.152868209572645,
      11.151822232893567,
      11.150240307011881,
      11.14636956277082,
      11.143620458625675,
      11.140497240919494,
      11.139029510750259,
      11.13837446172485,
      11.138067604534335,
      11.137617126969268,
      11.136684645415448,
      11.133639893474877,
      11.13283842172614,
      11.1311226836906,
      11.130454323508523,
      11.129439873253128,
      11.129077669674372,
      11.128293712605458,
      11.127345818133394,
      11.126548549907815,
      11.125665109457502,
      11.124832811872274,
      11.124234510409494,
      11.124224001601599,
      11.123646717754607,
      11.123309735314796,
      11.121982823171345,
      11.12136490526716,
      11.121117597988048,
      11.120318928588084,
      11.120243965758437,
      11.119623245505482,
      11.119250533118832,
      11.117188004422779,
      11.116512638368773,
      11.112501776689122,
      11.112473052614211,
      11.109573322222582,
      11.109562112827495,
      11.109242645067509,
      11.108212081306675,
      11.104733665893667
    ]
  ],