{
  "test_loss_values": [
    0.34201679825782777,
    0.27023765444755554
  ],
  "log_exp_r_n_values": [
    677142.9320078187,
    625761.3644446888
  ],
  "log_exp_r_n_acc_values": [
    -Infinity,
    -Infinity
  ],
  "model_data_levels": [
    4500,
    8500
  ],
  "loss_landscape_data_param": 4500,
  "train_loss_values": [
    0.00032886071130633354,
    0.00039916776586323977
  ],
  "num_params": 235146,
  "dataset_type": "data",
  "top_r_vals": [
    [
      17.80886989967542,
      16.06012820409349,
      16.05512937435434,
      16.05335481501808,
      16.052108890754134,
      16.051422875774794,
      16.049484883458163,
      16.048426604467977,
      16.04671661124742,
      16.045563500774794,
      16.045562491929235,
      16.044531451769114,
      16.043824251033058,
      16.04063125484246,
      16.038817350529442,
      16.03865290870351,
      16.03778933690599,
      16.03384676846591,
      16.032740064888948,
      16.032368809723657,
      16.030136234504134,
      16.030135225658576,
      16.028646169615186,
      16.02560651794938,
      16.02264959161932,
      16.0197945586906,
      16.01889769498967,
      16.018051273566634,
      16.017506496965392,
      16.016532961002067,
      16.013151310692148,
      16.007912375710227,
      16.005260120738637,
      15.996241041451446,
      15.98871808012655,
      14.349079743537017,
      14.347503179482647,
      14.34068489989363,
      14.336953158379092,
      14.33517772408727,
      14.333257411477668,
      14.329163924101339,
      14.328740087531928,
      14.326188069462184,
      14.326170972020956,
      14.324044590251278,
      14.323896112472186,
      14.323677445197522,
      14.323105130849017,
      14.32306643663992
    ],
    [
      14.313275002007732,
      14.312245556072687,
      14.300808267755885,
      14.27835032876907,
      14.276296836090948,
      12.692961815120908,
      12.687560580553006,
      12.685537508927663,
      12.685534320477505,
      12.684888659320478,
      12.684225461687584,
      12.68400864707683,
      12.68314776553413,
      12.68023830476482,
      12.680192072237528,
      12.68008685338231,
      12.678963721814101,
      12.678389003673097,
      12.67716065324967,
      12.676084551321296,
      12.672645807825734,
      12.67251587848179,
      12.671428616977861,
      12.669894175339252,
      12.669765840220387,
      12.669455763442507,
      12.669251702632385,
      12.666622028364454,
      12.666339850525459,
      12.664741639883687,
      12.663608145852466,
      12.663430389756149,
      12.6622076191205,
      12.662041022599736,
      12.660724989796961,
      12.660489841597798,
      12.65845481328436,
      12.657615453780227,
      12.655868980206103,
      12.655807602540559,
      12.654867806856444,
      12.654576860779514,
      12.654399104683197,
      12.649922520661159,
      12.64938686103459,
      12.648588154269975,
      12.648227062289564,
      12.64720038133864,
      12.645040206356496,
      12.643557577032958
    ]
  ],
  "top_r_val_seeds": [
    [
      294,
      458,
      475,
      285,
      184,
      348,
      448,
      276,
      330,
      422,
      212,
      392,
      479,
      327,
      428,
      138,
      452,
      86,
      125,
      440,
      357,
      455,
      110,
      73,
      3,
      82,
      252,
      245,
      190,
      399,
      379,
      297,
      115,
      56,
      427,
      419,
      384,
      173,
      182,
      140,
      128,
      388,
      31,
      289,
      435,
      496,
      432,
      477,
      450,
      237
    ],
    [
      330,
      212,
      125,
      256,
      115,
      388,
      237,
      373,
      475,
      202,
      457,
      342,
      184,
      276,
      323,
      414,
      339,
      328,
      392,
      52,
      428,
      138,
      321,
      49,
      312,
      436,
      59,
      216,
      111,
      262,
      124,
      286,
      73,
      491,
      347,
      283,
      271,
      82,
      171,
      190,
      418,
      213,
      188,
      206,
      93,
      287,
      297,
      387,
      243,
      149
    ]
  ],
  "loss_predicts_minimas": true,
  "loss_ordering_violations": 1,
  "test_loss_ranks": [
    1,
    2
  ],
  "log_exp_r_n_ranks": [
    1,
    2
  ],
  "data_level_ranks": [
    2,
    1
  ],
  "accuracy_predicts_minimas": true,
  "accuracy_ordering_violations": 1,
  "log_exp_r_n_acc_ranks": [
    1,
    2
  ]
}