{
  "test_loss_values": [
    0.5446840184926987,
    0.5476749455928802,
    0.3760498896241188,
    0.5127574764192104,
    0.17711378633975983,
    0.23586066365242003,
    0.5829584643244743,
    0.4642436146736145
  ],
  "log_exp_r_n_values": [
    849130.2266957688,
    857604.1856856343,
    874431.2422885376,
    866252.0448250872,
    882019.2167864008,
    881884.3406907538,
    865928.1551988657,
    866252.0448250872
  ],
  "log_exp_r_n_acc_values": [
    -Infinity,
    -Infinity,
    -Infinity,
    -Infinity,
    -Infinity,
    -Infinity,
    -Infinity,
    -Infinity
  ],
  "model_data_levels": [
    200,
    100,
    2000,
    500,
    10000,
    5000,
    0,
    1000
  ],
  "loss_landscape_data_param": 10000,
  "train_loss_values": [
    0.5117849707603455,
    0.5313481688499451,
    0.2926311194896698,
    0.4727146625518799,
    0.06937919557094574,
    0.14786924421787262,
    0.5765151977539062,
    0.3882208466529846
  ],
  "num_params": 235146,
  "dataset_type": "data",
  "top_r_vals": [
    [
      37.00648889358362,
      36.986427059565166,
      36.965218302198224,
      35.72220175609617,
      34.46078639556529,
      34.369235173930015,
      33.195695976052534,
      31.907180200071394,
      31.891826500655068,
      31.86800020496814,
      31.857320764956366,
      31.766150658174173,
      29.46204419202394,
      29.449948950158944,
      29.402165621236882,
      29.379923476145997,
      28.248434382970125,
      28.2257787050832,
      28.200241352806746,
      28.185714020794926,
      28.174501590868914,
      27.103146252182167,
      27.069430224417026,
      27.066869944413046,
      27.061288057356503,
      27.04589062874216,
      27.010731038847116,
      25.93572602099004,
      25.933606181745922,
      25.889604841620358,
      25.884349270940522,
      24.81822353436343,
      24.795605378278456,
      24.794291421646502,
      24.78974251002875,
      24.746129137166676,
      23.72870946529523,
      23.69355356053588,
      23.680093342714674,
      23.675902503448462,
      23.673567628599187,
      23.672675452778183,
      22.662230164531337,
      22.637207700924385,
      22.608899444875227,
      21.533315953960088,
      20.60163247981748,
      20.581260656684957,
      17.68757317868788,
      17.684616510014543
    ],
    [
      38.364412948852305,
      35.72220175609617,
      35.6536929936172,
      35.633248452631406,
      34.46078639556529,
      34.442191711011176,
      33.195695976052534,
      33.17070944290391,
      31.86800020496814,
      31.824272227622632,
      31.766150658174173,
      29.407699791103518,
      29.402165621236882,
      29.379923476145997,
      28.27178251496174,
      27.094934290254514,
      27.083676888880646,
      27.069430224417026,
      27.066869944413046,
      27.02354265275,
      25.962090298604558,
      25.93572602099004,
      25.921994354624882,
      25.899179992421477,
      25.889604841620358,
      25.875540523558435,
      24.818314044440214,
      24.807813315014535,
      24.794291421646502,
      24.793086701314113,
      24.78974251002875,
      24.771175460139204,
      24.76430917845203,
      24.760855750867098,
      24.746129137166676,
      23.72744729013709,
      23.705823215973872,
      23.702344028658526,
      23.69355356053588,
      22.662388327133716,
      22.61595691667326,
      22.609724455206553,
      22.608899444875227,
      21.62042942684331,
      21.569524534452846,
      21.533315953960088,
      20.60163247981748,
      19.58954018482804,
      17.68757317868788,
      15.872065787381473
    ],
    [
      41.21038638803412,
      39.746804104215926,
      38.472419414913766,
      38.470171898279084,
      38.343614961585565,
      36.965218302198224,
      34.468505679048405,
      34.442191711011176,
      34.44004000944578,
      34.41646004450423,
      34.3984519908598,
      33.13210336337388,
      33.118875566490594,
      33.08451830199601,
      31.90308922089271,
      31.880351314080855,
      31.819028718788026,
      31.766150658174173,
      30.691286960107732,
      30.63989388202495,
      30.626930018536456,
      30.599220217889258,
      30.571290788703244,
      29.45887467247143,
      29.422228143424757,
      29.39807096462877,
      29.379923476145997,
      29.36771906810844,
      28.237623221320167,
      28.21188878595237,
      28.205218144743817,
      28.184092967980604,
      28.176280665260975,
      28.17350197122547,
      28.1724739432085,
      27.072579505007024,
      27.061288057356503,
      27.04589062874216,
      27.027474997702914,
      27.010816154538738,
      26.99466630321046,
      25.934710128798436,
      25.90607436190157,
      25.87356581177026,
      24.819543733069647,
      23.703343623641924,
      23.69355356053588,
      23.63293633042332,
      21.60725698559932,
      21.60364509949145
    ],
    [
      39.80158899367505,
      38.343614961585565,
      36.965218302198224,
      35.67842284342469,
      35.67303193840986,
      34.46078639556529,
      34.45877323414092,
      33.12997791396919,
      33.02409510945905,
      31.891826500655068,
      30.691286960107732,
      30.67684734696369,
      30.66425338417215,
      30.65151300235473,
      30.62026217316067,
      30.61449981386596,
      30.591340562417727,
      29.419445331161494,
      29.414103589802423,
      29.372352154482915,
      28.26874104347112,
      28.24003438202318,
      28.233575028092723,
      28.225082699931818,
      28.200241352806746,
      28.174501590868914,
      27.07341023415725,
      27.027474997702914,
      27.014498259358287,
      27.010731038847116,
      26.99466630321046,
      25.933511604302726,
      25.908504023804444,
      25.90724516542255,
      25.884349270940522,
      25.88175491383484,
      25.874622470101173,
      24.819543733069647,
      24.795605378278456,
      24.78974251002875,
      24.7827716735977,
      24.760933776795362,
      23.702344028658526,
      23.672703799501594,
      22.662230164531337,
      21.618845743246894,
      21.597468053772907,
      21.533315953960088,
      18.63074709472595,
      18.62763276435743
    ],
    [
      42.56190168408143,
      39.85870238490269,
      39.746804104215926,
      39.702477442592404,
      38.4172924235657,
      38.40282856651348,
      37.118985289826085,
      35.77137157378247,
      35.741293514748094,
      35.72744659657329,
      35.68173963200405,
      35.613262329579356,
      34.38128383682037,
      33.16645646032061,
      33.15267646334689,
      33.13210336337388,
      33.118875566490594,
      33.10978614462467,
      33.07906714940517,
      31.891826500655068,
      31.877745594858762,
      31.87762933969347,
      31.824272227622632,
      31.80637093656686,
      31.805242459703756,
      31.804081912450226,
      31.78502809173853,
      30.691286960107732,
      30.641412016135355,
      30.610236323020363,
      30.604620382751534,
      30.58790742157414,
      30.573221207965464,
      29.45887467247143,
      29.413378282350827,
      29.395314056203063,
      28.238928230979013,
      28.233575028092723,
      28.2257787050832,
      28.209023091272943,
      28.184092967980604,
      28.18126811033812,
      27.072579505007024,
      27.045808917678205,
      27.034638334309786,
      27.010816154538738,
      25.87356581177026,
      25.83021346858251,
      23.71012296633529,
      22.648422996810172
    ],
    [
      42.53749583800066,
      41.21038638803412,
      41.15366235967447,
      39.85870238490269,
      39.72525669967842,
      38.470171898279084,
      38.30013397310043,
      37.00598303511488,
      35.781474745498464,
      35.75415842980015,
      35.70875258289327,
      35.68173963200405,
      34.41646004450423,
      33.13210336337388,
      33.118875566490594,
      33.09611658766904,
      33.08451830199601,
      31.90308922089271,
      31.88983412764987,
      31.880351314080855,
