{
  "test_loss_values": [
    0.00523878171807155
  ],
  "log_exp_r_n_values": [
    7255.472167910659
  ],
  "log_exp_r_n_acc_values": [
    -Infinity
  ],
  "model_data_levels": [
    780
  ],
  "loss_landscape_data_param": 780,
  "train_loss_values": [
    0.00021297404600773007
  ],
  "num_params": 4353,
  "dataset_type": "data",
  "top_r_vals": [
    [
      5.303463346872292,
      5.297669260371233,
      5.199571970494084,
      4.940776478160513,
      4.920357002699672,
      4.889959603301751,
      4.884415366432885,
      4.576688774458403,
      4.558635259012753,
      4.557483366004985,
      4.542568745850034,
      4.523584349303086,
      4.504291062305905,
      4.182712798969513,
      4.141394696227387,
      3.934811090306474,
      3.9257247546487606,
      3.9211867431416443,
      3.9160138314967865,
      3.8890879677456387,
      3.8587880760732327,
      3.856069125200873,
      3.848327468577824,
      3.8436432865587697,
      3.6159066249978586,
      3.603452872626698,
      3.5961316656231976,
      3.583916339420833,
      3.5811042283557053,
      3.5704133471911357,
      3.5617105861352845,
      3.5584735082200747,
      3.558233846682528,
      3.5526223900293585,
      3.547632735647143,
      3.546399837634404,
      3.544837507954935,
      3.544309181919416,
      3.53857871807664,
      3.525758884765825,
      3.520018126183464,
      3.5124897890195066,
      3.5110608791650635,
      3.487190260593776,
      3.4769350528084577,
      3.349030294536073,
      3.335371982904128,
      3.3311089409722223,
      3.3253234109760808,
      3.308796070240162
    ]
  ],
  "top_r_val_seeds": [
    [
      607,
      812,
      205,
      918,
      978,
      49,
      752,
      576,
      304,
      818,
      88,
      116,
      723,
      934,
      274,
      656,
      24,
      943,
      345,
      188,
      479,
      610,
      488,
      194,
      384,
      1000,
      14,
      103,
      927,
      849,
      732,
      754,
      700,
      775,
      105,
      783,
      860,
      793,
      998,
      995,
      323,
      430,
      949,
      102,
      85,
      668,
      540,
      962,
      857,
      13
    ]
  ],
  "loss_predicts_minimas": true,
  "loss_ordering_violations": 0,
  "test_loss_ranks": [
    1
  ],
  "log_exp_r_n_ranks": [
    1
  ],
  "data_level_ranks": [
    1
  ],
  "accuracy_predicts_minimas": true,
  "accuracy_ordering_violations": 0,
  "log_exp_r_n_acc_ranks": [
    1
  ]
}