{
  "test_loss_values": [
    0.5278571861982345,
    0.5351414972543717,
    0.36472122073173524,
    0.5108099102973938,
    0.1698162704706192,
    0.2321321666240692,
    0.56555777490139,
    0.45390955209732053
  ],
  "log_exp_r_n_values": [
    866447.6190172399,
    874626.8164806903,
    866575.4889399667,
    874754.6864034171,
    868703.5055146848,
    882794.061656829,
    857585.1435082742,
    874754.6864034171
  ],
  "log_exp_r_n_acc_values": [
    -Infinity,
    -Infinity,
    -Infinity,
    -Infinity,
    -Infinity,
    -Infinity,
    -Infinity,
    -Infinity
  ],
  "model_data_levels": [
    200,
    100,
    2000,
    500,
    10000,
    5000,
    0,
    1000
  ],
  "loss_landscape_data_param": 5000,
  "train_loss_values": [
    0.43716657161712646,
    0.45761898159980774,
    0.17810937762260437,
    0.4057987332344055,
    0.06277122348546982,
    0.02966877818107605,
    0.4986419379711151,
    0.3038409352302551
  ],
  "num_params": 235146,
  "dataset_type": "data",
  "top_r_vals": [
    [
      39.83470629786022,
      38.395614763121515,
      37.108504461828524,
      37.00598303511488,
      35.73824188948334,
      35.71547379877462,
      34.38128383682037,
      34.36404208333103,
      34.325718416818106,
      33.16645646032061,
      33.10632291235938,
      31.824272227622632,
      31.804081912450226,
      30.61185849170179,
      30.610236323020363,
      30.571290788703244,
      30.57020613197208,
      30.568957717119865,
      30.53263231273949,
      29.46204419202394,
      29.419445331161494,
      29.402165621236882,
      29.376626287679816,
      28.225082699931818,
      28.224949535680913,
      28.192979462324182,
      27.118821157951196,
      27.085368988830083,
      27.074562700621804,
      27.07341023415725,
      27.069430224417026,
      27.058067279585543,
      27.044668367410473,
      27.04224257019926,
      27.014498259358287,
      27.010816154538738,
      27.00926194200973,
      25.922633567689264,
      24.845573182738296,
      24.842681541836853,
      24.81072680317589,
      23.729473334894482,
      23.680093342714674,
      22.662388327133716,
      22.660570169650516,
      21.556628048376304,
      21.533315953960088,
      20.57276009052728,
      18.62763276435743,
      16.74653787897806
    ],
    [
      41.244675895968534,
      39.77913021855287,
      38.470171898279084,
      38.36388852830421,
      35.73824188948334,
      34.404926577763334,
      34.38128383682037,
      34.36404208333103,
      33.16645646032061,
      33.04262819475834,
      31.91619197978103,
      31.845246262961073,
      31.824272227622632,
      30.61185849170179,
      30.610236323020363,
      30.571290788703244,
      30.569090650182833,
      30.53263231273949,
      29.419445331161494,
      29.376626287679816,
      29.359625969145995,
      28.233575028092723,
      28.225082699931818,
      28.224949535680913,
      28.214323028458875,
      28.192979462324182,
      28.17235143209767,
      27.118821157951196,
      27.085368988830083,
      27.074562700621804,
      27.058067279585543,
      27.044668367410473,
      27.014498259358287,
      27.00926194200973,
      25.959068712358906,
      25.933606181745922,
      25.87364734404888,
      24.845573182738296,
      24.81072680317589,
      24.807813315014535,
      24.78974251002875,
      23.729473334894482,
      23.680093342714674,
      22.662388327133716,
      21.618845743246894,
      21.556628048376304,
      21.533315953960088,
      20.57276009052728,
      17.684616510014543,
      15.853552294489091
    ],
    [
      39.85637388313417,
      38.32162796551855,
      37.08833073284924,
      37.05051722952443,
      37.03658630690134,
      37.00598303511488,
      36.99126185433094,
      34.468505679048405,
      34.42685921384042,
      34.418668028001925,
      34.30646566659409,
      33.10978614462467,
      33.10803160697884,
      33.10632291235938,
      33.09611658766904,
      33.06158636993858,
      31.931214953296088,
      31.90308922089271,
      31.863472266719903,
      31.863321936764784,
      31.824272227622632,
      31.819463673458174,
      31.805242459703756,
      31.803943608891515,
      30.65342800908791,
      30.63989388202495,
      30.63052691750109,
      30.607365739486724,
      30.604620382751534,
      30.591340562417727,
      30.573221207965464,
      30.569090650182833,
      30.569054045426363,
      29.409877563732415,
      29.402165621236882,
      29.376626287679816,
      28.26874104347112,
      28.26545099871215,
      28.24003438202318,
      28.238928230979013,
      28.233575028092723,
      28.2257787050832,
      27.074751657457206,
      25.88175491383484,
      25.83021346858251,
      24.746129137166676,
      23.69355356053588,
      22.660570169650516,
      21.60364509949145,
      18.605905123393452
    ],
    [
      41.26711041639376,
      39.83470629786022,
      38.395614763121515,
      37.00598303511488,
      35.67303193840986,
      34.404926577763334,
      34.39188648698871,
      34.325718416818106,
      33.13998836391048,
      33.10978614462467,
      33.09611658766904,
      33.06590811706145,
      33.02409510945905,
      31.91619197978103,
      31.824272227622632,
      31.805242459703756,
      30.610236323020363,
      30.591340562417727,
      29.449948950158944,
      29.419445331161494,
      29.413378282350827,
      29.402165621236882,
      29.395314056203063,
      29.376626287679816,
      29.35842699152193,
      28.285090062435287,
      28.26545099871215,
      28.25019925317542,
      28.224949535680913,
      28.1724739432085,
      27.074562700621804,
      27.07341023415725,
      27.069430224417026,
      27.065133584303968,
      27.061955364378818,
      27.058067279585543,
      27.04224257019926,
      27.014498259358287,
      27.010816154538738,
      27.00926194200973,
      25.962090298604558,
      24.820342718575063,
      24.819543733069647,
      23.72680575902834,
      23.680093342714674,
      22.59535445660305,
      22.570919046979704,
      21.588547769000662,
      18.62763276435743,
      17.66398882194618
    ],
    [
      40.218701809918024,
      39.53784270120962,
      39.23952708025843,
      38.63482635027166,
      35.4300365907768,
      34.851263828737395,
      34.63756768875831,
      34.60590427381033,
      34.40995573576873,
      34.399561672391506,
      33.817491425124445,
      33.26610838107368,
      33.11379374518099,
      32.837407358168356,
      32.83161321953288,
      32.410468197557776,
      32.06709006894992,
      31.924947970994015,
      31.7959721483245,
      31.615340061334123,
      31.343455136520046,
      30.424863491572783,
      29.923857545138986,
      29.878891585920883,
      29.855551941690816,
      29.65310253720136,
      29.60122645951117,
      29.453558786695268,
      29.425834582074682,
      28.92554183341797,
      28.90768603812067,
      28.90444184692779,
      28.483191824896448,
      28.423919553248467,
      28.41501563957895,
      27.951096507543582,
      27.779103534930435,
      27.34612918632183,
      27.303766909648335,
      27.08725007207376,
      26.834781317330883,
      26.630275357573577,
      26.115218106150444,
      26.0995724828933,
      25.49233391793359,
      25.180085609786307,
      23.29100637166983,
      22.479467437616048,
      21.635579910563234,
      16.612699950836973
    ],
    [
      42.702381498057875,
      41.244675895968534,
      41.107766733419766,
      38.43454271790801,
      37.03658630690134,
      36.99126185433094,
      35.71547379877462,
      35.67303193840986,
      35.657088432332245,
      35.613262329579356,
      34.41646004450423,
      34.38128383682037,
      33.195695976052534,
      33.18007809047594,
      33.13210336337388,
      33.10492678382885,
      33.10195740598407,
      33.08451830199601,
      33.06158636993858,
      31.90308922089271,
