{
  "test_loss_values": [
    0.5148201614618302,
    0.5243313869833947,
    0.3546962648630142,
    0.5043577060103417,
    0.17431104183197021,
    0.2402873992919922,
    0.559383450448513,
    0.4321134567260742
  ],
  "log_exp_r_n_values": [
    496753.4866601451,
    -Infinity,
    755403.7377265836,
    609084.1891860167,
    795452.7737265632,
    784993.6328312814,
    -Infinity,
    722956.9422092423
  ],
  "log_exp_r_n_acc_values": [
    -Infinity,
    -Infinity,
    -Infinity,
    -Infinity,
    -Infinity,
    -Infinity,
    -Infinity,
    -Infinity
  ],
  "model_data_levels": [
    200,
    100,
    2000,
    500,
    10000,
    5000,
    0,
    1000
  ],
  "loss_landscape_data_param": 10000,
  "train_loss_values": [
    0.49571141600608826,
    0.515231728553772,
    0.28174859285354614,
    0.4756075143814087,
    0.06930092722177505,
    0.151531383395195,
    0.5602269768714905,
    0.37111613154411316
  ],
  "num_params": 235146,
  "dataset_type": "data",
  "top_r_vals": [
    [
      8.269291165952644,
      7.052255772818236,
      6.48393150524751,
      5.409867923195496,
      5.4024572355338245,
      4.902383021123994,
      4.891232981115534,
      4.424384541187752,
      4.419890004201825,
      4.419703612781884,
      3.9699709651379935,
      3.5372698571879986,
      3.5359620979339708,
      3.5340412151740956,
      3.5337826476512877,
      3.533579312467547,
      3.1376805904522613,
      3.1302748825787226,
      3.130261270233075,
      3.1282961604504935,
      2.758808520817913,
      2.7571850613371804,
      2.756423701668282,
      2.755823595584461,
      2.406196897672447,
      2.3998425277247972,
      2.395180894264034,
      2.0735317866087764,
      2.072903528770038,
      2.072042278959181,
      2.071344996109138,
      2.0700830105251056,
      2.0682905742409936,
      2.067974622019439,
      2.067782393874751,
      2.0674699580216966,
      2.067115586218378,
      2.062999090827242,
      1.7669864071851087,
      1.7665906874195094,
      1.7648037341426035,
      1.764059345980057,
      1.7628261340464886,
      1.758679621213795,
      1.481741790991113,
      1.480239321404595,
      1.225221076700044,
      1.224474339668072,
      0.9920041117113421,
      0.9905723671380813
    ],
    [
      0.0,
      0.0,
      0.0,
      0.0,
      0.0,
      0.0,
      0.0,
      0.0,
      0.0,
      0.0,
      0.0,
      0.0,
      0.0,
      0.0,
      0.0,
      0.0,
      0.0,
      0.0,
      0.0,
      0.0,
      0.0,
      0.0,
      0.0,
      0.0,
      0.0,
      0.0,
      0.0,
      0.0,
      0.0,
      0.0,
      0.0,
      0.0,
      0.0,
      0.0,
      0.0,
      0.0,
      0.0,
      0.0,
      0.0,
      0.0,
      0.0,
      0.0,
      0.0,
      0.0,
      0.0,
      0.0,
      0.0,
      0.0,
      0.0,
      0.0
    ],
    [
      24.841230259571155,
      23.72753382224013,
      23.72744729013709,
      23.704567008546977,
      23.671313318121705,
      23.658521486199845,
      22.608801127581856,
      21.609828942135298,
      21.59753330425585,
      21.594620142069488,
      21.590809785742664,
      21.58524990084195,
      20.624893096386703,
      20.622492677445805,
      20.61864397551736,
      20.59058899818167,
      20.58518967484348,
      20.57276009052728,
      20.567705349724587,
      20.567308950266458,
      20.554656553182944,
      19.618193925816268,
      19.616968321507034,
      19.6111349875161,
      19.610366827068763,
      19.596967790822834,
      19.55185100281559,
      19.54088468015328,
      18.622306638202154,
      18.60722962219527,
      17.66398882194618,
      17.657977559554997,
      17.657351061827075,
      17.627045486121524,
      16.806548739354998,
      16.79864160719732,
      16.774352627388623,
      16.763053710055903,
      16.760593478942933,
      16.741895933481892,
      15.883233607283433,
      15.881385953302157,
      15.854464136697148,
      15.84699761714903,
      15.008958189575539,
      15.00675485295535,
      14.98353013679002,
      14.16858891626099,
      13.341090716074483,
      13.336944168563598
    ],
    [
      13.333171070484479,
      11.040546782031626,
      11.030361797528986,
      9.6043684187268,
      9.590420523826735,
      8.935323378687023,
      8.934560472370835,
      8.925484246712275,
      8.919433804131023,
      8.913908070312155,
      8.273162296963974,
      8.265396592484645,
      7.651841434871681,
      7.649805054472314,
      7.642822697175811,
      7.64255153299302,
      7.642272662545708,
      7.637694178137861,
      7.633158078184873,
      7.059732057744753,
      7.057726160245322,
      7.054908404696219,
      7.053580757114719,
      7.052598448823892,
      7.051304536185954,
      6.489767178089727,
      6.488556016090828,
      6.4862653667230035,
      6.479727293300477,
      6.473127663007593,
      6.46841183601222,
      6.464330737805903,
      5.941833155476859,
      5.938398726145844,
      5.934132917255878,
      5.931011420831979,
      5.92937365158866,
      5.9219330096768,
      5.921038222973379,
      5.90823408260583,
      5.411395872004396,
      5.405145079646278,
      5.404711435811723,
      5.4032249482471935,
      5.402431747063925,
      4.893353128610231,
      4.892581269155925,
      4.420352366201739,
      4.414773142430214,
      3.9680164468453683
    ],
    [
      29.453725359619927,
      29.35842699152193,
      28.237726201674196,
      28.221723409762376,
      27.094934290254514,
      27.07331149995497,
      27.047204815020798,
      27.030508520952306,
      27.00926194200973,
      26.99466630321046,
      26.993774290762264,
      25.962090298604558,
      25.912112642456158,
      25.90724516542255,
      25.903750691960905,
      24.842681541836853,
      24.807201591736952,
      24.80241236026015,
      24.7827716735977,
      24.731432173318993,
      23.728543860753202,
      23.69603613673345,
      23.6877320387072,
      23.68727550726702,
      23.6744075867718,
      23.672703799501594,
      22.66311786994829,
      21.627707574461503,
      21.6097269882557,
      21.599727351744786,
      21.579982283729418,
      21.579687297171116,
      21.576283396977626,
      21.570337446719503,
      20.636821351976444,
      20.62711215609839,
      20.61136499331072,
      20.60163247981748,
      20.59923594714578,
      20.59728763085484,
      20.59596629932774,
      20.581260656684957,
      20.563133801725435,
      20.557433940235985,
      20.554631940144695,
      20.52012705136446,
      18.62152131590373,
      15.884507989164572,
      15.872065787381473,
      15.007195709082868
    ],
    [
      28.17235143209767,
      28.155595818287413,
      27.07341023415725,
      27.058067279585543,
      27.04224257019926,
      25.957552211976576,
      25.954224064363313,
      25.933511604302726,
      25.90724516542255,
      25.89251065203037,
      25.872158564641282,
      25.857322951223612,
      24.845573182738296,
      24.807201591736952,
      24.794291421646502,
      23.69355356053588,
      23.6877320387072,
      23.672703799501594,
      23.64447046298547,
      22.683515146101897,
      22.66311786994829,
      22.662230164531337,
      22.64248406233527,
      22.622816328996237,
      21.605656989382172,
      21.599727351744786,
      21.590809785742664,
      20.62711215609839,
      20.61136499331072,
      20.610077342783327,
      20.581260656684957,
      20.564597629789773,
      20.556135926324067,
      20.55540660313803,
      20.52012705136446,
      19.608930379362267,
      19.603537227200704,
      19.60065939977842,
      19.58871407327151,
      19.573412514440925,
      19.566861573097903,
      19.56419458907288,
      18.67257898652955,
      18.638571014639343,
      18.636808141897806,
      18.605905123393452,
      18.604040275965406,
      15.884507989164572,
      15.872065787381473,
      14.16189244057126
    ],
    [
      0.0,
