{
  "test_loss_values": [
    0.5148201614618302,
    0.5243313869833947,
    0.3546962648630142,
    0.5043577060103417,
    0.17431104183197021,
    0.2402873992919922,
    0.559383450448513,
    0.4321134567260742
  ],
  "log_exp_r_n_values": [
    755403.7377265836,
    733806.1228878463,
    755403.7377265836,
    785755.6879094142,
    709737.2254656262,
    733672.8239402453,
    648356.3981089974,
    794690.7186484304
  ],
  "log_exp_r_n_acc_values": [
    -Infinity,
    -Infinity,
    -Infinity,
    -Infinity,
    -Infinity,
    -Infinity,
    -Infinity,
    -Infinity
  ],
  "model_data_levels": [
    200,
    100,
    2000,
    500,
    10000,
    5000,
    0,
    1000
  ],
  "loss_landscape_data_param": 500,
  "train_loss_values": [
    0.07203357666730881,
    0.12073087692260742,
    0.010011136531829834,
    0.00355583056807518,
    0.06933816522359848,
    0.032020289450883865,
    0.1848987638950348,
    0.005078488495200872
  ],
  "num_params": 235146,
  "dataset_type": "data",
  "top_r_vals": [
    [
      24.841230259571155,
      24.818314044440214,
      24.760855750867098,
      23.704567008546977,
      23.703415236416856,
      22.679281802933726,
      22.661182871623694,
      22.64248406233527,
      22.59535445660305,
      22.59460781512876,
      21.62042942684331,
      21.609828942135298,
      21.594620142069488,
      21.588547769000662,
      21.54382535986899,
      20.624893096386703,
      20.610077342783327,
      20.59058899818167,
      20.589064285233242,
      20.574915674508745,
      20.569617394169686,
      20.554656553182944,
      19.642423654468956,
      19.62878541577233,
      19.618193925816268,
      19.576638048518348,
      19.576260749807457,
      19.564931924462137,
      19.563068857951823,
      18.640739441881255,
      18.62152131590373,
      18.60722962219527,
      18.599573315847064,
      17.71894702760623,
      17.69904932623328,
      17.627045486121524,
      16.76130032064349,
      16.747501082668517,
      16.74653787897806,
      15.881385953302157,
      15.879883860551974,
      15.876534113820515,
      15.86918744209821,
      15.851963312065193,
      15.84699761714903,
      15.008958189575539,
      15.007195709082868,
      14.980878391903083,
      14.16858891626099,
      13.336944168563598
    ],
    [
      22.661265515145658,
      21.639471692781985,
      21.619430278823256,
      20.61864397551736,
      20.58518967484348,
      20.5823229035989,
      20.542342261519597,
      20.541663459833128,
      19.58959936893955,
      19.56413293895672,
      18.66178607947899,
      18.648380510632627,
      18.642104964982245,
      18.63296475112687,
      18.619851040866042,
      18.614615168168942,
      18.609682875285714,
      18.576053499070714,
      17.705420018049182,
      17.68757317868788,
      17.669558308852483,
      17.657351061827075,
      17.656706759545607,
      16.806548739354998,
      16.767655566022786,
      16.760593478942933,
      16.747730014980487,
      16.738650791585027,
      15.902877664665981,
      15.899316186775586,
      15.862635760953795,
      15.85707681929986,
      14.979932486464595,
      14.16904502848038,
      14.167452199089233,
      14.164464307714567,
      14.140977200948601,
      13.340698803974183,
      13.33313078829858,
      13.322153892641353,
      13.317695158189759,
      13.315879942187726,
      13.293526685863114,
      12.548255568041212,
      12.546263825408449,
      12.538617238201056,
      11.778558779002436,
      11.772991899125419,
      11.75442649914711,
      11.022267907903803
    ],
    [
      24.841230259571155,
      24.818314044440214,
      24.81822353436343,
      24.794291421646502,
      24.760855750867098,
      24.746129137166676,
      23.70786865585781,
      23.69603613673345,
      23.689934131536297,
      23.671313318121705,
      22.679281802933726,
      22.651118885492156,
      22.648422996810172,
      22.635177235083038,
      22.62881225900353,
      22.58193485850213,
      21.64325486140758,
      21.640735920888993,
      21.627707574461503,
      21.605656989382172,
      21.583243448491476,
      21.56955036276901,
      21.555915730604184,
      20.603141647689117,
      20.581322836992115,
      20.567308950266458,
      19.618193925816268,
      19.6111349875161,
      19.58954018482804,
      19.573680075945052,
      19.565626104770082,
      18.624254706351376,
      18.600747782926195,
      18.59891341069182,
      17.72728734815823,
      17.71894702760623,
      17.697059667374443,
      17.693327387837233,
      17.665004794282932,
      17.627045486121524,
      16.77593932875822,
      16.77081419893541,
      16.760593478942933,
      16.74653787897806,
      16.744859393686152,
      16.73961399527548,
      15.878865154032567,
      15.002531319091286,
      14.16858891626099,
      14.16189244057126
    ],
    [
      28.263799762000957,
      28.237726201674196,
      28.209023091272943,
      28.17235143209767,
      27.094934290254514,
      27.05097203553197,
      26.99466630321046,
      25.933511604302726,
      25.908504023804444,
      25.896466598189008,
      25.872158564641282,
      25.84281998950271,
      24.807201591736952,
      24.804249090611467,
      24.78974251002875,
      24.785368376490307,
      24.778985855558364,
      23.728543860753202,
      23.71233102689563,
      23.657739713406862,
      22.6861554641398,
      22.683515146101897,
      22.62325234481901,
      22.608899444875227,
      21.627707574461503,
      21.618845743246894,
      21.597468053772907,
      21.582827476662718,
      21.579982283729418,
      21.571102780509015,
      21.570337446719503,
      20.61136499331072,
      20.603948696259103,
      19.642423654468956,
      19.633182302056767,
      19.58871407327151,
      19.573412514440925,
      19.56419458907288,
      19.531352339192825,
      18.638571014639343,
      18.63287684191436,
      18.624254706351376,
      18.604040275965406,
      18.600747782926195,
      17.693327387837233,
      17.692192347548634,
      17.66398882194618,
      16.77130687815057,
      16.766094184355893,
      15.01429188790633
    ],
    [
      20.45648309656306,
      19.009620777344068,
      18.873605663190688,
      18.873536832910972,
      18.449517876426622,
      18.44851441864073,
      18.09993244525592,
      18.097411780317557,
      17.91755268782296,
      17.899303582862142,
      17.875569262956652,
      17.733508163678565,
      17.39092881597682,
      17.168717835312165,
      16.838114214166655,
      16.66065524798525,
      16.616393247586053,
      16.229367513166142,
      16.08580503023689,
      15.757449409925126,
      15.740762206991617,
      15.572205794308356,
      15.561504721406104,
      15.547300962583185,
      15.546182062633141,
      14.868290304390008,
      14.866330266737386,
      14.696713881806565,
      14.39275651089027,
      14.21405843445721,
      14.050360850417132,
      13.731967926541405,
      13.71334582400531,
      13.696037288696353,
      13.579345405349573,
      13.423520908946399,
      13.241153224383677,
      13.239664705010208,
      13.187285140166823,
      13.05391947790743,
      13.049830282120677,
      12.919145333649649,
      12.917923415449229,
      12.891657048813867,
      12.749978867301635,
      12.127612017932634,
      11.964541741071752,
      10.084838005234964,
      9.798967528056357,
      9.52784547951981
    ],
    [
      22.648422996810172,
      22.608801127581856,
      22.59535445660305,
      22.59460781512876,
      21.639471692781985,
      21.636697187871874,
      21.61950912315681,
      21.619430278823256,
      21.594620142069488,
      21.58524990084195,
      20.624893096386703,
      20.593039938622134,
      20.567705349724587,
      20.553449218885632,
      19.593279880874224,
      19.59055124673304,
      19.58959936893955,
      19.58144922358337,
