{
  "test_loss_values": [
    5.774947273433209,
    0.10322884693741799,
    3.143757276516408,
    0.027689953800290823,
    0.011699805594980716,
    0.5061653163284063
  ],
  "log_exp_r_n_values": [
    8194.042605710272,
    7045.370477446447,
    6830.364190989861,
    8943.620369363965,
    8100.873277275177,
    8048.858635215848
  ],
  "log_exp_r_n_acc_values": [
    -Infinity,
    -Infinity,
    -Infinity,
    -Infinity,
    -Infinity,
    -Infinity
  ],
  "model_data_levels": [
    0,
    180,
    30,
    380,
    780,
    80
  ],
  "loss_landscape_data_param": 0,
  "train_loss_values": [
    0.03414017707109451,
    0.013033171184360981,
    0.05292322486639023,
    0.004135574214160442,
    0.00744433980435133,
    0.02170562744140625
  ],
  "num_params": 4353,
  "dataset_type": "data",
  "top_r_vals": [
    [
      6.578570131306356,
      6.471479964881464,
      6.400022685168994,
      6.168762010866836,
      5.9820218957598,
      5.701027053507624,
      5.687681813274594,
      5.687461192918522,
      5.683632742347869,
      5.680838654277495,
      5.657899374524472,
      5.649661790131428,
      5.382965122141557,
      5.335961861751992,
      5.293758526613199,
      5.208489517571551,
      4.958404541015626,
      4.955777128865897,
      4.915518138034286,
      4.905184974355147,
      4.891065045821766,
      4.884373940712165,
      4.876253364499936,
      4.843230822854792,
      4.610422558449274,
      4.603120746034565,
      4.56816297705691,
      4.561656807505493,
      4.548501863101103,
      4.546083887600557,
      4.5180474748271875,
      4.509489578077374,
      4.503423327463597,
      4.485847092492158,
      4.474227128400084,
      4.2626045514291535,
      4.22661529002342,
      4.205506695203545,
      4.193859433120714,
      4.189665153821797,
      4.18920393391977,
      4.188012935691751,
      4.183463011088633,
      4.18230801525803,
      4.163934629603974,
      4.163766294070111,
      4.158011748710223,
      4.156013615653657,
      4.145066940763778,
      3.94628771737259
    ],
    [
      5.052771197862863,
      4.2886435286194295,
      4.259683978568534,
      4.25060748226873,
      4.248987374385028,
      4.218205811113573,
      4.212747069235153,
      4.203045882688301,
      4.200713024639547,
      4.169325745357518,
      3.8917199337121215,
      3.865075649965565,
      3.863590180928605,
      3.862187213039486,
      3.858819462379477,
      3.836333864210285,
      3.836017759268825,
      3.8349712501434805,
      3.819236846447429,
      3.784979141557622,
      3.6366912924310486,
      3.6198136845652815,
      3.580283531715963,
      3.5628199472729993,
      3.5531519514336276,
      3.5524580859855766,
      3.545865334755134,
      3.5409576265000173,
      3.532949554471384,
      3.527740828030792,
      3.524019073775905,
      3.5017622585820134,
      3.320803041811343,
      3.3083153241946377,
      3.290987367983218,
      3.28175824954186,
      3.274547812379437,
      3.27294620466821,
      3.270696569372107,
      3.2688372576678244,
      3.266141161506559,
      3.258375379774306,
      3.252970754364391,
      3.2526512616946377,
      3.248489191502701,
      3.2472673580970297,
      3.2453255359037425,
      3.2370744870032797,
      3.2294872896170914,
      3.225417148919753
    ],
    [
      4.809264569243124,
      4.475792629404247,
      4.239041468839527,
      4.199067617773877,
      4.189110035775158,
      4.18756339224294,
      4.1637512119847075,
      3.9206051997245184,
      3.9171056265782833,
      3.902306534808311,
      3.8842656859791096,
      3.593755227937321,
      3.577407181475823,
      3.5594712743806842,
      3.5386956663183295,
      3.5365234762658257,
      3.5093853073501555,
      3.473631676770318,
      3.3470884723427856,
      3.316071310161073,
      3.303815676842207,
      3.2877178427613813,
      3.263106734664352,
      3.251410590277778,
      3.2465575418354553,
      3.244476695119599,
      3.2414946379484957,
      3.239741949387539,
      3.237951208043982,
      3.2324230052806717,
      3.2287258572048616,
      3.223320478274499,
      3.211760344328704,
      3.195998203607253,
      3.0365374926802655,
      3.0149725011119726,
      3.012676592810205,
      3.00768690573392,
      2.9999732305633575,
      2.99955132994989,
      2.9995286729600696,
      2.998198089739727,
      2.9953100101131165,
      2.9891191592886432,
      2.985986315514431,
      2.983737094343202,
      2.9823666897468115,
      2.9815407394815523,
      2.981239676147125,
      2.9802654255848617
    ],
    [
      7.814768856294959,
      6.473386050900468,
      6.087979403409092,
      5.9855430469915785,
      5.954120310213284,
      5.69898975217796,
      5.639881827225309,
      5.308158912654801,
      5.28348247558046,
      5.233005448563127,
      4.971901948786965,
      4.926317766678236,
      4.909308819731406,
      4.886457143736281,
      4.856599413658963,
      4.843206421402861,
      4.8397550346437574,
      4.61509748648994,
      4.6146170487027804,
      4.579790308212532,
      4.566286480727215,
      4.548501863101103,
      4.493245729170654,
      4.479332503439542,
      4.475792629404247,
      4.303482841100149,
      4.2737229674850825,
      4.2465474821817955,
      4.242687927875066,
      4.226874118069705,
      4.224305784881097,
      4.211804682156855,
      4.208975574846427,
      4.20452684617118,
      4.202282534559313,
      4.200633722061455,
      4.197958354718369,
      4.193268799195545,
      4.190761280867436,
      4.1878655204699005,
      4.1859573934068735,
      4.184354800202995,
      4.178635770721638,
      4.175536158911709,
      4.169154490710351,
      4.152873136257472,
      4.142277241482953,
      4.1159560833399595,
      3.9999834100952714,
      3.9414228399047295
    ],
    [
      6.439262024274519,
      6.084162604381888,
      5.6668944003180375,
      5.57384825613946,
      5.371940856441628,
      5.335961861751992,
      5.322431748235195,
      5.3220277367264845,
      5.269274940953891,
      5.192087992954324,
      5.023774895786255,
      4.964549734572735,
      4.921455635512172,
      4.913276041834808,
      4.901542348309983,
      4.876576825606922,
      4.876253364499936,
      4.597320762146203,
      4.570878792412366,
      4.56816297705691,
      4.565566087155887,
      4.564516280600155,
      4.564276851034813,
      4.557977485481593,
      4.553599344858187,
      4.529754791244198,
      4.512786339015551,
      4.506334896221927,
      4.500624369533802,
      4.500187607909111,
      4.491747584176082,
      4.487149484083856,
      4.296657954195473,
      4.255843885017165,
      4.249725423532048,
      4.234305694022723,
      4.234273583776379,
      4.217640962689255,
      4.215588339517682,
      4.21247267258458,
      4.203110103180988,
      4.1986190473628335,
      4.19276768474503,
      4.192352197618099,
      4.191989741049523,
      4.1859573934068735,
      4.15226887980355,
      4.152175954696707,
      4.14991704751832,
      4.141394696227387
    ],
    [
      6.362776208369055,
      5.657611324207939,
      5.657136695845469,
      5.594486406659267,
      5.322431748235195,
      5.223528266208488,
      4.973627642166517,
      4.929328224875711,
      4.91232722258765,
      4.89726925684401,
      4.862925064465232,
      4.8273403703673825,
      4.806928272089683,
      4.805598676697283,
      4.581960434646538,
      4.574824907380506,
      4.566820066615692,
      4.546014426715666,
      4.5180474748271875,
      4.509357497152316,
      4.508039318995871,
      4.5023640489690155,
      4.499796101103365,
      4.4973055074049775,
      4.493245729170654,
      4.472205921893534,
      4.28822706845473,
      4.2841432289424795,
      4.2696663730303355,
      4.26490967790152,
      4.251032699773342,
      4.25060748226873,
