{
  "test_loss_values": [
    0.48269704937934876,
    0.49065389335155485,
    0.329093861579895,
    0.4709403783082962,
    0.16758641600608826,
    0.22134393453598022,
    0.5340484693646431,
    0.4110636949539185
  ],
  "log_exp_r_n_values": [
    874298.5194047195,
    874298.5194047195,
    849321.3934381722,
    873979.8415329888,
    804497.7783576364,
    814266.962552709,
    882337.8946581314,
    857795.3524280376
  ],
  "log_exp_r_n_acc_values": [
    -Infinity,
    -Infinity,
    -Infinity,
    -Infinity,
    -Infinity,
    -Infinity,
    -Infinity,
    -Infinity
  ],
  "model_data_levels": [
    200,
    100,
    2000,
    500,
    10000,
    5000,
    0,
    1000
  ],
  "loss_landscape_data_param": 0,
  "train_loss_values": [
    0.002759937196969986,
    0.0024640592746436596,
    0.009233624674379826,
    0.0036320604849606752,
    0.06195401772856712,
    0.029921727254986763,
    0.0021460738498717546,
    0.0048996019177138805
  ],
  "num_params": 235146,
  "dataset_type": "data",
  "top_r_vals": [
    [
      41.18713267319539,
      41.15309981161204,
      41.131352273843696,
      35.79831711026967,
      35.77137157378247,
      35.69093046214604,
      34.4647975655861,
      34.44004000944578,
      34.418668028001925,
      34.41157001046375,
      33.10195740598407,
      31.891826500655068,
      31.879102573253654,
      31.87676744795078,
      31.864257991285335,
      30.66425338417215,
      30.571290788703244,
      30.568957717119865,
      29.46204419202394,
      29.413239511792487,
      29.407699791103518,
      29.404961385418922,
      29.34096595473442,
      28.233575028092723,
      28.22909360716901,
      28.19728688196005,
      28.192979462324182,
      28.190358789866416,
      28.186099309360873,
      28.15466544405444,
      27.09999186465067,
      27.05097203553197,
      27.045808917678205,
      27.027474997702914,
      27.01183413821053,
      26.97863391153662,
      25.90607436190157,
      25.88175491383484,
      25.873678326314757,
      25.87364734404888,
      24.81822353436343,
      24.795605378278456,
      24.771175460139204,
      24.71936780429092,
      23.72753382224013,
      23.714087031814223,
      22.662388327133716,
      21.598582749523175,
      21.572464884340437,
      19.6111349875161
    ],
    [
      41.18713267319539,
      39.746260787136606,
      39.72525669967842,
      35.77137157378247,
      35.73989354233282,
      35.6972292144414,
      35.69093046214604,
      34.48473002837705,
      34.4647975655861,
      34.44004000944578,
      33.13210336337388,
      33.12527066866999,
      31.90308922089271,
      31.891826500655068,
      31.864257991285335,
      31.803943608891515,
      30.63895371775353,
      30.626030312153766,
      30.61741085528833,
      30.571290788703244,
      29.46204419202394,
      29.402165621236882,
      29.379923476145997,
      29.377192471557848,
      29.372753663965046,
      29.34096595473442,
      28.219633618784876,
      28.208937866152368,
      28.19728688196005,
      28.15466544405444,
      28.13887393942072,
      27.09999186465067,
      27.069430224417026,
      27.065133584303968,
      27.027474997702914,
      27.01183413821053,
      27.010848498501556,
      25.933511604302726,
      25.9098770273764,
      25.87364734404888,
      24.804249090611467,
      24.791966248984252,
      24.768692675101867,
      23.72753382224013,
      23.68246700781704,
      23.63293633042332,
      22.662388327133716,
      22.639330784505866,
      20.557433940235985,
      18.642835197507495
    ],
    [
      37.03658630690134,
      33.195695976052534,
      33.17070944290391,
      33.06158636993858,
      31.912758443606073,
      31.83542871469199,
      31.819028718788026,
      30.626174804613512,
      30.604620382751534,
      29.43955225992804,
      29.437713087461496,
      29.427806719870063,
      29.414103589802423,
      29.404961385418922,
      28.230904640981286,
      28.224949535680913,
      27.072579505007024,
      27.05606365620477,
      27.05097203553197,
      26.993774290762264,
      25.959068712358906,
      25.954224064363313,
      25.92567798297293,
      25.890103819165514,
      25.889604841620358,
      25.873678326314757,
      25.858177409503547,
      24.848246351040597,
      24.7827716735977,
      24.768692675101867,
      24.762745538849636,
      24.760933776795362,
      24.760855750867098,
      23.72744729013709,
      23.724045683327915,
      23.703343623641924,
      23.689934131536297,
      22.648422996810172,
      22.640530540462645,
      22.619834037764,
      21.620580318585112,
      21.61950912315681,
      21.596557265781836,
      21.57844617861015,
      21.570337446719503,
      21.54382535986899,
      21.533315953960088,
      20.5823229035989,
      19.566861573097903,
      17.69904932623328
    ],
    [
      41.131352273843696,
      39.77913021855287,
      38.470171898279084,
      37.136457221730375,
      37.00598303511488,
      35.6972292144414,
      34.41157001046375,
      33.17650858574042,
      33.14151993774621,
      31.87004469235778,
      31.864257991285335,
      31.863321936764784,
      31.83542871469199,
      31.80637093656686,
      30.65151300235473,
      30.63895371775353,
      29.417558051568058,
      29.407699791103518,
      29.34096595473442,
      28.27178251496174,
      28.260175918853058,
      28.25019925317542,
      28.233575028092723,
      28.19728688196005,
      28.190358789866416,
      28.17235143209767,
      27.09999186465067,
      27.053544231732772,
      27.05097203553197,
      27.027474997702914,
      27.023912054851635,
      26.993774290762264,
      25.907166894435075,
      25.90607436190157,
      25.89251065203037,
      25.88175491383484,
      25.873678326314757,
      25.87364734404888,
      24.81822353436343,
      24.731432173318993,
      23.72870946529523,
      23.72753382224013,
      23.714087031814223,
      23.705823215973872,
      23.68246700781704,
      23.673567628599187,
      23.63293633042332,
      21.598582749523175,
      20.557433940235985,
      18.642835197507495
    ],
    [
      30.608749013968033,
      29.392677415594584,
      28.263799762000957,
      28.248434382970125,
      28.200241352806746,
      28.185714020794926,
      27.118821157951196,
      27.103146252182167,
      25.954224064363313,
      25.872158564641282,
      25.857322951223612,
      24.842681541836853,
      24.807813315014535,
      24.800102792783555,
      24.746129137166676,
      23.72680575902834,
      23.72180181638011,
      23.72028004491285,
      23.71233102689563,
      23.6877320387072,
      23.68727550726702,
      22.671275355521423,
      22.651118885492156,
      22.638162376091895,
      22.61595691667326,
      21.60159106866383,
      21.588547769000662,
      21.569456565199783,
      20.62711215609839,
      20.603141647689117,
      20.602189511735766,
      20.592942781892198,
      20.59058899818167,
      20.58341364982029,
      20.569617394169686,
      20.564597629789773,
      20.554631940144695,
      19.606649325064396,
      19.58871407327151,
      19.566861573097903,
      19.565626104770082,
      19.564931924462137,
      19.531352339192825,
      18.641311437823987,
      18.605905123393452,
      18.598234751571244,
      17.698479580519788,
      17.635648423838333,
      16.762165410485956,
      15.014775224817013
    ],
    [
      31.907180200071394,
      31.845342474132348,
      31.8410470462147,
      30.65151300235473,
      29.475911996487476,
      29.414103589802423,
      29.387491097260856,
      29.372352154482915,
      28.26874104347112,
      28.170819155450616,
      27.061288057356503,
      25.959068712358906,
      25.954224064363313,
      25.927341241456773,
      25.92567798297293,
      25.9169899033632,
      25.890103819165514,
      25.889604841620358,
      25.857322951223612,
      24.829276687361215,
