{
  "test_loss_values": [
    0.5151210844516754,
    0.1862003207206726,
    0.2961312532424927,
    0.09906736761331558
  ],
  "log_exp_r_n_values": [
    702389.1956159605,
    567348.0132022238,
    652194.5282724693,
    462405.38616756146
  ],
  "log_exp_r_n_acc_values": [
    -Infinity,
    -Infinity,
    -Infinity,
    -Infinity
  ],
  "model_data_levels": [
    1940,
    19940,
    5940,
    59940
  ],
  "loss_landscape_data_param": 1940,
  "train_loss_values": [
    0.00016728769696783274,
    0.0006270069279707968,
    0.00032433244632557034,
    0.001657648477703333
  ],
  "num_params": 235146,
  "dataset_type": "data",
  "top_r_vals": [
    [
      19.827321261462483,
      19.781725178712637,
      19.77951568239211,
      19.778960194591118,
      19.773055334356833,
      17.89364599425043,
      17.888585506610855,
      17.876777327434105,
      17.87169211062348,
      17.86551881028662,
      17.859958118959884,
      17.85484817297821,
      17.853208179316248,
      17.852707975629084,
      17.847183254005692,
      17.833750817912197,
      17.827397669058605,
      16.077446046939567,
      16.072297908057852,
      16.0576938597624,
      16.05665071345558,
      16.052363119834713,
      16.05235807560692,
      16.051966643530477,
      16.048681842394114,
      16.048055349302686,
      16.045563500774794,
      16.04412892239153,
      16.04338742090651,
      16.04316951026601,
      16.04231602692407,
      16.042135443569215,
      16.041426225142047,
      16.03985545260847,
      16.036825889398244,
      16.036679606792354,
      16.034521686144114,
      16.032402101627067,
      16.032230597882233,
      16.031193504648762,
      16.031163239282026,
      16.030243172133265,
      16.029735722817666,
      16.02878539030217,
      16.0286865234375,
      16.028646169615186,
      16.02862599270403,
      16.027863305462294,
      16.027154087035125,
      16.02709052976498
    ],
    [
      11.164893088152477,
      11.136684645415448,
      9.722748117220185,
      9.720825095673437,
      9.716030663026258,
      9.715387418116618,
      9.715386197538042,
      9.715109736490541,
      9.71447625620951,
      9.713913569485898,
      9.712364655272744,
      9.710688800887668,
      9.710685749441229,
      9.708461855275454,
      9.708082865627555,
      9.707273011742268,
      9.705127234605369,
      9.70470003210371,
      9.704072654715562,
      9.703190176404995,
      9.703122434294018,
      9.699838467634843,
      9.699666976344892,
      9.697577956111784,
      9.696442818035951,
      9.696425729935884,
      9.694978734033839,
      9.694375157927926,
      9.694044991423073,
      9.691962684372134,
      9.687944539699396,
      9.68703337779229,
      9.684888821233965,
      9.68468681547961,
      9.683717676090135,
      9.680206681815795,
      9.679141116718801,
      9.674743982398164,
      9.669665765232027,
      9.665758082920433,
      8.385378012935943,
      8.382515908747157,
      8.380209491637494,
      8.379338073263412,
      8.379298080632719,
      8.37909022419687,
      8.378462445138732,
      8.378461918919907,
      8.378119350464878,
      8.378047784704687
    ],
    [
      16.01617482082903,
      14.325239611406644,
      14.316892460625635,
      14.313275002007732,
      14.311325893707638,
      14.304452722333624,
      14.290700080528298,
      14.280269741513345,
      14.278542899949228,
      14.276880848688714,
      14.271794809855782,
      14.257823500775794,
      12.703167246964597,
      12.699099581675341,
      12.692961815120908,
      12.692901234567902,
      12.691007295173963,
      12.689126109580657,
      12.687560580553006,
      12.685534320477505,
      12.683348637894094,
      12.683035372666057,
      12.680439974237323,
      12.676256727629836,
      12.676084551321296,
      12.675410194112848,
      12.673661329201103,
      12.673554516120806,
      12.673466036628916,
      12.66917677405367,
      12.66757696918682,
      12.666702536730947,
      12.666598114988268,
      12.665470200744824,
      12.66523345832058,
      12.664741639883687,
      12.66471932073258,
      12.664609319202123,
      12.664593376951332,
      12.663990759871444,
      12.663380171666159,
      12.663071689113357,
      12.66258624757678,
      12.662203633557802,
      12.662060153300684,
      12.660092082440569,
      12.658534524538315,
      12.65633688526681,
      12.656238043311909,
      12.656174274308746
    ],
    [
      7.145531576417586,
      7.143243514692379,
      7.138691603535355,
      7.138308242223371,
      7.137835654126493,
      7.136752826561066,
      7.135613055268596,
      7.134754863980717,
      7.134551749741736,
      7.134383608815428,
      7.133676520173325,
      7.132747485508495,
      7.131361555899909,
      7.131361107524105,
      7.130297560118229,
      7.1296819401400375,
      7.128824645603766,
      7.128515266299358,
      7.1282901816460065,
      7.127478173065887,
      7.127413158574381,
      7.126411935405189,
      7.125632658258724,
      7.125021970414371,
      7.124808991907714,
      7.124391105658862,
      7.124193820305327,
      7.1217228212522965,
      7.120328820879248,
      7.119510086662076,
      7.119098029298669,
      7.117673539370983,
      7.117004114296374,
      7.116558877123508,
      7.115581417871901,
      7.114732642475896,
      7.114568088556015,
      7.111205718405648,
      7.107284672004133,
      7.106211260330579,
      7.10537997159091,
      7.1038151400367315,
      6.007746190200618,
      6.006550353250386,
      6.003732186776621,
      6.001925621503665,
      6.001682987919561,
      6.00112161518615,
      6.00083037953318,
      6.000218897690008
    ]
  ],