{
  "test_loss_values": [
    0.5299291774630547
  ],
  "log_exp_r_n_values": [
    702380.5525516084
  ],
  "log_exp_r_n_acc_values": [
    -Infinity
  ],
  "model_data_levels": [
    0
  ],
  "loss_landscape_data_param": 0,
  "train_loss_values": [
    0.0021253444720059633
  ],
  "num_params": 235146,
  "dataset_type": "data",
  "top_r_vals": [
    [
      19.8263983546003,
      19.799145824166544,
      19.787914010289136,
      19.785304712210493,
      17.896452755164695,
      17.876752598263057,
      17.846486341003352,
      16.057323613442666,
      16.0516549102531,
      16.04069178557593,
      16.03966276310692,
      16.031270176911157,
      16.015233567923556,
      16.007422076769114,
      16.006551443052686,
      15.99790160123967,
      15.988400293775827,
      14.335363096344805,
      14.32861860571267,
      14.316785376651621,
      14.312528113785627,
      14.305303095068428,
      14.304950347859917,
      14.298263448608763,
      14.297505762002725,
      14.290862956152637,
      14.287351681643418,
      14.2849976339458,
      14.279314984400513,
      14.278808360220939,
      14.269261688957924,
      12.677817473982248,
      12.67772899449036,
      12.676800358381799,
      12.664303227986942,
      12.663730901183554,
      12.660360709366392,
      12.651842764768903,
      12.649603675645343,
      12.647879521222325,
      11.153000620552113,
      11.142060951534164,
      11.14042297867704,
      11.135746559164085,
      11.13492196803798,
      11.12440475309738,
      11.120898314196655,
      11.116313671605976,
      8.362784807687634,
      8.33556035056113
    ]
  ],
  "top_r_val_seeds": [
    [
      39,
      25,
      30,
      36,
      40,
      26,
      42,
      9,
      44,
      35,
      1,
      48,
      50,
      23,
      17,
      29,
      12,
      14,
      28,
      21,
      10,
      46,
      15,
      33,
      43,
      6,
      45,
      3,
      7,
      13,
      20,
      19,
      47,
      34,
      37,
      32,
      27,
      31,
      41,
      11,
      22,
      8,
      2,
      49,
      5,
      24,
      38,
      18,
      4,
      16
    ]
  ],
  "loss_predicts_minimas": true,
  "loss_ordering_violations": 0,
  "test_loss_ranks": [
    1
  ],
  "log_exp_r_n_ranks": [
    1
  ],
  "data_level_ranks": [
    1
  ],
  "accuracy_predicts_minimas": true,
  "accuracy_ordering_violations": 0,
  "log_exp_r_n_acc_ranks": [
    1
  ]
}