{
  "test_loss_values": [
    0.5036680287122727,
    0.5041957464814186,
    0.35060091912746427,
    0.48057150319218633,
    0.1727190464735031,
    0.22745264172554017,
    0.5328066855669021,
    0.4262941062450409
  ],
  "log_exp_r_n_values": [
    873979.8415329888,
    865800.6440695385,
    849002.7155664415,
    865800.6440695385,
    834989.8205246495,
    840373.262443898,
    852218.5602860347,
    865800.6440695385
  ],
  "log_exp_r_n_acc_values": [
    -Infinity,
    -Infinity,
    -Infinity,
    -Infinity,
    -Infinity,
    -Infinity,
    -Infinity,
    -Infinity
  ],
  "model_data_levels": [
    200,
    100,
    2000,
    500,
    10000,
    5000,
    0,
    1000
  ],
  "loss_landscape_data_param": 200,
  "train_loss_values": [
    0.0029697264544665813,
    0.06493278592824936,
    0.011131464503705502,
    0.003768893191590905,
    0.07472924888134003,
    0.038256194442510605,
    0.1386718899011612,
    0.005876858253031969
  ],
  "num_params": 235146,
  "dataset_type": "data",
  "top_r_vals": [
    [
      41.131352273843696,
      37.06531533809393,
      35.75415842980015,
      35.741293514748094,
      35.70567174472098,
      35.70377964717097,
      35.68173963200405,
      34.468505679048405,
      33.195695976052534,
      33.15267646334689,
      33.106422933507844,
      33.10195740598407,
      33.0926491878559,
      33.06590811706145,
      33.02409510945905,
      31.857320764956366,
      30.67354713918307,
      30.626030312153766,
      30.57020613197208,
      29.449948950158944,
      29.422228143424757,
      29.372753663965046,
      28.263799762000957,
      28.190358789866416,
      28.155595818287413,
      28.15466544405444,
      28.125147368437663,
      27.09999186465067,
      27.065133584303968,
      27.061288057356503,
      27.05097203553197,
      27.044668367410473,
      27.010848498501556,
      25.934710128798436,
      25.933606181745922,
      25.907166894435075,
      25.88175491383484,
      25.877174430421974,
      25.87356581177026,
      24.817552511380367,
      24.785368376490307,
      24.77620501147506,
      24.772600213589293,
      24.771175460139204,
      24.760933776795362,
      23.72744729013709,
      23.714087031814223,
      23.71012296633529,
      21.61036182107933,
      20.603285439649422
    ],
    [
      39.72525669967842,
      37.09064789099639,
      35.72973868624195,
      35.70567174472098,
      34.468505679048405,
      34.42979886245794,
      34.372430255932564,
      34.30646566659409,
      33.118875566490594,
      33.10803160697884,
      33.106422933507844,
      33.06590811706145,
      31.8410470462147,
      30.691286960107732,
      30.65151300235473,
      30.635389570413103,
      29.3844122411398,
      29.359625969145995,
      28.26545099871215,
      28.260175918853058,
      28.224949535680913,
      28.190358789866416,
      28.186099309360873,
      28.15466544405444,
      27.103146252182167,
      27.065133584303968,
      27.061288057356503,
      26.99466630321046,
      26.96547332329809,
      25.957552211976576,
      25.934710128798436,
      25.933606181745922,
      25.877174430421974,
      25.873678326314757,
      24.791966248984252,
      24.785368376490307,
      24.771175460139204,
      24.768692675101867,
      23.72744729013709,
      23.72680575902834,
      23.70786865585781,
      23.703343623641924,
      23.68382914247352,
      23.67260085613763,
      22.648422996810172,
      22.644637068571253,
      22.622816328996237,
      22.608872371997343,
      20.59354774446392,
      19.610503690326635
    ],
    [
      36.986427059565166,
      34.468505679048405,
      33.14281812890221,
      33.13210336337388,
      31.88983412764987,
      31.84688987047039,
      31.766150658174173,
      30.65342800908791,
      30.591340562417727,
      30.571290788703244,
      29.475911996487476,
      29.407699791103518,
      29.399628895430407,
      29.392677415594584,
      28.17350197122547,
      27.103146252182167,
      27.098408712786508,
      27.034638334309786,
      27.023912054851635,
      25.959068712358906,
      25.954224064363313,
      25.921994354624882,
      25.921872056206954,
      25.90724516542255,
      25.890103819165514,
      25.857322951223612,
      25.83021346858251,
      24.818314044440214,
      24.817552511380367,
      24.797744849231435,
      24.79301179642298,
      24.768692675101867,
      24.7609634266481,
      23.728543860753202,
      23.72744729013709,
      23.724045683327915,
      23.658521486199845,
      22.65433770818381,
      22.648422996810172,
      22.637207700924385,
      22.6311832731509,
      22.622816328996237,
      22.61952483700079,
      22.61195440541126,
      22.608801127581856,
      21.60364509949145,
      21.57844617861015,
      20.554631940144695,
      18.64223507061676,
      18.63342422327759
    ],
    [
      39.72525669967842,
      37.06531533809393,
      34.468505679048405,
      34.42979886245794,
      34.393661532545686,
      34.38735146205963,
      34.372430255932564,
      33.154747734629495,
      33.10978614462467,
      33.02409510945905,
      31.931214953296088,
      31.88983412764987,
      31.857320764956366,
      31.845342474132348,
      31.832093394087714,
      29.449948950158944,
      29.36066767347061,
      29.359625969145995,
      29.34096595473442,
      28.26874104347112,
      28.263799762000957,
      28.224949535680913,
      28.15466544405444,
      27.09999186465067,
      27.069430224417026,
      27.05097203553197,
      27.02799590573564,
      27.023912054851635,
      27.010848498501556,
      25.933606181745922,
      25.921994354624882,
      25.907166894435075,
      25.90607436190157,
      25.88175491383484,
      25.83021346858251,
      24.817552511380367,
      24.81072680317589,
      24.76430917845203,
      24.760933776795362,
      24.760855750867098,
      23.728543860753202,
      23.714087031814223,
      23.71012296633529,
      23.69603613673345,
      23.68727550726702,
      23.68382914247352,
      23.68246700781704,
      22.661182871623694,
      20.59354774446392,
      19.610503690326635
    ],
    [
      34.84670873384489,
      31.90992794596398,
      31.88556724893061,
      30.387677875176973,
      28.491664153048195,
      28.014340706134064,
      27.752215047478295,
      27.291132425898326,
      27.043175248239198,
      26.309419000933936,
      25.994066599734676,
      25.22427181545284,
      24.604192076928335,
      23.93348675009645,
      23.771254952425537,
      23.527253795278167,
      23.285283755952516,
      23.27777483937828,
      23.10153893727311,
      22.809038382564392,
      22.663640202702705,
      22.648277711833458,
      22.63815541681885,
      22.50222903836723,
      22.476852461438334,
      22.457238726604864,
      22.088100821702984,
      22.04558068965115,
      22.01585585851987,
      21.998966560741835,
      21.85651021127562,
      21.834963476266395,
      21.60143477452296,
      21.203830065768024,
      21.193777524265393,
      21.04016273061099,
      20.83922684462598,
      20.40293551157519,
      20.25739442109621,
      20.191914672097493,
      19.63669287491144,
      19.621745646188575,
      19.446866228951045,
      19.432161541311704,
      19.010248952499797,
      18.64699726256693,
      16.99365678876229,
      16.82467675723126,
      16.10205886038848,
      15.236684503568972
    ],
    [
      35.6536929936172,
      33.18007809047594,
      31.87004469235778,
      31.827230721139408,
      30.65342800908791,
      30.65151300235473,
      30.642398417993896,
      30.61185849170179,
      29.39807096462877,
      29.32354007315502,
      28.285090062435287,
      28.174501590868914,
      27.04224257019926,
      26.993774290762264,
      25.896466598189008,
      25.890103819165514,
      25.83021346858251,
      24.842681541836853,
      24.838045241179447,
      24.814665552034622,
