{
  "test_loss_values": [
    4.531127960968018,
    4.4372550453186035,
    5.402913737297058,
    4.436412920379639,
    4.789460455322265
  ],
  "log_exp_r_n_values": [
    6235022.018356905,
    5046384.297754015,
    6955691.999412009,
    5808318.664606847,
    4746959.082703182
  ],
  "log_exp_r_n_acc_values": [
    -Infinity,
    -Infinity,
    -Infinity,
    -Infinity,
    -Infinity
  ],
  "model_data_levels": [
    1950,
    19950,
    450,
    4950,
    49950
  ],
  "loss_landscape_data_param": 450,
  "train_loss_values": [
    0.00037652472383342683,
    0.00014413247117772698,
    8.669171802466735e-05,
    0.000377487885998562,
    3.053556793020107e-05
  ],
  "num_params": 1707274,
  "dataset_type": "data",
  "top_r_vals": [
    [
      38.55312821086896,
      38.54468027517123,
      38.53807886312622,
      38.53306121405821,
      38.53035081969076,
      38.526326621944676,
      38.52532597170013,
      38.51279624687533,
      38.509707909070194,
      38.50779299565256,
      38.48823352288671,
      34.1664817365575,
      34.16522229874503,
      34.164316778900115,
      34.16298719518417,
      34.16175964187328,
      34.16067875726967,
      34.1583224926028,
      34.15801321293746,
      34.15693870523416,
      34.15570477502296,
      34.155596367717585,
      34.15538911845731,
      34.15445809101112,
      34.15358126721763,
      34.153523875114786,
      34.15341546780941,
      34.152768212427304,
      34.15275864707683,
      34.15235690235691,
      34.15146094786247,
      34.15024614835221,
      34.150169625548415,
      34.14866148862362,
      34.14838409345985,
      34.1478930721355,
      34.14689827568616,
      34.14394895928987,
      34.143824609733706,
      34.14341967656362,
      34.143387792062036,
      34.14298923579227,
      34.14258430262218,
      34.142157050300995,
      34.14207415059688,
      34.14125471890624,
      34.14115268850118,
      34.14103152739517,
      34.14071587082951,
      34.14065210182635
    ],
    [
      19.217428188131315,
      19.212583935950416,
      19.207657182621674,
      19.20479116448577,
      19.20086697945363,
      19.200040174471994,
      19.19991642275023,
      19.19977473599633,
      19.198113952020204,
      19.192127238292013,
      19.188579688934805,
      19.186160253099175,
      19.18438109791093,
      19.174005681818183,
      16.151124553915896,
      16.149001133294753,
      16.147349416473766,
      16.14732982494213,
      16.146769205729168,
      16.146562741126544,
      16.14625831886574,
      16.14546260127315,
      16.145441502700617,
      16.145427939332563,
      16.14533751687886,
      16.14514461564429,
      16.144998432677472,
      16.14487334828318,
      16.144490559895836,
      16.144422743055557,
      16.144079137731485,
      16.143856095679013,
      16.143669222608025,
      16.143422067901238,
      16.14335425106096,
      16.143318082079478,
      16.142903645833336,
      16.142876519097225,
      16.14282527970679,
      16.142772533275465,
      16.142519350405095,
      16.14251482928241,
      16.14232494212963,
      16.142222463348766,
      16.142216435185187,
      16.142032576195987,
      16.142025040991513,
      16.141901463638117,
      16.141890914351855,
      16.141634717399693
    ],
    [
      58.80074919113006,
      58.79544882866306,
      58.77858653563333,
      58.765272464524514,
      53.3851277133711,
      53.36828871097339,
      53.36305765993268,
      53.360731087707904,
      53.356850146031036,
      53.351673896477415,
      53.349920248890434,
      53.34972595270892,
      53.349043425096944,
      53.34903844314357,
      53.34842068092543,
      53.346990860307635,
      53.34341879973984,
      53.342367607578325,
      53.341470855971345,
      53.34095273282065,
      53.340574104364364,
      53.336713090500986,
      53.33635937181157,
      53.333783701918186,
      53.33375879215133,
      53.33045077511225,
      53.3288166944062,
      53.32646521241456,
      53.32598196293747,
      53.32521972407154,
      53.319610044574546,
      53.31805567512245,
      53.3166358184114,
      53.316506287623724,
      53.31181826950058,
      53.31146455081116,
      53.30933725672127,
      53.306756604874515,
      53.30369768550405,
      53.30311479695951,
      53.303104833052764,
      53.30165508462148,
      53.30161024704113,
      53.29798338498624,
      53.297749233177754,
      53.29732078518775,
      53.294740133341,
      53.292034932659945,
      53.28672915231866,
      53.28597687735947
    ],
    [
      30.02723154395518,
      30.011964347846362,
      30.009220848398762,
      30.007682358923038,
      30.001284596677,
      30.000382240372478,
      29.9957975977818,
      29.99053478678834,
      29.98769880983127,
      29.978291325004307,
      29.976769649621215,
      26.16215216997948,
      26.158712579551842,
      26.156037071312888,
      26.15509722580924,
      26.1542696735346,
      26.15373750127539,
      26.152924595943663,
      26.152465658399027,
      26.150466350691268,
      26.15046146837696,
      26.150378469033782,
      26.15021979381888,
      26.149909766860535,
      26.1495069759304,
      26.148708717541588,
      26.148623277041256,
      26.148213162639664,
      26.148205839168206,
      26.147898253367014,
      26.147732254680655,
      26.14748569780827,
      26.147212288207207,
      26.146758232976875,
      26.146223619560516,
      26.14506895222746,
      26.14485657155521,
      26.14454166228256,
      26.142320209273937,
      26.142139563644665,
      26.141543921299494,
      26.14146580427062,
      26.141031278297504,
      26.141028837140354,
      26.139940081050412,
      26.139866846335842,
      26.139398144162595,
      26.13932002713372,
      26.13922726316193,
      26.1390856760471
    ],
    [
      16.126042872299383,
      13.350770668331041,
      13.348591063730746,
      13.346281928342774,
      13.34543624175786,
      13.344900681770358,
      13.344437360106753,
      13.343357521713349,
      13.34332887548146,
      13.343254146180879,
      13.342973911303698,
      13.342870535771226,
      13.342554181732098,
      13.342498134756662,
      13.342214163414452,
      13.342074668720032,
      13.341671130496891,
      13.341585191801222,
      13.341177917113054,
      13.341134325021047,
      13.34092134651439,
      13.340771887913228,
      13.34076441498317,
      13.340516562802907,
      13.340414432758779,
      13.340182771926976,
      13.340093096766278,
      13.340059468581016,
      13.339959829513575,
      13.339910009979853,
      13.33969080403148,
      13.339420533061043,
      13.339399359759213,
      13.339320893993602,
      13.339274810924909,
      13.338988348606014,
      13.338273438297117,
      13.338199954484878,
      13.338182517648075,
      13.338121488719267,
      13.338006903791708,
      13.337918474119354,
      13.337902282770894,
      13.33782630798197,
      13.337486289664323,
      13.337482553199294,
      13.337399105480312,
      13.337260856274236,
      13.337259610785893,
      13.337232210042346
    ]
  ],