{
  "test_loss_values": [
    4.685143089294433,
    2.714287519454956,
    5.356214213371277,
    4.299632787704468,
    2.007993698120117
  ],
  "log_exp_r_n_values": [
    6234027.089008358,
    -Infinity,
    6956668.836757179,
    5572250.284679251,
    -Infinity
  ],
  "log_exp_r_n_acc_values": [
    -Infinity,
    -Infinity,
    -Infinity,
    -Infinity,
    -Infinity
  ],
  "model_data_levels": [
    1950,
    19950,
    450,
    4950,
    49950
  ],
  "loss_landscape_data_param": 450,
  "train_loss_values": [
    0.00016933637380134314,
    0.03916356340050697,
    3.3290005376329646e-05,
    0.0006234915344975889,
    0.08876937627792358
  ],
  "num_params": 1707274,
  "dataset_type": "data",
  "top_r_vals": [
    [
      38.53066757228616,
      34.16959047546169,
      34.16522229874503,
      34.16298719518417,
      34.16175964187328,
      34.1583224926028,
      34.15713957759413,
      34.15693870523416,
      34.154534613814924,
      34.15358126721763,
      34.153303872053876,
      34.15235690235691,
      34.14838409345985,
      34.14762843077237,
      34.14338460361188,
      34.14298923579227,
      34.142632129374554,
      34.1425524181206,
      34.14207415059688,
      34.14042572186512,
      34.135359274563825,
      34.13489376084073,
      34.13423694010816,
      34.13340475461688,
      34.132052851749826,
      34.13056703397613,
      34.12998035914703,
      34.129234261810026,
      34.128306422814,
      34.12701828895011,
      34.12624030711152,
      34.12606175390267,
      34.123555632078364,
      34.123284613814924,
      34.12224836751352,
      34.12133328231813,
      34.12089327619631,
      34.119337312519136,
      34.118597592082445,
      34.11856570758086,
      34.11745612692583,
      34.11502333945516,
      34.11466623303745,
      34.11436651872258,
      34.11432188042037,
      34.11398709315377,
      34.11299229670442,
      34.11292852770126,
      34.11252040608102,
      34.1124534486277
    ],
    [
      0.0,
      0.0,
      0.0,
      0.0,
      0.0,
      0.0,
      0.0,
      0.0,
      0.0,
      0.0,
      0.0,
      0.0,
      0.0,
      0.0,
      0.0,
      0.0,
      0.0,
      0.0,
      0.0,
      0.0,
      0.0,
      0.0,
      0.0,
      0.0,
      0.0,
      0.0,
      0.0,
      0.0,
      0.0,
      0.0,
      0.0,
      0.0,
      0.0,
      0.0,
      0.0,
      0.0,
      0.0,
      0.0,
      0.0,
      0.0,
      0.0,
      0.0,
      0.0,
      0.0,
      0.0,
      0.0,
      0.0,
      0.0,
      0.0,
      0.0
    ],
    [
      58.83440237334281,
      58.80372618227732,
      58.79992530059115,
      58.74877268333191,
      53.367013330910126,
      53.364970730027565,
      53.36305765993268,
      53.36269895928989,
      53.36162285736151,
      53.35964003991941,
      53.359101988955224,
      53.35566942308184,
      53.35130523192788,
      53.34959642192125,
      53.349043425096944,
      53.348928840169386,
      53.34789259386799,
      53.344763927150304,
      53.34168009801297,
      53.339901540659135,
      53.337664643595055,
      53.334012871773304,
      53.33310117430621,
      53.33005221884248,
      53.3277455744312,
      53.32323690662944,
      53.322250479861765,
      53.31805567512245,
      53.3166358184114,
      53.31391068991686,
      53.3128495338486,
      53.31213213256302,
      53.31030873762883,
      53.3090283756122,
      53.30730960169882,
      53.30512750612184,
      53.30420086279463,
      53.304165989121024,
      53.30311479695951,
      48.188413740067986,
      48.185769966872016,
      48.18446156891278,
      48.18007776131741,
      48.178301757214676,
      48.17514991195893,
      48.173418869985376,
      48.17189465380606,
      48.17091447938987,
      48.169520653385185,
      48.16945770640433
    ],
    [
      26.149565563702055,
      26.138763443302988,
      26.12329627158582,
      26.1163682675875,
      22.562802429479458,
      22.557881231028727,
      22.554385033155903,
      22.55378724857078,
      22.552099138580413,
      22.55181077066435,
      22.55159396850848,
      22.551385585853808,
      22.550926723038472,
      22.550244743441365,
      22.550225799563666,
      22.549049174271126,
      22.548916567127243,
      22.548106190136853,
      22.547893597731584,
      22.546700133436644,
      22.54651700928557,
      22.54616339023522,
      22.545891861321554,
      22.545740310299976,
      22.54547299113691,
      22.544927828434286,
      22.544498433873144,
      22.543620700873163,
      22.543452310849187,
      22.543374430463096,
      22.54326918669811,
      22.542997657784447,
      22.542945035901955,
      22.54277033125208,
      22.54224411242715,
      22.541528454825247,
      22.541425315935562,
      22.54092646048953,
      22.54077701434325,
      22.540516009806083,
      22.539968742228158,
      22.539707737690993,
      22.539484620909224,
      22.539419369774933,
      22.539029967844485,
      22.538956297208998,
      22.53849532951836,
      22.538074354458416,
      22.537594442890082,
      22.537499723501593
    ],
    [
      0.0,
      0.0,
      0.0,
      0.0,
      0.0,
      0.0,
      0.0,
      0.0,
      0.0,
      0.0,
      0.0,
      0.0,
      0.0,
      0.0,
      0.0,
      0.0,
      0.0,
      0.0,
      0.0,
      0.0,
      0.0,
      0.0,
      0.0,
      0.0,
      0.0,
      0.0,
      0.0,
      0.0,
      0.0,
      0.0,
      0.0,
      0.0,
      0.0,
      0.0,
      0.0,
      0.0,
      0.0,
      0.0,
      0.0,
      0.0,
      0.0,
      0.0,
      0.0,
      0.0,
      0.0,
      0.0,
      0.0,
      0.0,
      0.0,
      0.0
    ]
  ],