{
  "test_loss_values": [
    4.131665229797363,
    4.332551002502441,
    4.387867212295532
  ],
  "log_exp_r_n_values": [
    4422614.691847609,
    5046087.024992508,
    3661606.9510319903
  ],
  "log_exp_r_n_acc_values": [
    -Infinity,
    -Infinity,
    -Infinity
  ],
  "model_data_levels": [
    19950,
    4950,
    49950
  ],
  "loss_landscape_data_param": 4950,
  "train_loss_values": [
    0.0006167849060148001,
    0.0007229277398437262,
    0.0003275084600318223
  ],
  "num_params": 1707274,
  "dataset_type": "data",
  "top_r_vals": [
    [
      13.346281928342774,
      13.344437360106753,
      13.340414432758779,
      13.339274810924909,
      13.338006903791708,
      13.336427624572751,
      13.33585469993496,
      13.335255620041965,
      13.334101052347979,
      13.32915895460285,
      13.32661940387142,
      13.321682288079664,
      10.814124241348141,
      10.812358761621901,
      10.811909825348657,
      10.811765560433885,
      10.81147198637655,
      10.810089867962294,
      10.809803355823863,
      10.809785196603823,
      10.80938266722624,
      10.809369552233989,
      10.808856049845042,
      10.808752138752583,
      10.808652263042356,
      10.808432334710744,
      10.808299167097108,
      10.80811959258781,
      10.80810546875,
      10.80809638913998,
      10.808035858406509,
      10.807906726175103,
      10.807808868155991,
      10.80772513397469,
      10.807532444473141,
      10.807468887202996,
      10.807423489152892,
      10.807193472365702,
      10.807080481663224,
      10.807078463972108,
      10.807044163223141,
      10.806978588261881,
      10.806919066373966,
      10.806850464876034,
      10.806820199509298,
      10.80675361570248,
      10.806708217652377,
      10.806684005358989,
      10.806406572830578,
      10.806388413610538
    ],
    [
      22.50614971078765,
      19.225109762396695,
      19.218645976813594,
      19.21793754304408,
      19.216680297291095,
      19.21598979855372,
      19.214990817263548,
      19.214393580693297,
      19.214056402089074,
      19.21388243227732,
      19.213391012396695,
      19.212788395316807,
      19.212583935950416,
      19.21252295684114,
      19.212406379132233,
      19.211925720270894,
      19.211233428030305,
      19.210711518595044,
      19.21070075757576,
      19.210352817952252,
      19.210343850436182,
      19.210196783172638,
      19.209879333103768,
      19.20915475780533,
      19.208622087350783,
      19.20846605257117,
      19.208234690656568,
      19.20818985307622,
      19.207657182621674,
      19.20759261650597,
      19.207190871786043,
      19.207113751147844,
      19.20707967458678,
      19.206982825413224,
      19.206894943755742,
      19.206729941460058,
      19.20590134297521,
      19.205673568067034,
      19.205655633034898,
      19.20565383953168,
      19.20543144513315,
      19.20520367022498,
      19.20518573519284,
      19.204916709710744,
      19.204853937098257,
      19.20480013200184,
      19.20445577938476,
      19.20411680727732,
      19.204115013774107,
      19.20402533861341
    ],
    [
      8.544493227731865,
      8.542743565707582,
      8.542629578614427,
      8.542397618865422,
      8.541620434139375,
      8.541305574686257,
      8.541064846699317,
      8.540746798796043,
      8.54073643633303,
      8.54043991046832,
      8.540330706050405,
      8.540248603458831,
      8.540169689317418,
      8.539995918783799,
      8.53989069992858,
      8.539737654320989,
      8.539730480308133,
      8.539682653555762,
      8.5395806231507,
      8.539503303234365,
      8.539437142893583,
      8.539284894398532,
      8.539017064585247,
      8.53892778798082,
      8.53892619375574,
      8.538899091929396,
      8.538800249974493,
      8.538746046321805,
      8.538722132945619,
      8.538633653453731,
      8.53861452275278,
      8.538395316804408,
      8.538353866952352,
      8.538325968013469,
      8.538234300071423,
      8.538192053106826,
      8.538094008264464,
      8.538089225589227,
      8.53803183348638,
      8.537954513570044,
      8.537934585756556,
      8.537930600193858,
      8.537865236965617,
      8.53785965717784,
      8.537724148046118,
      8.537716974033263,
      8.537561537088052,
      8.537555957300276,
      8.537550377512499,
      8.537542406387104
    ]
  ],
  "top_r_val_seeds": [
    [
      242,
      64,
      349,
      443,
      156,
      463,
      10,
      100,
      309,
      224,
      53,
      348,
      440,
      58,
      361,
      377,
      482,
      217,
      246,
      328,
      78,
      160,
      257,
      373,
      431,
      338,
      136,
      384,
      71,
      351,
      422,
      30,
      228,
      458,
      444,
      301,
      488,
      33,
      199,
      260,
      99,
      438,
      483,
      310,
      380,
      114,
      206,
      412,
      366,
      249
    ],
    [
      275,
      440,
      242,
      217,
      78,
      64,
      338,
      351,
      30,
      228,
      444,
      33,
      260,
      99,
      438,
      206,
      241,
      316,
      388,
      325,
      425,
      349,
      289,
      131,
      428,
      46,
      13,
      41,
      487,
      135,
      235,
      216,
      82,
      375,
      323,
      156,
      421,
      188,
      498,
      122,
      35,
      84,
      220,
      105,
      247,
      267,
      463,
      300,
      363,
      38
    ],
    [
      440,
      361,
      377,
      482,
      242,
      217,
      328,
      78,
      160,
      64,
      257,
      373,
      431,
      338,
      136,
      71,
      351,
      422,
      30,
      228,
      458,
      444,
      33,
      199,
      260,
      99,
      483,
      310,
      380,
      206,
      412,
      366,
      340,
      163,
      178,
      158,
      316,
      388,
      311,
      268,
      325,
      425,
      349,
      456,
      289,
      357,
      32,
      362,
      97,
      143
    ]
  ],
  "loss_predicts_minimas": true,
  "loss_ordering_violations": 1,
  "test_loss_ranks": [
    3,
    2,
    1
  ],
  "log_exp_r_n_ranks": [
    2,
    1,
    3
  ],
  "data_level_ranks": [
    2,
    3,
    1
  ],
  "accuracy_predicts_minimas": false,
  "accuracy_ordering_violations": 0,
  "log_exp_r_n_acc_ranks": [
    1,
    2,
    3
  ]
}