{
  "test_loss_values": [
    0.5278571861982345,
    0.5351414972543717,
    0.36472122073173524,
    0.5108099102973938,
    0.1698162704706192,
    0.2321321666240692,
    0.56555777490139,
    0.45390955209732053
  ],
  "log_exp_r_n_values": [
    804953.945356334,
    804497.7783576364,
    832357.3466957749,
    841148.1073143262,
    814266.962552709,
    823399.132986617,
    785299.5209107166,
    858251.5194267352
  ],
  "log_exp_r_n_acc_values": [
    -Infinity,
    -Infinity,
    -Infinity,
    -Infinity,
    -Infinity,
    -Infinity,
    -Infinity,
    -Infinity
  ],
  "model_data_levels": [
    200,
    100,
    2000,
    500,
    10000,
    5000,
    0,
    1000
  ],
  "loss_landscape_data_param": 1000,
  "train_loss_values": [
    0.19184133410453796,
    0.23028171062469482,
    0.008052600547671318,
    0.13563013076782227,
    0.060254283249378204,
    0.027116114273667336,
    0.28746646642684937,
    0.0046713887713849545
  ],
  "num_params": 235146,
  "dataset_type": "data",
  "top_r_vals": [
    [
      30.668185505643393,
      30.608749013968033,
      29.437713087461496,
      29.372352154482915,
      28.237623221320167,
      27.037470984526955,
      26.993774290762264,
      25.954224064363313,
      25.9169899033632,
      25.907166894435075,
      24.794291421646502,
      24.772938846117956,
      24.7609634266481,
      23.75615058548869,
      23.689934131536297,
      23.6877320387072,
      23.6744075867718,
      23.67260085613763,
      23.64447046298547,
      22.655791094259722,
      22.64248406233527,
      22.640530540462645,
      22.637207700924385,
      22.622816328996237,
      22.609724455206553,
      21.65577207905202,
      21.629058803212434,
      21.616330880883492,
      21.609828942135298,
      21.594620142069488,
      21.572464884340437,
      20.603141647689117,
      20.602264646273582,
      20.59596629932774,
      20.592942781892198,
      20.59058899818167,
      20.554631940144695,
      19.62878541577233,
      19.563068857951823,
      18.66178607947899,
      18.64223507061676,
      18.63342422327759,
      18.604040275965406,
      17.69904932623328,
      17.697059667374443,
      16.71151334522186,
      15.837522647786672,
      14.992047061806018,
      14.157490779485325,
      12.526263541324713
    ],
    [
      30.608749013968033,
      29.453725359619927,
      28.248434382970125,
      27.07331149995497,
      27.037470984526955,
      27.02354265275,
      25.954224064363313,
      24.848246351040597,
      24.745311425438477,
      23.704567008546977,
      23.684152891893515,
      22.638162376091895,
      22.637207700924385,
      22.608899444875227,
      22.58193485850213,
      21.616330880883492,
      21.614286365751298,
      21.605656989382172,
      21.599727351744786,
      21.583243448491476,
      21.582827476662718,
      21.571102780509015,
      20.636821351976444,
      20.569617394169686,
      20.557433940235985,
      20.55540660313803,
      20.554567168991404,
      19.618193925816268,
      19.609532084495974,
      19.603537227200704,
      19.600751874952653,
      19.59841903455721,
      19.593279880874224,
      18.659614135868573,
      18.642104964982245,
      18.63287684191436,
      18.619851040866042,
      17.717040827592147,
      17.698479580519788,
      17.69011477870666,
      17.65668561663827,
      17.65566964430152,
      16.744859393686152,
      16.71151334522186,
      15.88501933988804,
      15.837522647786672,
      15.013087321699235,
      14.147597064038981,
      12.540891486326103,
      11.009411315617426
    ],
    [
      34.45877323414092,
      31.819028718788026,
      31.783977786452084,
      30.65151300235473,
      30.608749013968033,
      29.36066767347061,
      29.32354007315502,
      28.27178251496174,
      28.237623221320167,
      28.230904640981286,
      28.219633618784876,
      28.21039379529557,
      28.200241352806746,
      27.061288057356503,
      27.045808917678205,
      27.044668367410473,
      27.010731038847116,
      25.97710528303519,
      25.954224064363313,
      25.92567798297293,
      25.921872056206954,
      25.9098770273764,
      25.903750691960905,
      25.89251065203037,
      25.890103819165514,
      25.877174430421974,
      25.872158564641282,
      24.829276687361215,
      24.818314044440214,
      24.804249090611467,
      24.797744849231435,
      24.772938846117956,
      24.76186696689739,
      24.7609634266481,
      24.760933776795362,
      23.75083035308452,
      23.728543860753202,
      23.724045683327915,
      23.68727550726702,
      22.6861554641398,
      22.66311786994829,
      22.662388327133716,
      22.651677441709566,
      21.576283396977626,
      21.533315953960088,
      19.55249709603293,
      18.640739441881255,
      18.614615168168942,
      16.766094184355893,
      14.140977200948601
    ],
    [
      35.77137157378247,
      31.88983412764987,
      31.845342474132348,
      30.583457053813934,
      29.33999641110014,
      28.237623221320167,
      28.200241352806746,
      28.186099309360873,
      27.10606231577712,
      27.047204815020798,
      27.045808917678205,
      27.030508520952306,
      26.97863391153662,
      25.9169899033632,
      25.9098770273764,
      25.90607436190157,
      25.890103819165514,
      25.875540523558435,
      24.838045241179447,
      24.797744849231435,
      24.76186696689739,
      24.760855750867098,
      23.767332621907435,
      23.75083035308452,
      23.738014650237687,
      23.72180181638011,
      23.716909768692712,
      23.68727550726702,
      23.675902503448462,
      23.672703799501594,
      22.662230164531337,
      22.661265515145658,
      22.65793412627754,
      22.65433770818381,
      22.65101201886893,
      22.648422996810172,
      22.635177235083038,
      21.620580318585112,
      21.61036182107933,
      21.569524534452846,
      20.624893096386703,
      20.553449218885632,
      19.6111349875161,
      19.608930379362267,
      19.5703250766237,
      19.531352339192825,
      17.67225792428399,
      17.646128629169716,
      15.872065787381473,
      14.140977200948601
    ],
    [
      31.907180200071394,
      31.783977786452084,
      29.39664255301491,
      28.248434382970125,
      25.933511604302726,
      25.92567798297293,
      25.9098770273764,
      24.807201591736952,
      24.80241236026015,
      24.78974251002875,
      24.785368376490307,
      24.731432173318993,
      23.767332621907435,
      23.75615058548869,
      23.703343623641924,
      23.702344028658526,
      23.684152891893515,
      23.68382914247352,
      23.6744075867718,
      22.683515146101897,
      22.671275355521423,
      22.65793412627754,
      22.655791094259722,
      22.639330784505866,
      22.625355479964156,
      22.62325234481901,
      22.61195440541126,
      22.609724455206553,
      21.636697187871874,
      21.6212763237365,
      21.60725698559932,
      21.582827476662718,
      21.569524534452846,
      21.569456565199783,
      21.56828341589188,
      20.624893096386703,
      20.603141647689117,
      20.602264646273582,
      20.58518967484348,
      20.561072783627772,
      19.610503690326635,
      19.60065939977842,
      19.56421801611702,
      18.587092551916307,
      18.56699181744518,
      17.69011477870666,
      16.754377491928523,
      15.883233607283433,
      15.002531319091286,
      11.755604749231496
    ],
    [
      33.17070944290391,
      33.04262819475834,
      30.65151300235473,
      29.42644676839832,
      28.209023091272943,
      28.13887393942072,
      27.044668367410473,
      25.97710528303519,
      25.92567798297293,
      25.9169899033632,
      25.899179992421477,
      25.89251065203037,
      25.875540523558435,
      24.848246351040597,
      24.829276687361215,
      24.81231853211246,
      24.807201591736952,
      24.78974251002875,
      24.77668253015603,
