{
  "test_loss_values": [
    0.015637126017687727,
    0.015253284093947127,
    0.009268023466632183,
    0.002850733584203622,
    0.021803205103934832
  ],
  "log_exp_r_n_values": [
    214264.19400263805,
    143544.3990218428,
    160096.98414545666,
    133783.03180161602,
    134109.25446265674
  ],
  "log_exp_r_n_acc_values": [
    -Infinity,
    -Infinity,
    -Infinity,
    -Infinity,
    -Infinity
  ],
  "model_data_levels": [
    0,
    1787,
    3669,
    5551,
    846
  ],
  "loss_landscape_data_param": 0,
  "train_loss_values": [
    1.4977606710431246e-08,
    0.004515716806054115,
    0.00606858916580677,
    0.002401759847998619,
    0.0016393943224102259
  ],
  "num_params": 73097,
  "dataset_type": "data",
  "top_r_vals": [
    [
      18.752470862049318,
      18.743449366514742,
      18.735114060327874,
      18.706443553870464,
      18.700455183642777,
      18.699276453474937,
      18.693450158645327,
      18.693338600254442,
      18.688674196590277,
      18.685104328081962,
      18.684632836014824,
      18.683249932942914,
      18.681275559911782,
      18.674043208381963,
      18.67139527525492,
      18.67044176674415,
      18.670414403365253,
      18.667890657880896,
      18.664440767264665,
      18.66088984263405,
      18.657642020046588,
      18.652811331233742,
      18.65173784483089,
      18.6516746985719,
      18.650056049466418,
      18.648734187778196,
      18.648079571559986,
      18.6479701180444,
      18.64471598083104,
      18.643097331725563,
      18.6413418657256,
      18.636523806164554,
      18.631579454085525,
      18.630320738656295,
      18.62941774715272,
      18.621141377474242,
      18.61468782980532,
      18.6111474295512,
      18.609015190872586,
      18.60847213304526,
      18.603319398311562,
      18.59993475882962,
      18.59616492716783,
      18.59514195777217,
      18.59500303600239,
      18.589515626096034,
      18.58749073605771,
      18.587282353403037,
      18.586147825616493,
      18.585164848851527
    ],
    [
      7.126689081471279,
      7.12551732603816,
      7.121300600704011,
      7.108036648046118,
      7.1026975882563015,
      7.101527427048262,
      7.101262785685135,
      7.100947926232018,
      7.1000798706764625,
      7.099333773339456,
      7.098359701816142,
      7.098111002703806,
      7.097288382563004,
      7.097026132537497,
      7.096818086164678,
      7.096131772268137,
      7.095804159014387,
      7.0957842312008985,
      7.0953354568411395,
      7.094954437047241,
      7.093741231762066,
      7.093401661820224,
      7.093196803897563,
      7.092781508264464,
      7.092759189113357,
      7.09270099989797,
      7.09258143301704,
      7.092148600908072,
      7.092057730078564,
      7.092012294663811,
      7.091604173043568,
      7.0914479389858185,
      7.090708218549128,
      7.089960526987043,
      7.089373055045405,
      7.088551232017142,
      7.088314489592899,
      7.087731800326498,
      7.087672813998572,
      7.087621001683503,
      7.086749757677789,
      7.086642944597491,
      7.086176633761862,
      7.085401840373432,
      7.084977776502399,
      7.0844548706764625,
      7.084301825068871,
      7.084151967911438,
      7.084096967146211,
      7.083986965615754
    ],
    [
      8.937836954416323,
      8.045363845879688,
      8.044041043847768,
      8.039280756263514,
      8.039258259630317,
      8.029494720823292,
      8.024876611960835,
      8.024306997208315,
      8.023889459696198,
      8.021824268768814,
      8.020805621217704,
      8.020555458656565,
      8.01952601272152,
      8.018279699242466,
      8.016958696941202,
      8.01665994165236,
      8.016304494847866,
      8.0158239667628,
      8.015588202046908,
      8.015464920496994,
      8.015324541505851,
      8.015012288237092,
      8.014962795644061,
      8.01495469685611,
      8.014482267558996,
      8.014132219946468,
      8.01338263212838,
      8.013101874146095,
      8.012173213127769,
      8.011949146661138,
      8.01187715743491,
      8.011642292584344,
      8.010872907729045,
      8.010867508537078,
      8.01067943668356,
      8.010497663887337,
      8.01047516725414,
      8.010298793649884,
      8.009968543074569,
      8.009538407447863,
      8.008933697947556,
      8.008168812418896,
      8.007785469789237,
      8.0076225941649,
      8.007617194972932,
      8.007554204399984,
      8.007413825408841,
      8.007341836182615,
      8.007319339549419,
      8.007250049919175
    ],
    [
      6.235799798186052,
      6.2260462232857705,
      6.221926770591211,
      6.221895244167528,
      6.221196058148962,
      6.219607126395346,
      6.218537329751708,
      6.216960307980372,
      6.215862487849016,
      6.215613779395518,
      6.215472961369735,
      6.214265149049085,
      6.213425145004735,
      6.209403073929996,
      6.2091249408143945,
      6.208686373231607,
      6.208418748923899,
      6.208350091378989,
      6.20804883888602,
      6.208025719508653,
      6.207180110766759,
      6.207049100961677,
      6.206831218344669,
      6.206794787810635,
      6.206253934497676,
      6.204826838385633,
      6.204588638740028,
      6.204395276674774,
      6.203871237454446,
      6.203841112205149,
      6.202489679509943,
      6.201339315339116,
      6.200619812291954,
      6.199798023514621,
      6.199220039080435,
      6.198754849184315,
      6.194619282984318,
      6.193415674186826,
      6.193213905075256,
      6.193208300377712,
      6.191933231686539,
      6.191905208198821,
      6.191755282539529,
      6.19133773257253,
      6.18921145044192,
      6.187338780875158,
      6.18295870974482,
      6.181911331891357,
      6.180890576351226,
      6.179537742481635
    ],
    [
      6.263691575511866,
      6.262661712338226,
      6.258955606087509,
      6.251336720364153,
      6.247741306889923,
      6.247297835196783,
      6.2469727627392535,
      6.245364915131429,
      6.244571850429007,
      6.244377087189366,
      6.243575615440628,
      6.242605302178389,
      6.241576840179135,
      6.241344245231075,
      6.24106751328986,
      6.240693399728823,
      6.240413865438835,
      6.240304573836735,
      6.2400614700807795,
      6.2400229377851675,
      6.240016632500431,
      6.239648824224131,
      6.239376295806073,
      6.238792706674343,
      6.238574123470142,
      6.237851117487016,
      6.2376206243005345,
      6.237437771043174,
      6.2368387689931994,
      6.2368345654700414,
      6.236688142746715,
      6.236546624133738,
      6.236529109453914,
      6.236391794364096,
      6.236134678864283,
      6.235799798186052,
      6.235329003592388,
      6.234733504478378,
      6.23443505433418,
      6.234308248052256,
      6.2343040445290985,
      6.2342550034255915,
      6.234145711823491,
      6.234089664848055,
      6.234018204954374,
      6.233889997498063,
      6.2338703810566605,
      6.233819238191575,
      6.2337141501126325,
      6.2333337312668595
    ]
  ],