{
  "test_loss_values": [
    4.031405506655574
  ],
  "log_exp_r_n_values": [
    14054.386370715736
  ],
  "log_exp_r_n_acc_values": [
    -Infinity
  ],
  "model_data_levels": [
    0
  ],
  "loss_landscape_data_param": 0,
  "train_loss_values": [
    2.060126826108899e-05
  ],
  "num_params": 4353,
  "dataset_type": "data",
  "top_r_vals": [
    [
      25.268674023709334,
      17.68921678362659,
      15.910695437485444,
      14.243297088428598,
      13.943525308362473,
      12.533985473315223,
      11.740814392892352,
      11.257409604546986,
      11.05113818799109,
      10.125692622115697,
      10.003193313884896,
      9.694357879586105,
      9.564563911288758,
      9.416359184089071,
      9.084431133189556,
      8.372209471782922,
      8.279291981696252,
      7.248012611377625,
      6.99358124216817,
      6.988188905491218,
      6.970976066728681,
      6.820137240101936,
      6.5074553217673134,
      6.5002280409368405,
      6.451237942753643,
      6.008441462251596,
      5.633488397383519,
      5.621394766282329,
      5.466967900695368,
      5.232819634965922,
      5.20117383774769,
      5.158278876341482,
      5.133589761983398,
      4.734247860280989,
      4.662217864254664,
      4.499714891669705,
      4.438395463493438,
      4.4242684701853285,
      4.39654919378173,
      4.317032595639458,
      3.8260557274157057,
      3.801537202196108,
      3.774304281707864,
      3.7373702768956725,
      3.5925439470102294,
      3.543935614364343,
      3.2707972786779846,
      3.2101476307223344,
      3.1105977874918445,
      2.1859466246840302
    ]
  ],
  "top_r_val_seeds": [
    [
      41,
      29,
      37,
      45,
      50,
      4,
      39,
      16,
      44,
      6,
      13,
      35,
      8,
      5,
      36,
      42,
      18,
      12,
      28,
      9,
      31,
      33,
      43,
      23,
      25,
      14,
      48,
      15,
      20,
      38,
      19,
      3,
      21,
      30,
      1,
      47,
      2,
      27,
      22,
      46,
      49,
      26,
      7,
      34,
      10,
      11,
      17,
      24,
      32,
      40
    ]
  ],
  "test_acc_values": [
    0.7625
  ],
  "loss_predicts_minimas": true,
  "loss_ordering_violations": 0,
  "test_loss_ranks": [
    1
  ],
  "log_exp_r_n_ranks": [
    1
  ],
  "data_level_ranks": [
    1
  ],
  "accuracy_predicts_minimas": true,
  "accuracy_ordering_violations": 0,
  "log_exp_r_n_acc_ranks": [
    1
  ]
}