{
  "test_loss_values": [
    3.7410323130898178
  ],
  "log_exp_r_n_values": [
    14299.355415158745
  ],
  "log_exp_r_n_acc_values": [
    -Infinity
  ],
  "model_data_levels": [
    0
  ],
  "loss_landscape_data_param": 100,
  "train_loss_values": [
    2.5635600090026855
  ],
  "num_params": 4353,
  "dataset_type": "data",
  "top_r_vals": [
    [
      26.73146563028352,
      19.079107201213194,
      10.905053772804337,
      8.91373352203002,
      7.475004477309516,
      6.414303532024433,
      6.157205410881062,
      5.857858833272679,
      5.851581365195655,
      5.5777782878030555,
      4.88146321880251,
      4.769503362832654,
      4.52463417853735,
      4.362174014174649,
      4.2155979881908925,
      4.176704898222161,
      3.972969379539394,
      3.809818024197901,
      3.748118297964019,
      3.568360675359428,
      3.5454204707147454,
      3.542621679665263,
      3.5342330571406237,
      3.4012449254590202,
      3.3600656797181343,
      3.3006562823628505,
      3.197315194059253,
      3.147919807815207,
      3.0975082319439378,
      3.0732382641298397,
      2.9650248525024177,
      2.877463201894689,
      2.7868008343839246,
      2.766065090067193,
      2.749615935746769,
      2.688781787887554,
      2.6832057636838473,
      2.526713753698917,
      2.496597448215058,
      2.460493150808466,
      2.457443452685796,
      2.405416011751534,
      2.2339879730601364,
      2.2327926797151885,
      2.1866152666505783,
      2.158600989919682,
      1.9255136694674775,
      1.8679747370474533,
      1.645578595589329,
      1.526326939074648
    ]
  ],
  "top_r_val_seeds": [
    [
      13,
      30,
      23,
      29,
      28,
      10,
      50,
      45,
      32,
      12,
      34,
      31,
      24,
      5,
      15,
      16,
      33,
      47,
      39,
      43,
      18,
      1,
      6,
      41,
      20,
      37,
      42,
      4,
      46,
      19,
      9,
      49,
      22,
      27,
      48,
      26,
      11,
      17,
      2,
      38,
      36,
      7,
      40,
      21,
      3,
      8,
      25,
      35,
      14,
      44
    ]
  ],
  "test_acc_values": [
    0.768
  ],
  "loss_predicts_minimas": true,
  "loss_ordering_violations": 0,
  "test_loss_ranks": [
    1
  ],
  "log_exp_r_n_ranks": [
    1
  ],
  "data_level_ranks": [
    1
  ],
  "accuracy_predicts_minimas": true,
  "accuracy_ordering_violations": 0,
  "log_exp_r_n_acc_ranks": [
    1
  ]
}