{
  "test_loss_values": [
    0.6087129473686218,
    0.23677033185958862,
    0.9246939712762833,
    0.375013667345047,
    0.14346647262573242
  ],
  "log_exp_r_n_values": [
    964954.0435445033,
    837452.4272154059,
    1019555.1771945532,
    905007.0620728205,
    762827.1174609745
  ],
  "log_exp_r_n_acc_values": [
    -Infinity,
    -Infinity,
    -Infinity,
    -Infinity,
    -Infinity
  ],
  "model_data_levels": [
    1940,
    19940,
    540,
    5940,
    59940
  ],
  "loss_landscape_data_param": 540,
  "train_loss_values": [
    8.623480243841186e-05,
    0.0001594471395947039,
    2.9864366297260858e-05,
    0.00012098121078452095,
    0.00035110316821374
  ],
  "num_params": 300938,
  "dataset_type": "data",
  "top_r_vals": [
    [
      24.692532233736515,
      24.680014590148648,
      22.395865716030258,
      22.378369095787427,
      22.373070788376193,
      20.26571529167743,
      20.2418583859328,
      20.239214612736827,
      20.23270634453755,
      20.20977116244118,
      20.207633213198513,
      20.198937537414473,
      20.189437039518054,
      20.1536247036236,
      18.14690203706095,
      18.13689227143595,
      18.13350255036157,
      18.121777747288224,
      18.120932334710744,
      18.11759103822314,
      18.109011815599175,
      16.197685684626016,
      16.18395014026192,
      16.182155808798214,
      16.178149608358687,
      16.177334330371668,
      16.176718822487427,
      16.176175303829414,
      16.17295378595576,
      16.17225009126939,
      16.162400165390892,
      16.156671622713887,
      16.14922973645268,
      16.14867181994942,
      14.352059101112133,
      14.346938450158149,
      14.341318806754414,
      14.330994605142335,
      14.329357335986126,
      14.327906591164169,
      14.32652599224569,
      14.325673081828386,
      14.321642880828488,
      14.314231328435875,
      14.305498163452711,
      12.617218045601614,
      12.606252454857525,
      12.596791725403898,
      12.587230111394486,
      10.943291296607175
    ],
    [
      16.1645436446018,
      14.333354058259363,
      14.33038401693705,
      14.329357335986126,
      14.31513365983063,
      12.614468941456469,
      12.60961387220931,
      12.60201530351455,
      12.598230731498221,
      12.593908108517706,
      12.59184417864727,
      12.59167323537219,
      12.589365501158603,
      12.587832616380425,
      10.99003945607432,
      10.98829524928898,
      10.981446582898114,
      10.980072211421351,
      10.972618138056708,
      10.971479338245144,
      10.971457367830775,
      10.971061900372096,
      10.969649690959473,
      10.968508449990757,
      10.968031203767477,
      10.964876008148089,
      10.962556908853374,
      10.961578004835289,
      10.954834308201974,
      9.487273917710487,
      9.471820975697636,
      9.462921562930443,
      9.460695657300995,
      9.460578836721862,
      9.457182620425773,
      9.454522058046933,
      9.449629275412747,
      9.44386402196683,
      9.443667216126306,
      9.434799376488611,
      8.075019549185033,
      8.070819164657944,
      8.06397515639348,
      8.059447457529846,
      8.053237452651516,
      8.050383092286502,
      8.039969115874657,
      6.774274661217207,
      6.767385223765433,
      6.761208616657022
    ],
    [
      29.604824757797363,
      27.135124300733025,
      24.727588776167217,
      24.716883691764952,
      24.692532233736515,
      24.686325591676713,
      22.408310635553775,
      22.38992224565734,
      22.389620837478326,
      22.384711122430115,
      22.378369095787427,
      22.37152140087747,
      20.23270634453755,
      20.215937718458658,
      20.212268808717308,
      20.20767367911478,
      20.20622589855508,
      20.1957542186683,
      20.191240020898302,
      20.189437039518054,
      20.181863168857134,
      20.171870335646158,
      20.1536247036236,
      18.14690203706095,
      18.141932463842977,
      18.136490750903928,
      18.133756779442148,
      18.13092999418905,
      18.122187338584713,
      18.11759103822314,
      18.109011815599175,
      18.105396113119834,
      16.20212921961487,
      16.19634848474885,
      16.179013479073408,
      16.178349378461466,
      16.173304733433614,
      16.17034057704372,
      16.14922973645268,
      14.371255165289258,
      14.343113904193451,
      12.595445196819044,
      12.592710104417758,
      12.59085214718205,
      12.587230111394486,
      12.583183519767994,
      12.580867378508094,
      12.562451743554151,
      10.990998830835187,
      8.061946704258494
    ],
    [
      20.23270634453755,
      20.191696386509513,
      18.188619818569215,
      18.132255617252067,
      18.12015955901343,
      16.181727472902164,
      16.181012979831863,
      16.17650105507809,
      16.168371671706417,
      16.1641782992787,
      16.160443858168176,
      14.354337248750129,
      14.352462440057138,
      14.352059101112133,
      14.348122959391901,
      14.33038401693705,
      14.330066766146313,
      14.329550237220694,
      14.329068781246812,
      14.327705718804205,
      14.323900303540457,
      14.321642880828488,
      14.30835501479441,
      14.29176710284665,
      12.60961387220931,
      12.604674732498996,
      12.60201530351455,
      12.598564211002067,
      12.596117760524278,
      12.59560072717588,
      12.59481046482223,
      12.59167323537219,
      12.591400006366937,
      12.59085214718205,
      12.583980787993573,
      12.583183519767994,
      12.580867378508094,
      12.573191745222108,
      10.981446582898114,
      10.97596618509113,
      10.973205236351843,
      10.972032260340148,
      10.969803483860069,
      10.964876008148089,
      10.957465875612186,
      10.95204040384113,
      9.476932665362991,
      9.457182620425773,
      9.443667216126306,
      9.435797087380674
    ],
    [
      12.614468941456469,
      12.614114444336835,
      12.610412541609275,
      12.597674465267017,
      12.595064077386077,
      11.00299223592459,
      10.980072211421351,
      10.97091421036438,
      10.968895373399402,
      10.96874646281311,
      10.96809345327486,
      10.964876008148089,
      10.962804686304336,
      10.961578004835289,
      10.96002420830783,
      10.952647031393484,
      9.476105449370204,
      9.46869628831521,
      9.465513716862041,
      9.462921562930443,
      9.462671082769777,
      9.460695657300995,
      9.460102082466475,
      9.460083138588779,
      9.459742148790225,
      9.458657085573222,
      9.456012309759132,
      9.454860942970187,
      9.454522058046933,
      9.45196779187073,
      9.451368954847961,
      9.449629275412747,
      9.443667216126306,
      9.44334096045485,
      9.434799376488611,
      8.075019549185033,
      8.070819164657944,
      8.070152878213959,
      8.061946704258494,
      8.060101189451332,
      8.059334466827366,
      8.058145374196512,
      8.054123443239211,
      8.050383092286502,
      8.048449695821855,
      8.039969115874657,
      6.775979124469522,
      6.773912217881945,
      6.773550528067131,
      6.771375114535108
    ]
  ],