{
  "test_loss_values": [
    0.002073840463659903
  ],
  "log_exp_r_n_values": [
    -59178.11512229894
  ],
  "log_exp_r_n_acc_values": [
    -Infinity
  ],
  "model_data_levels": [
    6398
  ],
  "loss_landscape_data_param": 6398,
  "train_loss_values": [
    0.0019493541913107038
  ],
  "num_params": 73097,
  "dataset_type": "data",
  "top_r_vals": [
    [
      0.44508128754400067,
      0.4437549919172789,
      0.44373451608891956,
      0.4436319376689879,
      0.44358052391018776,
      0.44355113038529237,
      0.44347674982144686,
      0.44332480024359766,
      0.44329381249362315,
      0.4432592875567545,
      0.44312342968829715,
      0.44307341087644125,
      0.4430344520010714,
      0.44298323752040614,
      0.4429763126052189,
      0.4429050208524641,
      0.4427784294172789,
      0.4427594979944649,
      0.4427239268473881,
      0.4426694242774972,
      0.44264939682494137,
      0.4426326574616111,
      0.44262877153798086,
      0.44262139824699015,
      0.4426011715162994,
      0.4425719772695389,
      0.44253765161080505,
      0.4424518125542037,
      0.4424485244649781,
      0.44244812590870836,
      0.44244588402969093,
      0.44244409052647693,
      0.44244394106787577,
      0.44244030424191416,
      0.4424205258870269,
      0.4423975590819815,
      0.44236741826408027,
      0.44233717780711157,
      0.44229423336904405,
      0.44228317343255796,
      0.44227375754068465,
      0.44226942324125096,
      0.44225099001377416,
      0.442233154620702,
      0.4422020174121264,
      0.4421334159141925,
      0.4421242491199878,
      0.44211323900303545,
      0.4421086556059331,
      0.44209948881172845
    ]
  ],
  "top_r_val_seeds": [
    [
      178,
      79,
      29,
      333,
      182,
      375,
      342,
      66,
      493,
      343,
      87,
      300,
      400,
      223,
      169,
      444,
      31,
      426,
      449,
      156,
      61,
      365,
      397,
      147,
      378,
      267,
      229,
      288,
      420,
      414,
      346,
      432,
      258,
      57,
      122,
      489,
      384,
      491,
      448,
      396,
      110,
      285,
      291,
      437,
      93,
      488,
      40,
      337,
      421,
      67
    ]
  ],
  "loss_predicts_minimas": true,
  "loss_ordering_violations": 0,
  "test_loss_ranks": [
    1
  ],
  "log_exp_r_n_ranks": [
    1
  ],
  "data_level_ranks": [
    1
  ],
  "accuracy_predicts_minimas": true,
  "accuracy_ordering_violations": 0,
  "log_exp_r_n_acc_ranks": [
    1
  ]
}