{
  "test_loss_values": [
    0.7003214716911316,
    0.26883071660995483,
    0.464419949054718,
    0.17861910164356232
  ],
  "log_exp_r_n_values": [
    825082.4966702891,
    678070.8369714553,
    746919.3915716191,
    625309.7842520262
  ],
  "log_exp_r_n_acc_values": [
    -Infinity,
    -Infinity,
    -Infinity,
    -Infinity
  ],
  "model_data_levels": [
    1940,
    19940,
    5940,
    59940
  ],
  "loss_landscape_data_param": 1940,
  "train_loss_values": [
    2.6122747840418015e-06,
    5.766964477516012e-06,
    3.896655471180566e-06,
    9.74018439592328e-06
  ],
  "num_params": 235146,
  "dataset_type": "data",
  "top_r_vals": [
    [
      33.40935114142531,
      30.93875946894968,
      28.53857108011938,
      28.52761098197888,
      28.515737990702483,
      28.498342803030305,
      28.495370968204778,
      28.483917656680443,
      28.470174041551886,
      28.451340464302117,
      28.444460585973374,
      28.438387784090914,
      26.224776793543075,
      26.223220228917775,
      26.221632368284133,
      26.21917316089199,
      26.218772901416916,
      26.212533465649038,
      26.206226496389487,
      26.203696461188997,
      26.201917530188652,
      26.199565388088196,
      26.19784904910453,
      26.1952926593707,
      26.19171503147001,
      26.189796092011306,
      26.18871226182776,
      26.188529427252725,
      26.187392888002506,
      26.187045337594107,
      26.18431929055191,
      26.18358301077677,
      26.17907309125923,
      26.176954845642154,
      26.175174267483474,
      26.168101369598773,
      26.166047363156707,
      26.16526496294822,
      26.164311258273038,
      26.160206539705577,
      26.159704156413813,
      26.157521671621723,
      26.150450420895357,
      26.14995297907859,
      26.147737551119832,
      26.147253286569736,
      26.147100100844707,
      26.144929146160955,
      26.14433287484417,
      26.1431008004106
    ],
    [
      17.87928396613607,
      17.823364566070868,
      16.085090069731404,
      16.07244419066374,
      16.070841135072314,
      16.069752590715392,
      16.060130221784608,
      16.058790474883782,
      16.056254237151343,
      16.05513340973657,
      16.052946232567148,
      16.052108890754134,
      16.04399777246901,
      16.04316951026601,
      16.040102619770146,
      16.039159349173556,
      16.038944465069733,
      16.03865290870351,
      16.037276843362605,
      16.03533481566374,
      16.033229354984506,
      16.029478467200413,
      16.028646169615186,
      16.027457749548038,
      16.026666814630683,
      16.02560651794938,
      16.02529579351756,
      16.025122272081614,
      16.025022396371384,
      16.022203681882747,
      16.022200655346076,
      16.016755915870352,
      16.01602551168647,
      16.01592967135847,
      16.014574791774276,
      16.0144809691374,
      16.01440934110279,
      16.012786108600206,
      16.01276593168905,
      16.01188319182593,
      16.00923497223657,
      15.999198976627067,
      15.996519482825414,
      15.996451890173038,
      15.991390512009298,
      15.990097172004132,
      15.989974092846074,
      15.986237328899794,
      15.983584065082646,
      14.346223570986464
    ],
    [
      23.961140950520836,
      23.93440303096065,
      21.88137102783876,
      21.87749599600408,
      21.859621690762385,
      21.859002399707304,
      21.857571576471393,
      21.8498434832164,
      21.848703767970903,
      21.843186447661992,
      21.841452158077583,
      21.841364276420098,
      21.82851570346577,
      21.82627197489813,
      21.824142217855044,
      21.823006622062245,
      21.822376345799977,
      21.82164720267304,
      21.819043708570078,
      21.81790124702279,
      21.816996340580882,
      21.816768397531785,
      21.81263109387555,
      21.812208163398907,
      21.806166299446886,
      21.79761568880388,
      21.79748798577035,
      21.79515362924343,
      21.794461561190744,
      21.79380794136321,
      21.783057542981307,
      21.773140647194605,
      21.77294840606886,
      21.75543386636249,
      19.848698823382186,
      19.842523692177462,
      19.841076434722865,
      19.840544611200393,
      19.829868285123972,
      19.82969889870932,
      19.829585559270107,
      19.82852191222516,
      19.825815466055765,
      19.825667252942946,
      19.82515909369899,
      19.822536095248577,
      19.821152357699475,
      19.820441183855607,
      19.820366454555025,
      19.819591760805665
    ],
    [
      14.285813811798146,
      12.709206968676668,
      12.703167246964597,
      12.69111570247934,
      12.689485607335987,
      12.6891229211305,
      12.685082357667586,
      12.683809368941946,
      12.683741614376085,
      12.68314776553413,
      12.680192072237528,
      12.679944967350272,
      12.678938214212836,
      12.676084551321296,
      12.67552657254362,
      12.674041551882462,
      12.673554516120806,
      12.672916028976637,
      12.671428616977861,
      12.669954755892258,
      12.669894175339252,
      12.667864726813592,
      12.664609319202123,
      12.663990759871444,
      12.663608145852466,
      12.66258624757678,
      12.662532841036631,
      12.6622076191205,
      12.661825005101521,
      12.659759686511581,
      12.659518958524641,
      12.65845481328436,
      12.658367928017551,
      12.658120823130295,
      12.652061970717275,
      12.651100652994593,
      12.650301149117439,
      12.649328671819204,
      12.648121046321805,
      12.648031769717377,
      12.639283459595962,
      12.63517275022957,
      12.63405360422406,
      12.631101099377616,
      12.627595398428733,
      11.169205202325099,
      11.163964810121815,
      11.161987753063304,
      11.16141957684982,
      11.160605494531609
    ]
  ],