{
  "test_loss_values": [
    3.6105621406721182
  ],
  "log_exp_r_n_values": [
    10898.403367938814
  ],
  "log_exp_r_n_acc_values": [
    -Infinity
  ],
  "model_data_levels": [
    0
  ],
  "loss_landscape_data_param": 10,
  "train_loss_values": [
    1.2846158742904663
  ],
  "num_params": 4353,
  "dataset_type": "data",
  "top_r_vals": [
    [
      12.238076583815106,
      12.077204583771124,
      8.534676846787722,
      6.871014925926772,
      6.209059168226565,
      6.065207321221621,
      5.818958842378257,
      5.5129878611719825,
      4.643985439197643,
      4.61074439976075,
      4.485753451584899,
      4.316866916967017,
      4.065404216967707,
      4.040424894768083,
      3.9708885859769714,
      3.782062524344502,
      3.6930839399142963,
      3.6546596728036103,
      3.6540138754383564,
      3.5752143344956115,
      3.4520196983388933,
      3.4272051023844323,
      3.3909211767130114,
      3.3041025203458245,
      3.0880942835783425,
      3.0860022954731114,
      2.9767540061117326,
      2.905064609408113,
      2.8444532343788045,
      2.8271763822241134,
      2.78121933686724,
      2.7776660960298702,
      2.7366581109893438,
      2.73653573816936,
      2.6772983304954723,
      2.632051804595717,
      2.564154288023749,
      2.48624286453748,
      2.4361958958117924,
      2.3454879636302146,
      2.2833016286791796,
      2.158600989919682,
      2.0332045096725624,
      1.969081706966503,
      1.5455336725988786,
      1.3111457722535935,
      1.3008846878513665,
      1.2839956624072772,
      1.1596082738583882,
      1.1115541034337701
    ]
  ],
  "top_r_val_seeds": [
    [
      40,
      4,
      41,
      32,
      10,
      44,
      11,
      27,
      7,
      2,
      25,
      19,
      5,
      45,
      39,
      28,
      37,
      3,
      47,
      16,
      31,
      9,
      1,
      18,
      33,
      14,
      6,
      49,
      15,
      34,
      29,
      38,
      30,
      50,
      24,
      13,
      48,
      42,
      35,
      12,
      36,
      8,
      46,
      22,
      43,
      21,
      20,
      23,
      26,
      17
    ]
  ],
  "test_acc_values": [
    0.78925
  ],
  "loss_predicts_minimas": true,
  "loss_ordering_violations": 0,
  "test_loss_ranks": [
    1
  ],
  "log_exp_r_n_ranks": [
    1
  ],
  "data_level_ranks": [
    1
  ],
  "accuracy_predicts_minimas": true,
  "accuracy_ordering_violations": 0,
  "log_exp_r_n_acc_ranks": [
    1
  ]
}