{
  "test_loss_values": [
    0.18771114945411682,
    0.3188340187072754,
    0.09667233377695084
  ],
  "log_exp_r_n_values": [
    626017.5984198782,
    702130.5251236628,
    567154.3735937527
  ],
  "log_exp_r_n_acc_values": [
    -Infinity,
    -Infinity,
    -Infinity
  ],
  "model_data_levels": [
    19940,
    5940,
    59940
  ],
  "loss_landscape_data_param": 5940,
  "train_loss_values": [
    0.0007152591715566814,
    0.00031924250652082264,
    0.002197259571403265
  ],
  "num_params": 235146,
  "dataset_type": "data",
  "top_r_vals": [
    [
      14.328740087531928,
      14.313123824632655,
      14.310849864949212,
      12.685380477757374,
      12.683179650035711,
      12.675410194112848,
      12.669489242169169,
      12.664779104173045,
      12.66471932073258,
      12.657587554841344,
      12.657565235690237,
      12.654637441332518,
      12.653725544587289,
      12.653497570400981,
      12.65336046704418,
      12.651660225997349,
      12.651481672788492,
      12.64198487399245,
      12.638861787062547,
      11.157431834547536,
      11.152530526545641,
      11.143978458681273,
      11.140143444387054,
      11.138920219148158,
      11.135937819467761,
      11.13316139242209,
      11.12876380661193,
      11.122747163798856,
      11.121700486532585,
      11.119363327656897,
      11.117524286275398,
      11.103455094266529,
      9.715435020681088,
      9.714703894113965,
      9.709864910348756,
      9.709679382405179,
      9.7068464195299,
      9.705832729022394,
      9.703271955169598,
      9.700387727994118,
      9.697496787636469,
      9.696970718270142,
      9.696061387230898,
      9.694499656942694,
      9.692713950485764,
      9.692219616162417,
      9.688604872709103,
      8.364811276382435,
      8.360478916796797,
      8.341322446694097
    ],
    [
      19.805328428301326,
      17.89853000553296,
      17.876182703275656,
      17.859233104626803,
      17.85548326305292,
      17.84917620038174,
      17.849144726891314,
      17.83745007709075,
      16.054934667161675,
      16.046547125193698,
      16.035750460033576,
      16.02886105371901,
      16.012257473527892,
      16.012031492122933,
      16.000012106146695,
      15.996059449251034,
      15.988975335743802,
      14.331101334152171,
      14.325309800902216,
      14.324805876318628,
      14.324231762239467,
      14.31812077679813,
      14.313821220261728,
      14.312645996143575,
      14.308895357457152,
      14.307375484918436,
      14.307324192594749,
      14.30266558979254,
      14.299927299599933,
      14.291807814746866,
      14.28589929900429,
      14.284869853069246,
      14.284612491585484,
      14.284457714749097,
      14.282204451968195,
      14.264154953222452,
      12.677006013417,
      12.669894175339252,
      12.664243444546477,
      12.662203633557802,
      12.659225621110092,
      12.655214550811143,
      12.654504323538417,
      11.14652859606362,
      11.146315617556963,
      11.13658306027247,
      11.130815125912894,
      11.121700486532585,
      9.697496787636469,
      9.696970718270142
    ],
    [
      11.15559349375323,
      11.149260185528941,
      11.143435503606735,
      11.141665119770146,
      11.138960152618157,
      11.12876380661193,
      11.124832811872274,
      11.119623245505482,
      9.71936284253919,
      9.715435020681088,
      9.715093258679762,
      9.710559419558594,
      9.704610929867652,
      9.703237168680177,
      9.700639167180809,
      9.700077701035772,
      9.696471501632491,
      9.696425729935884,
      9.692713950485764,
      9.692219616162417,
      9.690948383575341,
      9.688706791020213,
      9.688236868268389,
      9.688008620074646,
      9.687729107580704,
      9.684598933822127,
      9.679019669150474,
      9.676628555719764,
      8.37645386788398,
      8.37228147882112,
      8.372121508298342,
      8.37036604229838,
      8.369678800513023,
      8.368804751044818,
      8.367485520450721,
      8.364811276382435,
      8.364109826688805,
      8.362241223641483,
      8.36116352748803,
      8.360379461438885,
      8.359032867465894,
      8.35441898080892,
      8.35395011983591,
      8.353285505460024,
      8.35195469805178,
      8.351877343884516,
      8.341322446694097,
      8.339928493026862,
      7.1246915174472,
      7.123721680584253
    ]
  ],
  "top_r_val_seeds": [
    [
      31,
      37,
      48,
      1,
      35,
      27,
      38,
      21,
      33,
      50,
      47,
      17,
      25,
      34,
      43,
      14,
      44,
      6,
      16,
      7,
      46,
      9,
      11,
      40,
      41,
      15,
      10,
      28,
      20,
      39,
      19,
      2,
      29,
      13,
      45,
      5,
      22,
      4,
      18,
      49,
      32,
      12,
      24,
      8,
      3,
      26,
      36,
      30,
      23,
      42
    ],
    [
      27,
      31,
      48,
      33,
      10,
      50,
      47,
      19,
      1,
      37,
      41,
      21,
      14,
      44,
      6,
      16,
      2,
      7,
      29,
      46,
      13,
      35,
      9,
      22,
      11,
      18,
      40,
      38,
      15,
      3,
      17,
      25,
      34,
      43,
      39,
      42,
      4,
      49,
      24,
      8,
      26,
      28,
      36,
      45,
      5,
      30,
      23,
      20,
      32,
      12
    ],
    [
      31,
      1,
      37,
      48,
      18,
      10,
      50,
      14,
      7,
      29,
      46,
      35,
      27,
      40,
      41,
      38,
      21,
      33,
      3,
      26,
      47,
      17,
      20,
      25,
      43,
      19,
      6,
      16,
      13,
      45,
      5,
      9,
      22,
      4,
      11,
      30,
      49,
      15,
      12,
      24,
      8,
      28,
      36,
      34,
      44,
      39,
      42,
      2,
      32,
      23
    ]
  ],
  "loss_predicts_minimas": true,
  "loss_ordering_violations": 2,
  "test_loss_ranks": [
    2,
    1,
    3
  ],
  "log_exp_r_n_ranks": [
    2,
    1,
    3
  ],
  "data_level_ranks": [
    2,
    3,
    1
  ],
  "accuracy_predicts_minimas": false,
  "accuracy_ordering_violations": 1,
  "log_exp_r_n_acc_ranks": [
    1,
    2,
    3
  ]
}