{
  "test_loss_values": [
    0.48985144615173337,
    0.4978801064193249,
    0.3527729377150536,
    0.4671326778829098,
    0.17532652616500854,
    0.22434090375900267,
    0.530061186850071,
    0.420187771320343
  ],
  "log_exp_r_n_values": [
    874795.7927311705,
    890739.4212718301,
    866616.59526772,
    874795.7927311705,
    849791.2978100907,
    866616.59526772,
    890739.4212718301,
    874795.7927311705
  ],
  "log_exp_r_n_acc_values": [
    -Infinity,
    -Infinity,
    -Infinity,
    -Infinity,
    -Infinity,
    -Infinity,
    -Infinity,
    -Infinity
  ],
  "model_data_levels": [
    200,
    100,
    2000,
    500,
    10000,
    5000,
    0,
    1000
  ],
  "loss_landscape_data_param": 200,
  "train_loss_values": [
    0.0032072325702756643,
    0.06772451102733612,
    0.012771403416991234,
    0.004696621093899012,
    0.07965020835399628,
    0.03975851833820343,
    0.1401858925819397,
    0.006552806589752436
  ],
  "num_params": 235146,
  "dataset_type": "data",
  "top_r_vals": [
    [
      41.274325030484746,
      39.85870238490269,
      38.30013397310043,
      37.05749667770608,
      37.05051722952443,
      37.012081310480006,
      36.98843883771506,
      35.76678514729841,
      35.718118690480516,
      35.65835357594348,
      34.428450260772586,
      34.3984519908598,
      34.393661532545686,
      34.38735146205963,
      33.17070944290391,
      33.1401092227982,
      33.12997791396919,
      33.106422933507844,
      33.079519328347146,
      31.891826500655068,
      31.845246262961073,
      31.827230721139408,
      31.78502809173853,
      30.67684734696369,
      30.632492014953648,
      30.61185849170179,
      30.583457053813934,
      30.57020613197208,
      30.56729509054971,
      30.517738029988777,
      29.475911996487476,
      29.42644676839832,
      29.413378282350827,
      28.248434382970125,
      28.21700584423373,
      28.200241352806746,
      28.189815479722732,
      28.18126811033812,
      27.07562324213941,
      27.069430224417026,
      27.014498259358287,
      26.993774290762264,
      25.873678326314757,
      25.87364734404888,
      24.819543733069647,
      24.817552511380367,
      24.7827716735977,
      23.71749460635464,
      23.702344028658526,
      21.57844617861015
    ],
    [
      44.16990788042364,
      39.85870238490269,
      38.30013397310043,
      37.05749667770608,
      37.05051722952443,
      37.012081310480006,
      35.718118690480516,
      35.65563228124862,
      34.45435510245583,
      34.428450260772586,
      34.3984519908598,
      34.391990392094485,
      34.38735146205963,
      34.34990233018697,
      33.17070944290391,
      33.1401092227982,
      33.12997791396919,
      33.10803160697884,
      33.04372009229566,
      31.845246262961073,
      31.827230721139408,
      30.67684734696369,
      30.65342800908791,
      30.632492014953648,
      30.583875118664135,
      30.583457053813934,
      30.57020613197208,
      30.56729509054971,
      29.437713087461496,
      29.404961385418922,
      29.399628895430407,
      29.309235604001234,
      28.285090062435287,
      28.237623221320167,
      28.225082699931818,
      28.189815479722732,
      28.18126811033812,
      27.07562324213941,
      27.069430224417026,
      27.037470984526955,
      27.014498259358287,
      27.010848498501556,
      26.993774290762264,
      24.807813315014535,
      24.7827716735977,
      24.760933776795362,
      23.72870946529523,
      23.72680575902834,
      23.702344028658526,
      19.572286783319868
    ],
    [
      39.86334186208233,
      37.11067242669457,
      37.05051722952443,
      35.613262329579356,
      34.369235173930015,
      33.16645646032061,
      33.12132816840169,
      33.11264299867744,
      33.06338466683686,
      31.879102573253654,
      31.86800020496814,
      31.8410470462147,
      30.668185505643393,
      30.626030312153766,
      30.608749013968033,
      30.608656538793795,
      30.583875118664135,
      30.571290788703244,
      30.517738029988777,
      29.43955225992804,
      29.372352154482915,
      29.356830204963952,
      28.285090062435287,
      28.21188878595237,
      28.192979462324182,
      28.17244020826494,
      27.10606231577712,
      27.07341023415725,
      27.066869944413046,
      27.053544231732772,
      27.047204815020798,
      27.027474997702914,
      26.99466630321046,
      25.93572602099004,
      25.933511604302726,
      25.922633567689264,
      25.921994354624882,
      25.899179992421477,
      25.88175491383484,
      25.874622470101173,
      25.873678326314757,
      25.857322951223612,
      24.82772553190734,
      23.724045683327915,
      23.69355356053588,
      22.662388327133716,
      21.596557265781836,
      21.572464884340437,
      20.60163247981748,
      18.605905123393452
    ],
    [
      41.274325030484746,
      38.37021057509596,
      38.34570056035517,
      37.11067242669457,
      37.10374659484832,
      36.9444850984148,
      35.71547379877462,
      34.42698476584324,
      34.411407658735975,
      34.40747441754449,
      34.34990233018697,
      33.17070944290391,
      33.154747734629495,
      33.14151993774621,
      33.12997791396919,
      33.11264299867744,
      33.10803160697884,
      33.106422933507844,
      33.10632291235938,
      33.10195740598407,
      33.04372009229566,
      31.827230721139408,
      31.819463673458174,
      31.802213812207924,
      30.57020613197208,
      29.46204419202394,
      29.399628895430407,
      29.372352154482915,
      29.36771906810844,
      29.309235604001234,
      28.285090062435287,
      28.230904640981286,
      28.225082699931818,
      28.21700584423373,
      28.200241352806746,
      28.189815479722732,
      27.083676888880646,
      27.07562324213941,
      27.07331149995497,
      26.993774290762264,
      25.934891130456972,
      25.92979373239766,
      25.873678326314757,
      25.87364734404888,
      24.817552511380367,
      24.7827716735977,
      24.76430917845203,
      23.71749460635464,
      23.702344028658526,
      20.563133801725435
    ],
    [
      37.11067242669457,
      35.777625383143146,
      33.118875566490594,
      33.08451830199601,
      30.66425338417215,
      30.62252974149563,
      30.604620382751534,
      30.568957717119865,
      29.427806719870063,
      29.402165621236882,
      29.39664255301491,
      29.36066767347061,
      29.32354007315502,
      28.285090062435287,
      27.10606231577712,
      27.065133584303968,
      27.06116038381907,
      27.053544231732772,
      27.045808917678205,
      27.02354265275,
      26.99466630321046,
      26.96547332329809,
      25.957552211976576,
      25.927341241456773,
      25.899179992421477,
      25.89251065203037,
      25.872158564641282,
      24.829276687361215,
      24.820342718575063,
      24.818314044440214,
      24.807813315014535,
      24.795605378278456,
      24.77620501147506,
      24.772938846117956,
      24.745311425438477,
      23.736531669023513,
      23.704567008546977,
      23.680093342714674,
      23.672703799501594,
      23.672675452778183,
      22.660570169650516,
      22.609724455206553,
      21.619430278823256,
      21.616330880883492,
      21.588547769000662,
      21.572464884340437,
      20.593039938622134,
      19.610503690326635,
      18.62152131590373,
      16.74653787897806
    ],
    [
      39.86334186208233,
      38.472419414913766,
      34.404926577763334,
      34.369235173930015,
      33.14151993774621,
      33.06338466683686,
      33.02409510945905,
      31.90308922089271,
      31.85967994305206,
      31.8410470462147,
      30.63052691750109,
      30.61449981386596,
      30.608749013968033,
      30.571290788703244,
      29.34096595473442,
      28.285090062435287,
      28.224949535680913,
      28.21700584423373,
      28.192979462324182,
      28.186099309360873,
