{
  "test_loss_values": [
    1.4184189414978028,
    0.43971662521362304,
    0.1279558539390564,
    0.5871801951527595,
    0.23584365844726562,
    0.07261069864034653
  ],
  "log_exp_r_n_values": [
    923229.1800068044,
    843490.3096647756,
    747353.655382762,
    877162.7686836654,
    825741.3353370666,
    747099.2229501357
  ],
  "log_exp_r_n_acc_values": [
    -Infinity,
    -Infinity,
    -Infinity,
    -Infinity,
    -Infinity,
    -Infinity
  ],
  "model_data_levels": [
    0,
    1940,
    19940,
    540,
    5940,
    59940
  ],
  "loss_landscape_data_param": 0,
  "train_loss_values": [
    2.9437946068355814e-05,
    0.00032257259590551257,
    0.006685704458504915,
    0.00017820611537899822,
    0.0009684421820566058,
    0.021982530131936073
  ],
  "num_params": 235146,
  "dataset_type": "data",
  "top_r_vals": [
    [
      50.715013136414655,
      50.70164077645139,
      50.510649423528214,
      47.62791296059156,
      47.54409903689874,
      47.5296911810408,
      44.64567830739928,
      44.6364417658474,
      44.615956596325475,
      44.61169142149478,
      44.60660796082272,
      44.5935181897096,
      44.5872857660411,
      44.57967178442809,
      44.57246134103823,
      44.55181363528754,
      44.543751277871046,
      44.53764495989727,
      44.53674820829029,
      44.53222521737259,
      44.52408719653926,
      44.52396109084453,
      44.51505522644772,
      44.51076763282685,
      44.50953459936726,
      44.50238020295283,
      44.50120601881744,
      44.496896006406395,
      44.49355840901917,
      44.469539477695996,
      44.46642326586175,
      44.455219475472056,
      44.44664148588154,
      44.4450357400353,
      44.434588583814,
      44.401526473004196,
      41.731889276161034,
      41.72841957916643,
      41.711919533307544,
      41.69712945887318,
      41.69229806947314,
      41.68694295222486,
      41.683033323837726,
      41.666768955510555,
      41.66612215161798,
      41.66325997892733,
      41.66026163699615,
      41.65765870959038,
      41.65606657693172,
      41.65560045914678
    ],
    [
      36.1298111844654,
      36.11784198855566,
      36.044458310466176,
      33.520837966549976,
      33.51154073235114,
      33.49428285976878,
      33.486726357442805,
      33.46524189525862,
      33.464418889016436,
      33.46049119170717,
      33.440850600285536,
      33.435752592309626,
      33.42651639949448,
      33.422113000367474,
      33.38769828921715,
      31.01359191153466,
      30.980341264926935,
      30.97347745651154,
      30.957500176361155,
      30.95009925109783,
      30.94547732169988,
      30.94144505318933,
      30.93990765351591,
      30.93875946894968,
      30.935235126154023,
      30.92948836509628,
      30.92740411819725,
      30.92130900961856,
      30.91950499759671,
      30.91941742419759,
      30.911164117849506,
      30.909399027338374,
      30.908918346680988,
      30.907022869108946,
      30.900340045718394,
      30.895502101935953,
      30.888823170696472,
      30.88201190632055,
      30.879201773246596,
      30.873816982238544,
      30.865723254084408,
      30.864608152802294,
      30.85992589506273,
      30.857353183204165,
      30.8570359728918,
      28.57323411673554,
      28.5684490501607,
      28.567322730142337,
      28.54822909492654,
      28.545689494375576
    ],
    [
      24.0054328824267,
      23.979472595968367,
      23.9644473982446,
      23.953253098476083,
      23.948487835165896,
      23.945461697048614,
      23.938372576678244,
      23.936238606770836,
      23.930804217303244,
      21.83078552190047,
      21.82565131069215,
      21.823446030349665,
      21.806007013942697,
      21.805590949220548,
      21.80463386304451,
      21.801606065314008,
      21.799245618920025,
      21.788364771202797,
      21.784565262667517,
      21.762421831283362,
      21.75129930900805,
      19.860317984134277,
      19.835434372528958,
      19.828292742370046,
      19.8273187704858,
      19.826720936081145,
      19.824366963112826,
      19.8209069964959,
      19.820441183855607,
      19.813047965051403,
      19.812324336324107,
      19.807190433374153,
      19.804248589907925,
      19.79973992210617,
      19.797222790164913,
      19.79350625294932,
      19.78845206125332,
      19.78842715148646,
      19.78463588497029,
      19.777806872385476,
      19.777480554439602,
      19.776398225069514,
      19.773772735642414,
      19.773121345239012,
      19.77096415942889,
      19.767805600990975,
      19.76762625066958,
      19.7664081630701,
      19.763418991046837,
      19.763146229099714
    ],
    [
      41.69229806947314,
      38.90021516060225,
      38.85565427794359,
      38.84278205627935,
      38.84214003194828,
      38.77755921948336,
      38.77552329441831,
      38.76394732720196,
      38.71796324992349,
      36.1555178303364,
      36.148951002388955,
      36.11476400075866,
      36.10473103168583,
      36.09521106057917,
      36.09480474803074,
      36.08285825114606,
      36.07572167766982,
      36.07290472866091,
      36.070117288384566,
      36.064408483584074,
      36.06348463326447,
      36.055937207434795,
      36.05272302548748,
      36.04694612361184,
      36.039389618172144,
      36.029590449057345,
      36.018831111182855,
      36.01750094831483,
      36.015626008845565,
      36.01251397251098,
      35.99201675288934,
      35.95924163061726,
      33.563937393186926,
      33.54430101151589,
      33.51384978055493,
      33.50833711214497,
      33.49468699582633,
      33.485962287709015,
      33.48297967940932,
      33.47324042139754,
      33.469895774546295,
      33.466266969529585,
      33.4639705505776,
      33.46336224161598,
      33.45610042183196,
      33.45378716387758,
      33.452719992100626,
      33.452046432004714,
      33.451080294242146,
      33.447019989789
    ],
    [
      33.50308965802279,
      33.42401580763842,
      31.022033987209735,
      30.95450127396021,
      30.948735052147107,
      30.939736398868742,
      30.89462247579369,
      28.579749913911847,
      28.554212221648303,
      28.537554163797065,
      28.5347060806933,
      28.53043216253444,
      28.519351899678608,
      28.50635079488063,
      28.503970816115707,
      28.502695635330582,
      28.500604410583108,
      28.497078383264466,
      28.48864174414601,
      28.48520718549128,
      28.480771852043162,
      28.479521780303035,
      28.473294737144172,
      28.46538180096419,
      28.45330973083104,
      26.24171452268802,
      26.23154331997772,
      26.221629073967467,
      26.220889499875657,
      26.210762770440365,
      26.20741574470638,
      26.206394506539517,
      26.1952926593707,
      26.192546846428503,
      26.191678793986668,
      26.189687379561285,
      26.186834501327397,
      26.18482332100201,
      26.180883318267913,
      26.1777108913173,
      26.17158675663278,
      26.171517575982765,
      26.17045515885756,
      26.168949656140605,
      26.167791703832044,
      26.165180957873208,
      26.16220124844763,
      26.161715336739203,
      26.16130848863079,
      26.159704156413813
    ],
    [
      23.979472595968367,
      23.953253098476083,
      21.837427452794998,
      21.81807563718686,
      21.809597803541454,
      21.762421831283362,
      19.835434372528958,
      19.811179732536864,
      19.807940217356652,
      19.79948833346088,
      19.780494636229726,
      17.89620096724127,
      17.89361564481323,
      17.89289849885276,
      17.887600835981743,
      17.88398588079541,
      17.880622713532503,
      17.872357550135394,
      17.86366861867073,
      17.8604527023809,
      17.85762683256173,
      17.85484817297821,
      17.853268878190647,
      17.849215542244778,
      17.841813651727986,
      17.83326297881056,
      17.82657935830747,
      17.8106931140138,
      17.80548537540115,
