{
  "test_loss_values": [
    0.10554559528827667,
    0.06357774138450623
  ],
  "log_exp_r_n_values": [
    535012.9912969343,
    -Infinity
  ],
  "log_exp_r_n_acc_values": [
    -Infinity,
    -Infinity
  ],
  "model_data_levels": [
    19940,
    59940
  ],
  "loss_landscape_data_param": 19940,
  "train_loss_values": [
    0.006935809273272753,
    0.022077025845646858
  ],
  "num_params": 235146,
  "dataset_type": "data",
  "top_r_vals": [
    [
      9.730486585393075,
      9.725862423457272,
      9.715863443761323,
      9.714703894113965,
      9.713391772144588,
      9.707331599513925,
      9.707211372524172,
      9.705127234605369,
      9.705039963237173,
      9.704610929867652,
      9.703190176404995,
      9.70270133468524,
      9.701201243615133,
      9.700639167180809,
      9.700052068885672,
      9.698833931466659,
      9.698174208746241,
      9.697307597957163,
      9.696970718270142,
      9.696922505416383,
      9.696080916488118,
      9.694978734033839,
      9.694853014440495,
      9.694499656942694,
      9.689602695695118,
      9.688883164624468,
      9.688829459167117,
      9.688604872709103,
      9.68772056353067,
      9.686427360529223,
      9.68599893744899,
      9.68379884456545,
      9.68286327108682,
      9.68219439402708,
      9.68202900563001,
      9.68128079096282,
      9.68045690042391,
      9.679019669150474,
      9.677865612106709,
      9.676766481098872,
      9.67673840779162,
      9.672639094643568,
      9.669665765232027,
      8.390984348296731,
      8.389615126914268,
      8.385378012935943,
      8.383893023411995,
      8.381325075546343,
      8.380471022393484,
      8.380209491637494
    ],
    [
      0.0,
      0.0,
      0.0,
      0.0,
      0.0,
      0.0,
      0.0,
      0.0,
      0.0,
      0.0,
      0.0,
      0.0,
      0.0,
      0.0,
      0.0,
      0.0,
      0.0,
      0.0,
      0.0,
      0.0,
      0.0,
      0.0,
      0.0,
      0.0,
      0.0,
      0.0,
      0.0,
      0.0,
      0.0,
      0.0,
      0.0,
      0.0,
      0.0,
      0.0,
      0.0,
      0.0,
      0.0,
      0.0,
      0.0,
      0.0,
      0.0,
      0.0,
      0.0,
      0.0,
      0.0,
      0.0,
      0.0,
      0.0,
      0.0,
      0.0
    ]
  ],
  "top_r_val_seeds": [
    [
      384,
      173,
      99,
      13,
      158,
      339,
      156,
      52,
      389,
      27,
      301,
      153,
      30,
      41,
      436,
      62,
      231,
      135,
      12,
      442,
      130,
      393,
      338,
      8,
      190,
      418,
      446,
      36,
      263,
      14,
      164,
      297,
      81,
      115,
      306,
      143,
      201,
      6,
      63,
      272,
      56,
      341,
      255,
      419,
      408,
      246,
      182,
      259,
      7,
      376
    ],
    [
      1,
      2,
      3,
      4,
      5,
      6,
      7,
      8,
      9,
      10,
      11,
      12,
      13,
      14,
      15,
      16,
      17,
      18,
      19,
      20,
      21,
      22,
      23,
      24,
      25,
      26,
      27,
      28,
      29,
      30,
      31,
      32,
      33,
      34,
      35,
      36,
      37,
      38,
      39,
      40,
      41,
      42,
      43,
      44,
      45,
      46,
      47,
      48,
      49,
      50
    ]
  ],
  "loss_predicts_minimas": true,
  "loss_ordering_violations": 1,
  "test_loss_ranks": [
    1,
    2
  ],
  "log_exp_r_n_ranks": [
    1,
    2
  ],
  "data_level_ranks": [
    2,
    1
  ],
  "accuracy_predicts_minimas": true,
  "accuracy_ordering_violations": 1,
  "log_exp_r_n_acc_ranks": [
    1,
    2
  ]
}