{
  "test_loss_values": [
    0.5238038820028305,
    0.5257107996940613,
    0.3569304808974266,
    0.4994860336184502,
    0.17393788695335388,
    0.22906367778778075,
    0.5468840911984444,
    0.43868220448493955
  ],
  "log_exp_r_n_values": [
    814139.0926299823,
    823271.2630638903,
    785755.6879094142,
    804826.0754336071,
    744090.8243568178,
    775854.4379909473,
    804826.0754336071,
    804826.0754336071
  ],
  "log_exp_r_n_acc_values": [
    -Infinity,
    -Infinity,
    -Infinity,
    -Infinity,
    -Infinity,
    -Infinity,
    -Infinity,
    -Infinity
  ],
  "model_data_levels": [
    200,
    100,
    2000,
    500,
    10000,
    5000,
    0,
    1000
  ],
  "loss_landscape_data_param": 100,
  "train_loss_values": [
    0.0028743811417371035,
    0.002651400165632367,
    0.012310778722167015,
    0.0037213906180113554,
    0.07057467848062515,
    0.0332757793366909,
    0.06782659143209457,
    0.005474402103573084
  ],
  "num_params": 235146,
  "dataset_type": "data",
  "top_r_vals": [
    [
      31.88983412764987,
      31.80637093656686,
      30.668185505643393,
      30.591340562417727,
      29.43955225992804,
      29.419445331161494,
      29.387491097260856,
      29.32354007315502,
      28.224949535680913,
      28.155595818287413,
      27.103146252182167,
      27.065133584303968,
      27.02354265275,
      25.932810426706595,
      25.9098770273764,
      25.889604841620358,
      25.872158564641282,
      24.8193705155089,
      24.793086701314113,
      24.78974251002875,
      24.7827716735977,
      24.76430917845203,
      24.760855750867098,
      23.72870946529523,
      23.716909768692712,
      23.714087031814223,
      23.704567008546977,
      23.6877320387072,
      23.684152891893515,
      23.672675452778183,
      22.68859629781435,
      22.679281802933726,
      22.66311786994829,
      22.661265515145658,
      22.661182871623694,
      22.64248406233527,
      22.608899444875227,
      22.570919046979704,
      21.65577207905202,
      21.640735920888993,
      21.597468053772907,
      21.555915730604184,
      20.58039272323088,
      20.561072783627772,
      19.606649325064396,
      19.60123521186334,
      19.572286783319868,
      18.62936750615096,
      18.59891341069182,
      17.684616510014543
    ],
    [
      33.15267646334689,
      31.80637093656686,
      30.65342800908791,
      30.550776712551443,
      29.45887467247143,
      29.453725359619927,
      29.419445331161494,
      29.32354007315502,
      28.22909360716901,
      28.200241352806746,
      28.192979462324182,
      28.170819155450616,
      27.072579505007024,
      27.06116038381907,
      25.934710128798436,
      25.9098770273764,
      25.896466598189008,
      25.889604841620358,
      25.88583805034812,
      24.819543733069647,
      24.807201591736952,
      24.793086701314113,
      24.78974251002875,
      24.772938846117956,
      24.76430917845203,
      24.760933776795362,
      24.760855750867098,
      23.74639782070292,
      23.714087031814223,
      23.70786865585781,
      23.704567008546977,
      23.6877320387072,
      22.68859629781435,
      22.661265515145658,
      22.608899444875227,
      22.570919046979704,
      21.65577207905202,
      21.619430278823256,
      21.597468053772907,
      20.622492677445805,
      20.603948696259103,
      20.58039272323088,
      20.561072783627772,
      20.541663459833128,
      19.606649325064396,
      19.596967790822834,
      19.572286783319868,
      18.63342422327759,
      18.62763276435743,
      18.59891341069182
    ],
    [
      28.263799762000957,
      28.248434382970125,
      27.085368988830083,
      27.06116038381907,
      26.99466630321046,
      25.875540523558435,
      24.785368376490307,
      24.731432173318993,
      23.689934131536297,
      23.671313318121705,
      22.662230164531337,
      22.660570169650516,
      22.655791094259722,
      22.648422996810172,
      22.639330784505866,
      22.63823077073076,
      22.635177235083038,
      22.62881225900353,
      22.61952483700079,
      22.61195440541126,
      22.608801127581856,
      21.64325486140758,
      21.636697187871874,
      21.599727351744786,
      21.583243448491476,
      21.579982283729418,
      20.62711215609839,
      20.603948696259103,
      20.602264646273582,
      20.59596629932774,
      20.593039938622134,
      19.593279880874224,
      19.576260749807457,
      19.56419458907288,
      19.531352339192825,
      18.67257898652955,
      18.64223507061676,
      18.62152131590373,
      18.598234751571244,
      17.686263431217608,
      17.645545530041066,
      16.7948795213702,
      16.778344700515326,
      16.77593932875822,
      16.77130687815057,
      16.76130032064349,
      16.744859393686152,
      15.853552294489091,
      15.002531319091286,
      14.979401004666324
    ],
    [
      30.65151300235473,
      29.453725359619927,
      29.43955225992804,
      29.387491097260856,
      29.379923476145997,
      29.36066767347061,
      29.34096595473442,
      29.32354007315502,
      28.224949535680913,
      28.209023091272943,
      28.170819155450616,
      27.072579505007024,
      27.066869944413046,
      25.934710128798436,
      25.908504023804444,
      24.81072680317589,
      24.795605378278456,
      24.78974251002875,
      24.7827716735977,
      24.77668253015603,
      24.77620501147506,
      24.772600213589293,
      24.76430917845203,
      23.75615058548869,
      23.753594904583377,
      23.714087031814223,
      23.684152891893515,
      23.672675452778183,
      23.67260085613763,
      23.63293633042332,
      22.679281802933726,
      22.66311786994829,
      22.64248406233527,
      22.608899444875227,
      21.620580318585112,
      21.61950912315681,
      21.609828942135298,
      20.636821351976444,
      20.622492677445805,
      20.59923594714578,
      20.58039272323088,
      20.541663459833128,
      19.60946057036123,
      19.596967790822834,
      19.58954018482804,
      19.5703250766237,
      18.63342422327759,
      17.684616510014543,
      17.66398882194618,
      16.740244877867916
    ],
    [
      23.6744075867718,
      22.671275355521423,
      22.66985901654156,
      21.639471692781985,
      21.54382535986899,
      20.574915674508745,
      20.542342261519597,
      19.62512216587018,
      19.604794889570343,
      19.57845795994735,
      19.56413293895672,
      18.663793925892715,
      18.642104964982245,
      18.641311437823987,
      18.623267778925598,
      18.619851040866042,
      18.606975271540406,
      18.600747782926195,
      18.597142333090453,
      17.697059667374443,
      17.679613430467942,
      17.67225792428399,
      17.66757532670123,
      16.806548739354998,
      16.796834413416654,
      16.76889728644301,
      16.764500098073004,
      16.763053710055903,
      16.75026093026351,
      16.747730014980487,
      16.73961399527548,
      15.876609018711648,
      15.86685839934992,
      15.820395394746187,
      15.01429188790633,
      15.008958189575539,
      15.00675485295535,
      14.969385924030684,
      14.16904502848038,
      14.158809228869494,
      14.135147516644542,
      13.34668910070211,
      13.33313078829858,
      13.321387691897083,
      12.56242266609429,
      12.548255568041212,
      12.525008049039165,
      12.521556431655766,
      11.772991899125419,
      11.022267907903803
    ],
    [
      27.098408712786508,
      27.083676888880646,
      24.829276687361215,
      23.658521486199845,
      23.64447046298547,
      22.63823077073076,
      22.625355479964156,
      22.610526667324923,
      21.614286365751298,
      21.590809785742664,
      21.572464884340437,
      21.56828341589188,
      20.624893096386703,
      20.592942781892198,
      20.59058899818167,
      20.58341364982029,
      20.57854674536214,
      20.564597629789773,
      20.554567168991404,
