{
  "test_loss_values": [
    0.8606279492378235,
    1.9962192532762693,
    0.6702414751052856
  ],
  "log_exp_r_n_values": [
    -Infinity,
    5320376.258931703,
    -Infinity
  ],
  "log_exp_r_n_acc_values": [
    -Infinity,
    -Infinity,
    -Infinity
  ],
  "model_data_levels": [
    29940,
    5940,
    59940
  ],
  "loss_landscape_data_param": 5940,
  "train_loss_values": [
    0.16531722247600555,
    0.00815059244632721,
    0.3504432737827301
  ],
  "num_params": 1707274,
  "dataset_type": "data",
  "top_r_vals": [
    [
      0.0,
      0.0,
      0.0,
      0.0,
      0.0,
      0.0,
      0.0,
      0.0,
      0.0,
      0.0,
      0.0,
      0.0,
      0.0,
      0.0,
      0.0,
      0.0,
      0.0,
      0.0,
      0.0,
      0.0,
      0.0,
      0.0,
      0.0,
      0.0,
      0.0,
      0.0,
      0.0,
      0.0,
      0.0,
      0.0,
      0.0,
      0.0,
      0.0,
      0.0,
      0.0,
      0.0,
      0.0,
      0.0,
      0.0,
      0.0,
      0.0,
      0.0,
      0.0,
      0.0,
      0.0,
      0.0,
      0.0,
      0.0,
      0.0,
      0.0
    ],
    [
      22.562802429479458,
      22.552882152191906,
      22.55027421169556,
      22.548341936170424,
      22.54615707560932,
      22.545748729801176,
      22.543452310849187,
      22.543374430463096,
      22.541682110722125,
      22.539707737690993,
      22.539419369774933,
      22.539158365237768,
      22.538293261489585,
      22.538019627700624,
      22.53739026998601,
      22.536139974057978,
      22.535500091966863,
      22.534611834590386,
      22.534540268830195,
      22.533380482540053,
      22.53317420476068,
      22.532115452484923,
      22.530951456444182,
      22.530212645213982,
      22.527394217187666,
      22.52669960833876,
      22.52669750346346,
      22.52360544164818,
      22.52339284924291,
      22.523180256837637,
      22.522104665559482,
      22.521963638914404,
      22.521121688794516,
      22.520778594120664,
      22.52056179196479,
      22.52030078742763,
      22.520079775521157,
      22.520025048763365,
      22.519949273252575,
      22.519507249439634,
      22.518926303856915,
      22.516042624696308,
      22.515699530022452,
      22.51448501697452,
      22.51364306685463,
      22.508401927358342,
      22.498237484536023,
      19.22197113177227,
      19.220916551882464,
      19.2203946424472
    ],
    [
      0.0,
      0.0,
      0.0,
      0.0,
      0.0,
      0.0,
      0.0,
      0.0,
      0.0,
      0.0,
      0.0,
      0.0,
      0.0,
      0.0,
      0.0,
      0.0,
      0.0,
      0.0,
      0.0,
      0.0,
      0.0,
      0.0,
      0.0,
      0.0,
      0.0,
      0.0,
      0.0,
      0.0,
      0.0,
      0.0,
      0.0,
      0.0,
      0.0,
      0.0,
      0.0,
      0.0,
      0.0,
      0.0,
      0.0,
      0.0,
      0.0,
      0.0,
      0.0,
      0.0,
      0.0,
      0.0,
      0.0,
      0.0,
      0.0,
      0.0
    ]
  ],
  "top_r_val_seeds": [
    [
      1,
      2,
      3,
      4,
      5,
      6,
      7,
      8,
      9,
      10,
      11,
      12,
      13,
      14,
      15,
      16,
      17,
      18,
      19,
      20,
      21,
      22,
      23,
      24,
      25,
      26,
      27,
      28,
      29,
      30,
      31,
      32,
      33,
      34,
      35,
      36,
      37,
      38,
      39,
      40,
      41,
      42,
      43,
      44,
      45,
      46,
      47,
      48,
      49,
      50
    ],
    [
      440,
      160,
      384,
      33,
      148,
      116,
      428,
      443,
      216,
      35,
      220,
      50,
      208,
      231,
      204,
      16,
      225,
      270,
      411,
      28,
      290,
      154,
      292,
      491,
      23,
      286,
      471,
      474,
      121,
      356,
      391,
      365,
      386,
      277,
      7,
      319,
      124,
      52,
      238,
      146,
      187,
      410,
      368,
      4,
      348,
      385,
      37,
      58,
      377,
      482
    ],
    [
      1,
      2,
      3,
      4,
      5,
      6,
      7,
      8,
      9,
      10,
      11,
      12,
      13,
      14,
      15,
      16,
      17,
      18,
      19,
      20,
      21,
      22,
      23,
      24,
      25,
      26,
      27,
      28,
      29,
      30,
      31,
      32,
      33,
      34,
      35,
      36,
      37,
      38,
      39,
      40,
      41,
      42,
      43,
      44,
      45,
      46,
      47,
      48,
      49,
      50
    ]
  ],
  "loss_predicts_minimas": true,
  "loss_ordering_violations": 2,
  "test_loss_ranks": [
    2,
    1,
    3
  ],
  "log_exp_r_n_ranks": [
    2,
    1,
    3
  ],
  "data_level_ranks": [
    2,
    3,
    1
  ],
  "accuracy_predicts_minimas": false,
  "accuracy_ordering_violations": 1,
  "log_exp_r_n_acc_ranks": [
    1,
    2,
    3
  ]
}