{
  "test_loss_values": [
    1.5421576333642006,
    0.5151210844516754,
    0.1862003207206726,
    0.7680396865308284,
    0.2961312532424927,
    0.09906736761331558
  ],
  "log_exp_r_n_values": [
    923086.6819109045,
    860141.1776345884,
    767550.4747932354,
    860333.9957872784,
    806452.8961331424,
    702183.4769918069
  ],
  "log_exp_r_n_acc_values": [
    -Infinity,
    -Infinity,
    -Infinity,
    -Infinity,
    -Infinity,
    -Infinity
  ],
  "model_data_levels": [
    0,
    1940,
    19940,
    540,
    5940,
    59940
  ],
  "loss_landscape_data_param": 0,
  "train_loss_values": [
    3.382659997441806e-05,
    0.00021460386051330715,
    0.0006618063198402524,
    9.645075624575838e-05,
    0.0003414349630475044,
    0.0011713200947269797
  ],
  "num_params": 235146,
  "dataset_type": "data",
  "top_r_vals": [
    [
      50.68428923069075,
      50.54560121416183,
      47.58887260848802,
      47.582301548993925,
      44.60482566700385,
      44.56148734324782,
      44.55568087659263,
      44.555465095737205,
      44.53243259118171,
      44.51894488654299,
      44.51543074118314,
      44.51076763282685,
      44.49458687101843,
      44.48097586303375,
      44.469539477695996,
      41.68575147137011,
      41.68239699450211,
      41.67016533060641,
      41.66829562218818,
      41.65606657693172,
      41.65541191712142,
      41.652376914240854,
      41.65048887534794,
      41.638393380692776,
      41.620471413725916,
      41.620225261637245,
      41.61559550745878,
      41.61496965268013,
      41.614524484009124,
      41.61175396369192,
      41.60892845195065,
      41.608048589165605,
      41.607270853310965,
      41.60320148793012,
      41.59605784008009,
      41.595088943560846,
      41.5908100870407,
      41.585022894317625,
      41.57987726820864,
      41.576305444283626,
      41.57284884048522,
      41.57180400342798,
      41.56845214519923,
      41.56822956086373,
      41.56528097307812,
      41.56186364886834,
      41.533029812183344,
      41.483843911315645,
      38.9219463415723,
      38.91847501610169
    ],
    [
      38.78094754561079,
      33.478870962824274,
      33.427381503242664,
      33.4101552037898,
      33.383160178070966,
      30.979304006666258,
      30.94789240144003,
      30.941295205373063,
      30.91192697945961,
      30.829253798540172,
      28.542452221074385,
      28.530789069674015,
      28.523611469811758,
      28.505647741620756,
      28.494113722451793,
      28.49081905704775,
      28.486005294421492,
      28.48324150596878,
      28.481537677915522,
      28.456683310376494,
      28.42151988636364,
      26.241498744946313,
      26.239823584920988,
      26.229474489110654,
      26.224776793543075,
      26.21595131919137,
      26.208950896273347,
      26.20894266048168,
      26.187788206002583,
      26.181827139993096,
      26.180311754326137,
      26.17907309125923,
      26.17823798198407,
      26.17433751104998,
      26.17026902996586,
      26.16978311825743,
      26.16133154884746,
      26.157674857346755,
      26.155718033246377,
      26.149865679686908,
      26.139878958709975,
      26.137121615659442,
      26.12668027898242,
      26.123471614548468,
      26.09823056024358,
      24.01692557629244,
      24.011453510802472,
      23.995123215663583,
      23.988442503375772,
      23.97696337287809
    ],
    [
      26.158409489963564,
      21.832177896911233,
      21.826438126156813,
      21.81263109387555,
      21.809597803541454,
      21.8032799362589,
      21.77476371155626,
      19.8273187704858,
      19.812414011484805,
      19.81076124845361,
      19.808063520702614,
      19.801166006258935,
      19.79836988492884,
      19.79514033365537,
      19.794872553661623,
      19.79342405071868,
      19.792100096610046,
      19.79172769559548,
      19.790485943717485,
      19.78845206125332,
      19.782563392367493,
      19.782015377496563,
      19.778150627168152,
      19.77527230360742,
      19.762689134877824,
      19.76094545119759,
      19.75842333730296,
      19.757875322432028,
      19.730722431065715,
      17.911961317573226,
      17.903303859598992,
      17.89620096724127,
      17.891491184209325,
      17.888585506610855,
      17.887675023494896,
      17.886955629427963,
      17.883730720712297,
      17.882983225314625,
      17.880622713532503,
      17.87850949346089,
      17.873716530489958,
      17.872357550135394,
      17.868191808866566,
      17.8646971273758,
      17.864544256136575,
      17.86418455910311,
      17.863531484176722,
      17.86326283545485,
      17.86023688416082,
      17.859233104626803
    ],
    [
      38.81276070561998,
      36.12404109229727,
      33.50721521361023,
      33.42644272885899,
      33.41646351506304,
      33.383160178070966,
      33.367994551536526,
      31.003661088074562,
      31.00085095500061,
      30.969828564881578,
      30.95309815349877,
      30.952090086371133,
      30.95009925109783,
      30.949906589619765,
      30.94789240144003,
      30.94480008741336,
      30.94244728209036,
      30.941079190988567,
      30.930060511303857,
      30.9165780999906,
      30.913232796144253,
      30.912133263466423,
      30.907888872722456,
      30.905493253737667,
      30.892131499107638,
      30.889566571551217,
      30.88784234862634,
      30.88034217351068,
      30.8799159829683,
      30.864220883770635,
      30.85992589506273,
      30.829253798540172,
      28.593165317952252,
      28.554212221648303,
      28.54933389290634,
      28.54822909492654,
      28.545156823921033,
      28.537525467745642,
      28.536829588498627,
      28.534567980945823,
      28.530195420110196,
      28.527194889233243,
      28.522662706611573,
      28.519672936753906,
      28.509912692263548,
      28.50800081783747,
      28.50581633092287,
      28.505647741620756,
      28.501856275826448,
      28.499845758723602
    ],
    [
      30.864608152802294,
      28.523611469811758,
      28.492124727387516,
      28.42151988636364,
      26.21346740442422,
      26.199731751079895,
      26.198702277121363,
      26.189687379561285,
      26.18871226182776,
      26.17907309125923,
      26.163854995414617,
      26.158409489963564,
      26.157523318780058,
      26.093880415084406,
      23.988442503375772,
      23.98140311535494,
      23.97395682629244,
      23.969257872781636,
      23.965722354841823,
      23.960771725501544,
      23.95602756076389,
      23.954639576099538,
      23.94963770736883,
      23.948424539448304,
      23.945580753279323,
      23.944026994116513,
      23.942970558449076,
      23.94284396701389,
      23.93690170476466,
      23.936238606770836,
      23.936157226562504,
      23.929223331404323,
      23.92539695457176,
      23.919545114776238,
      23.915745864679785,
      23.911113220968367,
      23.90702914014275,
      23.885496539834108,
      21.883190452778855,
      21.88137102783876,
      21.87618326374541,
      21.874786769281958,
      21.862243035827024,
      21.861818732199485,
      21.85488569331454,
      21.84688434303081,
      21.838254089635708,
      21.836339917283635,
      21.834650941678866,
      21.83228362953039
    ],
    [
      19.809982818239217,
      19.80467205594455,
      19.79172769559548,
      19.73716658775253,
      17.888585506610855,
      17.876777327434105,
      17.871061516761685,
      17.862370337190566,
      17.85484817297821,
      17.834253269705822,
      17.829391739487882,
      16.076109326575413,
      16.062056107954547,
      16.061964303008782,
      16.0576938597624,
      16.053666548295453,
      16.05335481501808,
      16.052741436918904,
      16.05077217038998,
      16.048568851691634,
      16.04732898050103,
      16.047055583354854,
      16.046547125193698,
      16.045563500774794,
      16.035750460033576,
      16.03406367026085,
      16.033483584065085,
