{
  "test_loss_values": [
    0.08701417344200309,
    0.0017993554662098176,
    0.0030090757587458937
  ],
  "log_exp_r_n_values": [
    5425.092154037098,
    6959.361431783485,
    9978.347443637338
  ],
  "log_exp_r_n_acc_values": [
    -Infinity,
    -Infinity,
    -Infinity
  ],
  "model_data_levels": [
    180,
    380,
    780
  ],
  "loss_landscape_data_param": 180,
  "train_loss_values": [
    7.019055919954553e-05,
    0.00016020845214370638,
    0.000164776953170076
  ],
  "num_params": 5409,
  "dataset_type": "data",
  "top_r_vals": [
    [
      2.7298649948551375,
      2.6965843078470058,
      2.4600804856986054,
      2.2037740122990983,
      2.1881021827158307,
      2.185971751552178,
      2.1732577793015087,
      2.1693532636440267,
      2.166709909243507,
      2.1642197569150516,
      2.1584810907531065,
      2.1195772130347534,
      1.9410439623507807,
      1.9386400702096727,
      1.936839592260994,
      1.9351263981353946,
      1.92842308023416,
      1.9210762932353844,
      1.920856688730742,
      1.915050520992756,
      1.9141400191944702,
      1.913438161603408,
      1.9128594578997042,
      1.9048933144577087,
      1.9037147835680035,
      1.903352495918784,
      1.8988001862054895,
      1.8938800090551986,
      1.887809997066626,
      1.8836149930491788,
      1.8710311766656467,
      1.7171642559181124,
      1.714998040317504,
      1.71355010173647,
      1.7128083550459317,
      1.708562096069448,
      1.7073957935399808,
      1.7051274673559997,
      1.7040518908680198,
      1.7018285774111859,
      1.7015311781477775,
      1.6954099726961556,
      1.6945116447679927,
      1.6932300956452846,
      1.692471710008914,
      1.692321784349622,
      1.6909102763026216,
      1.6897786528392054,
      1.6891870069547572,
      1.688292181962559
    ],
    [
      3.6251778308256175,
      3.029425583765369,
      3.0276828342013897,
      3.023024396426386,
      3.00256507078758,
      2.9900653497769687,
      2.7179708256063244,
      2.6987155127702915,
      2.665973809285744,
      2.462812691680656,
      2.452262941470816,
      2.410063183997288,
      2.4040544998547264,
      2.2098159330765244,
      2.1985523187679954,
      2.195577139027836,
      2.177564534760534,
      2.17502398997372,
      2.171436451877968,
      2.169492742769841,
      2.168717283823578,
      2.1685175137207984,
      2.168255202977734,
      2.166213633515205,
      2.1647097335860583,
      2.1630753531843756,
      2.15446814132362,
      2.1503775785096075,
      2.144283465543167,
      2.1409292175336567,
      2.139431391695473,
      2.1386426597356243,
      2.1369932065897,
      2.129960759052658,
      2.0875273845521987,
      1.9682434349811246,
      1.9628212762090604,
      1.954275233394552,
      1.9537513311779413,
      1.9491745102540559,
      1.9457301869707175,
      1.9446775998622592,
      1.9444579953576169,
      1.9437672973421083,
      1.9425190191051935,
      1.940883344174064,
      1.9396693417763495,
      1.9394993575272934,
      1.938890762103357,
      1.9375217213167026
    ],
    [
      6.334713527468099,
      5.841770234004345,
      5.036771365032308,
      5.005074047893911,
      4.653586695211517,
      4.599576774342622,
      4.403822045024105,
      4.357679691087007,
      4.353205797319789,
      4.291893993199036,
      4.290215722566575,
      4.280774273272498,
      4.228617854683196,
      4.021985510468132,
      4.0103026281971195,
      3.9803935271746633,
      3.963589217854744,
      3.9466037211181226,
      3.9332263247113666,
      3.6958373269917058,
      3.68443618586034,
      3.6529970522280095,
      3.6503593539014276,
      3.6402275179639276,
      3.634422773196374,
      3.632038634500386,
      3.6259189181857643,
      3.6250474717881946,
      3.611905698423033,
      3.606132224754051,
      3.60393684293017,
      3.586580252941744,
      3.373577037352395,
      3.348442883311991,
      3.3477000086760724,
      3.3449924983925734,
      3.343505032682113,
      3.3400776480402397,
      3.335516040756464,
      3.3310903754116095,
      3.3290450671487606,
      3.327903635464643,
      3.327737484205963,
      3.3248892259553995,
      3.32092905876503,
      3.3118748450301134,
      3.3021563695481992,
      3.295882099806661,
      3.2957997107527697,
      3.2913956725345614
    ]
  ],
  "top_r_val_seeds": [
    [
      924,
      790,
      501,
      503,
      672,
      68,
      734,
      278,
      214,
      652,
      220,
      681,
      641,
      766,
      357,
      14,
      452,
      242,
      335,
      282,
      63,
      929,
      822,
      177,
      687,
      995,
      39,
      571,
      940,
      797,
      293,
      535,
      882,
      903,
      591,
      868,
      913,
      778,
      468,
      948,
      904,
      31,
      492,
      655,
      383,
      639,
      570,
      462,
      508,
      935
    ],
    [
      191,
      468,
      317,
      208,
      278,
      82,
      926,
      772,
      202,
      511,
      839,
      676,
      845,
      962,
      837,
      919,
      912,
      81,
      77,
      6,
      378,
      935,
      299,
      224,
      595,
      32,
      937,
      241,
      322,
      101,
      204,
      155,
      102,
      330,
      512,
      630,
      167,
      275,
      535,
      807,
      1000,
      207,
      1,
      501,
      637,
      371,
      364,
      859,
      527,
      871
    ],
    [
      709,
      190,
      581,
      55,
      256,
      12,
      893,
      970,
      406,
      703,
      227,
      152,
      483,
      656,
      864,
      19,
      374,
      412,
      117,
      93,
      605,
      3,
      592,
      62,
      834,
      378,
      770,
      370,
      717,
      307,
      109,
      649,
      95,
      501,
      956,
      866,
      685,
      597,
      395,
      625,
      352,
      757,
      587,
      818,
      634,
      539,
      719,
      942,
      230,
      480
    ]
  ],
  "loss_predicts_minimas": false,
  "loss_ordering_violations": 1,
  "test_loss_ranks": [
    1,
    3,
    2
  ],
  "log_exp_r_n_ranks": [
    3,
    2,
    1
  ],
  "data_level_ranks": [
    3,
    2,
    1
  ],
  "accuracy_predicts_minimas": true,
  "accuracy_ordering_violations": 1,
  "log_exp_r_n_acc_ranks": [
    1,
    2,
    3
  ]
}