{
  "test_loss_values": [
    0.23124442994594574,
    0.44394712448120116,
    0.13425762951374054
  ],
  "log_exp_r_n_values": [
    801180.3929967334,
    871814.7965483926,
    721210.9610810546
  ],
  "log_exp_r_n_acc_values": [
    -Infinity,
    -Infinity,
    -Infinity
  ],
  "model_data_levels": [
    19940,
    5940,
    59940
  ],
  "loss_landscape_data_param": 5940,
  "train_loss_values": [
    0.00019827652431558818,
    0.00011770177661674097,
    0.0004014697333332151
  ],
  "num_params": 300938,
  "dataset_type": "data",
  "top_r_vals": [
    [
      14.329068781246812,
      14.318765304560761,
      14.316866582491585,
      14.30835501479441,
      12.614114444336835,
      12.610654944778037,
      12.606252454857525,
      12.599961181864813,
      12.596791725403898,
      12.596117760524278,
      12.595445196819044,
      12.592886652390382,
      12.59184417864727,
      12.59167323537219,
      12.59085214718205,
      12.589365501158603,
      12.584567880061266,
      12.583980787993573,
      12.581660443210515,
      12.580867378508094,
      12.573191745222108,
      12.562451743554151,
      10.99003945607432,
      10.98860405566875,
      10.98507048069075,
      10.984374750902337,
      10.977755553283789,
      10.974749268250694,
      10.971700262967431,
      10.971061900372096,
      10.97091421036438,
      10.969649690959473,
      10.968508449990757,
      10.96809345327486,
      10.965007830634315,
      10.964876008148089,
      10.957465875612186,
      10.952418783199741,
      10.94213418811697,
      9.487273917710487,
      9.476932665362991,
      9.46751124352147,
      9.462671082769777,
      9.462253265022785,
      9.460695657300995,
      9.460102082466475,
      9.460083138588779,
      9.454860942970187,
      9.451564708250835,
      9.44334096045485
    ],
    [
      18.11978426846591,
      18.109011815599175,
      16.20470103472183,
      16.20212921961487,
      16.186588545403136,
      16.179879149518786,
      16.176175303829414,
      16.17486330018143,
      16.17234187753283,
      16.17034057704372,
      16.1645436446018,
      16.16342421213397,
      16.160443858168176,
      16.159425210617066,
      16.135771350609556,
      14.352462440057138,
      14.346938450158149,
      14.343113904193451,
      14.335955833588411,
      14.333986965615756,
      14.333354058259363,
      14.331582874196512,
      14.330817646158557,
      14.33038401693705,
      14.329357335986126,
      14.326720487705337,
      14.32652599224569,
      14.318441676869709,
      14.311792164064894,
      14.305498163452711,
      14.305200043362923,
      14.29176710284665,
      12.630985985117512,
      12.610412541609275,
      12.604674732498996,
      12.598564211002067,
      12.59560072717588,
      12.594785243683283,
      12.59433126318225,
      12.592710104417758,
      12.591400006366937,
      12.59085214718205,
      12.587832616380425,
      12.583444138203772,
      12.572495361552313,
      10.990998830835187,
      10.985281640784427,
      10.971479338245144,
      10.965007830634315,
      10.964876008148089
    ],
    [
      10.985281640784427,
      10.981446582898114,
      10.972032260340148,
      10.968895373399402,
      10.96874646281311,
      10.962556908853374,
      10.961350977220123,
      10.96002420830783,
      10.954834308201974,
      9.476105449370204,
      9.474601515968558,
      9.471820975697636,
      9.471221086237216,
      9.465513716862041,
      9.462921562930443,
      9.461590229303374,
      9.461084006793792,
      9.460695657300995,
      9.460102082466475,
      9.459614803834592,
      9.459424312619968,
      9.458657085573222,
      9.45852447842934,
      9.456012309759132,
      9.45262240808894,
      9.451564708250835,
      9.449629275412747,
      9.448019045808467,
      9.44386402196683,
      9.443667216126306,
      9.44334096045485,
      9.434799376488611,
      8.083831030475208,
      8.075019549185033,
      8.07326012253214,
      8.066991828799358,
      8.06397515639348,
      8.062867668158862,
      8.06251165777089,
      8.0606625559573,
      8.06037200843664,
      8.058191108528467,
      8.058145374196512,
      8.056212874483473,
      8.055924120466024,
      8.055827271292472,
      8.053747704315887,
      8.039969115874657,
      6.773345570505402,
      6.771375114535108
    ]
  ],
  "top_r_val_seeds": [
    [
      23,
      15,
      3,
      16,
      13,
      40,
      24,
      37,
      21,
      22,
      11,
      10,
      36,
      38,
      41,
      19,
      34,
      8,
      39,
      25,
      6,
      2,
      31,
      29,
      46,
      5,
      30,
      4,
      43,
      32,
      26,
      1,
      20,
      12,
      50,
      14,
      28,
      47,
      42,
      7,
      35,
      45,
      27,
      9,
      18,
      48,
      33,
      49,
      44,
      17
    ],
    [
      3,
      16,
      31,
      13,
      30,
      21,
      23,
      10,
      12,
      19,
      15,
      8,
      39,
      25,
      2,
      29,
      5,
      24,
      37,
      27,
      9,
      22,
      11,
      43,
      26,
      36,
      38,
      34,
      28,
      6,
      47,
      42,
      7,
      46,
      45,
      4,
      18,
      33,
      32,
      1,
      20,
      41,
      49,
      44,
      17,
      35,
      40,
      48,
      50,
      14
    ],
    [
      40,
      24,
      11,
      36,
      38,
      34,
      3,
      39,
      16,
      31,
      13,
      46,
      5,
      30,
      4,
      21,
      22,
      18,
      48,
      26,
      23,
      10,
      1,
      19,
      15,
      44,
      25,
      28,
      6,
      47,
      17,
      42,
      7,
      35,
      29,
      45,
      37,
      27,
      9,
      33,
      32,
      12,
      41,
      49,
      50,
      14,
      8,
      2,
      43,
      20
    ]
  ],
  "loss_predicts_minimas": true,
  "loss_ordering_violations": 2,
  "test_loss_ranks": [
    2,
    1,
    3
  ],
  "log_exp_r_n_ranks": [
    2,
    1,
    3
  ],
  "data_level_ranks": [
    2,
    3,
    1
  ],
  "accuracy_predicts_minimas": false,
  "accuracy_ordering_violations": 1,
  "log_exp_r_n_acc_ranks": [
    1,
    2,
    3
  ]
}