{
  "test_loss_values": [
    0.24794016778469086,
    0.43885629177093505,
    0.1646752506494522
  ],
  "log_exp_r_n_values": [
    678362.5689611369,
    746999.0346318498,
    625827.9545036
  ],
  "log_exp_r_n_acc_values": [
    -Infinity,
    -Infinity,
    -Infinity
  ],
  "model_data_levels": [
    19940,
    5940,
    59940
  ],
  "loss_landscape_data_param": 5940,
  "train_loss_values": [
    6.752661647624336e-06,
    4.410052497405559e-06,
    1.2601378330145963e-05
  ],
  "num_params": 235146,
  "dataset_type": "data",
  "top_r_vals": [
    [
      17.90147952120738,
      17.873741259661006,
      17.871231248799354,
      17.86066964465421,
      17.8348984762596,
      17.822972271493743,
      17.81785445713946,
      16.086857567148762,
      16.069752590715392,
      16.062056107954547,
      16.061964303008782,
      16.0576938597624,
      16.054496828189567,
      16.051261460485538,
      16.04926999935434,
      16.048426604467977,
      16.046547125193698,
      16.045718862990704,
      16.045563500774794,
      16.044939025374482,
      16.044531451769114,
      16.044431576058884,
      16.042135443569215,
      16.041426225142047,
      16.040732139398244,
      16.039967434465392,
      16.03778933690599,
      16.035750460033576,
      16.035411487926137,
      16.033483584065085,
      16.033229354984506,
      16.032740064888948,
      16.031007877066116,
      16.030836373321282,
      16.03070017917097,
      16.029436095686982,
      16.02878539030217,
      16.028215392561982,
      16.02474294615186,
      16.024351514075413,
      16.022375185627585,
      16.020856873063018,
      16.020746908897213,
      16.020434166774276,
      16.0197945586906,
      16.01795946862087,
      16.01772743414256,
      16.017542815405477,
      16.01458286253874,
      16.01286883393595
    ],
    [
      23.969257872781636,
      23.963686342592595,
      23.954133210358798,
      23.94423496576003,
      23.943383487654323,
      23.911609037422842,
      23.895619333526238,
      21.856305531343263,
      21.855628567950458,
      21.851702729532544,
      21.850823912957704,
      21.847550321216428,
      21.844669450632033,
      21.841133587069205,
      21.840006230181793,
      21.838944784537496,
      21.838390031574626,
      21.835128798191434,
      21.833218745292058,
      21.83078552190047,
      21.82790190501428,
      21.823584718590382,
      21.822340643876625,
      21.819749508131746,
      21.817843574685064,
      21.816996340580882,
      21.81503822740007,
      21.814526042115045,
      21.810922894158203,
      21.806016625998986,
      21.805590949220548,
      21.79761568880388,
      21.79366925312249,
      21.79007434407104,
      21.784937386560923,
      21.783057542981307,
      21.77885432808196,
      21.77461541125926,
      21.768173960395863,
      21.765150282118057,
      21.76340500732646,
      19.839200729278268,
      19.838418562598847,
      19.835434372528958,
      19.830679098035283,
      19.82969889870932,
      19.829585559270107,
      19.828634006176035,
      19.828610341897516,
      19.826754564266405
    ],
    [
      14.317328895309634,
      14.313123824632655,
      14.312385035198501,
      14.298430823559741,
      14.29677237176054,
      14.277799611188435,
      14.269532548421601,
      14.26825204006009,
      12.710603509845935,
      12.697088466738089,
      12.69428183348638,
      12.69111570247934,
      12.690934757932865,
      12.689485607335987,
      12.687560580553006,
      12.685034530915214,
      12.684132199520459,
      12.683231462350783,
      12.68311508392001,
      12.682111519232732,
      12.680904690847875,
      12.680439974237323,
      12.677982476277933,
      12.67795457733905,
      12.677482686715642,
      12.677081739108257,
      12.676842605346394,
      12.676827460208143,
      12.676601877359454,
      12.67526751096827,
      12.675007652280382,
      12.674707140852975,
      12.673554516120806,
      12.673227699979595,
      12.671833550147946,
      12.670222585705542,
      12.669954755892258,
      12.668431473829203,
      12.66823060146924,
      12.667844001887564,
      12.667003048158353,
      12.666873118814408,
      12.666702536730947,
      12.666475359657179,
      12.665266937047242,
      12.66499432455872,
      12.66471932073258,
      12.663608145852466,
      12.663604957402308,
      12.66330763442506
    ]
  ],
  "top_r_val_seeds": [
    [
      7,
      11,
      308,
      465,
      207,
      56,
      42,
      419,
      242,
      394,
      131,
      237,
      261,
      334,
      371,
      276,
      322,
      235,
      422,
      346,
      392,
      71,
      468,
      320,
      438,
      301,
      452,
      41,
      396,
      429,
      311,
      125,
      233,
      111,
      431,
      186,
      33,
      130,
      489,
      318,
      444,
      271,
      462,
      486,
      82,
      117,
      382,
      163,
      34,
      310
    ],
    [
      326,
      11,
      396,
      33,
      130,
      207,
      56,
      237,
      377,
      202,
      198,
      334,
      361,
      322,
      235,
      346,
      392,
      468,
      438,
      412,
      223,
      98,
      125,
      111,
      186,
      262,
      500,
      451,
      318,
      462,
      486,
      292,
      353,
      331,
      115,
      243,
      265,
      370,
      466,
      96,
      253,
      242,
      128,
      7,
      383,
      394,
      131,
      289,
      435,
      469
    ],
    [
      334,
      322,
      235,
      465,
      130,
      207,
      370,
      56,
      419,
      242,
      376,
      456,
      131,
      329,
      237,
      261,
      285,
      417,
      300,
      167,
      371,
      87,
      205,
      326,
      346,
      71,
      208,
      132,
      479,
      468,
      11,
      320,
      301,
      308,
      452,
      41,
      396,
      429,
      311,
      125,
      231,
      421,
      161,
      233,
      461,
      360,
      33,
      124,
      500,
      451
    ]
  ],
  "loss_predicts_minimas": true,
  "loss_ordering_violations": 2,
  "test_loss_ranks": [
    2,
    1,
    3
  ],
  "log_exp_r_n_ranks": [
    2,
    1,
    3
  ],
  "data_level_ranks": [
    2,
    3,
    1
  ],
  "accuracy_predicts_minimas": false,
  "accuracy_ordering_violations": 1,
  "log_exp_r_n_acc_ranks": [
    1,
    2,
    3
  ]
}