{
  "test_loss_values": [
    3.94338943083446,
    2.1474080907836894,
    3.073916618268623,
    1.3499528169631958
  ],
  "log_exp_r_n_values": [
    5318644.105355101,
    3206637.16794665,
    4424242.137514128,
    2056987.8277348666
  ],
  "log_exp_r_n_acc_values": [
    -Infinity,
    -Infinity,
    -Infinity,
    -Infinity
  ],
  "model_data_levels": [
    1940,
    19940,
    5940,
    59940
  ],
  "loss_landscape_data_param": 1940,
  "train_loss_values": [
    6.003274393151514e-05,
    0.001030096085742116,
    0.0001505060208728537,
    0.007651415653526783
  ],
  "num_params": 1707274,
  "dataset_type": "data",
  "top_r_vals": [
    [
      22.539922434971565,
      22.531201936604848,
      22.525120951863975,
      19.225109762396695,
      19.220916551882464,
      19.218645976813594,
      19.217428188131315,
      19.216680297291095,
      19.215381800964188,
      19.214393580693297,
      19.21230056244261,
      19.21217860422406,
      19.211233428030305,
      19.21070075757576,
      19.210352817952252,
      19.209734059343436,
      19.209542154499545,
      19.209500903925623,
      19.209470414370983,
      19.20915475780533,
      19.208765567607898,
      19.208735078053262,
      19.208555727731866,
      19.207135273186413,
      19.206602602731866,
      19.206469883494034,
      19.206032268709826,
      19.205982050619838,
      19.20597128960055,
      19.20523057277319,
      19.204916709710744,
      19.204715837350783,
      19.20445577938476,
      19.204398387281913,
      19.20403968663912,
      19.20402533861341,
      19.20402175160698,
      19.20355006026171,
      19.203252338728195,
      19.203004835284666,
      19.20273401629936,
      19.20249368686869,
      19.20176373106061,
      19.201559271694215,
      19.20121671258035,
      19.20108937385216,
      19.20095844811754,
      19.200897469008268,
      19.20054594237833,
      19.200244633838388
    ],
    [
      6.5418776274822115,
      6.540809621228066,
      6.539263758461352,
      6.539009267828222,
      6.539001334067477,
      6.53877430645231,
      6.53856741838365,
      6.538236641589509,
      6.538231148985916,
      6.538194531628631,
      6.538116414599757,
      6.537684940073082,
      6.53761536709424,
      6.53755494845472,
      6.537477441715134,
      6.537459133036491,
      6.537053290659916,
      6.5370514597920515,
      6.536978225077482,
      6.536856167219866,
      6.536798800026785,
      6.536580316461652,
      6.536555904890129,
      6.536316061199912,
      6.536267238056865,
      6.536214142888802,
      6.53612259949559,
      6.536104290816947,
      6.536069504327527,
      6.535938902419877,
      6.535753984765588,
      6.535746051004843,
      6.535709433647558,
      6.535679529472442,
      6.535580052318484,
      6.535572118557739,
      6.535365230489079,
      6.535325561685354,
      6.535263922467257,
      6.535257819574376,
      6.5352572092850885,
      6.535216319902787,
      6.535181533413366,
      6.535104026673779,
      6.535097923780898,
      6.535022247909176,
      6.5349667115839605,
      6.53496366013752,
      6.534938027987421,
      6.53491605757305
    ],
    [
      13.348591063730746,
      13.345789960447279,
      13.34543624175786,
      13.344916873118818,
      13.344437360106753,
      13.344266728203758,
      13.343579218638409,
      13.343357521713349,
      13.34332887548146,
      13.342074668720032,
      13.342072177743347,
      13.342029831139683,
      13.341790697377823,
      13.341671130496891,
      13.341242682506891,
      13.341134325021047,
      13.34092508297942,
      13.34092134651439,
      13.340771887913228,
      13.34076441498317,
      13.340679721775842,
      13.340414432758779,
      13.340093096766278,
      13.339959829513575,
      13.339922464863283,
      13.339910009979853,
      13.339775497238806,
      13.339320893993602,
      13.339212536507759,
      13.338988348606014,
      13.33891735577046,
      13.338650821265054,
      13.338605983684705,
      13.338326994295867,
      13.338273438297117,
      13.338262228902028,
      13.3382497740186,
      13.337737878309616,
      13.33758343775508,
      13.337522408826272,
      13.337482553199294,
      13.33743148817723,
      13.337260856274236,
      13.337259610785893,
      13.337232210042346,
      13.336973148466997,
      13.336666758334612,
      13.336608220382491,
      13.336427624572751,
      13.336387768945775
    ],
    [
      3.3362292182797044,
      3.335935905774922,
      3.3358350212191366,
      3.335773680918243,
      3.3353962979503056,
      3.3351036081896948,
      3.3348551332652607,
      3.334849839939803,
      3.3347564283140763,
      3.3347470871515035,
      3.334568359574279,
      3.3343706382998235,
      3.334314902696473,
      3.3341408457005355,
      3.333841928498209,
      3.333831653219379,
      3.3335676096906575,
      3.3333758044858315,
      3.3333403080680553,
      3.3333306555333966,
      3.333309793603651,
      3.3331606463745738,
      3.3330765759114196,
      3.3329330333798857,
      3.332927428682342,
      3.3326543553631334,
      3.3326338048054738,
      3.332451652135306,
      3.3323386240681763,
      3.3322816429764828,
      3.3321542917934086,
      3.3319456724959515,
      3.331578253434759,
      3.3314440520657977,
      3.3310171609362254,
      3.3307247825477,
      3.330621718387315,
      2.136123306932966,
      2.135774570196919,
      2.1356858914268955,
      2.135657394653607,
      2.1355994047163556,
      2.1354051085348438,
      2.1353263936715643,
      2.135269798681257,
      2.1352662116748293,
      2.1351841090832573,
      2.13510997761708,
      2.135082676512601,
      2.135062150864708
    ]
  ],