{
  "test_loss_values": [
    0.5121708410978317,
    0.5180126670002937,
    0.3583094239234924,
    0.4947840742766857,
    0.18464787304401398,
    0.23201001286506653,
    0.5516663774847984,
    0.4326081514358521
  ],
  "log_exp_r_n_values": [
    832357.3466957749,
    831455.396028558,
    794550.8230593465,
    840246.1566471094,
    738653.1684258721,
    765740.2417251699,
    835764.6653950778,
    832357.3466957749
  ],
  "log_exp_r_n_acc_values": [
    -Infinity,
    -Infinity,
    -Infinity,
    -Infinity,
    -Infinity,
    -Infinity,
    -Infinity,
    -Infinity
  ],
  "model_data_levels": [
    200,
    100,
    2000,
    500,
    10000,
    5000,
    0,
    1000
  ],
  "loss_landscape_data_param": 0,
  "train_loss_values": [
    0.0029835659079253674,
    0.002656647004187107,
    0.011981437914073467,
    0.0038211827632039785,
    0.07788350433111191,
    0.03798781707882881,
    0.0022957848850637674,
    0.00592168141156435
  ],
  "num_params": 235146,
  "dataset_type": "data",
  "top_r_vals": [
    [
      34.45877323414092,
      33.15267646334689,
      33.06158636993858,
      31.87762933969347,
      31.78502809173853,
      30.591340562417727,
      29.46204419202394,
      29.43955225992804,
      29.32354007315502,
      28.26874104347112,
      28.230904640981286,
      28.224949535680913,
      28.214323028458875,
      28.21188878595237,
      28.125147368437663,
      27.09999186465067,
      27.034638334309786,
      27.02354265275,
      27.010731038847116,
      25.954224064363313,
      25.918909173201907,
      25.90724516542255,
      25.903750691960905,
      25.886191900437332,
      23.72028004491285,
      23.6877320387072,
      22.651118885492156,
      22.644637068571253,
      22.637207700924385,
      22.61195440541126,
      21.65577207905202,
      21.6212763237365,
      21.62042942684331,
      21.61950912315681,
      21.61036182107933,
      21.598582749523175,
      21.582827476662718,
      21.56955036276901,
      20.589064285233242,
      20.581260656684957,
      20.563133801725435,
      20.556135926324067,
      20.55540660313803,
      20.554631940144695,
      20.541663459833128,
      19.610503690326635,
      19.606649325064396,
      18.616565580563833,
      18.604040275965406,
      16.777891055841838
    ],
    [
      34.3268527142228,
      33.17070944290391,
      33.06158636993858,
      31.88983412764987,
      30.67684734696369,
      30.63978214118941,
      30.626030312153766,
      29.43955225992804,
      29.402165621236882,
      29.379923476145997,
      28.26874104347112,
      28.26545099871215,
      28.21188878595237,
      28.209023091272943,
      28.17235143209767,
      27.094934290254514,
      27.066869944413046,
      27.058067279585543,
      27.04224257019926,
      27.023912054851635,
      27.02354265275,
      26.97863391153662,
      26.96547332329809,
      25.896466598189008,
      24.77668253015603,
      23.72028004491285,
      23.716909768692712,
      23.702344028658526,
      22.66311786994829,
      22.662230164531337,
      22.661265515145658,
      22.644637068571253,
      22.61195440541126,
      22.610526667324923,
      22.609724455206553,
      21.65577207905202,
      21.61036182107933,
      21.605656989382172,
      21.598582749523175,
      21.582827476662718,
      21.56955036276901,
      21.569524534452846,
      20.59923594714578,
      20.581260656684957,
      20.563133801725435,
      20.541663459833128,
      19.610503690326635,
      19.58350093944913,
      18.604040275965406,
      17.697059667374443
    ],
    [
      29.34096595473442,
      28.263799762000957,
      28.25019925317542,
      28.170819155450616,
      27.06116038381907,
      25.964883594470074,
      25.912112642456158,
      25.87356581177026,
      24.845573182738296,
      24.81822353436343,
      23.736531669023513,
      23.72180181638011,
      23.705823215973872,
      23.689934131536297,
      23.63293633042332,
      22.683515146101897,
      22.635177235083038,
      22.62881225900353,
      22.619834037764,
      22.58193485850213,
      21.62042942684331,
      21.583243448491476,
      21.579687297171116,
      20.61864397551736,
      20.603948696259103,
      20.59596629932774,
      20.59058899818167,
      20.589064285233242,
      20.58714705909588,
      20.581322836992115,
      20.554656553182944,
      19.600751874952653,
      19.576260749807457,
      18.67257898652955,
      18.63342422327759,
      18.623267778925598,
      18.622306638202154,
      18.62152131590373,
      18.600747782926195,
      18.599573315847064,
      18.598212481237407,
      18.58647835955157,
      17.657351061827075,
      16.779237220035725,
      16.77840588979687,
      16.77593932875822,
      16.74653787897806,
      16.744859393686152,
      15.883233607283433,
      15.862635760953795
    ],
    [
      35.634425957520016,
      34.45877323414092,
      30.65342800908791,
      30.61449981386596,
      29.437713087461496,
      29.42644676839832,
      29.413239511792487,
      29.379923476145997,
      29.356830204963952,
      28.27178251496174,
      28.26874104347112,
      28.205218144743817,
      28.125147368437663,
      27.066869944413046,
      27.04589062874216,
      27.034638334309786,
      27.010731038847116,
      26.97863391153662,
      25.959068712358906,
      25.9098770273764,
      25.88583805034812,
      24.804249090611467,
      24.772938846117956,
      23.74639782070292,
      23.72028004491285,
      23.71012296633529,
      23.6877320387072,
      22.651118885492156,
      21.62042942684331,
      21.61036182107933,
      21.605656989382172,
      21.598582749523175,
      21.596557265781836,
      21.582827476662718,
      21.572464884340437,
      20.636821351976444,
      20.603948696259103,
      20.602264646273582,
      20.581260656684957,
      20.556135926324067,
      20.55540660313803,
      20.554656553182944,
      20.554631940144695,
      20.541663459833128,
      19.606649325064396,
      19.572286783319868,
      18.64223507061676,
      18.616565580563833,
      18.604040275965406,
      15.883233607283433
    ],
    [
      23.13322790436794,
      20.863472023874063,
      20.788965005242254,
      19.982485182215186,
      19.84374235177663,
      19.834836030217566,
      19.667118558768507,
      19.47417912821793,
      19.460189982274564,
      19.4304185551292,
      19.267278268812582,
      19.214184284664586,
      19.181990039880496,
      19.06109637469501,
      18.486677208896587,
      17.70877325677716,
      17.51559478359154,
      17.359101322639415,
      17.34270805542795,
      17.159342123048507,
      16.981781068178776,
      16.94660194594962,
      16.825454314375605,
      16.807636089909938,
      16.449795784351043,
      16.272883504501475,
      15.76930571566076,
      15.747849042031895,
      15.567107059334605,
      15.557497452758403,
      15.208073826175204,
      15.031478566278992,
      14.887258561749702,
      14.860213226151185,
      14.555081138231703,
      14.512267632005168,
      14.37808233884144,
      14.214125495850581,
      13.8756342946579,
      13.723887157850417,
      13.564096318634947,
      13.532139840956381,
      13.26227887741565,
      13.222495116890274,
      13.049830282120677,
      12.763623100375504,
      12.737472589909379,
      12.60552245430926,
      12.426153944234525,
      11.372186738014141
    ],
    [
      25.957552211976576,
      25.858177409503547,
      24.829276687361215,
      24.759509023345274,
      23.75615058548869,
      23.67260085613763,
      23.63293633042332,
      22.66985901654156,
      22.661182871623694,
      22.65101201886893,
      21.64325486140758,
      21.614286365751298,
      21.60159106866383,
      20.622492677445805,
      20.58714705909588,
      20.58341364982029,
      20.57854674536214,
      20.567705349724587,
      19.62512216587018,
      19.610366827068763,
