{
  "test_loss_values": [
    0.1729973554611206,
    0.10791119188070297
  ],
  "log_exp_r_n_values": [
    678193.1378091297,
    652804.3734335554
  ],
  "log_exp_r_n_acc_values": [
    -Infinity,
    -Infinity
  ],
  "model_data_levels": [
    19940,
    59940
  ],
  "loss_landscape_data_param": 19940,
  "train_loss_values": [
    0.0007080765790306032,
    0.0020173562224954367
  ],
  "num_params": 235146,
  "dataset_type": "data",
  "top_r_vals": [
    [
      17.888585506610855,
      17.887675023494896,
      17.884455735045375,
      17.8831495851926,
      17.88229642879135,
      17.88111729695352,
      17.87921202672938,
      17.87598936612017,
      17.87525985557417,
      17.870227469265338,
      17.866615886238694,
      17.860940541482538,
      17.85907798528112,
      17.858205719974965,
      17.85741551055457,
      17.855691212900393,
      17.853763461611663,
      17.851476013289464,
      17.849215542244778,
      17.848216258923678,
      17.84727317826406,
      17.846860650728804,
      17.84558147815354,
      17.841813651727986,
      16.086857567148762,
      16.073262364411157,
      16.072297908057852,
      16.071271912125518,
      16.064933335485538,
      16.0645297972624,
      16.064054631004648,
      16.06012820409349,
      16.058378865896177,
      16.057737240121384,
      16.0576938597624,
      16.056254237151343,
      16.05513340973657,
      16.054759128034608,
      16.05347284994835,
      16.05335481501808,
      16.053198443956614,
      16.051966643530477,
      16.049144902505166,
      16.048681842394114,
      16.04775773986312,
      16.04681346042097,
      16.046086082773762,
      16.04601142820248,
      16.045562491929235,
      16.045536261944733
    ],
    [
      16.057737240121384,
      16.0576938597624,
      16.05512937435434,
      16.05431220945248,
      16.05025059723657,
      16.02560651794938,
      16.0197945586906,
      16.018853305785125,
      16.0176810272469,
      16.007562306301654,
      15.989440413545971,
      14.349079743537017,
      14.336953158379092,
      14.33609288712568,
      14.334793481592284,
      14.329163924101339,
      14.32523781167599,
      14.324044590251278,
      14.323896112472186,
      14.320448728401244,
      14.319301400108252,
      14.319196115864894,
      14.31905663673908,
      14.318755181854256,
      14.318311548247632,
      14.317957901173791,
      14.317472873762089,
      14.315744232467315,
      14.314629299326125,
      14.313361389079203,
      14.313275002007732,
      14.312712586177833,
      14.312645996143575,
      14.312253654860637,
      14.312245556072687,
      14.311325893707638,
      14.311236807040181,
      14.310695088112825,
      14.310111075515058,
      14.308295147283484,
      14.308098976642016,
      14.307937000883006,
      14.307155017913116,
      14.306229056490771,
      14.306082378442335,
      14.30524370395679,
      14.305130320925484,
      14.305125821598844,
      14.303929900578149,
      14.303191111143995
    ]
  ],
  "top_r_val_seeds": [
    [
      475,
      202,
      348,
      60,
      448,
      276,
      330,
      479,
      52,
      138,
      396,
      403,
      110,
      464,
      286,
      73,
      210,
      54,
      82,
      252,
      245,
      239,
      399,
      379,
      419,
      182,
      114,
      140,
      471,
      388,
      31,
      458,
      477,
      450,
      237,
      119,
      373,
      199,
      457,
      285,
      342,
      178,
      361,
      87,
      218,
      339,
      328,
      22,
      212,
      326
    ],
    [
      450,
      237,
      475,
      202,
      60,
      73,
      82,
      126,
      239,
      256,
      253,
      419,
      182,
      114,
      139,
      388,
      458,
      496,
      432,
      199,
      457,
      285,
      342,
      411,
      175,
      178,
      348,
      448,
      414,
      339,
      330,
      328,
      22,
      205,
      212,
      392,
      71,
      479,
      52,
      58,
      217,
      438,
      499,
      428,
      138,
      57,
      495,
      92,
      336,
      396
    ]
  ],
  "loss_predicts_minimas": true,
  "loss_ordering_violations": 1,
  "test_loss_ranks": [
    1,
    2
  ],
  "log_exp_r_n_ranks": [
    1,
    2
  ],
  "data_level_ranks": [
    2,
    1
  ],
  "accuracy_predicts_minimas": true,
  "accuracy_ordering_violations": 1,
  "log_exp_r_n_acc_ranks": [
    1,
    2
  ]
}