{
  "test_loss_values": [
    0.4808403491973877,
    0.3115257501602173,
    0.6855475723743438,
    0.24424323439598083
  ],
  "log_exp_r_n_values": [
    807325.160784314,
    787922.4651269787,
    860317.1349467488,
    767907.0189427343
  ],
  "log_exp_r_n_acc_values": [
    -Infinity,
    -Infinity,
    -Infinity,
    -Infinity
  ],
  "model_data_levels": [
    1500,
    4500,
    500,
    8500
  ],
  "loss_landscape_data_param": 500,
  "train_loss_values": [
    0.0001800213212845847,
    0.00022026700025890023,
    0.00016599382797721773,
    0.0002467039739713073
  ],
  "num_params": 235146,
  "dataset_type": "data",
  "top_r_vals": [
    [
      30.9793117909684,
      30.92130900961856,
      30.857625633779204,
      28.518767217630856,
      28.51685713670799,
      28.51125423266759,
      28.509912692263548,
      28.50800081783747,
      28.50473305498164,
      28.504092774334254,
      28.50062413911846,
      28.499569559228654,
      28.499022540748395,
      28.498019972451793,
      28.49623723025712,
      28.480771852043162,
      28.479634771005514,
      28.470061050849406,
      28.456790920569333,
      28.45661336375115,
      28.44482287362259,
      28.43776185146924,
      28.429596031336093,
      28.424387698002757,
      26.236308549036973,
      26.22607310715166,
      26.220882911242324,
      26.21917316089199,
      26.217654480908365,
      26.212133206173963,
      26.20894266048168,
      26.2087087639983,
      26.208535812373267,
      26.201917530188652,
      26.201734695613617,
      26.201431618480225,
      26.198102711487913,
      26.196829458096,
      26.18871226182776,
      26.18864802265275,
      26.188529427252725,
      26.179666068259344,
      26.178404344975768,
      26.171517575982765,
      26.170501279290903,
      26.170194907840845,
      26.169524514399047,
      26.169073193015628,
      26.168287498490475,
      26.164960238656498
    ],
    [
      28.525722423094585,
      23.973020953896608,
      23.947554976851855,
      23.94475489486883,
      23.937611521026238,
      23.930804217303244,
      23.923018844039355,
      23.912685064621915,
      21.871856465265225,
      21.863323705583895,
      21.85895983202946,
      21.857571576471393,
      21.85663508755883,
      21.856305531343263,
      21.852820474363668,
      21.848847948815216,
      21.848703767970903,
      21.84483972134341,
      21.839805750150656,
      21.838944784537496,
      21.838390031574626,
      21.838254089635708,
      21.835128798191434,
      21.831078003041785,
      21.825976747455023,
      21.824765628362822,
      21.82049512906946,
      21.81956413276049,
      21.817843574685064,
      21.816996340580882,
      21.816420990354544,
      21.81570283243479,
      21.814737507353367,
      21.810077033204923,
      21.807999455895967,
      21.806166299446886,
      21.802222610067297,
      21.801655498746346,
      21.79366925312249,
      21.79007434407104,
      21.788547400272257,
      21.787094606621974,
      21.77885432808196,
      21.778067512617298,
      21.77461541125926,
      21.77266141753114,
      21.765150282118057,
      21.76340500732646,
      21.762421831283362,
      19.860317984134277
    ],
    [
      38.80997778646632,
      36.1172450041968,
      36.09164731364606,
      36.089926727547144,
      36.08043853507555,
      36.06907540313469,
      36.06661482881909,
      36.04597687524213,
      36.014829273066255,
      33.56024965166183,
      33.50722363311142,
      33.507158381977135,
      33.50308965802279,
      33.472829970714095,
      33.45474277726365,
      33.45333461568814,
      33.44244188601212,
      33.44000444041505,
      33.43549369264776,
      33.429042249854135,
      33.42018703946824,
      33.40470147188824,
      33.399224586358386,
      33.39369086919544,
      33.38598071097258,
      33.3843662716177,
      33.383160178070966,
      33.37560788549559,
      33.36528978677639,
      33.35917722890602,
      31.000428656609305,
      30.99875113949729,
      30.997529004060695,
      30.99189900753511,
      30.985436090680125,
      30.972712648825897,
      30.96896645341914,
      30.967119627735496,
      30.966166050722865,
      30.965196905105948,
      30.957500176361155,
      30.956896892945,
      30.95309815349877,
      30.950885465614363,
      30.94547732169988,
      30.944842901075152,
      30.941219308427158,
      30.941079190988567,
      30.939736398868742,
      30.93875946894968
    ],
    [
      26.198102711487913,
      23.947554976851855,
      21.817843574685064,
      21.811963742539028,
      21.810922894158203,
      21.805590949220548,
      21.79007434407104,
      21.787230548560895,
      21.787094606621974,
      21.76340500732646,
      19.839200729278268,
      19.838418562598847,
      19.830679098035283,
      19.826720936081145,
      19.8246123243164,
      19.822536095248577,
      19.821152357699475,
      19.819341417648715,
      19.81772601926781,
      19.8175491599231,
      19.816571451573825,
      19.813913579449807,
      19.81204659242361,
      19.81088081533454,
      19.807940217356652,
      19.802524834041176,
      19.80242893143876,
      19.797222790164913,
      19.796804306081654,
      19.794634665388102,
      19.794508871065457,
      19.794424177858133,
      19.79350625294932,
      19.79304791323909,
      19.79115601644603,
      19.790987875519722,
      19.78963776615588,
      19.78862393864466,
      19.788136952702537,
      19.787920237730848,
      19.787485562299132,
      19.78377898899029,
      19.782382796557755,
      19.77884560966356,
      19.777524146531608,
      19.774744216549976,
      19.767500456346934,
      19.767344770304057,
      19.7664081630701,
      19.762549640183405
    ]
  ],