{
  "test_loss_values": [
    6.3895292822271585
  ],
  "log_exp_r_n_values": [
    2820.9206298469217
  ],
  "log_exp_r_n_acc_values": [
    -Infinity
  ],
  "model_data_levels": [
    0
  ],
  "loss_landscape_data_param": 0,
  "train_loss_values": [
    1.9745957615668885e-05
  ],
  "num_params": 4353,
  "dataset_type": "data",
  "top_r_vals": [
    [
      1.9135100392772553,
      1.7876798986554983,
      1.7075324204187687,
      1.6077169489837528,
      1.5539640543203674,
      1.5421026930686006,
      1.346157929387124,
      1.2643378508474865,
      1.2434784013430835,
      1.2096936639623856,
      1.196444595762065,
      1.1747129346815137,
      1.1546242003056468,
      1.0980262212008487,
      1.087986510033557,
      1.0489451796404192,
      1.0276942524350685,
      1.0068706138202224,
      0.9858047042311995,
      0.9772056444867715,
      0.9682626096605689,
      0.9286010611188328,
      0.9019593098809721,
      0.8683103550991229,
      0.8522687999857125,
      0.8424984299428157,
      0.8378656281700699,
      0.8272729021250981,
      0.8239733725886994,
      0.8174723557547788,
      0.8008817907942802,
      0.7952245366154178,
      0.7641084390978818,
      0.7539142300787645,
      0.7435997732073837,
      0.7262185327081507,
      0.7068639115842569,
      0.6907186138797511,
      0.6756992248026876,
      0.6519814878741431,
      0.6244910218364035,
      0.5821846716343049,
      0.5806707493609926,
      0.5746732052700497,
      0.5591337975726759,
      0.5361041177719902,
      0.5143126515177276,
      0.5068695662473034,
      0.502900761658138,
      0.49251326393403777
    ]
  ],
  "top_r_val_seeds": [
    [
      28,
      27,
      49,
      44,
      15,
      10,
      14,
      46,
      36,
      35,
      7,
      30,
      40,
      12,
      31,
      48,
      17,
      26,
      6,
      3,
      47,
      50,
      8,
      2,
      38,
      34,
      39,
      21,
      5,
      43,
      33,
      24,
      23,
      25,
      29,
      19,
      9,
      1,
      4,
      37,
      20,
      45,
      13,
      22,
      42,
      16,
      11,
      32,
      18,
      41
    ]
  ],
  "loss_predicts_minimas": true,
  "loss_ordering_violations": 0,
  "test_loss_ranks": [
    1
  ],
  "log_exp_r_n_ranks": [
    1
  ],
  "data_level_ranks": [
    1
  ],
  "accuracy_predicts_minimas": true,
  "accuracy_ordering_violations": 0,
  "log_exp_r_n_acc_ranks": [
    1
  ]
}