{
  "test_loss_values": [
    0.45373898148536684,
    0.12048326432704926,
    0.25325103998184206,
    0.06696797162294388
  ],
  "log_exp_r_n_values": [
    678193.1378027897,
    566846.1552264508,
    625884.6114155321,
    -Infinity
  ],
  "log_exp_r_n_acc_values": [
    -Infinity,
    -Infinity,
    -Infinity,
    -Infinity
  ],
  "model_data_levels": [
    1940,
    19940,
    5940,
    59940
  ],
  "loss_landscape_data_param": 1940,
  "train_loss_values": [
    0.0010965943802148104,
    0.006248171441257,
    0.002137458650395274,
    0.021107563748955727
  ],
  "num_params": 235146,
  "dataset_type": "data",
  "top_r_vals": [
    [
      17.888585506610855,
      17.86023013984144,
      17.857344695201107,
      17.855144923030817,
      17.85454580265945,
      17.853763461611663,
      17.84490929432225,
      17.83648563941977,
      17.831482478494905,
      16.073262364411157,
      16.071271912125518,
      16.060130221784608,
      16.059675232438018,
      16.05513340973657,
      16.05431220945248,
      16.052946232567148,
      16.05237421713585,
      16.051966643530477,
      16.051422875774794,
      16.047055583354854,
      16.046614717846076,
      16.046547125193698,
      16.045536261944733,
      16.04399777246901,
      16.043190696022727,
      16.039967434465392,
      16.039553807786675,
      16.03406367026085,
      16.032230597882233,
      16.031675732825413,
      16.031589980952997,
      16.031007877066116,
      16.028373781314567,
      16.026185595299587,
      16.026018126936982,
      16.02484988378099,
      16.02474294615186,
      16.014871392368285,
      16.014652472882233,
      16.0144809691374,
      16.01440934110279,
      16.01439521726498,
      16.00971417387655,
      16.009034211970558,
      16.007111352337294,
      16.004322903215392,
      16.002317318246384,
      16.000012106146695,
      15.991016230307336,
      15.99072265625
    ],
    [
      11.141089937684733,
      9.728509858388975,
      9.723331553779593,
      9.722836609166958,
      9.722127453014206,
      9.71776144344726,
      9.716030663026258,
      9.715387418116618,
      9.715112177647693,
      9.71447625620951,
      9.713939811925286,
      9.71328253036202,
      9.712364655272744,
      9.712362214115592,
      9.710448957197451,
      9.707170483141871,
      9.705628282110885,
      9.70514005068042,
      9.703190176404995,
      9.70293995779688,
      9.700289471418737,
      9.700077701035772,
      9.700013010371235,
      9.699618763491134,
      9.699309346822076,
      9.698833931466659,
      9.69826392127159,
      9.698174208746241,
      9.698129047338924,
      9.698122334156755,
      9.697887372780842,
      9.696967056534413,
      9.69688222632337,
      9.696819366526698,
      9.696425729935884,
      9.696329304228367,
      9.695236886402698,
      9.694853014440495,
      9.694751706418673,
      9.694375157927926,
      9.694314739288405,
      9.694149350891335,
      9.694044991423073,
      9.693982741915688,
      9.693880823604578,
      9.693456062260074,
      9.6933675703133,
      9.69156294488844,
      9.691558672863424,
      9.691373755209135
    ],
    [
      14.32077897897656,
      14.307254902964505,
      14.299782421282151,
      14.293528357253688,
      14.292902050985514,
      14.27907022103134,
      14.27506492045714,
      14.262207644653014,
      12.699861621263137,
      12.699215162993573,
      12.698288918222632,
      12.692586375114786,
      12.689485607335987,
      12.689126109580657,
      12.686973108611367,
      12.685537508927663,
      12.684888659320478,
      12.683809368941946,
      12.683357406132028,
      12.683035372666057,
      12.680350697632896,
      12.678806690643814,
      12.678753284103664,
      12.67716065324967,
      12.676738980716255,
      12.676101290684626,
      12.676084551321296,
      12.67526751096827,
      12.674041551882462,
      12.673227699979595,
      12.670222585705542,
      12.669954755892258,
      12.669489242169169,
      12.669404748239977,
      12.668889813539437,
      12.667864726813592,
      12.667441460055098,
      12.667003048158353,
      12.666944061830428,
      12.66662840526477,
      12.666475359657179,
      12.665911003979188,
      12.665738030558108,
      12.665426359555148,
      12.665368170339763,
      12.665315560912154,
      12.664394098816448,
      12.663380171666159,
      12.663045384399553,
      12.662665161718193
    ],
    [
      0.0,
      0.0,
      0.0,
      0.0,
      0.0,
      0.0,
      0.0,
      0.0,
      0.0,
      0.0,
      0.0,
      0.0,
      0.0,
      0.0,
      0.0,
      0.0,
      0.0,
      0.0,
      0.0,
      0.0,
      0.0,
      0.0,
      0.0,
      0.0,
      0.0,
      0.0,
      0.0,
      0.0,
      0.0,
      0.0,
      0.0,
      0.0,
      0.0,
      0.0,
      0.0,
      0.0,
      0.0,
      0.0,
      0.0,
      0.0,
      0.0,
      0.0,
      0.0,
      0.0,
      0.0,
      0.0,
      0.0,
      0.0,
      0.0,
      0.0
    ]
  ],
  "top_r_val_seeds": [
    [
      475,
      127,
      314,
      83,
      53,
      210,
      55,
      287,
      243,
      182,
      140,
      329,
      478,
      373,
      202,
      391,
      74,
      178,
      348,
      66,
      156,
      37,
      326,
      48,
      90,
      301,
      308,
      152,
      100,
      231,
      407,
      233,
      23,
      338,
      106,
      228,
      489,
      25,
      227,
      454,
      43,
      263,
      107,
      331,
      426,
      80,
      77,
      6,
      146,
      96
    ],
    [
      52,
      267,
      182,
      472,
      140,
      31,
      289,
      329,
      478,
      432,
      450,
      449,
      373,
      475,
      178,
      37,
      48,
      90,
      301,
      308,
      312,
      38,
      113,
      152,
      279,
      62,
      470,
      231,
      434,
      407,
      416,
      127,
      270,
      186,
      33,
      305,
      317,
      338,
      106,
      491,
      144,
      281,
      228,
      445,
      53,
      210,
      347,
      462,
      160,
      486
    ],
    [
      475,
      301,
      407,
      53,
      210,
      287,
      243,
      341,
      182,
      472,
      140,
      31,
      329,
      478,
      193,
      373,
      202,
      391,
      74,
      178,
      118,
      156,
      37,
      392,
      48,
      90,
      52,
      468,
      101,
      308,
      41,
      396,
      38,
      113,
      152,
      62,
      100,
      231,
      434,
      416,
      233,
      64,
      465,
      127,
      442,
      270,
      23,
      314,
      168,
      338
    ],
    [
      1,
      2,
      3,
      4,
      5,
      6,
      7,
      8,
      9,
      10,
      11,
      12,
      13,
      14,
      15,
      16,
      17,
      18,
      19,
      20,
      21,
      22,
      23,
      24,
      25,
      26,
      27,
      28,
      29,
      30,
      31,
      32,
      33,
      34,
      35,
      36,
      37,
      38,
      39,
      40,
      41,
      42,
      43,
      44,
      45,
      46,
      47,
      48,
      49,
      50
    ]
  ],
  "loss_predicts_minimas": true,
  "loss_ordering_violations": 3,
  "test_loss_ranks": [
    1,
    3,
    2,
    4
  ],
  "log_exp_r_n_ranks": [
    1,
    3,
    2,
    4
  ],
  "data_level_ranks": [
    4,
    2,
    3,
    1
  ],
  "accuracy_predicts_minimas": true,
  "accuracy_ordering_violations": 2,
  "log_exp_r_n_acc_ranks": [
    1,
    2,
    3,
    4
  ]
}