{
  "test_loss_values": [
    0.0074609506642445925,
    0.056557002833578736,
    0.31053806096315384,
    0.07975122262723744,
    0.1584756040945649
  ],
  "log_exp_r_n_values": [
    6961.348831304417,
    3546.5754316083967,
    -Infinity,
    4217.20135965468,
    -Infinity
  ],
  "log_exp_r_n_acc_values": [
    -Infinity,
    -Infinity,
    -Infinity,
    -Infinity,
    -Infinity
  ],
  "model_data_levels": [
    0,
    10,
    100,
    20,
    50
  ],
  "loss_landscape_data_param": 0,
  "train_loss_values": [
    0.0001659867848502472,
    0.012995213270187378,
    0.1674102246761322,
    0.0271464753895998,
    0.08072963356971741
  ],
  "num_params": 5409,
  "dataset_type": "poison",
  "top_r_vals": [
    [
      3.626510054976852,
      3.348442883311991,
      3.33288439706009,
      3.0520165627032645,
      3.031337719744,
      3.020123342703392,
      3.012606509181143,
      3.0111801136562923,
      3.0108992560349397,
      3.008949755406018,
      2.997658780832314,
      2.985970495477184,
      2.979917110757991,
      2.95855418332632,
      2.7553096257865515,
      2.7491874698716376,
      2.724016264888319,
      2.722386949732041,
      2.7166936201242127,
      2.705121773138982,
      2.7026407066479887,
      2.701795699632651,
      2.6993671826301413,
      2.6986657734148825,
      2.693648842837954,
      2.6916188027053307,
      2.691395678139259,
      2.6874269271989153,
      2.684028633272584,
      2.681826331982527,
      2.6553562834924276,
      2.484624941486958,
      2.4787282392013172,
      2.470952562064179,
      2.4705285947184916,
      2.4677446854016014,
      2.467581504632619,
      2.4646250827253358,
      2.462695665595945,
      2.457331129342071,
      2.4564526770725723,
      2.4516021476304237,
      2.45131260895532,
      2.450366311822056,
      2.4491771351207388,
      2.448793773808755,
      2.4479665204513172,
      2.443995704335615,
      2.443070592959065,
      2.442775757844783
    ],
    [
      1.9289146993929194,
      1.9033469161310073,
      1.7041032088799035,
      1.6999767503134149,
      1.6995903764765017,
      1.6932300956452846,
      1.692949335327709,
      1.6897198035149974,
      1.6734083821950867,
      1.6649498427209777,
      1.4919993970092742,
      1.4859888103832684,
      1.4824274672426607,
      1.4779069019135092,
      1.477256638677057,
      1.4756561550190594,
      1.4733671124717829,
      1.4706900785096073,
      1.4694182356332428,
      1.4613775216904292,
      1.4591016003628463,
      1.4535836697646451,
      1.4513403989139746,
      1.4414224351210183,
      1.4313561710310576,
      1.2945344868685178,
      1.2898817915732055,
      1.2856732249661331,
      1.2849879565013698,
      1.2846669630181633,
      1.2839188114038211,
      1.282839668148599,
      1.2819903509651642,
      1.28118326284243,
      1.28074018659184,
      1.2805907404455603,
      1.2784006176962075,
      1.2694746308783567,
      1.2691765279140346,
      1.2689009208044781,
      1.2681847369837504,
      1.267802570562146,
      1.2668105165224495,
      1.266215231476749,
      1.2649058674856204,
      1.2640273451574022,
      1.263364309437992,
      1.2631208016767566,
      1.263016215685302,
      1.261984826788442
    ],
    [
      0.0,
      0.0,
      0.0,
      0.0,
      0.0,
      0.0,
      0.0,
      0.0,
      0.0,
      0.0,
      0.0,
      0.0,
      0.0,
      0.0,
      0.0,
      0.0,
      0.0,
      0.0,
      0.0,
      0.0,
      0.0,
      0.0,
      0.0,
      0.0,
      0.0,
      0.0,
      0.0,
      0.0,
      0.0,
      0.0,
      0.0,
      0.0,
      0.0,
      0.0,
      0.0,
      0.0,
      0.0,
      0.0,
      0.0,
      0.0,
      0.0,
      0.0,
      0.0,
      0.0,
      0.0,
      0.0,
      0.0,
      0.0,
      0.0,
      0.0
    ],
    [
      2.183525692624787,
      1.9495623055045406,
      1.9294736745612695,
      1.909705682137027,
      1.699322752168794,
      1.687274754211594,
      1.6862436650103665,
      1.6633046888451275,
      1.4876407109137866,
      1.4764509042444653,
      1.4759481784434072,
      1.472616761792085,
      1.4666553034537697,
      1.4469864425604695,
      1.4445408608107995,
      1.3019198365216842,
      1.2940543121907704,
      1.290710454667762,
      1.2782261761557439,
      1.2777254789438242,
      1.276135771873715,
      1.2744692368551662,
      1.2729685923211762,
      1.2719923248462273,
      1.266998376642949,
      1.2662275976191348,
      1.2657861000250197,
      1.2652251507576457,
      1.2633629938909299,
      1.2595408034560611,
      1.2589912994481294,
      1.254357679585221,
      1.1006108223570938,
      1.0931741733743687,
      1.0929879853219697,
      1.089553202479339,
      1.0888109163366622,
      1.088140146134642,
      1.0878763890682392,
      1.0877464721791783,
      1.0836672612129823,
      1.0809140095916554,
      1.0789354392648072,
      1.0785924317751379,
      1.0784709219323922,
      1.0780635725149221,
      1.078045077013028,
      1.0779754666695365,
      1.0770410514950643,
      1.0762853140782829
    ],
    [
      0.0,
      0.0,
      0.0,
      0.0,
      0.0,
      0.0,
      0.0,
      0.0,
      0.0,
      0.0,
      0.0,
      0.0,
      0.0,
      0.0,
      0.0,
      0.0,
      0.0,
      0.0,
      0.0,
      0.0,
      0.0,
      0.0,
      0.0,
      0.0,
      0.0,
      0.0,
      0.0,
      0.0,
      0.0,
      0.0,
      0.0,
      0.0,
      0.0,
      0.0,
      0.0,
      0.0,
      0.0,
      0.0,
      0.0,
      0.0,
      0.0,
      0.0,
      0.0,
      0.0,
      0.0,
      0.0,
      0.0,
      0.0,
      0.0,
      0.0
    ]
  ],