{
  "test_loss_values": [
    4.577027868106962
  ],
  "log_exp_r_n_values": [
    10477.655321974775
  ],
  "log_exp_r_n_acc_values": [
    -Infinity
  ],
  "model_data_levels": [
    0
  ],
  "loss_landscape_data_param": 2000,
  "train_loss_values": [
    4.504445552825928
  ],
  "num_params": 4353,
  "dataset_type": "data",
  "top_r_vals": [
    [
      11.110549853414788,
      9.26012652675572,
      7.674846529351089,
      7.308031638546236,
      4.98596282004837,
      3.9109635837240053,
      3.5002340429021155,
      2.983847950456282,
      2.7868008343839246,
      2.6828456415933677,
      2.549733988188678,
      2.5306533869068644,
      2.454841665990315,
      2.4352443659876095,
      2.3847504163676585,
      2.3661064610505647,
      2.127278299070819,
      2.103284937292773,
      1.9574460244771976,
      1.8019840292871303,
      1.7745976796727987,
      1.7086757991725459,
      1.684138324245396,
      1.658662255784616,
      1.5907293665618014,
      1.5428188693032823,
      1.437271768947706,
      1.4083720993458797,
      1.3771677610887916,
      1.3567264592902657,
      1.316608826122765,
      1.2956128750606475,
      1.2786660037504325,
      1.276409400530699,
      1.2198054526232311,
      1.1486279162408202,
      1.120159754731483,
      1.1115541034337701,
      1.088985256527799,
      1.065872218390001,
      1.0627293234765283,
      1.0376442763524594,
      1.0292887646712419,
      1.0044100258926139,
      1.0018772866926806,
      0.9804114866964276,
      0.9232709849785741,
      0.8979056371540713,
      0.6535354212132551,
      0.5159983821330715
    ]
  ],
  "top_r_val_seeds": [
    [
      3,
      25,
      39,
      23,
      32,
      6,
      10,
      46,
      22,
      31,
      20,
      26,
      41,
      42,
      14,
      4,
      2,
      15,
      35,
      33,
      34,
      38,
      12,
      18,
      28,
      47,
      16,
      48,
      11,
      5,
      36,
      43,
      29,
      44,
      21,
      24,
      40,
      17,
      27,
      13,
      8,
      30,
      49,
      1,
      45,
      19,
      37,
      50,
      9,
      7
    ]
  ],
  "test_acc_values": [
    0.74575
  ],
  "loss_predicts_minimas": true,
  "loss_ordering_violations": 0,
  "test_loss_ranks": [
    1
  ],
  "log_exp_r_n_ranks": [
    1
  ],
  "data_level_ranks": [
    1
  ],
  "accuracy_predicts_minimas": true,
  "accuracy_ordering_violations": 0,
  "log_exp_r_n_acc_ranks": [
    1
  ]
}