{
  "test_loss_values": [
    4.985988807678223,
    4.131665229797363,
    5.586651754379273,
    4.332551002502441,
    4.387867212295532
  ],
  "log_exp_r_n_values": [
    6027535.686501132,
    4423946.775418091,
    6790731.094504692,
    5319051.407108848,
    3662586.517569928
  ],
  "log_exp_r_n_acc_values": [
    -Infinity,
    -Infinity,
    -Infinity,
    -Infinity,
    -Infinity
  ],
  "model_data_levels": [
    1950,
    19950,
    450,
    4950,
    49950
  ],
  "loss_landscape_data_param": 450,
  "train_loss_values": [
    0.00019865759531967342,
    0.0006039286963641644,
    5.230759779806249e-05,
    0.0007331743836402893,
    0.000360000878572464
  ],
  "num_params": 1707274,
  "dataset_type": "data",
  "top_r_vals": [
    [
      34.14125471890624,
      30.03186662882375,
      30.028027411006374,
      30.02498406024019,
      30.020923456869838,
      30.019662399922524,
      30.01755223129735,
      30.016719933712125,
      30.01617627805039,
      30.015932473707245,
      30.011863463290577,
      30.011115236168507,
      30.01051553353134,
      30.009220848398762,
      30.008834124268255,
      30.00848663302055,
      30.00810271123881,
      30.007486194509013,
      30.006432511370814,
      30.00642970902204,
      30.00628959158345,
      30.005081779262802,
      30.004285912211607,
      30.004266295770204,
      30.002884737825703,
      30.00210848721591,
      30.001727367782944,
      30.001702146644,
      30.001606866785757,
      30.001604064436986,
      30.001284596677,
      30.000382240372478,
      29.998445817371156,
      29.998154373098888,
      29.997053050031568,
      29.996136681983188,
      29.99587886589618,
      29.9957975977818,
      29.995326803188135,
      29.993889198268196,
      29.993037284241566,
      29.992821503386136,
      29.9917117732725,
      29.988760900015784,
      29.988074324566693,
      29.986765627690257,
      29.986482590464306,
      29.985398081489613,
      29.98514026540261,
      29.98505059024191
    ],
    [
      13.346281928342774,
      13.344437360106753,
      13.344138442904427,
      13.343254146180879,
      13.343094723672971,
      13.34076441498317,
      13.340522790244622,
      13.340414432758779,
      13.339274810924909,
      13.338650821265054,
      13.338006903791708,
      13.336934538328363,
      13.336660530892898,
      13.336427624572751,
      13.33585469993496,
      13.33578495258775,
      13.335255620041965,
      13.334885710004086,
      13.334711341636062,
      13.334101052347979,
      13.333935402398357,
      13.332773361774313,
      13.332672477218527,
      13.332301321692306,
      13.332252747646928,
      13.331877855655677,
      13.33161630310364,
      13.330238792996255,
      13.330122962580353,
      13.329902511143636,
      13.329649677010003,
      13.329406806783112,
      13.32915895460285,
      13.329018214420088,
      13.327107635301886,
      13.326844837261508,
      13.32661940387142,
      13.325930648817726,
      13.325778699239878,
      13.323722397985541,
      13.31587333044779,
      13.312566558897055,
      13.308326916577395,
      10.814124241348141,
      10.812358761621901,
      10.811765560433885,
      10.81147198637655,
      10.810089867962294,
      10.809803355823863,
      10.809785196603823
    ],
    [
      53.3851277133711,
      53.34341879973984,
      53.33846175613459,
      53.327511422622706,
      53.322469685810134,
      53.30539653160393,
      48.169417240488066,
      48.15928727278308,
      48.158896102259185,
      48.15715157164688,
      48.15116711225259,
      48.1481276723198,
      48.14750719493707,
      48.14418898980335,
      48.143343701774704,
      48.14173405754994,
      48.1361047989762,
      48.136064333059934,
      48.13591146182071,
      48.133946616775404,
      48.13299341963672,
      48.13037212750533,
      48.124769846209105,
      48.12473387650576,
      48.12174389491507,
      48.120525421214204,
      48.11579090901121,
      48.11530082180311,
      48.11359675710707,
      48.112553635710015,
      48.11209951820526,
      48.11167687419094,
      48.11139810899,
      48.10949171471263,
      48.109365820750924,
      48.1065871611674,
      48.10121868294292,
      48.099420197775586,
      48.0986378567278,
      48.095665859988785,
      48.08961395740072,
      48.08917332853473,
      48.084591687570956,
      48.07827900463362,
      48.07526654197835,
      43.256496965392564,
      43.24706224173554,
      43.2458879455062,
      43.240359471849175,
      43.23753066890496
    ],
    [
      22.545300391362336,
      22.50614971078765,
      19.22197113177227,
      19.218645976813594,
      19.216680297291095,
      19.21598979855372,
      19.214393580693297,
      19.214056402089074,
      19.21388243227732,
      19.213391012396695,
      19.212788395316807,
      19.212583935950416,
      19.212406379132233,
      19.211925720270894,
      19.21138946280992,
      19.211233428030305,
      19.211233428030305,
      19.210711518595044,
      19.21070075757576,
      19.210352817952252,
      19.210343850436182,
      19.20968563475666,
      19.209500903925623,
      19.20915475780533,
      19.208765567607898,
      19.208622087350783,
      19.20846605257117,
      19.208234690656568,
      19.207190871786043,
      19.207113751147844,
      19.20707967458678,
      19.206982825413224,
      19.206894943755742,
      19.20590134297521,
      19.205673568067034,
      19.20565383953168,
      19.205533674816348,
      19.20523057277319,
      19.20520367022498,
      19.204916709710744,
      19.204853937098257,
      19.20480013200184,
      19.20445577938476,
      19.2041526773416,
      19.20411680727732,
      19.204115013774107,
      19.20402533861341,
      19.203993055555557,
      19.20398946854913,
      19.203673811983474
    ],
    [
      8.544493227731865,
      8.542743565707582,
      8.541620434139375,
      8.541305574686257,
      8.541064846699317,
      8.540746798796043,
      8.54043991046832,
      8.540248603458831,
      8.540169689317418,
      8.539995918783799,
      8.539682653555762,
      8.5395806231507,
      8.539503303234365,
      8.539437142893583,
      8.539284894398532,
      8.539017064585247,
      8.53892619375574,
      8.538800249974493,
      8.538722132945619,
      8.538633653453731,
      8.53861452275278,
      8.538380968778696,
      8.538353866952352,
      8.538325968013469,
      8.538234300071423,
      8.538094008264464,
      8.538089225589227,
      8.53803183348638,
      8.537954513570044,
      8.537934585756556,
      8.537930600193858,
      8.537865236965617,
      8.53785965717784,
      8.537716974033263,
      8.537659581930416,
      8.537638059891849,
      8.537561537088052,
      8.537550377512499,
      8.537542406387104,
      8.537459506682993,
      8.537456318232834,
      8.537402114580146,
      8.537215590245895,
      8.537165372155904,
      8.537139864554637,
      8.53713587899194,
      8.536993195847364,
      8.536976456484034,
      8.536973268033876,
      8.536907107693093
    ]
  ],