{
  "test_loss_values": [
    2.8113574981689453,
    1.9888509511947632
  ],
  "log_exp_r_n_values": [
    2680003.5255352124,
    -Infinity
  ],
  "log_exp_r_n_acc_values": [
    -Infinity,
    -Infinity
  ],
  "model_data_levels": [
    19950,
    49950
  ],
  "loss_landscape_data_param": 19950,
  "train_loss_values": [
    0.017845461145043373,
    0.0953083261847496
  ],
  "num_params": 1707274,
  "dataset_type": "data",
  "top_r_vals": [
    [
      4.805492782943068,
      4.804164245437328,
      4.803845450241047,
      4.803608707816805,
      4.803433392877641,
      4.803319505423554,
      4.80314688073921,
      4.803145983987604,
      4.803130739210285,
      4.803031199781911,
      4.802981430067724,
      4.802970669048439,
      4.80284736570248,
      4.802839294938017,
      4.802808357007576,
      4.80273302987259,
      4.80267518939394,
      4.802644699839303,
      4.80259941388315,
      4.802549195793159,
      4.802421408689165,
      4.802385538624886,
      4.802375225981406,
      4.802367603592746,
      4.802320972509183,
      4.802319179005969,
      4.802288689451332,
      4.802183769513316,
      4.802141173811984,
      4.802058672664142,
      4.802047463269055,
      4.801914295655418,
      4.8018981541264925,
      4.801797717946511,
      4.801783818296603,
      4.801778437786961,
      4.80177440240473,
      4.801772608901516,
      4.8017519836145555,
      4.801682485365014,
      4.801644821797521,
      4.801617470873508,
      4.801585636191461,
      4.801530037591828,
      4.801493719151745,
      4.801463677972912,
      4.801413908258724,
      4.80141345988292,
      4.80129643379821,
      4.80127715363866
    ],
    [
      0.0,
      0.0,
      0.0,
      0.0,
      0.0,
      0.0,
      0.0,
      0.0,
      0.0,
      0.0,
      0.0,
      0.0,
      0.0,
      0.0,
      0.0,
      0.0,
      0.0,
      0.0,
      0.0,
      0.0,
      0.0,
      0.0,
      0.0,
      0.0,
      0.0,
      0.0,
      0.0,
      0.0,
      0.0,
      0.0,
      0.0,
      0.0,
      0.0,
      0.0,
      0.0,
      0.0,
      0.0,
      0.0,
      0.0,
      0.0,
      0.0,
      0.0,
      0.0,
      0.0,
      0.0,
      0.0,
      0.0,
      0.0,
      0.0,
      0.0
    ]
  ],
  "top_r_val_seeds": [
    [
      58,
      160,
      431,
      384,
      458,
      301,
      199,
      260,
      99,
      380,
      206,
      412,
      366,
      249,
      241,
      158,
      388,
      116,
      268,
      349,
      237,
      450,
      362,
      143,
      215,
      251,
      131,
      18,
      85,
      13,
      41,
      487,
      135,
      235,
      15,
      216,
      185,
      320,
      87,
      156,
      419,
      139,
      324,
      288,
      86,
      282,
      498,
      122,
      220,
      101
    ],
    [
      1,
      2,
      3,
      4,
      5,
      6,
      7,
      8,
      9,
      10,
      11,
      12,
      13,
      14,
      15,
      16,
      17,
      18,
      19,
      20,
      21,
      22,
      23,
      24,
      25,
      26,
      27,
      28,
      29,
      30,
      31,
      32,
      33,
      34,
      35,
      36,
      37,
      38,
      39,
      40,
      41,
      42,
      43,
      44,
      45,
      46,
      47,
      48,
      49,
      50
    ]
  ],
  "loss_predicts_minimas": true,
  "loss_ordering_violations": 1,
  "test_loss_ranks": [
    1,
    2
  ],
  "log_exp_r_n_ranks": [
    1,
    2
  ],
  "data_level_ranks": [
    2,
    1
  ],
  "accuracy_predicts_minimas": true,
  "accuracy_ordering_violations": 1,
  "log_exp_r_n_acc_ranks": [
    1,
    2
  ]
}