{
  "test_loss_values": [
    0.5447110015153885,
    0.5406437319517136,
    0.3649306148290634,
    0.5128465101122857,
    0.1770676076412201,
    0.23087310194969177,
    0.5786323219537735,
    0.4441537082195282
  ],
  "log_exp_r_n_values": [
    564465.1461943615,
    -Infinity,
    785769.4252826353,
    711157.262495234,
    748573.7340547985,
    775110.3289455578,
    -Infinity,
    822655.0239412276
  ],
  "log_exp_r_n_acc_values": [
    -Infinity,
    -Infinity,
    -Infinity,
    -Infinity,
    -Infinity,
    -Infinity,
    -Infinity,
    -Infinity
  ],
  "model_data_levels": [
    200,
    100,
    2000,
    500,
    10000,
    5000,
    0,
    1000
  ],
  "loss_landscape_data_param": 1000,
  "train_loss_values": [
    0.1968652904033661,
    0.23439130187034607,
    0.01014427188783884,
    0.14012308418750763,
    0.0654178112745285,
    0.027554497122764587,
    0.30153483152389526,
    0.004882467444986105
  ],
  "num_params": 235146,
  "dataset_type": "data",
  "top_r_vals": [
    [
      11.028740245348722,
      8.265396592484645,
      7.651841434871681,
      7.043118485802125,
      6.483722782614243,
      5.926141752136744,
      5.925835905910481,
      5.3957068691656795,
      4.900187968738163,
      4.894614489986838,
      4.891406526192521,
      4.429260206898037,
      4.428744709433632,
      4.426078477540024,
      4.424400676564404,
      4.41852739946321,
      4.416311567135103,
      4.416251198570733,
      4.408912105959583,
      3.9757194161664953,
      3.974596841531385,
      3.97125483497201,
      3.9663588016045996,
      3.9617494042872576,
      3.959249828070156,
      3.5339158288559727,
      3.1400195465392287,
      3.1312520122597913,
      2.758808520817913,
      2.7577078350565447,
      2.757505834597819,
      2.7569242813458295,
      2.756747422575099,
      2.75634272809384,
      2.755823595584461,
      2.755067264253162,
      2.7523528289043564,
      2.406196897672447,
      2.4021589198692506,
      2.400806331733258,
      2.3997259226950947,
      2.398727529888963,
      2.3981381609434975,
      2.06954018741734,
      2.066461541677304,
      2.0652325057684786,
      2.062999090827242,
      1.2250772007414588,
      1.2246964342115336,
      1.222928848318619
    ],
    [
      0.0,
      0.0,
      0.0,
      0.0,
      0.0,
      0.0,
      0.0,
      0.0,
      0.0,
      0.0,
      0.0,
      0.0,
      0.0,
      0.0,
      0.0,
      0.0,
      0.0,
      0.0,
      0.0,
      0.0,
      0.0,
      0.0,
      0.0,
      0.0,
      0.0,
      0.0,
      0.0,
      0.0,
      0.0,
      0.0,
      0.0,
      0.0,
      0.0,
      0.0,
      0.0,
      0.0,
      0.0,
      0.0,
      0.0,
      0.0,
      0.0,
      0.0,
      0.0,
      0.0,
      0.0,
      0.0,
      0.0,
      0.0,
      0.0,
      0.0
    ],
    [
      28.26545099871215,
      28.174501590868914,
      27.02354265275,
      25.858177409503547,
      24.79301179642298,
      23.738014650237687,
      23.69603613673345,
      23.671313318121705,
      22.648422996810172,
      22.646745903269636,
      22.59460781512876,
      21.65577207905202,
      21.618845743246894,
      21.616330880883492,
      21.60159106866383,
      21.599727351744786,
      21.59753330425585,
      21.596557265781836,
      21.579982283729418,
      20.624893096386703,
      20.621287933994626,
      20.603141647689117,
      20.602264646273582,
      20.59728763085484,
      20.57276009052728,
      20.567705349724587,
      20.554656553182944,
      20.554567168991404,
      19.603537227200704,
      18.663793925892715,
      18.63296475112687,
      18.623267778925598,
      18.604040275965406,
      18.59891341069182,
      18.598212481237407,
      18.56699181744518,
      17.704313910160096,
      17.69753816475101,
      17.68959510830002,
      16.779237220035725,
      16.766094184355893,
      16.751818091979953,
      16.749938104054003,
      16.71966945445615,
      15.896348954354846,
      15.88501933988804,
      15.865435206418399,
      15.007195709082868,
      14.980878391903083,
      14.140977200948601
    ],
    [
      20.58039272323088,
      20.564316522984498,
      20.556135926324067,
      19.62878541577233,
      19.618193925816268,
      19.58954018482804,
      19.58350093944913,
      17.695001015870613,
      17.68757317868788,
      17.656706759545607,
      17.65566964430152,
      16.777891055841838,
      16.747730014980487,
      16.729605327793177,
      15.902877664665981,
      15.873543910566495,
      15.86918744209821,
      15.85707681929986,
      15.006825654260625,
      15.001104908794327,
      14.998287016844342,
      14.978836482258922,
      14.978789281388739,
      14.969385924030684,
      14.960989833242355,
      14.191651090353815,
      14.180968977809506,
      14.16858891626099,
      14.167886931048338,
      14.154173275764617,
      14.147597064038981,
      14.143848391735883,
      13.35734877414539,
      13.347305921673675,
      13.343513521713811,
      13.342657525263476,
      13.293526685863114,
      12.563884908209388,
      12.544422015858185,
      12.525008049039165,
      12.521556431655766,
      11.782441598105164,
      11.777932255073214,
      11.759311312193379,
      11.031263430477807,
      11.022267907903803,
      11.017663337790557,
      10.287683240482504,
      8.930812793405234,
      8.915151304242732
    ],
    [
      24.13007489055583,
      21.26381539480625,
      20.21184046958699,
      19.223297874006537,
      18.86290967506839,
      18.500498880624182,
      18.45852109037352,
      18.438544955076132,
      18.303151916819417,
      18.283720794220187,
      17.957783233684136,
      17.909489444399355,
      17.514565956947546,
      17.1379460451599,
      16.966763724411905,
      16.84027338985593,
      16.825454314375605,
      16.80758531066786,
      16.662594516581464,
      16.449795784351043,
      15.775782248676038,
      15.730347442565028,
      15.546182062633141,
      15.218389572841069,
      14.721669770092092,
      14.7027482518854,
      14.551564978018746,
      14.521976883358438,
      14.521429599702179,
      14.386859160074271,
      14.376743471038452,
      14.375376559382833,
      14.225885381792265,
      13.88554865912677,
      13.556850849101506,
      13.508914426964651,
      13.378305555192526,
      13.374249149807302,
      13.227255381866504,
      12.59783235211969,
      12.430071932543154,
      12.406217215714213,
      12.141493079651573,
      12.141102235854824,
      11.981942455703328,
      11.542742418290452,
      11.384231073246228,
      11.211495376914703,
      10.647853437928669,
      10.34671474512903
    ],
    [
      27.012792540898193,
      25.959068712358906,
      23.738014650237687,
      23.69603613673345,
      22.61952483700079,
      22.59535445660305,
      21.61950912315681,
      21.60725698559932,
      21.597468053772907,
      21.56828341589188,
      20.58341364982029,
      19.642423654468956,
      19.610366827068763,
      19.608930379362267,
      19.58959936893955,
      19.58871407327151,
      19.573680075945052,
      19.56413293895672,
      19.55185100281559,
      18.66178607947899,
      18.65852406163345,
      18.614615168168942,
      18.610041544872757,
      18.598234751571244,
      17.71894702760623,
      17.704313910160096,
      17.695001015870613,
      17.693327387837233,
      17.657351061827075,
      16.77081419893541,
      16.767655566022786,
      16.764500098073004,
      16.73961399527548,
      16.71151334522186,
      15.884507989164572,
      15.883663061992594,
      15.878865154032567,
      15.876609018711648,
      15.872065787381473,
      15.856771207344037,
      15.851963312065193,
      14.996263987548256,
      14.960989833242355,
      14.179150764841204,
      14.16904502848038,
      14.154173275764617,
      13.341090716074483,
      13.325587948989163,
