{
  "test_loss_values": [
    0.47952776432037353,
    0.4929485408961773,
    0.3286179929971695,
    0.45882847905158997,
    0.1748897135257721,
    0.22235716581344606,
    0.530828008055687,
    0.40572527050971985
  ],
  "log_exp_r_n_values": [
    866589.2263131877,
    849791.2978100907,
    840824.6631994467,
    866589.2263131877,
    824988.2197967528,
    823412.8703598381,
    848947.2322161988,
    866589.2263131877
  ],
  "log_exp_r_n_acc_values": [
    -Infinity,
    -Infinity,
    -Infinity,
    -Infinity,
    -Infinity,
    -Infinity,
    -Infinity,
    -Infinity
  ],
  "model_data_levels": [
    200,
    100,
    2000,
    500,
    10000,
    5000,
    0,
    1000
  ],
  "loss_landscape_data_param": 200,
  "train_loss_values": [
    0.0032165341544896364,
    0.06456459313631058,
    0.011114283464848995,
    0.0039880839176476,
    0.07561187446117401,
    0.035984911024570465,
    0.1354985386133194,
    0.005285993684083223
  ],
  "num_params": 235146,
  "dataset_type": "data",
  "top_r_vals": [
    [
      39.85870238490269,
      38.44925791015379,
      38.4172924235657,
      38.41005687001275,
      37.00598303511488,
      34.3984519908598,
      34.34990233018697,
      34.345412763741656,
      34.30646566659409,
      34.2897304504954,
      33.17070944290391,
      33.13210336337388,
      33.10803160697884,
      33.079519328347146,
      31.912758443606073,
      31.877745594858762,
      31.86800020496814,
      29.42644676839832,
      29.413378282350827,
      29.399628895430407,
      29.39664255301491,
      29.359625969145995,
      28.208937866152368,
      28.20774826551097,
      28.19728688196005,
      28.190358789866416,
      28.1724739432085,
      28.17244020826494,
      27.094934290254514,
      27.072579505007024,
      26.99466630321046,
      26.993774290762264,
      25.922633567689264,
      25.903750691960905,
      25.89251065203037,
      25.87356581177026,
      24.85994243768727,
      24.829276687361215,
      24.819543733069647,
      24.804249090611467,
      24.800102792783555,
      24.77620501147506,
      23.728543860753202,
      23.69603613673345,
      22.68859629781435,
      22.66311786994829,
      22.65793412627754,
      22.61595691667326,
      22.61195440541126,
      19.572286783319868
    ],
    [
      37.11067242669457,
      37.08833073284924,
      37.00598303511488,
      35.72220175609617,
      35.71547379877462,
      35.70875258289327,
      34.34990233018697,
      33.17070944290391,
      33.10803160697884,
      33.079519328347146,
      33.06158636993858,
      33.02409510945905,
      33.007985453235875,
      30.67354713918307,
      30.63989388202495,
      30.632492014953648,
      30.63052691750109,
      29.42644676839832,
      29.399628895430407,
      28.17350197122547,
      28.1724739432085,
      27.094934290254514,
      27.04589062874216,
      27.045808917678205,
      27.044668367410473,
      27.034638334309786,
      26.993774290762264,
      25.932810426706595,
      25.921994354624882,
      25.890103819165514,
      25.87364734404888,
      25.858177409503547,
      24.829276687361215,
      24.807813315014535,
      24.78974251002875,
      24.778985855558364,
      24.760855750867098,
      23.71012296633529,
      23.68727550726702,
      22.699275835695683,
      22.68859629781435,
      22.662388327133716,
      22.662230164531337,
      21.616330880883492,
      21.60725698559932,
      21.590809785742664,
      21.576283396977626,
      21.572464884340437,
      20.603948696259103,
      18.605905123393452
    ],
    [
      35.72220175609617,
      34.46078639556529,
      34.44004000944578,
      33.118875566490594,
      31.819028718788026,
      30.67354713918307,
      30.668185505643393,
      30.610236323020363,
      30.583875118664135,
      30.56729509054971,
      30.517738029988777,
      29.417558051568058,
      29.402165621236882,
      29.36066767347061,
      29.32354007315502,
      28.237726201674196,
      28.230904640981286,
      28.21188878595237,
      28.209023091272943,
      28.208937866152368,
      28.1724739432085,
      27.061288057356503,
      27.02799590573564,
      27.01183413821053,
      26.99466630321046,
      25.954224064363313,
      25.933511604302726,
      25.90607436190157,
      25.857322951223612,
      24.817552511380367,
      24.804249090611467,
      24.78974251002875,
      24.7827716735977,
      24.778985855558364,
      23.738014650237687,
      23.71749460635464,
      23.672675452778183,
      23.67260085613763,
      22.644637068571253,
      22.6311832731509,
      21.65577207905202,
      21.6212763237365,
      21.582827476662718,
      21.576283396977626,
      20.62711215609839,
      20.603285439649422,
      20.603141647689117,
      20.59923594714578,
      20.557433940235985,
      16.74653787897806
    ],
    [
      39.85870238490269,
      37.08833073284924,
      37.05749667770608,
      37.00598303511488,
      35.71547379877462,
      34.34990233018697,
      34.2897304504954,
      33.17070944290391,
      33.10803160697884,
      33.06158636993858,
      33.02409510945905,
      31.912758443606073,
      31.819463673458174,
      30.632492014953648,
      30.63052691750109,
      30.61449981386596,
      30.61185849170179,
      30.57020613197208,
      29.42655408429677,
      29.396553739857573,
      29.358554660435605,
      28.237623221320167,
      28.225082699931818,
      28.209023091272943,
      28.20774826551097,
      27.094934290254514,
      27.04224257019926,
      27.034638334309786,
      27.010816154538738,
      26.99466630321046,
      26.993774290762264,
      25.922633567689264,
      25.89251065203037,
      25.890103819165514,
      25.87356581177026,
      24.829276687361215,
      24.817552511380367,
      24.800102792783555,
      24.785368376490307,
      23.767332621907435,
      23.75615058548869,
      23.72870946529523,
      23.728543860753202,
      23.714087031814223,
      22.66311786994829,
      22.65793412627754,
      22.61595691667326,
      22.61195440541126,
      21.582827476662718,
      19.572286783319868
    ],
    [
      33.395632028581375,
      30.424863491572783,
      29.897111930264224,
      28.90023641389998,
      28.698329638529202,
      27.48185800735005,
      27.254965443255053,
      27.20722200323344,
      26.53573554154873,
      26.42622274430248,
      26.127848498836673,
      25.944270065557095,
      25.308643195032026,
      24.83929714378437,
      24.81397350351693,
      24.38138501364227,
      23.945880654417437,
      23.682504040053608,
      23.34295282187672,
      23.25656948298242,
      22.680161157779406,
      22.65170031729365,
      22.63815541681885,
      22.637329369065014,
      22.219963725676106,
      22.042510538839355,
      22.041439523734653,
      21.644848284478236,
      21.446648311767216,
      21.437123708731256,
      21.04105837256175,
      20.82304897885771,
      20.41408349448262,
      20.209722924113585,
      20.191914672097493,
      20.0294170115152,
      19.822747988292072,
      19.817472571151175,
      19.65650638464425,
      19.647224747368867,
      19.476274381081527,
      19.291074594106053,
      18.843697719924503,
      18.263324099963718,
      17.70597994027145,
      17.557033757184712,
      17.342373811040506,
      16.822264743232463,
      16.46620692616102,
      13.699834723518562
    ],
    [
      33.17264735265524,
      33.15267646334689,
      33.12511438562553,
      31.857320764956366,
      30.583457053813934,
      29.402165621236882,
      29.372753663965046,
      29.36066767347061,
      29.356830204963952,
      29.309235604001234,
      28.263799762000957,
      28.13887393942072,
      27.066869944413046,
      27.065133584303968,
      27.047204815020798,
      25.962090298604558,
      25.954224064363313,
      25.933606181745922,
      25.907166894435075,
      24.81822353436343,
