{
  "test_loss_values": [
    0.006687163733295165
  ],
  "log_exp_r_n_values": [
    4924.819964393934
  ],
  "log_exp_r_n_acc_values": [
    -Infinity
  ],
  "model_data_levels": [
    0
  ],
  "loss_landscape_data_param": 0,
  "train_loss_values": [
    2.1846251911483705e-05
  ],
  "num_params": 4353,
  "dataset_type": "data",
  "top_r_vals": [
    [
      3.1026635943447363,
      2.9929308149882243,
      2.870989433477191,
      2.79440163050244,
      2.632051804595717,
      2.4929532422972214,
      2.4467251598445294,
      2.396433096713455,
      2.330925817339722,
      2.3224430670097393,
      2.275463062863592,
      2.250044614024744,
      2.242367916316279,
      2.238417260440779,
      2.10515361770068,
      2.016134610447123,
      1.9293773139896788,
      1.9279418186104416,
      1.9062885330364507,
      1.8867462656513698,
      1.8666793284797063,
      1.7856348895396976,
      1.7682295815050224,
      1.7448038933325032,
      1.7130396016067273,
      1.6368273611948945,
      1.6107652281627771,
      1.5968549064990463,
      1.5485367447097549,
      1.5369585710786666,
      1.5218642158448177,
      1.5141969372871955,
      1.4937686286326797,
      1.4668450449229626,
      1.433686851637517,
      1.3625582278201418,
      1.332100779064283,
      1.330420419873673,
      1.3195576392878308,
      1.3146554721494224,
      1.3117473300991473,
      1.279270846673905,
      1.2677893180259943,
      1.2373261157721276,
      1.2150873308130035,
      1.2116726414227037,
      1.165253693329254,
      1.042908352631444,
      0.8981227169400694,
      0.8154051980854552
    ]
  ],
  "top_r_val_seeds": [
    [
      8,
      9,
      50,
      25,
      13,
      4,
      20,
      15,
      21,
      11,
      17,
      22,
      6,
      35,
      18,
      41,
      14,
      43,
      3,
      42,
      24,
      46,
      26,
      45,
      40,
      31,
      33,
      27,
      36,
      2,
      19,
      30,
      1,
      48,
      32,
      7,
      44,
      34,
      5,
      37,
      47,
      28,
      39,
      12,
      16,
      23,
      49,
      10,
      38,
      29
    ]
  ],
  "test_acc_values": [
    0.9985
  ],
  "loss_predicts_minimas": true,
  "loss_ordering_violations": 0,
  "test_loss_ranks": [
    1
  ],
  "log_exp_r_n_ranks": [
    1
  ],
  "data_level_ranks": [
    1
  ],
  "accuracy_predicts_minimas": true,
  "accuracy_ordering_violations": 0,
  "log_exp_r_n_acc_ranks": [
    1
  ]
}