{
  "test_loss_values": [
    0.5315116345882416
  ],
  "log_exp_r_n_values": [
    794834.2613122676
  ],
  "log_exp_r_n_acc_values": [
    -Infinity
  ],
  "model_data_levels": [
    0
  ],
  "loss_landscape_data_param": 0,
  "train_loss_values": [
    0.002171571832150221
  ],
  "num_params": 235146,
  "dataset_type": "data",
  "top_r_vals": [
    [
      29.37635403826546,
      25.726345424586757,
      25.514389527910925,
      25.323280263124893,
      25.000223523422438,
      24.59494094842441,
      22.429823881757994,
      22.25890415829916,
      22.085530107986646,
      21.874557903847442,
      21.82816604347168,
      21.63051007735826,
      21.26629046249219,
      21.21850282266497,
      21.212536213192173,
      21.04105837256175,
      21.018712304333864,
      21.001408025580634,
      20.829009383116222,
      20.777044196725228,
      20.628151695380666,
      20.602871113354617,
      20.240361160181862,
      20.179841863259657,
      20.158018673762445,
      20.040701366884697,
      20.02243721872998,
      19.995193470758057,
      19.614491317148104,
      19.60240159235416,
      19.444582611264913,
      19.083306682157243,
      19.066646853647356,
      19.062899381248858,
      19.0534863443733,
      18.7050139155907,
      18.676770326284583,
      18.66699790106986,
      18.491763100386155,
      18.29873031216257,
      18.05153066672417,
      17.93451108766424,
      17.886207153099047,
      17.148786205852062,
      16.806876517080493,
      16.798076897588395,
      15.897671400757556,
      15.397266770429361,
      14.865272052428995,
      13.05391947790743
    ]
  ],
  "top_r_val_seeds": [
    [
      50,
      8,
      44,
      14,
      17,
      37,
      7,
      49,
      22,
      9,
      27,
      43,
      40,
      36,
      6,
      47,
      30,
      3,
      15,
      20,
      25,
      45,
      10,
      29,
      16,
      26,
      33,
      13,
      42,
      11,
      46,
      39,
      19,
      2,
      5,
      28,
      1,
      48,
      34,
      35,
      12,
      21,
      23,
      18,
      32,
      24,
      41,
      4,
      38,
      31
    ]
  ],
  "test_acc_values": [
    0.889900004863739
  ],
  "loss_predicts_minimas": true,
  "loss_ordering_violations": 0,
  "test_loss_ranks": [
    1
  ],
  "log_exp_r_n_ranks": [
    1
  ],
  "data_level_ranks": [
    1
  ],
  "accuracy_predicts_minimas": true,
  "accuracy_ordering_violations": 0,
  "log_exp_r_n_acc_ranks": [
    1
  ]
}