{
  "test_loss_values": [
    0.5129846721887589,
    0.5294458201527595,
    0.3395117536187172,
    0.4816159911453724,
    0.16668950021266937,
    0.22003218531608582,
    0.5579052731394768,
    0.4290456175804138
  ],
  "log_exp_r_n_values": [
    882426.3257240895,
    874480.8498701276,
    874754.6864034171,
    882426.3257240895,
    858041.3105069718,
    858251.5194267352,
    882224.9083163475,
    874104.1383231002
  ],
  "log_exp_r_n_acc_values": [
    -Infinity,
    -Infinity,
    -Infinity,
    -Infinity,
    -Infinity,
    -Infinity,
    -Infinity,
    -Infinity
  ],
  "model_data_levels": [
    200,
    100,
    2000,
    500,
    10000,
    5000,
    0,
    1000
  ],
  "loss_landscape_data_param": 0,
  "train_loss_values": [
    0.0027688865084201097,
    0.002619958482682705,
    0.00853691902011633,
    0.003428744850680232,
    0.05586731433868408,
    0.0247794296592474,
    0.002205420983955264,
    0.004836144857108593
  ],
  "num_params": 235146,
  "dataset_type": "data",
  "top_r_vals": [
    [
      42.635653049908925,
      41.21908125532163,
      41.15366235967447,
      39.85637388313417,
      39.72525669967842,
      38.436318981054775,
      38.42293296531338,
      38.3836618413203,
      37.118985289826085,
      37.00598303511488,
      36.99126185433094,
      35.72220175609617,
      35.70204484989233,
      35.6972292144414,
      35.687191209980696,
      35.65563228124862,
      35.633248452631406,
      34.4647975655861,
      34.45435510245583,
      34.42685921384042,
      34.39548420127613,
      34.393661532545686,
      34.369235173930015,
      33.195695976052534,
      33.11264299867744,
      33.04372009229566,
      33.007985453235875,
      31.909044291514892,
      31.88983412764987,
      31.877745594858762,
      31.804081912450226,
      31.766150658174173,
      30.65342800908791,
      30.635389570413103,
      30.62252974149563,
      30.607365739486724,
      30.591340562417727,
      30.58790742157414,
      30.57020613197208,
      29.42895944064135,
      29.428012100296407,
      29.425651150530502,
      29.36252164813004,
      28.208937866152368,
      28.18126811033812,
      27.053544231732772,
      27.021988440220987,
      25.922633567689264,
      24.807201591736952,
      24.760933776795362
    ],
    [
      41.21908125532163,
      41.15366235967447,
      39.85637388313417,
      39.79409272023962,
      39.72525669967842,
      38.436318981054775,
      38.42293296531338,
      38.3836618413203,
      38.36388852830421,
      38.34862716534936,
      37.05749667770608,
      37.03658630690134,
      36.98843883771506,
      35.781474745498464,
      35.76678514729841,
      35.73824188948334,
      35.70377964717097,
      35.6972292144414,
      35.687191209980696,
      35.67842284342469,
      35.633248452631406,
      34.4647975655861,
      34.3984519908598,
      34.39548420127613,
      33.17264735265524,
      33.04372009229566,
      33.007985453235875,
      31.931214953296088,
      31.891826500655068,
      31.88983412764987,
      31.805242459703756,
      31.804081912450226,
      31.766150658174173,
      30.63989388202495,
      30.63895371775353,
      30.635389570413103,
      30.62252974149563,
      30.607365739486724,
      30.591340562417727,
      30.58790742157414,
      30.57863293222452,
      29.428012100296407,
      29.396553739857573,
      29.36252164813004,
      28.24003438202318,
      28.2257787050832,
      27.053544231732772,
      27.021988440220987,
      24.807201591736952,
      23.672675452778183
    ],
    [
      41.26711041639376,
      38.41005687001275,
      37.06293757017634,
      37.05749667770608,
      36.986427059565166,
      35.687191209980696,
      35.672544307568586,
      34.428450260772586,
      34.391990392094485,
      34.38128383682037,
      34.36404208333103,
      34.34990233018697,
      33.195695976052534,
      33.18007809047594,
      33.04262819475834,
      31.87004469235778,
      31.848577574766548,
      31.84688987047039,
      30.67354713918307,
      30.61449981386596,
      30.58849695080991,
      30.550776712551443,
      29.449948950158944,
      29.43955225992804,
      29.42644676839832,
      29.422228143424757,
      29.392677415594584,
      29.379923476145997,
      29.35842699152193,
      29.32354007315502,
      29.309235604001234,
      28.26545099871215,
      28.237726201674196,
      28.1724739432085,
      27.044668367410473,
      27.01183413821053,
      25.94344060519305,
      25.93572602099004,
      25.932810426706595,
      25.918909173201907,
      25.907166894435075,
      25.889604841620358,
      25.884349270940522,
      25.88175491383484,
      25.877174430421974,
      24.807201591736952,
      24.800102792783555,
      23.72870946529523,
      23.71749460635464,
      23.672675452778183
    ],
    [
      42.635653049908925,
      41.15366235967447,
      39.80998662263377,
      39.80743278198443,
      39.77913021855287,
      39.76674659516889,
      39.746260787136606,
      38.470171898279084,
      38.436318981054775,
      38.37964047822341,
      38.343614961585565,
      36.99126185433094,
      35.781474745498464,
      35.76678514729841,
      35.67842284342469,
      35.633248452631406,
      34.411407658735975,
      34.393661532545686,
      34.347280890955886,
      33.195695976052534,
      33.11264299867744,
      33.10978614462467,
      33.10195740598407,
      33.04372009229566,
      31.909044291514892,
      31.88983412764987,
      31.87762933969347,
      31.804081912450226,
      31.766150658174173,
      31.75065464640033,
      30.67354713918307,
      30.63989388202495,
      30.635389570413103,
      29.43955225992804,
      29.425651150530502,
      29.409877563732415,
      29.395314056203063,
      29.379923476145997,
      29.359625969145995,
      28.23912531407035,
      28.189815479722732,
      28.18126811033812,
      27.07562324213941,
      27.061955364378818,
      27.053544231732772,
      27.045808917678205,
      27.021988440220987,
      27.014498259358287,
      23.716909768692712,
      23.672675452778183
    ],
    [
      38.43579683016574,
      34.61963998311065,
      33.83214991103152,
      32.85419030914282,
      32.04486334876533,
      31.861745629513397,
      31.60867103384221,
      30.675619057062942,
      30.61063280393136,
      30.58265055133787,
      30.30561418691981,
      29.662749431786754,
      29.43141384231571,
      29.152626974888474,
      28.976585959493182,
      28.888739743090184,
      28.687539122242224,
      28.2225610446699,
      28.024424339880422,
      27.73250544033201,
      27.131529269294475,
      27.115847018130648,
      27.05987936633377,
      27.024492114522086,
      26.411856348692595,
      26.360006841634185,
      26.349056905715216,
      26.296584865914294,
      26.0995724828933,
      25.920664113006236,
      25.44762937416828,
      25.192374833659674,
      25.045398558236467,
      25.034052013915023,
      24.619876888508283,
      24.375703437421407,
      24.18066838409663,
      23.7756921246705,
      23.71207075123959,
      23.697380739054648,
      23.113032473031755,
      23.111887333800773,
      23.10210860044385,
      22.89008431565637,
      22.847419467161828,
      22.68906506802411,
      22.229224454303296,
      22.047676938126806,
      20.84004314092254,
      19.79793556036779
    ],
    [
      38.470171898279084,
      35.71547379877462,
      34.428450260772586,
      34.36404208333103,
      34.36357234566534,
      33.13210336337388,
      33.12997791396919,
      33.106422933507844,
      33.09611658766904,
      33.0926491878559,
      31.931214953296088,
      31.91619197978103,
      31.863321936764784,
      31.848577574766548,
      31.824272227622632,
      31.80637093656686,
      31.783977786452084,
      30.56729509054971,
      29.43955225992804,
      29.402165621236882,
      29.392677415594584,
