{
  "Model_0": {
    "additional_data": 0,
    "base_train_size": 50,
    "indices": [
      1,
      2,
      3,
      4,
      5,
      6,
      7,
      8,
      9,
      10,
      11,
      12,
      13,
      14,
      15,
      16,
      17,
      18,
      19,
      20,
      21,
      22,
      23,
      24,
      25,
      26,
      27,
      28,
      29,
      30,
      31,
      32,
      33,
      34,
      35,
      36,
      37,
      38,
      39,
      40,
      41,
      42,
      43,
      44,
      45,
      46,
      47,
      48,
      49,
      50
    ],
    "loss_curve": [
      4.9591064453125e-05,
      4.16037582908757e-05,
      5.6265376770170406e-05,
      4.4106382119935006e-05,
      3.5285105695948005e-05,
      2.9404254746623337e-05,
      2.533988663344644e-05,
      2.2172400349518284e-05,
      1.9748536942643113e-05,
      1.7773683794075623e-05,
      1.6764777683420107e-05,
      1.5417383110616356e-05,
      1.5625262676621787e-05,
      1.457729194953572e-05,
      1.3629313798446674e-05,
      1.2777481970260851e-05,
      1.208196408697404e-05,
      1.1463725968496874e-05,
      1.0860371730814222e-05,
      1.0329274118703324e-05,
      9.837403922574595e-06,
      9.401086572324857e-06,
      1.571419124957174e-05,
      1.5059432371344883e-05,
      1.4457054930971935e-05,
      1.3969789506518282e-05,
      1.3452389794110786e-05,
      1.3006007065996528e-05,
      1.3951011169410776e-05,
      1.3489951015799306e-05,
      1.431610326108057e-05,
      1.386872463626787e-05,
      1.3448459867504425e-05,
      1.3052916983724572e-05,
      1.2679976862273179e-05,
      1.2354245882306714e-05,
      1.3315509022504557e-05,
      1.3266260793898255e-05,
      1.2926100680488162e-05,
      1.2650632015720475e-05,
      1.2342079571681097e-05,
      1.2048220924043562e-05,
      1.3764091818302404e-05,
      1.3451272025122307e-05,
      1.3152354767953511e-05,
      1.3260342711873818e-05,
      1.3363735888560768e-05,
      1.3149896403774619e-05,
      1.290099407924572e-05,
      1.2652511031774338e-05
    ]
  }
}