{
  "test_loss_values": [
    0.021470299270004035,
    0.014172629453241825
  ],
  "log_exp_r_n_values": [
    6946.907305925157,
    6281.624553239718
  ],
  "log_exp_r_n_acc_values": [
    -Infinity,
    -Infinity
  ],
  "model_data_levels": [
    380,
    780
  ],
  "loss_landscape_data_param": 380,
  "train_loss_values": [
    0.003445257432758808,
    0.009237022139132023
  ],
  "num_params": 4353,
  "dataset_type": "data",
  "top_r_vals": [
    [
      4.93976239921633,
      4.621787306411257,
      4.582771337855752,
      4.540511756463388,
      4.509489578077374,
      4.255290226527179,
      4.246299357550958,
      4.239664213011039,
      4.227587841272525,
      4.207997671889598,
      4.181671648557765,
      4.176212906679345,
      4.146691427317436,
      4.146327024673324,
      4.136459448668145,
      4.127063795980441,
      3.9999834100952714,
      3.9694023867940778,
      3.9305407591540407,
      3.915691000918274,
      3.9156757561409554,
      3.910903244088614,
      3.9003852444903586,
      3.8988656988923327,
      3.895010115358127,
      3.8935089531680447,
      3.8837204610020666,
      3.8459416609274566,
      3.837236444702709,
      3.8200936926078977,
      3.6232422446367787,
      3.6165996668667426,
      3.6128503227097672,
      3.5973320322588465,
      3.588695981115508,
      3.5854811398378024,
      3.584739095008492,
      3.57518804741081,
      3.574790258673233,
      3.5730636249499823,
      3.5706583619932664,
      3.56189465607907,
      3.559455214586931,
      3.549209066172448,
      3.5457422096696933,
      3.5439216879214244,
      3.54286544763997,
      3.5408830925854193,
      3.5274558696390703,
      3.52530097474907
    ],
    [
      4.239664213011039,
      4.187087090255509,
      3.8838661831382004,
      3.863590180928605,
      3.838512970615244,
      3.5961316656231976,
      3.5854811398378024,
      3.582482488091389,
      3.56681965949669,
      3.5627219413521467,
      3.53938953176638,
      3.534746604213398,
      3.5230093657173764,
      3.508384658662462,
      3.303815676842207,
      3.295725504557292,
      3.2914568112220297,
      3.2895164960696377,
      3.2819119677131563,
      3.27272504641686,
      3.270858199508102,
      3.2588979462046685,
      3.2472914707513505,
      3.244046811704283,
      3.233962824315201,
      3.2170575930748457,
      3.015100890720953,
      2.992141807703276,
      2.9898380037838437,
      2.9896481656721696,
      2.982117119571066,
      2.9804497710929434,
      2.9794707145025363,
      2.9786787497220075,
      2.977410644867532,
      2.9762578846885046,
      2.9739025876103904,
      2.969828792183196,
      2.9634213268045335,
      2.962862111101247,
      2.9620948630368855,
      2.9559022957737895,
      2.955802742333671,
      2.9519136357022826,
      2.9518515006241395,
      2.950027956231348,
      2.9418415738640853,
      2.9355374380905115,
      2.930267284943272,
      2.9173332333455297
    ]
  ],
  "top_r_val_seeds": [
    [
      364,
      72,
      351,
      489,
      497,
      96,
      259,
      143,
      89,
      195,
      248,
      495,
      149,
      293,
      302,
      443,
      306,
      333,
      328,
      421,
      396,
      379,
      470,
      472,
      232,
      15,
      455,
      217,
      94,
      205,
      266,
      334,
      357,
      124,
      254,
      410,
      315,
      20,
      131,
      408,
      154,
      244,
      228,
      8,
      500,
      479,
      310,
      465,
      282,
      196
    ],
    [
      143,
      60,
      146,
      204,
      196,
      14,
      410,
      210,
      455,
      463,
      56,
      495,
      35,
      205,
      119,
      352,
      211,
      10,
      41,
      31,
      81,
      244,
      8,
      284,
      401,
      155,
      72,
      7,
      203,
      351,
      232,
      20,
      147,
      408,
      382,
      442,
      304,
      335,
      88,
      34,
      394,
      500,
      111,
      448,
      465,
      240,
      497,
      136,
      177,
      375
    ]
  ],
  "loss_predicts_minimas": true,
  "loss_ordering_violations": 1,
  "test_loss_ranks": [
    1,
    2
  ],
  "log_exp_r_n_ranks": [
    1,
    2
  ],
  "data_level_ranks": [
    2,
    1
  ],
  "accuracy_predicts_minimas": true,
  "accuracy_ordering_violations": 1,
  "log_exp_r_n_acc_ranks": [
    1,
    2
  ]
}