{
  "test_loss_values": [
    0.5130886954069137,
    0.5132848525047302,
    0.344492669403553,
    0.488531943410635,
    0.17341797053813934,
    0.22876487970352172,
    0.5446264699101449,
    0.42654730677604674
  ],
  "log_exp_r_n_values": [
    857883.7834939957,
    849409.8245041302,
    823031.3970538776,
    840780.3713815867,
    795466.5110997842,
    831989.6107630354,
    849130.2266957688,
    849409.8245041302
  ],
  "log_exp_r_n_acc_values": [
    -Infinity,
    -Infinity,
    -Infinity,
    -Infinity,
    -Infinity,
    -Infinity,
    -Infinity,
    -Infinity
  ],
  "model_data_levels": [
    200,
    100,
    2000,
    500,
    10000,
    5000,
    0,
    1000
  ],
  "loss_landscape_data_param": 100,
  "train_loss_values": [
    0.0027973297983407974,
    0.002447044476866722,
    0.010969576425850391,
    0.004081136081367731,
    0.07650786638259888,
    0.04093301296234131,
    0.07502929866313934,
    0.006061050109565258
  ],
  "num_params": 235146,
  "dataset_type": "data",
  "top_r_vals": [
    [
      38.41005687001275,
      37.00648889358362,
      35.655744638585325,
      34.45435510245583,
      34.38735146205963,
      33.17070944290391,
      33.02409510945905,
      31.909044291514892,
      31.819028718788026,
      31.814009702686395,
      31.803943608891515,
      30.67684734696369,
      30.608749013968033,
      30.599220217889258,
      30.58790742157414,
      29.396553739857573,
      29.36066767347061,
      29.34096595473442,
      28.25019925317542,
      28.22909360716901,
      28.224949535680913,
      28.214323028458875,
      28.170819155450616,
      27.083676888880646,
      27.07341023415725,
      27.069430224417026,
      27.058067279585543,
      27.048638163267704,
      25.962090298604558,
      25.932810426706595,
      24.85994243768727,
      24.794291421646502,
      24.76430917845203,
      23.72870946529523,
      23.716909768692712,
      23.702344028658526,
      23.69355356053588,
      23.68246700781704,
      23.673567628599187,
      23.657739713406862,
      22.662230164531337,
      22.661182871623694,
      22.655791094259722,
      22.625355479964156,
      22.62325234481901,
      20.603948696259103,
      20.59354774446392,
      20.58714705909588,
      20.52012705136446,
      19.56421801611702
    ],
    [
      37.05051722952443,
      37.00648889358362,
      36.98855539496592,
      35.77346142024508,
      34.347280890955886,
      33.18007809047594,
      33.17070944290391,
      33.16645646032061,
      33.106422933507844,
      33.02409510945905,
      31.814009702686395,
      30.65342800908791,
      30.63052691750109,
      30.608656538793795,
      30.604620382751534,
      30.599220217889258,
      30.583457053813934,
      30.571290788703244,
      29.376626287679816,
      29.356830204963952,
      28.26874104347112,
      28.233575028092723,
      28.224949535680913,
      28.221723409762376,
      28.214323028458875,
      28.21188878595237,
      28.155595818287413,
      27.07341023415725,
      25.97710528303519,
      25.908504023804444,
      25.896466598189008,
      24.82772553190734,
      24.819543733069647,
      24.817552511380367,
      24.81231853211246,
      24.76430917845203,
      23.716909768692712,
      23.689934131536297,
      23.68246700781704,
      23.657739713406862,
      22.662230164531337,
      22.661182871623694,
      22.637207700924385,
      22.62325234481901,
      22.609724455206553,
      21.61036182107933,
      20.603948696259103,
      20.58714705909588,
      20.554656553182944,
      20.52012705136446
    ],
    [
      33.118875566490594,
      31.909044291514892,
      31.766150658174173,
      30.668185505643393,
      30.66425338417215,
      30.568957717119865,
      29.46204419202394,
      29.372753663965046,
      29.36771906810844,
      28.205218144743817,
      28.189815479722732,
      28.17244020826494,
      27.07341023415725,
      27.065133584303968,
      27.06116038381907,
      27.058067279585543,
      27.04589062874216,
      27.02354265275,
      25.962090298604558,
      25.94344060519305,
      25.899179992421477,
      25.872158564641282,
      24.829276687361215,
      24.817552511380367,
      24.814665552034622,
      24.795605378278456,
      24.79301179642298,
      24.7827716735977,
      24.762745538849636,
      23.767332621907435,
      23.72870946529523,
      23.70786865585781,
      23.675902503448462,
      23.658521486199845,
      23.657739713406862,
      22.625355479964156,
      21.614286365751298,
      21.609828942135298,
      21.598582749523175,
      21.57844617861015,
      21.570337446719503,
      20.603141647689117,
      20.602189511735766,
      20.58714705909588,
      20.52012705136446,
      18.642835197507495,
      18.62152131590373,
      18.610041544872757,
      18.598234751571244,
      17.69011477870666
    ],
    [
      35.71547379877462,
      35.613262329579356,
      34.45435510245583,
      34.38735146205963,
      34.36404208333103,
      33.063488855533166,
      33.06338466683686,
      31.907180200071394,
      31.814009702686395,
      30.669977212144257,
      30.58790742157414,
      29.46204419202394,
      29.413239511792487,
      29.402165621236882,
      29.39664255301491,
      29.387491097260856,
      29.372352154482915,
      29.36066767347061,
      29.34096595473442,
      28.22909360716901,
      28.208937866152368,
      28.170819155450616,
      27.085368988830083,
      27.083676888880646,
      27.07341023415725,
      27.058067279585543,
      27.048638163267704,
      25.97710528303519,
      25.962090298604558,
      25.932810426706595,
      25.92979373239766,
      24.7827716735977,
      24.778985855558364,
      24.771175460139204,
      24.76430917845203,
      24.745311425438477,
      23.72870946529523,
      23.72180181638011,
      23.716909768692712,
      23.704567008546977,
      23.673567628599187,
      22.662230164531337,
      21.619430278823256,
      21.60364509949145,
      21.583243448491476,
      20.59354774446392,
      20.58039272323088,
      20.52012705136446,
      19.6111349875161,
      18.598234751571244
    ],
    [
      29.455446114543356,
      29.407699791103518,
      25.964883594470074,
      25.903750691960905,
      25.886191900437332,
      25.84281998950271,
      24.77620501147506,
      24.772600213589293,
      24.768692675101867,
      24.760933776795362,
      24.760855750867098,
      24.759509023345274,
      23.703415236416856,
      22.6861554641398,
      22.679281802933726,
      22.671275355521423,
      22.65101201886893,
      22.648422996810172,
      22.6311832731509,
      21.639471692781985,
      21.61950912315681,
      21.599727351744786,
      21.597468053772907,
      21.571102780509015,
      20.603285439649422,
      20.603141647689117,
      20.60163247981748,
      20.58518967484348,
      20.57276009052728,
      20.569617394169686,
      20.557433940235985,
      20.542342261519597,
      19.616968321507034,
      19.606649325064396,
      19.603537227200704,
      19.595142947384538,
      19.59055124673304,
      18.67257898652955,
      18.58647835955157,
      17.69753816475101,
      17.689678567144767,
      17.66398882194618,
      17.657351061827075,
      16.774352627388623,
      16.71151334522186,
      15.877000521609302,
      15.014775224817013,
      14.9976092123485,
      14.98836350589686,
      14.978854418589593
    ],
    [
      34.404926577763334,
      30.669977212144257,
      27.10606231577712,
      27.094934290254514,
      27.023912054851635,
      27.010816154538738,
      27.00926194200973,
      25.957552211976576,
      25.933606181745922,
      25.903750691960905,
      25.889604841620358,
      25.88583805034812,
      25.88175491383484,
      25.87356581177026,
      25.84281998950271,
      24.793086701314113,
      24.785368376490307,
      23.753594904583377,
      23.738014650237687,
