{
  "test_loss_values": [
    0.5373830795288086,
    0.5377539253234863,
    0.3503900572657585,
    0.5108822338283062,
    0.16711190342903137,
    0.22618953585624696,
    0.5721011132001876,
    0.440893167257309
  ],
  "log_exp_r_n_values": [
    722306.3941289254,
    699360.7702413549,
    849033.4513914802,
    765089.6936448531,
    822809.1907635044,
    822809.1907635044,
    -Infinity,
    813522.8535073195
  ],
  "log_exp_r_n_acc_values": [
    -Infinity,
    -Infinity,
    -Infinity,
    -Infinity,
    -Infinity,
    -Infinity,
    -Infinity,
    -Infinity
  ],
  "model_data_levels": [
    200,
    100,
    2000,
    500,
    10000,
    5000,
    0,
    1000
  ],
  "loss_landscape_data_param": 2000,
  "train_loss_values": [
    0.3338351249694824,
    0.36156338453292847,
    0.010347805917263031,
    0.2879205644130707,
    0.06347357481718063,
    0.030774833634495735,
    0.41269102692604065,
    0.1642349809408188
  ],
  "num_params": 235146,
  "dataset_type": "data",
  "top_r_vals": [
    [
      21.579687297171116,
      20.569617394169686,
      19.563068857951823,
      18.642835197507495,
      18.62236290009816,
      17.71894702760623,
      17.71394394805963,
      17.681409464806958,
      17.66757532670123,
      17.657351061827075,
      17.646128629169716,
      16.773276540023602,
      16.740838835893904,
      15.881385953302157,
      15.879883860551974,
      15.847016593054784,
      15.836999312280623,
      15.828116590924155,
      15.019241371153823,
      15.01429188790633,
      15.003928464848732,
      14.993617906765742,
      14.985032068479274,
      14.168490032557177,
      14.167886931048338,
      14.156144713931623,
      14.147597064038981,
      14.144120990054502,
      14.135086048396227,
      13.359842073610041,
      13.35734877414539,
      13.333818942307673,
      13.33137263872657,
      12.563884908209388,
      12.544422015858185,
      12.527155248604833,
      12.525008049039165,
      11.777932255073214,
      11.771300432630925,
      11.048863305638788,
      11.030023338391276,
      11.018651666215225,
      10.986385690795965,
      10.302899258235666,
      10.302645204271988,
      10.299697011718996,
      9.612915023649972,
      9.598874690565738,
      9.58645534864571,
      8.266999014633864
    ],
    [
      19.573412514440925,
      16.751818091979953,
      15.902877664665981,
      15.867575488841032,
      15.027410897765268,
      15.014775224817013,
      14.969880589150213,
      14.13566331542389,
      13.343513521713811,
      13.342657525263476,
      13.334525558985302,
      12.52880687987677,
      12.520364069089164,
      11.782441598105164,
      11.778558779002436,
      11.766574842569032,
      11.764416075129693,
      11.751604179177532,
      11.750758445930286,
      11.743330508566112,
      11.04247697010591,
      11.039131218301979,
      11.030361797528986,
      11.028740245348722,
      10.991747632586222,
      10.298717737384512,
      10.292499248146008,
      10.289970374252455,
      10.288415589918618,
      10.287683240482504,
      9.618104853728441,
      9.608635679477002,
      9.595915460330074,
      9.586425140088792,
      8.934973385583206,
      8.930812793405234,
      8.930550439024042,
      8.929529672620129,
      8.925107849634331,
      8.279718891622649,
      8.268462344873512,
      8.251996363308969,
      7.672821740026933,
      7.663357002271978,
      7.656543701153378,
      7.054251461058432,
      7.052234466538092,
      7.044070166315244,
      6.46841183601222,
      5.931701439757085
    ],
    [
      36.99126185433094,
      34.36357234566534,
      33.087593952311025,
      31.880351314080855,
      31.802213812207924,
      30.67684734696369,
      30.668185505643393,
      30.550776712551443,
      29.419445331161494,
      29.407699791103518,
      29.359625969145995,
      29.32354007315502,
      28.248434382970125,
      28.238928230979013,
      28.21188878595237,
      28.209023091272943,
      28.200241352806746,
      28.189815479722732,
      28.1724739432085,
      28.15466544405444,
      27.09999186465067,
      27.085368988830083,
      27.065133584303968,
      25.954224064363313,
      25.921872056206954,
      25.903750691960905,
      25.896466598189008,
      25.890103819165514,
      25.87356581177026,
      24.819543733069647,
      24.814665552034622,
      24.794291421646502,
      23.753594904583377,
      23.684152891893515,
      23.63293633042332,
      22.661182871623694,
      22.644637068571253,
      22.64248406233527,
      22.618223913974017,
      22.61595691667326,
      21.65577207905202,
      21.618845743246894,
      21.609828942135298,
      21.60725698559932,
      20.602264646273582,
      20.59354774446392,
      20.58039272323088,
      19.58954018482804,
      18.600747782926195,
      17.65668561663827
    ],
    [
      25.88583805034812,
      24.778985855558364,
      23.671313318121705,
      22.68859629781435,
      22.66311786994829,
      22.63823077073076,
      22.622816328996237,
      22.610526667324923,
      22.58193485850213,
      21.599727351744786,
      21.556628048376304,
      20.621287933994626,
      20.59728763085484,
      20.59596629932774,
      20.55540660313803,
      20.554656553182944,
      19.616968321507034,
      19.55185100281559,
      18.64223507061676,
      18.62936750615096,
      18.616565580563833,
      18.614615168168942,
      18.598153875095733,
      17.714978837734527,
      17.698356061429557,
      17.695001015870613,
      16.791745153172673,
      16.77081419893541,
      16.764500098073004,
      16.75026093026351,
      16.74653787897806,
      16.744859393686152,
      15.901166836952507,
      15.874719417991338,
      15.86834650985376,
      15.865435206418399,
      15.854680861515492,
      15.038730610452793,
      15.01354800219223,
      14.953691634694508,
      14.17414511140225,
      14.167835262085985,
      14.167452199089233,
      14.16189244057126,
      14.157490779485325,
      13.340761744889647,
      13.33313078829858,
      13.33256851612042,
      11.006359634867572,
      11.004859456353495
    ],
    [
      33.087593952311025,
      30.571290788703244,
      30.550776712551443,
      29.387491097260856,
      28.263799762000957,
      28.209023091272943,
      27.07562324213941,
      27.01183413821053,
      25.964883594470074,
      25.94344060519305,
      25.927341241456773,
      25.88583805034812,
      25.873678326314757,
      25.872158564641282,
      25.84281998950271,
      24.80241236026015,
      24.745311425438477,
      23.728543860753202,
      23.705823215973872,
      23.68727550726702,
      23.67260085613763,
      22.683515146101897,
      22.679281802933726,
      22.671275355521423,
      22.65433770818381,
      22.65101201886893,
      21.620580318585112,
      21.594620142069488,
      21.588547769000662,
      21.533315953960088,
      20.624893096386703,
      20.602189511735766,
      20.59923594714578,
      20.58518967484348,
      20.5823229035989,
      20.567705349724587,
      20.561072783627772,
      19.642423654468956,
      19.609532084495974,
      19.608930379362267,
      19.573680075945052,
      19.572286783319868,
      18.62763276435743,
      18.62152131590373,
      17.69011477870666,
      17.689678567144767,
      17.68757317868788,
      17.659092569720855,
      16.76130032064349,
      14.978836482258922
    ],
    [
      33.087593952311025,
      33.06590811706145,
      31.819028718788026,
      31.802213812207924,
      29.453725359619927,
      29.387491097260856,
      29.34096595473442,
      28.27178251496174,
      28.248434382970125,
      28.24003438202318,
      28.17350197122547,
      27.066869944413046,
      27.010848498501556,
      26.97863391153662,
      25.9169899033632,
      25.9098770273764,
      25.90724516542255,
      25.857322951223612,
      24.829276687361215,
      24.8193705155089,
