{
  "test_loss_values": [
    0.5053501403331757,
    0.5096367439627647,
    0.35040210038423536,
    0.4788105472922325,
    0.17469313740730286,
    0.22900671362876893,
    0.5299291774630547,
    0.4397405803203583
  ],
  "log_exp_r_n_values": [
    905795.6621842671,
    905795.6621842671,
    898015.0359942825,
    913187.0614086143,
    882337.1842337963,
    890241.4375210438,
    913187.0614086143,
    906088.9551212877
  ],
  "log_exp_r_n_acc_values": [
    -Infinity,
    -Infinity,
    -Infinity,
    -Infinity,
    -Infinity,
    -Infinity,
    -Infinity,
    -Infinity
  ],
  "model_data_levels": [
    200,
    100,
    2000,
    500,
    10000,
    5000,
    0,
    1000
  ],
  "loss_landscape_data_param": 500,
  "train_loss_values": [
    0.06373213231563568,
    0.11220405995845795,
    0.011322068981826305,
    0.003631926840171218,
    0.06837479770183563,
    0.03346432000398636,
    0.1698252409696579,
    0.005191434640437365
  ],
  "num_params": 235146,
  "dataset_type": "data",
  "top_r_vals": [
    [
      47.090584207967645,
      47.06387029404936,
      46.94697544406826,
      45.64067473700184,
      44.07065335116223,
      42.702381498057875,
      42.62762954082698,
      42.59060229379985,
      41.274325030484746,
      41.19131678643394,
      41.15366235967447,
      39.819460870689774,
      39.80998662263377,
      39.77913021855287,
      39.72525669967842,
      38.45166009459989,
      38.42293296531338,
      38.34570056035517,
      38.32289430822454,
      37.00598303511488,
      36.965218302198224,
      35.75192476594657,
      35.72237029210122,
      35.65835357594348,
      35.657088432332245,
      34.48473002837705,
      34.428450260772586,
      34.42592839726787,
      34.393661532545686,
      33.18007809047594,
      33.0926491878559,
      33.07384937949405,
      31.909044291514892,
      31.880351314080855,
      31.864257991285335,
      31.808379344767275,
      30.641412016135355,
      30.63989388202495,
      30.62252974149563,
      30.62026217316067,
      30.58849695080991,
      29.422228143424757,
      29.387491097260856,
      29.37066285421938,
      29.35851950522749,
      28.20774826551097,
      27.030508520952306,
      27.010848498501556,
      24.800102792783555,
      23.63293633042332
    ],
    [
      47.090584207967645,
      47.06387029404936,
      46.94697544406826,
      45.64067473700184,
      42.702381498057875,
      42.61387342094325,
      41.274325030484746,
      41.19487094953805,
      41.19131678643394,
      41.159088226470175,
      39.819460870689774,
      39.80998662263377,
      39.746804104215926,
      39.72525669967842,
      38.45166009459989,
      38.395614763121515,
      38.34570056035517,
      38.32289430822454,
      38.32162796551855,
      37.06293757017634,
      36.99126185433094,
      35.79831711026967,
      35.75192476594657,
      35.672544307568586,
      34.428450260772586,
      34.42592839726787,
      34.41157001046375,
      33.18007809047594,
      33.10803160697884,
      33.0926491878559,
      33.07384937949405,
      33.06473495234101,
      31.909044291514892,
      31.880351314080855,
      31.864257991285335,
      31.824272227622632,
      31.808379344767275,
      30.63989388202495,
      30.62252974149563,
      29.428012100296407,
      29.407699791103518,
      29.387491097260856,
      29.37066285421938,
      28.233575028092723,
      28.1724739432085,
      28.17244020826494,
      27.044668367410473,
      27.030508520952306,
      23.71012296633529,
      22.570919046979704
    ],
    [
      45.557924392340695,
      45.44476993428147,
      44.156524873207914,
      44.10148364950144,
      42.61387342094325,
      39.85637388313417,
      39.786603958100216,
      39.72525669967842,
      38.47689753139125,
      38.39951529199074,
      38.36947106962261,
      38.34570056035517,
      38.32162796551855,
      37.07413639083921,
      37.06531533809393,
      37.03658630690134,
      36.96643982218726,
      35.79831711026967,
      35.75415842980015,
      35.72744659657329,
      35.67303193840986,
      35.657088432332245,
      34.44004000944578,
      34.42979886245794,
      34.35815196264747,
      34.34990233018697,
      33.18007809047594,
      33.12527066866999,
      33.12132816840169,
      33.0926491878559,
      33.08451830199601,
      33.07906714940517,
      31.879102573253654,
      31.87676744795078,
      30.641412016135355,
      30.626930018536456,
      29.42655408429677,
      29.422228143424757,
      29.39807096462877,
      29.387491097260856,
      29.379923476145997,
      29.37066285421938,
      29.358554660435605,
      28.219633618784876,
      28.20774826551097,
      28.176280665260975,
      27.09999186465067,
      27.010816154538738,
      25.91457654791605,
      22.570919046979704
    ],
    [
      48.59430312098904,
      46.94697544406826,
      45.64652730659964,
      45.64067473700184,
      45.58378351660968,
      44.07065335116223,
      42.62395176384558,
      42.59060229379985,
      41.274325030484746,
      41.21908125532163,
      41.19487094953805,
      41.18713267319539,
      41.15366235967447,
      41.131352273843696,
      39.819460870689774,
      39.72741744916899,
      39.702477442592404,
      38.45166009459989,
      38.42293296531338,
      38.32289430822454,
      37.08833073284924,
      37.00598303511488,
      36.99126185433094,
      35.73727561638773,
      35.72237029210122,
      35.70377964717097,
      34.48473002837705,
      34.468505679048405,
      34.40747441754449,
      34.35815196264747,
      34.34868360988383,
      33.17264735265524,
      33.14151993774621,
      33.12608750804905,
      33.0926491878559,
      31.877745594858762,
      31.857320764956366,
      30.642398417993896,
      30.641412016135355,
      30.635389570413103,
      30.599220217889258,
      30.58849695080991,
      30.58169809893728,
      30.573221207965464,
      29.379923476145997,
      29.35851950522749,
      28.20774826551097,
      28.1724739432085,
      25.91457654791605,
      23.63293633042332
    ],
    [
      42.619493364616496,
      41.261819353742055,
      41.084710040022266,
      38.390435808123534,
      37.108504461828524,
      36.986427059565166,
      35.72220175609617,
      35.70875258289327,
      35.634425957520016,
      35.633248452631406,
      34.4647975655861,
      34.418668028001925,
      34.41646004450423,
      34.368572778880704,
      34.36404208333103,
      33.13998836391048,
      33.10978614462467,
      33.106422933507844,
      33.07906714940517,
      33.07384937949405,
      33.06473495234101,
      31.931214953296088,
      31.91619197978103,
      31.88983412764987,
      31.863472266719903,
      31.803943608891515,
      30.65342800908791,
      30.610236323020363,
      29.42895944064135,
      29.425651150530502,
      29.414103589802423,
      29.36066767347061,
      28.26545099871215,
      28.19728688196005,
      28.190358789866416,
      27.074751657457206,
      27.074562700621804,
      27.07341023415725,
      27.030508520952306,
      27.014498259358287,
      25.92979373239766,
      25.9169899033632,
      25.90607436190157,
      25.899179992421477,
      24.804249090611467,
      24.771175460139204,
      24.760933776795362,
      23.672703799501594,
      22.644637068571253,
      21.533315953960088
    ],
    [
      44.07646541586308,
      42.696906412121315,
      42.61387342094325,
      42.51363723225848,
      39.85637388313417,
      39.80158899367505,
      39.72525669967842,
      37.06531533809393,
      37.06293757017634,
      37.00648889358362,
      36.98994941968623,
      36.96643982218726,
      35.777625383143146,
      35.70875258289327,
      35.70204484989233,
      35.67773521652409,
      35.66691745214669,
      35.633248452631406,
      34.48473002837705,
      34.44004000944578,
      34.39548420127613,
      34.347280890955886,
