{
  "test_loss_values": [
    0.5036680287122727,
    0.5041957464814186,
    0.35060091912746427,
    0.48057150319218633,
    0.1727190464735031,
    0.22745264172554017,
    0.5328066855669021,
    0.4262941062450409
  ],
  "log_exp_r_n_values": [
    873979.8415329888,
    865800.6440695385,
    882019.2167864008,
    873979.8415329888,
    873979.8415329888,
    873979.8415329888,
    857476.6745563069,
    889923.4700736484
  ],
  "log_exp_r_n_acc_values": [
    -Infinity,
    -Infinity,
    -Infinity,
    -Infinity,
    -Infinity,
    -Infinity,
    -Infinity,
    -Infinity
  ],
  "model_data_levels": [
    200,
    100,
    2000,
    500,
    10000,
    5000,
    0,
    1000
  ],
  "loss_landscape_data_param": 1000,
  "train_loss_values": [
    0.18475180864334106,
    0.22021926939487457,
    0.010350228287279606,
    0.13177207112312317,
    0.06754075735807419,
    0.03344026207923889,
    0.2790827453136444,
    0.005726909730583429
  ],
  "num_params": 235146,
  "dataset_type": "data",
  "top_r_vals": [
    [
      41.131352273843696,
      35.75415842980015,
      35.72973868624195,
      35.70567174472098,
      35.70377964717097,
      34.42979886245794,
      34.372430255932564,
      33.15267646334689,
      33.106422933507844,
      33.10195740598407,
      33.06590811706145,
      31.931214953296088,
      31.91619197978103,
      31.832093394087714,
      30.67354713918307,
      30.626030312153766,
      30.62026217316067,
      30.53263231273949,
      29.453725359619927,
      29.422228143424757,
      29.372753663965046,
      29.359625969145995,
      28.260175918853058,
      28.190358789866416,
      27.010848498501556,
      26.99466630321046,
      26.993774290762264,
      25.959068712358906,
      25.933606181745922,
      25.92567798297293,
      25.921994354624882,
      25.912112642456158,
      25.90607436190157,
      25.83021346858251,
      24.8193705155089,
      24.785368376490307,
      24.771175460139204,
      24.768692675101867,
      24.76430917845203,
      24.760855750867098,
      23.72680575902834,
      23.703343623641924,
      23.68727550726702,
      23.68382914247352,
      23.672675452778183,
      22.661182871623694,
      22.648422996810172,
      21.60364509949145,
      20.603285439649422,
      19.60123521186334
    ],
    [
      39.72525669967842,
      35.75415842980015,
      35.72973868624195,
      35.70567174472098,
      34.391990392094485,
      34.372430255932564,
      33.18007809047594,
      33.14281812890221,
      33.118875566490594,
      33.10803160697884,
      33.06590811706145,
      33.02409510945905,
      31.8410470462147,
      30.65151300235473,
      30.635389570413103,
      29.475911996487476,
      29.3844122411398,
      29.359625969145995,
      28.224949535680913,
      28.186099309360873,
      27.103146252182167,
      27.09999186465067,
      27.098408712786508,
      27.094934290254514,
      27.061288057356503,
      27.02799590573564,
      26.99466630321046,
      26.993774290762264,
      25.933606181745922,
      25.92567798297293,
      25.899179992421477,
      25.873678326314757,
      25.83021346858251,
      24.8193705155089,
      24.791966248984252,
      23.72680575902834,
      23.70786865585781,
      23.68246700781704,
      23.675902503448462,
      22.661182871623694,
      22.638162376091895,
      22.622816328996237,
      22.61952483700079,
      22.61595691667326,
      22.608801127581856,
      21.60725698559932,
      21.569524534452846,
      20.58714705909588,
      19.610503690326635,
      19.60123521186334
    ],
    [
      42.56190168408143,
      38.48103731203126,
      37.08833073284924,
      37.07730208577263,
      37.06531533809393,
      37.03838595085466,
      35.613262329579356,
      34.442191711011176,
      34.39548420127613,
      34.38735146205963,
      34.372430255932564,
      34.34990233018697,
      33.195695976052534,
      33.118875566490594,
      31.907180200071394,
      31.819463673458174,
      31.805242459703756,
      30.67354713918307,
      30.626030312153766,
      30.608749013968033,
      30.596014411849005,
      29.455446114543356,
      29.449948950158944,
      29.413378282350827,
      29.377192471557848,
      29.358554660435605,
      29.309235604001234,
      28.237726201674196,
      28.236859746281656,
      28.18126811033812,
      28.155595818287413,
      28.15466544405444,
      27.074562700621804,
      27.069430224417026,
      27.05097203553197,
      27.045808917678205,
      25.933511604302726,
      25.90607436190157,
      25.899179992421477,
      25.889604841620358,
      25.884349270940522,
      25.877174430421974,
      25.87356581177026,
      24.81072680317589,
      24.804249090611467,
      24.772600213589293,
      23.71012296633529,
      22.608872371997343,
      21.620580318585112,
      20.59354774446392
    ],
    [
      41.131352273843696,
      38.425397983557865,
      35.70377964717097,
      35.6972292144414,
      35.68173963200405,
      34.468505679048405,
      34.442191711011176,
      34.42979886245794,
      34.39548420127613,
      34.30646566659409,
      33.15267646334689,
      33.118875566490594,
      33.106422933507844,
      33.0926491878559,
      31.931214953296088,
      31.80637093656686,
      30.668185505643393,
      30.57020613197208,
      30.550776712551443,
      29.45887467247143,
      29.449948950158944,
      29.413239511792487,
      28.233575028092723,
      28.190358789866416,
      28.186099309360873,
      28.1724739432085,
      28.15466544405444,
      27.09999186465067,
      27.07341023415725,
      27.061288057356503,
      27.05097203553197,
      25.907166894435075,
      25.90607436190157,
      25.88175491383484,
      25.87356581177026,
      25.83021346858251,
      24.8193705155089,
      24.817552511380367,
      24.81072680317589,
      24.785368376490307,
      24.77620501147506,
      24.772600213589293,
      24.771175460139204,
      24.76430917845203,
      24.760933776795362,
      23.714087031814223,
      23.71012296633529,
      22.661182871623694,
      20.603285439649422,
      20.59354774446392
    ],
    [
      41.131352273843696,
      38.45166009459989,
      37.118985289826085,
      35.72973868624195,
      34.44004000944578,
      33.14281812890221,
      33.10978614462467,
      33.10803160697884,
      33.087593952311025,
      31.766150658174173,
      30.691286960107732,
      30.571290788703244,
      29.407699791103518,
      28.260175918853058,
      28.225082699931818,
      28.224949535680913,
      28.205218144743817,
      28.19728688196005,
      28.18126811033812,
      28.17350197122547,
      27.103146252182167,
      27.069430224417026,
      27.04589062874216,
      27.045808917678205,
      27.02799590573564,
      27.023912054851635,
      27.010848498501556,
      26.993774290762264,
      26.96547332329809,
      25.959068712358906,
      25.933606181745922,
      25.932810426706595,
      25.912112642456158,
      25.877174430421974,
      25.87356581177026,
      24.841230259571155,
      24.8193705155089,
      24.785368376490307,
      24.77620501147506,
      24.772600213589293,
      23.714087031814223,
      23.702344028658526,
      23.672675452778183,
      23.658521486199845,
      22.65433770818381,
      22.618223913974017,
      20.602189511735766,
      20.58714705909588,
      19.60123521186334,
      18.64223507061676
    ],
    [
      41.131352273843696,
      37.118985289826085,
      35.75415842980015,
      35.75192476594657,
      35.72973868624195,
      35.70567174472098,
      35.68173963200405,
      34.42979886245794,
      34.393661532545686,
      33.02409510945905,
      31.931214953296088,
      31.8410470462147,
      31.80637093656686,
      30.549767191899345,
      29.413378282350827,
      29.3844122411398,
      29.377192471557848,
      29.372753663965046,
      29.359625969145995,
      29.309235604001234,
