{
  "test_loss_values": [
    0.09906736761331558
  ],
  "log_exp_r_n_values": [
    499598.7766117095
  ],
  "log_exp_r_n_acc_values": [
    -Infinity
  ],
  "model_data_levels": [
    59940
  ],
  "loss_landscape_data_param": 59940,
  "train_loss_values": [
    0.001812528702430427
  ],
  "num_params": 235146,
  "dataset_type": "data",
  "top_r_vals": [
    [
      9.701289735561904,
      8.386075252878973,
      8.383389958215362,
      8.381731842698013,
      8.3770432329679,
      8.376803803402558,
      8.375772414505697,
      8.374578423991935,
      8.374434766252728,
      8.373509147339679,
      8.373427583421815,
      8.373189206294123,
      8.372991874234774,
      8.37298924314065,
      8.372162027147862,
      8.3716984283631,
      8.37107170174261,
      8.370046627471648,
      8.36995822270906,
      8.368906837496853,
      8.3681964420832,
      8.368121192791236,
      8.367971746644956,
      8.367473943636574,
      8.367287135953724,
      8.366596736855417,
      8.366526223532876,
      8.36646781324331,
      8.366104722254109,
      8.364811276382435,
      8.363685694315912,
      8.363636229746369,
      8.362721661428644,
      8.36200495138909,
      8.361687115218833,
      8.361264561502416,
      8.361033025219447,
      8.360620995879529,
      8.36061047150303,
      8.360396300441284,
      8.359960065035418,
      8.359668539806407,
      8.358640834441323,
      8.358585055245879,
      8.358133033275266,
      8.356845375810666,
      8.356618575497121,
      8.356610682214747,
      8.355536143374243,
      8.355052548274134
    ]
  ],
  "top_r_val_seeds": [
    [
      223,
      173,
      114,
      128,
      329,
      469,
      237,
      350,
      475,
      285,
      342,
      165,
      175,
      248,
      325,
      380,
      87,
      330,
      37,
      392,
      52,
      389,
      404,
      172,
      320,
      18,
      301,
      499,
      153,
      30,
      59,
      278,
      364,
      295,
      282,
      490,
      186,
      110,
      305,
      130,
      124,
      317,
      228,
      489,
      210,
      211,
      229,
      385,
      252,
      137
    ]
  ],
  "loss_predicts_minimas": true,
  "loss_ordering_violations": 0,
  "test_loss_ranks": [
    1
  ],
  "log_exp_r_n_ranks": [
    1
  ],
  "data_level_ranks": [
    1
  ],
  "accuracy_predicts_minimas": true,
  "accuracy_ordering_violations": 0,
  "log_exp_r_n_acc_ranks": [
    1
  ]
}