{
  "test_loss_values": [
    0.5036680287122727,
    0.5041957464814186,
    0.35060091912746427,
    0.48057150319218633,
    0.1727190464735031,
    0.22745264172554017,
    0.5328066855669021,
    0.4262941062450409
  ],
  "log_exp_r_n_values": [
    849002.7155664415,
    849002.7155664415,
    865800.6440695385,
    857476.6745563069,
    858937.131691865,
    865800.6440695385,
    827917.627103125,
    882019.2167864008
  ],
  "log_exp_r_n_acc_values": [
    -Infinity,
    -Infinity,
    -Infinity,
    -Infinity,
    -Infinity,
    -Infinity,
    -Infinity,
    -Infinity
  ],
  "model_data_levels": [
    200,
    100,
    2000,
    500,
    10000,
    5000,
    0,
    1000
  ],
  "loss_landscape_data_param": 1000,
  "train_loss_values": [
    0.18475180864334106,
    0.22021926939487457,
    0.010350228287279606,
    0.13177207112312317,
    0.06754075735807419,
    0.03344026207923889,
    0.2790827453136444,
    0.005726909730583429
  ],
  "num_params": 235146,
  "dataset_type": "data",
  "top_r_vals": [
    [
      36.986427059565166,
      33.13210336337388,
      33.10978614462467,
      33.10803160697884,
      31.891826500655068,
      31.880351314080855,
      31.827230721139408,
      30.65151300235473,
      30.608749013968033,
      30.604620382751534,
      30.596014411849005,
      30.571290788703244,
      29.475911996487476,
      29.46204419202394,
      28.26874104347112,
      28.233575028092723,
      28.224949535680913,
      28.219633618784876,
      28.13887393942072,
      27.098408712786508,
      27.023912054851635,
      27.01183413821053,
      25.954224064363313,
      25.890103819165514,
      24.807201591736952,
      24.791966248984252,
      24.7609634266481,
      24.745311425438477,
      23.75083035308452,
      23.72753382224013,
      23.72028004491285,
      23.70786865585781,
      23.67260085613763,
      23.658521486199845,
      23.63293633042332,
      22.662230164531337,
      22.638162376091895,
      22.6311832731509,
      22.622816328996237,
      22.618223913974017,
      22.61595691667326,
      22.61195440541126,
      21.618845743246894,
      21.579687297171116,
      21.569524534452846,
      20.602189511735766,
      20.59058899818167,
      19.595142947384538,
      18.64223507061676,
      17.69011477870666
    ],
    [
      36.986427059565166,
      33.154747734629495,
      33.10978614462467,
      31.87004469235778,
      31.845342474132348,
      31.827230721139408,
      30.67684734696369,
      30.571290788703244,
      29.42895944064135,
      29.407699791103518,
      29.39807096462877,
      29.392677415594584,
      29.32354007315502,
      28.248434382970125,
      28.233575028092723,
      27.118821157951196,
      27.034638334309786,
      27.01183413821053,
      25.921872056206954,
      25.886191900437332,
      24.845573182738296,
      24.842681541836853,
      24.841230259571155,
      24.838045241179447,
      24.807201591736952,
      24.77668253015603,
      24.745311425438477,
      23.72753382224013,
      23.72028004491285,
      23.69603613673345,
      23.672703799501594,
      23.658521486199845,
      23.63293633042332,
      22.662230164531337,
      22.637207700924385,
      22.618223913974017,
      21.619430278823256,
      21.618845743246894,
      21.60159106866383,
      21.582827476662718,
      21.572464884340437,
      20.581260656684957,
      20.564316522984498,
      20.561072783627772,
      20.554567168991404,
      19.59841903455721,
      19.56419458907288,
      18.62763276435743,
      17.698479580519788,
      17.69011477870666
    ],
    [
      39.72525669967842,
      37.118985289826085,
      35.741293514748094,
      35.72973868624195,
      34.44004000944578,
      34.393661532545686,
      34.30646566659409,
      33.154747734629495,
      33.087593952311025,
      33.06590811706145,
      31.931214953296088,
      31.857320764956366,
      31.848577574766548,
      31.8410470462147,
      30.57020613197208,
      29.453725359619927,
      29.39664255301491,
      29.3844122411398,
      29.372753663965046,
      28.26874104347112,
      28.26545099871215,
      28.260175918853058,
      28.225082699931818,
      28.224949535680913,
      27.07341023415725,
      27.02799590573564,
      27.01928005891359,
      27.010848498501556,
      26.993774290762264,
      26.96547332329809,
      25.934710128798436,
      25.932810426706595,
      25.92979373239766,
      25.912112642456158,
      25.907166894435075,
      25.858177409503547,
      24.81822353436343,
      24.791966248984252,
      24.785368376490307,
      24.77620501147506,
      24.76430917845203,
      24.760855750867098,
      23.72028004491285,
      23.714087031814223,
      23.68382914247352,
      23.68246700781704,
      22.644637068571253,
      21.569524534452846,
      20.603285439649422,
      19.60123521186334
    ],
    [
      38.343614961585565,
      35.72973868624195,
      34.38735146205963,
      33.14281812890221,
      33.10803160697884,
      33.087593952311025,
      31.91619197978103,
      31.891826500655068,
      31.848577574766548,
      31.845342474132348,
      31.766150658174173,
      30.65151300235473,
      30.62026217316067,
      30.596014411849005,
      29.475911996487476,
      29.36066767347061,
      28.263799762000957,
      28.224949535680913,
      28.17350197122547,
      28.155595818287413,
      27.103146252182167,
      27.094934290254514,
      27.069430224417026,
      26.993774290762264,
      25.933606181745922,
      25.912112642456158,
      25.890103819165514,
      25.886191900437332,
      25.873678326314757,
      24.842681541836853,
      24.807201591736952,
      24.791966248984252,
      24.71936780429092,
      23.72028004491285,
      23.703343623641924,
      23.68246700781704,
      23.680093342714674,
      23.67260085613763,
      22.662230164531337,
      22.660570169650516,
      22.648422996810172,
      22.6311832731509,
      22.622816328996237,
      22.61952483700079,
      22.61195440541126,
      22.608872371997343,
      21.60364509949145,
      20.602189511735766,
      19.610503690326635,
      18.63342422327759
    ],
    [
      38.58250258061765,
      34.94490023936756,
      34.45158175269512,
      33.37490816101836,
      31.634971339935095,
      30.85339304940497,
      30.397505106482274,
      30.36720925454691,
      30.346855304060437,
      29.089187045829906,
      28.528635451863003,
      28.18272798001917,
      27.29862448926395,
      26.390022880347185,
      26.389898373798683,
      26.364034213456417,
      25.746798529581923,
      25.473764486238263,
      25.460344143072618,
      25.45213382439558,
      25.445119774807036,
      25.277159510122452,
      25.234655104851473,
      25.03412764703923,
      24.95969204729683,
      24.86657932882148,
      24.594866642171365,
      24.38138501364227,
      24.345221159598037,
      24.20796858515876,
      24.11308620642136,
      23.75164238227378,
      23.700685842446806,
      23.537903942344027,
      23.48340999918603,
      23.13322790436794,
      23.069316637566892,
      22.690727150292187,
      22.450315400486794,
      22.233737886688814,
      22.012855073971334,
      21.588493358183943,
      21.434572307210082,
      21.22040620715092,
      20.831969276108087,
      20.798760560800982,
      18.492263085146217,
      18.289721378988748,
      17.92012733454175,
      17.372709219955546
    ],
    [
      39.72525669967842,
      34.468505679048405,
      34.418668028001925,
      34.372430255932564,
      33.154747734629495,
      33.15267646334689,
      33.10978614462467,
      33.10803160697884,
      31.880351314080855,
      31.766150658174173,
      30.691286960107732,
      30.571290788703244,
      29.392677415594584,
      28.19728688196005,
      28.15466544405444,
      28.125147368437663,
      27.103146252182167,
      27.09999186465067,
      27.069430224417026,
