{
  "test_loss_values": [
    3.8846413493156433,
    0.21249092184007168,
    0.019869165087584406,
    0.0056316309583053226,
    1.1291745007038116,
    0.0010303999888492399
  ],
  "log_exp_r_n_values": [
    3300.3548899141515,
    2386.147210050261,
    1812.7357872643647,
    2902.4061098219418,
    1245.3155786855912,
    3904.9024299278058
  ],
  "log_exp_r_n_acc_values": [
    6501.766825685167,
    5881.581239949969,
    5108.664394769524,
    5534.063380347833,
    5180.298065992647,
    7280.789142890101
  ],
  "model_data_levels": [
    10,
    100,
    200,
    350,
    50,
    750
  ],
  "loss_landscape_data_param": 10,
  "train_loss_values": [
    2.080802369164303e-05,
    1.103632075682981e-05,
    1.4149570233712438e-05,
    1.2700324077741243e-05,
    1.4876613022352103e-05,
    7.663491487619467e-06
  ],
  "num_params": 4353,
  "dataset_type": "data",
  "top_r_vals": [
    [
      2.135856187048037,
      1.5069085813860372,
      1.3399256813369256,
      1.3298408034236786,
      1.3219872957199845,
      1.148583486023977,
      1.1433812867207331,
      1.1338683028036742,
      1.1180810802822858,
      0.9786991227975782,
      0.9658547253429179,
      0.8225556361822435,
      0.8182910872094425,
      0.8177651299370661,
      0.8160509651089892,
      0.8052211808569638,
      0.7950643845546393,
      0.6759564154805634,
      0.6685592266822663,
      0.5475785436709065
    ],
    [
      1.7312604820298951,
      1.7115116203066016,
      1.5175874568214103,
      1.4832334632278037,
      1.3321182504744817,
      1.3150188600563324,
      1.2878728873777634,
      1.1424786898812744,
      0.9742420431229913,
      0.9733772382920112,
      0.9711680907082186,
      0.9582797524248164,
      0.9526844707730717,
      0.811586262267313,
      0.6797980464316064,
      0.6796351988307556,
      0.6784902058284074,
      0.6758389503612118,
      0.6697371472826834,
      0.5537447968790354
    ],
    [
      1.5175874568214103,
      1.3321182504744817,
      1.1338683028036742,
      1.1335378373816192,
      1.12986509309303,
      0.9492694164657944,
      0.9461923254203972,
      0.8225556361822435,
      0.8223585905852142,
      0.8186339390130691,
      0.8182910872094425,
      0.8179877010392554,
      0.8179072627314815,
      0.8177651299370661,
      0.8052211808569638,
      0.8005195900245949,
      0.6784902058284074,
      0.6744222852140409,
      0.6697371472826834,
      0.3349814203342314
    ],
    [
      1.949256777872834,
      1.730448423630242,
      1.7170750672762984,
      1.7115116203066016,
      1.5216156580340874,
      1.32500487110491,
      1.1488586984694147,
      1.148583486023977,
      1.1433812867207331,
      1.1180810802822858,
      0.9786991227975782,
      0.9661363053475093,
      0.9582797524248164,
      0.8177651299370661,
      0.8160509651089892,
      0.8103819482120468,
      0.7976499957802856,
      0.7950643845546393,
      0.6784902058284074,
      0.3349814203342314
    ],
    [
      1.3321182504744817,
      0.9738340211418159,
      0.9658547253429179,
      0.9492694164657944,
      0.8209731490523727,
      0.8186339390130691,
      0.8161248101128473,
      0.8103819482120468,
      0.8005195900245949,
      0.7950643845546393,
      0.6796351988307556,
      0.6759564154805634,
      0.6758389503612118,
      0.6709279898246594,
      0.6685592266822663,
      0.550636417609601,
      0.5475785436709065,
      0.5390323607389592,
      0.43752675308960826,
      0.43163026253698605
    ],
    [
      2.454070947618099,
      2.434884764055685,
      1.7036084487552292,
      1.5216156580340874,
      1.5095879771054832,
      1.5042582600350989,
      1.3146355983834164,
      1.1433812867207331,
      1.1423663421621522,
      0.978674686316288,
      0.9734729665260561,
      0.9732080885201447,
      0.9526844707730717,
      0.8223791240174094,
      0.8103819482120468,
      0.7976499957802856,
      0.6744222852140409,
      0.6570780037641649,
      0.5495770667210098,
      0.3349814203342314
    ]
  ],
  "top_r_val_seeds": [
    [
      16,
      17,
      13,
      7,
      4,
      3,
      18,
      8,
      12,
      10,
      19,
      14,
      11,
      20,
      6,
      9,
      5,
      15,
      2,
      1
    ],
    [
      11,
      2,
      4,
      16,
      10,
      8,
      5,
      1,
      18,
      15,
      6,
      9,
      12,
      19,
      14,
      3,
      7,
      20,
      17,
      13
    ],
    [
      4,
      10,
      8,
      19,
      2,
      16,
      5,
      14,
      3,
      18,
      11,
      1,
      15,
      20,
      9,
      12,
      7,
      6,
      17,
      13
    ],
    [
      4,
      15,
      19,
      2,
      11,
      1,
      14,
      3,
      18,
      12,
      10,
      8,
      9,
      20,
      6,
      17,
      16,
      5,
      7,
      13
    ],
    [
      10,
      11,
      19,
      16,
      7,
      18,
      4,
      17,
      12,
      5,
      3,
      15,
      20,
      8,
      2,
      14,
      1,
      9,
      13,
      6
    ],
    [
      14,
      4,
      9,
      11,
      8,
      2,
      19,
      18,
      15,
      3,
      1,
      20,
      12,
      10,
      17,
      16,
      6,
      5,
      7,
      13
    ]
  ],
  "loss_predicts_minimas": false,
  "loss_ordering_violations": 2,
  "accuracy_predicts_minimas": false,
  "accuracy_ordering_violations": 3,
  "test_loss_ranks": [
    1,
    3,
    4,
    5,
    2,
    6
  ],
  "log_exp_r_n_ranks": [
    2,
    4,
    5,
    3,
    6,
    1
  ],
  "log_exp_r_n_acc_ranks": [
    2,
    3,
    6,
    4,
    5,
    1
  ],
  "data_level_ranks": [
    6,
    4,
    3,
    2,
    5,
    1
  ]
}