{
  "test_loss_values": [
    0.5179950767755508,
    0.5249489420652389,
    0.34018183052539824,
    0.4857225723564625,
    0.17315715551376343,
    0.21993917226791382,
    0.5431342154741288,
    0.42747425436973574
  ],
  "log_exp_r_n_values": [
    913530.7596068892,
    920275.4202564791,
    906005.9270739721,
    913516.0689089203,
    880794.0514152579,
    898358.7341921406,
    921318.7669434085,
    913516.0689089203
  ],
  "log_exp_r_n_acc_values": [
    -Infinity,
    -Infinity,
    -Infinity,
    -Infinity,
    -Infinity,
    -Infinity,
    -Infinity,
    -Infinity
  ],
  "model_data_levels": [
    200,
    100,
    2000,
    500,
    10000,
    5000,
    0,
    1000
  ],
  "loss_landscape_data_param": 0,
  "train_loss_values": [
    0.002887966111302376,
    0.002578586572781205,
    0.008315550163388252,
    0.0037962752394378185,
    0.06589644402265549,
    0.02983550913631916,
    0.00226428359746933,
    0.004670458380132914
  ],
  "num_params": 235146,
  "dataset_type": "data",
  "top_r_vals": [
    [
      48.66538230722797,
      48.66234204253838,
      48.52863768575673,
      47.090584207967645,
      45.64652730659964,
      45.606359352201785,
      44.09317752935138,
      44.07659858011399,
      43.993118466074094,
      42.65268188162147,
      41.22777612260916,
      41.15988149700982,
      39.819606089079635,
      39.746804104215926,
      39.746260787136606,
      38.47689753139125,
      38.4174736749072,
      38.373777601496805,
      38.35783715018245,
      38.30013397310043,
      37.043544774777835,
      37.02117743833732,
      35.76678514729841,
      35.69093046214604,
      35.655744638585325,
      34.468505679048405,
      34.39043614488729,
      34.347430254545436,
      34.325718416818106,
      33.17264735265524,
      33.10978614462467,
      33.10803160697884,
      33.10195740598407,
      33.06473495234101,
      31.880351314080855,
      31.8730593090578,
      31.86800020496814,
      31.864257991285335,
      31.85967994305206,
      30.63978214118941,
      30.58790742157414,
      30.58169809893728,
      29.475911996487476,
      29.35842699152193,
      29.309235604001234,
      28.208937866152368,
      28.176280665260975,
      28.174501590868914,
      27.074751657457206,
      27.053544231732772
    ],
    [
      50.081456276356654,
      48.66538230722797,
      47.129766392420656,
      47.090584207967645,
      45.64652730659964,
      45.47177605896158,
      44.123325360904715,
      44.09317752935138,
      44.07659858011399,
      42.65268188162147,
      42.58498771522795,
      41.22777612260916,
      41.15988149700982,
      41.15309981161204,
      39.819606089079635,
      38.47689753139125,
      38.4174736749072,
      38.40282856651348,
      38.373777601496805,
      38.35783715018245,
      38.30013397310043,
      37.10374659484832,
      35.69093046214604,
      35.687191209980696,
      35.655744638585325,
      34.39548420127613,
      34.39043614488729,
      34.38735146205963,
      34.34868360988383,
      34.347430254545436,
      34.325718416818106,
      33.18007809047594,
      33.17264735265524,
      33.13523735935883,
      33.12997791396919,
      33.10803160697884,
      31.931214953296088,
      31.880351314080855,
      31.87762933969347,
      31.864257991285335,
      31.85967994305206,
      30.608656538793795,
      30.58790742157414,
      29.37066285421938,
      29.35842699152193,
      29.309235604001234,
      28.23912531407035,
      28.176280665260975,
      28.174501590868914,
      27.053544231732772
    ],
    [
      47.13271090677359,
      45.58378351660968,
      45.4963620127742,
      44.13817872339083,
      44.123325360904715,
      44.07659858011399,
      41.26711041639376,
      41.21908125532163,
      39.79409272023962,
      39.70378941563187,
      38.47689753139125,
      38.434682885612105,
      38.364412948852305,
      38.36388852830421,
      37.05767151358237,
      35.73727561638773,
      35.68173963200405,
      35.67842284342469,
      35.66691745214669,
      34.468505679048405,
      33.12997791396919,
      33.06473495234101,
      33.02409510945905,
      31.90308922089271,
      31.880351314080855,
      31.8730593090578,
      31.864257991285335,
      31.85132560634615,
      31.848577574766548,
      31.83542871469199,
      31.804081912450226,
      31.804043828861595,
      31.783977786452084,
      30.669977212144257,
      30.596014411849005,
      30.517738029988777,
      29.42644676839832,
      29.409877563732415,
      29.395314056203063,
      29.392677415594584,
      29.376626287679816,
      28.285090062435287,
      28.23912531407035,
      28.21039379529557,
      28.208937866152368,
      28.174501590868914,
      28.17235143209767,
      27.021988440220987,
      25.91457654791605,
      24.76430917845203
    ],
    [
      48.66234204253838,
      48.52863768575673,
      47.13271090677359,
      47.090584207967645,
      45.606359352201785,
      45.55806203239003,
      44.162187128126504,
      43.993118466074094,
      42.662988241331554,
      42.635653049908925,
      41.22777612260916,
      41.21908125532163,
      41.15988149700982,
      39.746804104215926,
      38.47689753139125,
      38.36388852830421,
      37.05767151358237,
      37.043544774777835,
      37.01552208052547,
      35.687191209980696,
      35.66691745214669,
      35.655744638585325,
      35.633248452631406,
      35.613262329579356,
      34.468505679048405,
      34.39548420127613,
      34.38128383682037,
      34.34868360988383,
      34.347430254545436,
      33.16645646032061,
      33.12997791396919,
      33.12608750804905,
      33.10492678382885,
      33.10195740598407,
      31.909044291514892,
      31.880351314080855,
      31.8730593090578,
      31.85967994305206,
      31.84688987047039,
      30.691286960107732,
      30.63978214118941,
      30.58790742157414,
      30.517738029988777,
      29.37066285421938,
      28.23912531407035,
      28.208937866152368,
      28.176280665260975,
      28.17235143209767,
      27.012792540898193,
      25.91457654791605
    ],
    [
      42.34072097531413,
      40.90128072144146,
      40.57667284846133,
      40.352649947244544,
      40.04804222240723,
      40.03959437734024,
      38.674137874193526,
      37.76596478268016,
      35.65055219981912,
      35.61197054689668,
      35.485487632110576,
      34.97159827867,
      34.86513336791105,
      34.39467403934214,
      33.83772516533988,
      32.77855230457247,
      32.621853005575375,
      32.60195177703564,
      32.34180666911457,
      31.4099035159027,
      30.913608498701397,
      30.857690407890992,
      30.568982111947108,
      30.516516110767682,
      30.419185408296226,
      30.34344960079594,
      30.324783212589235,
      29.913090465105373,
      29.425834582074682,
      29.145119834019642,
      29.123886923122164,
      28.941316758606703,
      28.895677797319184,
      28.67860841716267,
      28.6162000144808,
      28.480759903182204,
      28.44007625259006,
      27.98231261948886,
      27.763360652157527,
      27.483352809791185,
      27.307775730348787,
      27.054914796161903,
      26.837332956601486,
      26.376288978003696,
      26.17700235309446,
      26.125988667753088,
      24.78368165678034,
      24.376731429878326,
      24.348510735460184,
      24.224788477318747
    ],
    [
      45.624562248726455,
      44.123325360904715,
      42.67916670447874,
      42.619622127049105,
      41.21908125532163,
      41.131352273843696,
      39.819606089079635,
      38.470171898279084,
      38.4172924235657,
      38.364412948852305,
      37.00598303511488,
      35.73727561638773,
      35.634425957520016,
      34.468505679048405,
      34.404926577763334,
      34.369235173930015,
      34.325718416818106,
      33.17650858574042,
      33.17264735265524,
      33.12527066866999,
      33.10978614462467,
