{
  "test_loss_values": [
    4.2938622452396515,
    2.1812265662232573,
    3.226022611312069,
    0.7782548069953918
  ],
  "log_exp_r_n_values": [
    5806962.188348159,
    4423479.890762546,
    5046694.1754447175,
    -Infinity
  ],
  "log_exp_r_n_acc_values": [
    -Infinity,
    -Infinity,
    -Infinity,
    -Infinity
  ],
  "model_data_levels": [
    1940,
    19940,
    5940,
    59940
  ],
  "loss_landscape_data_param": 1940,
  "train_loss_values": [
    6.777040107408538e-05,
    0.000701506738550961,
    0.00014288219972513616,
    0.14908935129642487
  ],
  "num_params": 1707274,
  "dataset_type": "data",
  "top_r_vals": [
    [
      30.003383555907085,
      29.998633574738868,
      29.992821503386136,
      29.97998394366248,
      29.97378514817924,
      26.167510509928846,
      26.158712579551842,
      26.15774832247667,
      26.156037071312888,
      26.15476278727937,
      26.15373750127539,
      26.150466350691268,
      26.150075765546895,
      26.14967541577391,
      26.149565563702055,
      26.14791290030993,
      26.147732254680655,
      26.1474124630937,
      26.147212288207207,
      26.14628220733217,
      26.146265119232105,
      26.14506895222746,
      26.14448063335375,
      26.143120908819903,
      26.14301593906235,
      26.14298420401937,
      26.14283773459023,
      26.142718117889768,
      26.14147556889923,
      26.141365716827377,
      26.140416106695117,
      26.13985464055008,
      26.13922726316193,
      26.1390856760471,
      26.13893432430365,
      26.138812266446035,
      26.13789439135676,
      26.13776012771338,
      26.13710101528225,
      26.136551754922976,
      26.13637599160801,
      26.135880436706085,
      26.135758378848468,
      26.135170059974758,
      26.13483806260204,
      26.13481609218767,
      26.134730651687338,
      26.134452359771974,
      26.133666307168923,
      26.133388015253555
    ],
    [
      13.342632647497709,
      13.336128707370426,
      13.332662513311783,
      13.330735742845121,
      13.330528991780179,
      13.329408052271456,
      13.329028178326833,
      13.326945721817292,
      13.325943103701157,
      13.325778699239878,
      13.3228991301908,
      13.322544166013039,
      13.321494219339867,
      10.814124241348141,
      10.811909825348657,
      10.811765560433885,
      10.81147198637655,
      10.810089867962294,
      10.80938266722624,
      10.809369552233989,
      10.808994261686466,
      10.808856049845042,
      10.808299167097108,
      10.80810546875,
      10.80809638913998,
      10.808035858406509,
      10.807906726175103,
      10.807808868155991,
      10.807423489152892,
      10.807193472365702,
      10.807080481663224,
      10.807078463972108,
      10.807044163223141,
      10.806978588261881,
      10.806850464876034,
      10.806820199509298,
      10.806708217652377,
      10.806684005358989,
      10.806388413610538,
      10.80635411286157,
      10.806318803267045,
      10.806202786027892,
      10.806149317213327,
      10.806146290676653,
      10.80602522920971,
      10.8059465392562,
      10.805848681237087,
      10.805823460098141,
      10.805735690534608,
      10.805557124870868
    ],
    [
      19.220916551882464,
      19.21793754304408,
      19.213197314049587,
      19.21252295684114,
      19.21230056244261,
      19.212006427915522,
      19.211882676193756,
      19.210711518595044,
      19.210196783172638,
      19.209500903925623,
      19.20818985307622,
      19.207190871786043,
      19.206602602731866,
      19.205982050619838,
      19.20597487660698,
      19.20433023415978,
      19.204115013774107,
      19.20398946854913,
      19.203673811983474,
      19.20355006026171,
      19.203252338728195,
      19.202750157828284,
      19.20260667757117,
      19.201984331955924,
      19.201028394742885,
      19.2008633924472,
      19.20044550619835,
      19.20034148301194,
      19.200244633838388,
      19.199984575872364,
      19.19977473599633,
      19.199207988980717,
      19.198374009986228,
      19.19808525596878,
      19.19752747646924,
      19.197362474173556,
      19.196569745752985,
      19.196365286386595,
      19.195063203053262,
      19.195059616046834,
      19.19427047463269,
      19.193886664944905,
      19.19262583218549,
      19.19242495982553,
      19.191693210514234,
      19.190432377754824,
      19.189594811753906,
      19.18912132690542,
      19.188255064853077,
      19.18822816230487
    ],
    [
      0.0,
      0.0,
      0.0,
      0.0,
      0.0,
      0.0,
      0.0,
      0.0,
      0.0,
      0.0,
      0.0,
      0.0,
      0.0,
      0.0,
      0.0,
      0.0,
      0.0,
      0.0,
      0.0,
      0.0,
      0.0,
      0.0,
      0.0,
      0.0,
      0.0,
      0.0,
      0.0,
      0.0,
      0.0,
      0.0,
      0.0,
      0.0,
      0.0,
      0.0,
      0.0,
      0.0,
      0.0,
      0.0,
      0.0,
      0.0,
      0.0,
      0.0,
      0.0,
      0.0,
      0.0,
      0.0,
      0.0,
      0.0,
      0.0,
      0.0
    ]
  ],
  "top_r_val_seeds": [
    [
      404,
      279,
      484,
      496,
      348,
      440,
      242,
      217,
      78,
      257,
      338,
      199,
      483,
      114,
      206,
      316,
      116,
      425,
      349,
      32,
      362,
      428,
      41,
      235,
      216,
      320,
      375,
      323,
      461,
      421,
      84,
      434,
      355,
      208,
      363,
      38,
      295,
      276,
      100,
      83,
      469,
      379,
      477,
      435,
      309,
      270,
      243,
      232,
      394,
      28
    ],
    [
      444,
      38,
      329,
      497,
      219,
      286,
      346,
      258,
      341,
      499,
      368,
      370,
      287,
      440,
      361,
      377,
      482,
      217,
      78,
      160,
      64,
      257,
      136,
      71,
      351,
      422,
      30,
      228,
      488,
      33,
      199,
      260,
      99,
      438,
      310,
      380,
      206,
      412,
      249,
      340,
      163,
      178,
      158,
      148,
      316,
      311,
      268,
      325,
      349,
      289
    ],
    [
      377,
      217,
      488,
      99,
      483,
      114,
      412,
      316,
      349,
      362,
      41,
      235,
      138,
      461,
      86,
      355,
      363,
      191,
      352,
      432,
      276,
      318,
      280,
      476,
      411,
      475,
      155,
      36,
      394,
      125,
      442,
      119,
      106,
      77,
      98,
      486,
      181,
      214,
      283,
      244,
      195,
      358,
      75,
      54,
      304,
      391,
      386,
      499,
      294,
      321
    ],
    [
      1,
      2,
      3,
      4,
      5,
      6,
      7,
      8,
      9,
      10,
      11,
      12,
      13,
      14,
      15,
      16,
      17,
      18,
      19,
      20,
      21,
      22,
      23,
      24,
      25,
      26,
      27,
      28,
      29,
      30,
      31,
      32,
      33,
      34,
      35,
      36,
      37,
      38,
      39,
      40,
      41,
      42,
      43,
      44,
      45,
      46,
      47,
      48,
      49,
      50
    ]
  ],
  "loss_predicts_minimas": true,
  "loss_ordering_violations": 3,
  "test_loss_ranks": [
    1,
    3,
    2,
    4
  ],
  "log_exp_r_n_ranks": [
    1,
    3,
    2,
    4
  ],
  "data_level_ranks": [
    4,
    2,
    3,
    1
  ],
  "accuracy_predicts_minimas": true,
  "accuracy_ordering_violations": 2,
  "log_exp_r_n_acc_ranks": [
    1,
    2,
    3,
    4
  ]
}