{
  "test_loss_values": [
    0.5219272649288178,
    0.5280373707413674,
    0.348116734623909,
    0.4987525247037411,
    0.17655563354492188,
    0.23118039965629578,
    0.5640919104218483,
    0.43831324577331543
  ],
  "log_exp_r_n_values": [
    775398.2709922497,
    754756.4039854826,
    831582.5018253466,
    794996.6067278656,
    813357.2415866337,
    814444.0245335196,
    733270.6948212268,
    814153.7833275343
  ],
  "log_exp_r_n_acc_values": [
    -Infinity,
    -Infinity,
    -Infinity,
    -Infinity,
    -Infinity,
    -Infinity,
    -Infinity,
    -Infinity
  ],
  "model_data_levels": [
    200,
    100,
    2000,
    500,
    10000,
    5000,
    0,
    1000
  ],
  "loss_landscape_data_param": 2000,
  "train_loss_values": [
    0.3313748240470886,
    0.36679041385650635,
    0.01023569330573082,
    0.28943178057670593,
    0.06796765327453613,
    0.03122110292315483,
    0.4247480034828186,
    0.16474877297878265
  ],
  "num_params": 235146,
  "dataset_type": "data",
  "top_r_vals": [
    [
      27.04589062874216,
      25.903750691960905,
      25.886191900437332,
      25.872158564641282,
      24.76186696689739,
      23.753594904583377,
      23.738014650237687,
      23.675902503448462,
      22.683515146101897,
      22.66985901654156,
      22.651118885492156,
      22.610526667324923,
      21.65577207905202,
      21.639471692781985,
      21.636697187871874,
      21.619430278823256,
      21.6097269882557,
      21.599727351744786,
      21.579687297171116,
      21.569456565199783,
      21.556628048376304,
      21.54382535986899,
      20.62711215609839,
      20.5823229035989,
      20.541663459833128,
      19.610366827068763,
      19.609532084495974,
      19.608930379362267,
      19.604794889570343,
      19.603537227200704,
      19.59841903455721,
      19.58871407327151,
      19.56419458907288,
      18.64223507061676,
      18.638571014639343,
      18.62936750615096,
      17.667915838787806,
      17.66757532670123,
      17.66398882194618,
      17.627045486121524,
      16.779777373693463,
      16.766094184355893,
      16.764500098073004,
      16.754377491928523,
      15.877000521609302,
      15.867527549710708,
      15.862635760953795,
      15.858550947557353,
      15.847016593054784,
      14.13955986786062
    ],
    [
      24.772938846117956,
      24.76186696689739,
      23.738014650237687,
      23.671313318121705,
      22.63823077073076,
      22.635177235083038,
      21.64325486140758,
      21.640735920888993,
      21.571102780509015,
      20.62711215609839,
      20.621287933994626,
      20.557433940235985,
      20.554567168991404,
      20.542342261519597,
      19.59158943468915,
      19.573412514440925,
      19.55185100281559,
      18.67257898652955,
      18.656131758930343,
      18.648380510632627,
      18.641243454699648,
      18.636808141897806,
      18.63296475112687,
      18.63287684191436,
      18.623267778925598,
      18.576053499070714,
      17.68757317868788,
      17.678814451127536,
      17.65668561663827,
      16.779237220035725,
      16.77912011641071,
      16.77840588979687,
      16.777891055841838,
      16.773276540023602,
      16.754377491928523,
      16.75026093026351,
      16.749938104054003,
      15.881385953302157,
      15.873543910566495,
      15.872065787381473,
      15.853552294489091,
      15.847016593054784,
      15.820395394746187,
      15.014775224817013,
      14.98975687558469,
      14.16189244057126,
      14.156144713931623,
      14.153442783538253,
      12.533440601247444,
      12.525008049039165
    ],
    [
      34.345412763741656,
      33.16645646032061,
      33.154747734629495,
      33.12527066866999,
      33.079519328347146,
      33.06473495234101,
      31.931214953296088,
      31.88983412764987,
      31.87762933969347,
      31.8410470462147,
      31.808379344767275,
      30.67684734696369,
      30.608749013968033,
      30.571290788703244,
      30.568957717119865,
      30.549767191899345,
      29.455446114543356,
      29.453725359619927,
      29.419445331161494,
      29.413239511792487,
      29.407699791103518,
      29.39807096462877,
      29.32354007315502,
      28.26874104347112,
      28.236859746281656,
      28.221723409762376,
      28.21188878595237,
      28.17244020826494,
      27.074562700621804,
      27.07341023415725,
      27.02354265275,
      26.96547332329809,
      25.858177409503547,
      24.81072680317589,
      24.800102792783555,
      24.7827716735977,
      24.77668253015603,
      23.729473334894482,
      23.724045683327915,
      23.71749460635464,
      23.70786865585781,
      23.68246700781704,
      23.680093342714674,
      23.672703799501594,
      22.662388327133716,
      22.625355479964156,
      22.622816328996237,
      21.597468053772907,
      21.596557265781836,
      19.58350093944913
    ],
    [
      29.39664255301491,
      27.04224257019926,
      27.023912054851635,
      27.01183413821053,
      27.00926194200973,
      25.962090298604558,
      25.945061466892014,
      25.877174430421974,
      24.842681541836853,
      24.82772553190734,
      24.81822353436343,
      24.807201591736952,
      23.767332621907435,
      23.75615058548869,
      23.74639782070292,
      23.716797873731885,
      23.67260085613763,
      23.658521486199845,
      23.657739713406862,
      23.64447046298547,
      22.682189999973858,
      22.660570169650516,
      22.655791094259722,
      22.640530540462645,
      22.639330784505866,
      22.61952483700079,
      21.61950912315681,
      21.612899792988774,
      21.605656989382172,
      21.571102780509015,
      21.569524534452846,
      20.603141647689117,
      20.59058899818167,
      19.606649325064396,
      19.595142947384538,
      19.58871407327151,
      19.531352339192825,
      18.642835197507495,
      18.64223507061676,
      18.63342422327759,
      18.62586168675606,
      18.614615168168942,
      18.610041544872757,
      18.609682875285714,
      18.605905123393452,
      17.6795600168073,
      17.656706759545607,
      16.751818091979953,
      15.862635760953795,
      15.851963312065193
    ],
    [
      31.783977786452084,
      30.691286960107732,
      29.437713087461496,
      29.372753663965046,
      28.260175918853058,
      28.25019925317542,
      28.238928230979013,
      28.225082699931818,
      28.205218144743817,
      28.176280665260975,
      28.17350197122547,
      27.10606231577712,
      27.04589062874216,
      27.010731038847116,
      27.00926194200973,
      26.97863391153662,
      25.962090298604558,
      25.933511604302726,
      25.927341241456773,
      24.841230259571155,
      24.807084552844557,
      24.804249090611467,
      24.80241236026015,
      24.800102792783555,
      24.794291421646502,
      24.71936780429092,
      23.75083035308452,
      23.72753382224013,
      23.72680575902834,
      23.705823215973872,
      23.68382914247352,
      23.6744075867718,
      23.658521486199845,
      22.62325234481901,
      22.608899444875227,
      21.620580318585112,
      21.588547769000662,
      21.57844617861015,
      21.569524534452846,
      20.59923594714578,
      20.59596629932774,
      20.59354774446392,
      20.58518967484348,
      20.581260656684957,
      20.567308950266458,
      19.57845795994735,
      19.5703250766237,
      18.642835197507495,
      18.62152131590373,
      17.67410959785284
    ],
    [
      31.931214953296088,
      31.90308922089271,
      31.783977786452084,
      30.626174804613512,
      30.583875118664135,
      30.573221207965464,
      29.46204419202394,
      29.453725359619927,
      29.43955225992804,
      29.392677415594584,
      29.359625969145995,
      29.356830204963952,
      28.26545099871215,
      28.238928230979013,
      28.209023091272943,
      28.17235143209767,
      27.103146252182167,
      27.083676888880646,
      27.07331149995497,
