{
  "test_loss_values": [
    4.19239681744366
  ],
  "log_exp_r_n_values": [
    11388.873575145457
  ],
  "log_exp_r_n_acc_values": [
    -Infinity
  ],
  "model_data_levels": [
    0
  ],
  "loss_landscape_data_param": 20,
  "train_loss_values": [
    1.4635848999023438
  ],
  "num_params": 4353,
  "dataset_type": "data",
  "top_r_vals": [
    [
      13.697676068523478,
      10.447203539954492,
      9.121923878359695,
      8.67660932827158,
      7.367159696281939,
      7.264336480034721,
      7.119273828980752,
      6.92631491750936,
      6.839003016372073,
      5.6521294213877304,
      5.518403894518198,
      5.408079821486553,
      5.184817584170338,
      5.166830604424633,
      5.027627487571043,
      4.604349132000807,
      4.3534844857262245,
      4.341098956476778,
      4.304307368084134,
      4.288145313119353,
      4.284279720917119,
      4.283239906809307,
      4.196011320587374,
      4.162581469664805,
      4.097440765642644,
      4.072012783586739,
      4.017245021626356,
      3.9088628712008195,
      3.657690458960494,
      3.574119662611566,
      3.5229529356527447,
      3.513810571336619,
      3.2264477560547102,
      3.1768660445801102,
      3.168837223528229,
      3.098211585212747,
      3.031172106711972,
      2.991129147170075,
      2.9743990928295347,
      2.77334291346057,
      2.6678317340014424,
      2.4820825051323494,
      2.479811570361624,
      2.2976705180665427,
      2.2250817290486706,
      2.2059258450669623,
      2.056487868467817,
      1.8129629002980228,
      1.7665457882264657,
      1.7000763823758693
    ]
  ],
  "top_r_val_seeds": [
    [
      49,
      36,
      7,
      28,
      50,
      23,
      17,
      34,
      20,
      10,
      39,
      2,
      37,
      12,
      47,
      44,
      35,
      14,
      43,
      27,
      24,
      46,
      5,
      13,
      22,
      3,
      15,
      38,
      6,
      40,
      32,
      25,
      42,
      4,
      48,
      31,
      33,
      26,
      29,
      9,
      16,
      21,
      8,
      11,
      18,
      19,
      1,
      41,
      45,
      30
    ]
  ],
  "test_acc_values": [
    0.72475
  ],
  "loss_predicts_minimas": true,
  "loss_ordering_violations": 0,
  "test_loss_ranks": [
    1
  ],
  "log_exp_r_n_ranks": [
    1
  ],
  "data_level_ranks": [
    1
  ],
  "accuracy_predicts_minimas": true,
  "accuracy_ordering_violations": 0,
  "log_exp_r_n_acc_ranks": [
    1
  ]
}