{
  "test_loss_values": [
    0.5208079701662064,
    0.5257817530632019,
    0.3692728832364082,
    0.5049176961183548,
    0.17535579204559326,
    0.23104109168052672,
    0.5418064892292023,
    0.4461737871170044
  ],
  "log_exp_r_n_values": [
    874754.6864034171,
    873713.0387798009,
    858044.5049472876,
    882794.061656829,
    840941.0928348785,
    849570.5459574221,
    874754.6864034171,
    858251.5194267352
  ],
  "log_exp_r_n_acc_values": [
    -Infinity,
    -Infinity,
    -Infinity,
    -Infinity,
    -Infinity,
    -Infinity,
    -Infinity,
    -Infinity
  ],
  "model_data_levels": [
    200,
    100,
    2000,
    500,
    10000,
    5000,
    0,
    1000
  ],
  "loss_landscape_data_param": 200,
  "train_loss_values": [
    0.0032382365316152573,
    0.06656087189912796,
    0.011480346322059631,
    0.0041111125610768795,
    0.07532795518636703,
    0.03724529966711998,
    0.13549809157848358,
    0.0060765971429646015
  ],
  "num_params": 235146,
  "dataset_type": "data",
  "top_r_vals": [
    [
      41.26711041639376,
      41.21038638803412,
      39.68020895363625,
      38.436318981054775,
      37.00598303511488,
      36.99126185433094,
      35.718118690480516,
      35.70204484989233,
      35.67842284342469,
      34.442191711011176,
      34.38735146205963,
      34.34738912544106,
      33.16645646032061,
      33.15267646334689,
      33.14281812890221,
      33.118875566490594,
      33.079519328347146,
      31.931214953296088,
      31.912758443606073,
      31.863472266719903,
      31.85132560634615,
      31.802213812207924,
      30.596014411849005,
      30.57020613197208,
      30.569090650182833,
      30.568957717119865,
      30.549767191899345,
      29.399628895430407,
      29.39807096462877,
      29.396553739857573,
      29.379923476145997,
      28.27178251496174,
      28.236859746281656,
      28.230904640981286,
      28.155595818287413,
      27.037470984526955,
      26.96547332329809,
      25.934891130456972,
      25.92979373239766,
      24.818314044440214,
      24.81822353436343,
      24.807813315014535,
      24.800102792783555,
      24.768692675101867,
      23.72028004491285,
      23.68727550726702,
      23.68246700781704,
      22.683515146101897,
      22.637207700924385,
      22.61195440541126
    ],
    [
      41.084710040022266,
      39.85637388313417,
      38.4172924235657,
      37.00598303511488,
      35.73989354233282,
      35.718118690480516,
      35.71547379877462,
      35.65835357594348,
      34.442191711011176,
      34.391990392094485,
      34.38735146205963,
      34.369235173930015,
      33.195695976052534,
      33.15267646334689,
      33.079519328347146,
      33.063488855533166,
      31.912758443606073,
      31.90308922089271,
      31.880351314080855,
      30.626174804613512,
      30.61449981386596,
      30.61185849170179,
      30.596014411849005,
      30.549767191899345,
      29.379923476145997,
      29.359625969145995,
      29.358554660435605,
      29.35842699152193,
      29.356830204963952,
      28.236859746281656,
      28.21039379529557,
      28.208937866152368,
      28.200241352806746,
      28.125147368437663,
      27.10606231577712,
      27.066869944413046,
      26.99466630321046,
      24.818314044440214,
      24.814665552034622,
      24.800102792783555,
      23.72870946529523,
      23.72744729013709,
      23.71749460635464,
      23.68727550726702,
      23.680093342714674,
      22.65433770818381,
      22.637207700924385,
      22.618223913974017,
      22.61195440541126,
      21.640735920888993
    ],
    [
      38.436318981054775,
      35.77137157378247,
      35.613262329579356,
      34.411407658735975,
      34.36357234566534,
      33.06590811706145,
      31.857320764956366,
      30.691286960107732,
      30.65151300235473,
      30.642398417993896,
      30.608749013968033,
      30.604620382751534,
      30.596014411849005,
      30.58849695080991,
      30.569054045426363,
      29.45887467247143,
      29.449948950158944,
      28.25019925317542,
      28.225082699931818,
      28.221723409762376,
      28.192979462324182,
      28.170819155450616,
      28.155595818287413,
      27.05097203553197,
      27.023912054851635,
      27.010848498501556,
      25.964883594470074,
      25.932810426706595,
      25.907166894435075,
      25.857322951223612,
      24.81231853211246,
      24.794291421646502,
      24.785368376490307,
      24.76430917845203,
      24.760855750867098,
      24.71936780429092,
      23.724045683327915,
      23.705823215973872,
      23.673567628599187,
      22.661182871623694,
      22.65433770818381,
      21.620580318585112,
      21.61950912315681,
      21.60364509949145,
      21.57844617861015,
      21.576283396977626,
      20.59354774446392,
      20.58039272323088,
      20.567308950266458,
      19.62878541577233
    ],
    [
      42.702381498057875,
      39.80158899367505,
      39.68020895363625,
      38.436318981054775,
      36.99126185433094,
      35.67842284342469,
      35.672544307568586,
      35.655744638585325,
      34.442191711011176,
      34.40747441754449,
      34.404926577763334,
      34.36404208333103,
      33.16645646032061,
      33.15267646334689,
      33.106422933507844,
      33.10195740598407,
      31.912758443606073,
      31.85132560634615,
      31.832093394087714,
      30.642398417993896,
      30.626174804613512,
      30.61185849170179,
      30.57020613197208,
      30.56729509054971,
      30.549767191899345,
      29.475911996487476,
      29.39807096462877,
      29.396553739857573,
      29.379923476145997,
      28.27178251496174,
      28.236859746281656,
      28.1724739432085,
      28.17235143209767,
      28.155595818287413,
      27.066869944413046,
      27.037470984526955,
      26.96547332329809,
      25.92979373239766,
      25.922633567689264,
      24.819543733069647,
      24.818314044440214,
      24.81822353436343,
      24.768692675101867,
      24.76430917845203,
      23.72028004491285,
      23.71012296633529,
      23.68727550726702,
      23.68246700781704,
      22.683515146101897,
      21.596557265781836
    ],
    [
      35.73989354233282,
      34.411407658735975,
      30.65151300235473,
      30.604620382751534,
      30.53263231273949,
      29.453725359619927,
      29.372352154482915,
      28.221723409762376,
      28.209023091272943,
      28.186099309360873,
      27.085368988830083,
      27.02799590573564,
      27.012792540898193,
      27.010816154538738,
      25.97710528303519,
      25.964883594470074,
      25.962090298604558,
      25.954224064363313,
      25.9169899033632,
      25.896466598189008,
      25.873678326314757,
      24.820342718575063,
      24.797744849231435,
      24.759509023345274,
      24.745311425438477,
      23.703343623641924,
      23.689934131536297,
      23.658521486199845,
      23.63293633042332,
      22.65793412627754,
      22.651118885492156,
      22.640530540462645,
      22.639330784505866,
      21.614286365751298,
      21.60364509949145,
      21.590809785742664,
      21.570337446719503,
      21.569456565199783,
      20.60163247981748,
      20.557433940235985,
      19.610503690326635,
      19.60123521186334,
      19.58871407327151,
      19.576260749807457,
      19.5703250766237,
      18.659614135868573,
      18.641311437823987,
      18.641243454699648,
      17.692192347548634,
      17.66398882194618
    ],
    [
      37.075849782426886,
      33.17070944290391,
      33.12511438562553,
      31.88983412764987,
      31.8410470462147,
      30.583875118664135,
      30.583457053813934,
      30.53263231273949,
      29.39664255301491,
      29.3844122411398,
      29.36066767347061,
      29.35851950522749,
      28.25019925317542,
      28.24003438202318,
      28.219633618784876,
      28.190358789866416,
      27.10606231577712,
      27.103146252182167,
      27.058067279585543,
