{
  "test_loss_values": [
    0.5272684580087662,
    0.5372755736112594,
    0.35973994731903075,
    0.5068882033228874,
    0.17222663760185242,
    0.22708712220191957,
    0.5525336116552353,
    0.4392503917217255
  ],
  "log_exp_r_n_values": [
    874298.5194047195,
    866119.3219412691,
    857795.3524280376,
    866119.3219412691,
    817392.7988920923,
    831989.6107630354,
    859224.0899857624,
    866119.3219412691
  ],
  "log_exp_r_n_acc_values": [
    -Infinity,
    -Infinity,
    -Infinity,
    -Infinity,
    -Infinity,
    -Infinity,
    -Infinity,
    -Infinity
  ],
  "model_data_levels": [
    200,
    100,
    2000,
    500,
    10000,
    5000,
    0,
    1000
  ],
  "loss_landscape_data_param": 100,
  "train_loss_values": [
    0.002720973687246442,
    0.0026379732880741358,
    0.01119264680892229,
    0.0038538905791938305,
    0.07471808791160583,
    0.03532800078392029,
    0.07407432049512863,
    0.005584217607975006
  ],
  "num_params": 235146,
  "dataset_type": "data",
  "top_r_vals": [
    [
      41.18713267319539,
      38.46523944510555,
      38.425397983557865,
      38.390435808123534,
      37.118985289826085,
      37.11067242669457,
      37.05749667770608,
      36.986427059565166,
      36.96643982218726,
      35.71547379877462,
      35.67842284342469,
      34.48473002837705,
      34.45877323414092,
      34.42685921384042,
      34.40747441754449,
      34.36357234566534,
      34.347430254545436,
      34.30646566659409,
      33.17650858574042,
      33.0926491878559,
      33.06590811706145,
      31.83542871469199,
      31.827230721139408,
      31.803943608891515,
      30.626930018536456,
      30.517738029988777,
      29.427806719870063,
      29.402165621236882,
      29.395314056203063,
      29.37066285421938,
      29.359625969145995,
      28.236859746281656,
      28.21188878595237,
      28.189815479722732,
      28.186099309360873,
      28.176280665260975,
      27.061288057356503,
      27.047204815020798,
      25.945061466892014,
      25.94344060519305,
      25.907166894435075,
      25.88175491383484,
      25.87364734404888,
      25.857322951223612,
      24.818314044440214,
      24.800102792783555,
      23.729473334894482,
      23.724045683327915,
      22.65433770818381,
      19.610503690326635
    ],
    [
      39.77913021855287,
      38.425397983557865,
      38.390435808123534,
      37.118985289826085,
      37.11067242669457,
      37.05749667770608,
      37.05051722952443,
      37.012081310480006,
      36.986427059565166,
      36.96643982218726,
      35.76678514729841,
      35.65578733437327,
      35.613262329579356,
      34.48473002837705,
      34.45877323414092,
      34.36357234566534,
      34.34990233018697,
      33.17650858574042,
      33.13998836391048,
      33.12132816840169,
      33.09611658766904,
      33.007985453235875,
      31.827230721139408,
      31.803943608891515,
      30.61449981386596,
      30.596014411849005,
      30.58790742157414,
      30.573221207965464,
      29.395314056203063,
      29.37066285421938,
      29.359625969145995,
      28.238928230979013,
      28.236859746281656,
      28.2257787050832,
      28.225082699931818,
      28.21188878595237,
      28.186099309360873,
      27.047204815020798,
      25.94344060519305,
      25.91457654791605,
      25.88175491383484,
      25.87364734404888,
      25.857322951223612,
      23.738014650237687,
      23.729473334894482,
      23.72753382224013,
      23.724045683327915,
      23.703343623641924,
      22.65433770818381,
      20.603285439649422
    ],
    [
      38.395614763121515,
      35.77346142024508,
      35.72220175609617,
      35.71547379877462,
      34.468505679048405,
      34.45435510245583,
      34.42685921384042,
      34.345412763741656,
      34.3268527142228,
      33.13210336337388,
      33.10195740598407,
      33.08451830199601,
      31.931214953296088,
      31.85967994305206,
      30.668185505643393,
      30.61449981386596,
      30.57020613197208,
      30.569090650182833,
      29.45887467247143,
      29.379923476145997,
      29.372352154482915,
      29.36066767347061,
      28.200241352806746,
      28.189815479722732,
      28.13887393942072,
      28.125147368437663,
      27.061288057356503,
      27.048638163267704,
      27.047204815020798,
      27.034638334309786,
      27.021988440220987,
      27.010731038847116,
      25.934710128798436,
      25.857322951223612,
      24.817552511380367,
      24.807813315014535,
      24.800102792783555,
      24.76430917845203,
      23.684152891893515,
      23.680093342714674,
      23.672675452778183,
      22.671275355521423,
      22.661265515145658,
      22.637207700924385,
      21.627707574461503,
      21.6212763237365,
      21.616330880883492,
      21.597468053772907,
      20.59596629932774,
      16.779237220035725
    ],
    [
      39.77913021855287,
      39.7737646494239,
      38.48103731203126,
      37.11067242669457,
      37.10374659484832,
      36.986427059565166,
      36.96643982218726,
      35.77137157378247,
      35.72973868624195,
      35.72220175609617,
      35.67842284342469,
      35.672544307568586,
      34.404926577763334,
      34.347430254545436,
      33.195695976052534,
      33.13998836391048,
      33.12132816840169,
      33.0926491878559,
      33.06590811706145,
      33.02409510945905,
      31.83542871469199,
      30.591340562417727,
      30.568957717119865,
      30.517738029988777,
      29.45887467247143,
      29.414103589802423,
      29.402165621236882,
      29.395314056203063,
      29.376626287679816,
      29.37066285421938,
      28.238928230979013,
      28.21188878595237,
      28.186099309360873,
      28.176280665260975,
      28.17350197122547,
      27.061288057356503,
      25.932810426706595,
      25.91457654791605,
      25.908504023804444,
      25.88175491383484,
      25.87364734404888,
      24.829276687361215,
      24.82772553190734,
      24.79301179642298,
      24.745311425438477,
      23.72753382224013,
      23.724045683327915,
      22.66311786994829,
      22.65433770818381,
      19.610503690326635
    ],
    [
      32.33415951759051,
      32.15250894007824,
      31.60867103384221,
      31.284185833575062,
      31.09723605269527,
      30.863498541298892,
      29.69350532119591,
      29.615266786072695,
      29.479525015452175,
      29.388014044493886,
      29.16718422042166,
      28.98848678880175,
      27.48347232470247,
      27.02338849823688,
      26.850552170506372,
      26.565860762842657,
      26.13422623817198,
      26.13179693668581,
      25.974500761825137,
      25.906509026369154,
      25.72625160300421,
      25.711765874181708,
      25.40144793518782,
      24.752341816789812,
      24.647007959150823,
      24.346973349726102,
      24.34610952919887,
      24.131598580271433,
      23.95707947530864,
      23.538905908653586,
      23.493197300818398,
      23.301832704121193,
      23.090740041809397,
      22.89064876454634,
      22.86993838601455,
      22.67311193161067,
      22.456291681178342,
      22.414032252645892,
      21.817219510473308,
      20.83770038365408,
      20.637489497878327,
      20.198241857249986,
      19.60240159235416,
      19.239137064624757,
      18.684008898729964,
      18.676770326284583,
      18.122947608267463,
      18.112282906135565,
      17.93451108766424,
      15.065004921400378
    ],
    [
      34.404926577763334,
      33.18007809047594,
      33.17264735265524,
      33.04372009229566,
      31.863321936764784,
      31.845342474132348,
      31.8410470462147,
      30.691286960107732,
      30.63978214118941,
      30.61449981386596,
      30.58849695080991,
      30.583457053813934,
      30.569090650182833,
      29.449948950158944,
      29.356830204963952,
      28.230904640981286,
      28.221723409762376,
      28.19728688196005,
      27.103146252182167,
      27.030508520952306,
