{
  "test_loss_values": [
    0.10949854552745819,
    0.07020263373851776
  ],
  "log_exp_r_n_values": [
    702552.2712272264,
    678429.4452231164
  ],
  "log_exp_r_n_acc_values": [
    -Infinity,
    -Infinity
  ],
  "model_data_levels": [
    19940,
    59940
  ],
  "loss_landscape_data_param": 19940,
  "train_loss_values": [
    0.00698053278028965,
    0.022898951545357704
  ],
  "num_params": 235146,
  "dataset_type": "data",
  "top_r_vals": [
    [
      19.841076434722865,
      19.832166211116856,
      19.816571451573825,
      19.792375349533856,
      19.78862393864466,
      19.787491789740848,
      19.778960194591118,
      19.778313786141087,
      19.777524146531608,
      19.74365682750804,
      19.74277502176118,
      17.918326831012344,
      17.90417275274546,
      17.899509055895926,
      17.89595592363722,
      17.890280578881065,
      17.88983882596184,
      17.887675023494896,
      17.88660829698002,
      17.886153055422042,
      17.882704460113686,
      17.881587151203483,
      17.8809037268399,
      17.880703645365035,
      17.88057887545655,
      17.877936226313803,
      17.877927233887966,
      17.877231444938857,
      17.876328830195504,
      17.87525985557417,
      17.87477988484514,
      17.87274647255283,
      17.872544142971503,
      17.872357550135394,
      17.871842733756246,
      17.87177866272216,
      17.870845698541608,
      17.87041068994176,
      17.870227469265338,
      17.869265279700816,
      17.868191808866566,
      17.86699356812383,
      17.866530458193246,
      17.86520295132911,
      17.8646971273758,
      17.86356520577361,
      17.862538945175,
      17.862453517129552,
      17.86192521211165,
      17.860940541482538
    ],
    [
      17.906571482337384,
      17.90417275274546,
      17.89595592363722,
      17.880703645365035,
      17.871842733756246,
      17.870845698541608,
      17.859233104626803,
      17.858211340241116,
      17.831338599681516,
      17.82320719861873,
      17.818650286826006,
      17.81785445713946,
      16.085090069731404,
      16.077446046939567,
      16.064933335485538,
      16.064054631004648,
      16.061174376936982,
      16.05665071345558,
      16.056254237151343,
      16.054245625645663,
      16.05335481501808,
      16.052149244576448,
      16.051422875774794,
      16.049851094395663,
      16.048848301911157,
      16.048234923811982,
      16.04798271242252,
      16.045571571539256,
      16.045563500774794,
      16.044939025374482,
      16.04412892239153,
      16.04302524535124,
      16.040913731598657,
      16.040732139398244,
      16.04056467103564,
      16.04004511557335,
      16.038817350529442,
      16.03865290870351,
      16.03778933690599,
      16.036825889398244,
      16.035750460033576,
      16.03533481566374,
      16.03414336905992,
      16.033689388558884,
      16.032673481082128,
      16.03182403312242,
      16.03175240508781,
      16.031675732825413,
      16.031201575413224,
      16.030317826704547
    ]
  ],
  "top_r_val_seeds": [
    [
      140,
      31,
      348,
      470,
      33,
      498,
      385,
      486,
      82,
      488,
      42,
      267,
      128,
      471,
      88,
      449,
      119,
      202,
      285,
      391,
      79,
      459,
      414,
      249,
      122,
      205,
      422,
      346,
      208,
      52,
      404,
      217,
      438,
      75,
      18,
      40,
      194,
      428,
      138,
      452,
      223,
      41,
      49,
      463,
      234,
      364,
      15,
      231,
      416,
      403
    ],
    [
      140,
      128,
      88,
      249,
      18,
      194,
      33,
      498,
      143,
      481,
      488,
      42,
      384,
      173,
      471,
      31,
      435,
      449,
      119,
      170,
      285,
      35,
      348,
      79,
      459,
      414,
      85,
      205,
      422,
      346,
      208,
      389,
      217,
      438,
      75,
      40,
      428,
      138,
      452,
      223,
      41,
      49,
      463,
      234,
      364,
      470,
      15,
      231,
      416,
      403
    ]
  ],
  "loss_predicts_minimas": true,
  "loss_ordering_violations": 1,
  "test_loss_ranks": [
    1,
    2
  ],
  "log_exp_r_n_ranks": [
    1,
    2
  ],
  "data_level_ranks": [
    2,
    1
  ],
  "accuracy_predicts_minimas": true,
  "accuracy_ordering_violations": 1,
  "log_exp_r_n_acc_ranks": [
    1,
    2
  ]
}