{
  "test_loss_values": [
    0.0064618358155712485
  ],
  "log_exp_r_n_values": [
    7617.507310147565
  ],
  "log_exp_r_n_acc_values": [
    -Infinity
  ],
  "model_data_levels": [
    780
  ],
  "loss_landscape_data_param": 780,
  "train_loss_values": [
    0.00026110271573998034
  ],
  "num_params": 4353,
  "dataset_type": "data",
  "top_r_vals": [
    [
      5.762502882994141,
      5.2906088235974025,
      4.9568797340077815,
      4.922135471312469,
      4.890444227486603,
      4.886177945728146,
      4.8848982881908585,
      4.580630153457118,
      4.5680435253836515,
      4.564276851034813,
      4.558635259012753,
      4.5340561039191645,
      4.523584349303086,
      4.49787908592415,
      4.490993512599959,
      4.301242421639354,
      4.25060748226873,
      4.2465474821817955,
      4.239952718709248,
      4.211425683946224,
      4.205345657452943,
      4.199027723225389,
      4.180878622776854,
      4.172324647758461,
      4.1610802233115765,
      4.152873136257472,
      4.146249181651885,
      4.142277241482953,
      4.141394696227387,
      3.9512570664026634,
      3.9371686502812215,
      3.922185724431819,
      3.9103580191115705,
      3.9085174364382467,
      3.902336127611341,
      3.888557539170111,
      3.8874984755222686,
      3.878960055096419,
      3.871304038251837,
      3.864516525338614,
      3.854034395804638,
      3.8528421645431594,
      3.8397173080234164,
      3.8296862445477506,
      3.8273681416437104,
      3.8200936926078977,
      3.8106369985365016,
      3.80020553546832,
      3.7822458426595507,
      3.6006947059969976
    ]
  ],
  "top_r_val_seeds": [
    [
      93,
      145,
      238,
      467,
      338,
      284,
      108,
      364,
      422,
      188,
      304,
      423,
      116,
      399,
      260,
      283,
      97,
      157,
      254,
      341,
      178,
      165,
      240,
      289,
      326,
      177,
      300,
      199,
      274,
      185,
      384,
      352,
      237,
      456,
      103,
      344,
      120,
      335,
      190,
      125,
      446,
      270,
      148,
      36,
      451,
      205,
      206,
      459,
      50,
      380
    ]
  ],
  "loss_predicts_minimas": true,
  "loss_ordering_violations": 0,
  "test_loss_ranks": [
    1
  ],
  "log_exp_r_n_ranks": [
    1
  ],
  "data_level_ranks": [
    1
  ],
  "accuracy_predicts_minimas": true,
  "accuracy_ordering_violations": 0,
  "log_exp_r_n_acc_ranks": [
    1
  ]
}