{
  "test_loss_values": [
    0.49766533374786376,
    0.17252255976200104,
    0.7653172066807747,
    0.31109281778335574,
    0.09562090784311295
  ],
  "log_exp_r_n_values": [
    746653.7026412684,
    626056.3451589722,
    825408.4724605031,
    702034.2682738792,
    625313.4939613261
  ],
  "log_exp_r_n_acc_values": [
    -Infinity,
    -Infinity,
    -Infinity,
    -Infinity,
    -Infinity
  ],
  "model_data_levels": [
    1940,
    19940,
    540,
    5940,
    59940
  ],
  "loss_landscape_data_param": 540,
  "train_loss_values": [
    0.00014990990166552365,
    0.0007293644011951983,
    0.00010365295747760683,
    0.0003267778374720365,
    0.0019638920202851295
  ],
  "num_params": 235146,
  "dataset_type": "data",
  "top_r_vals": [
    [
      23.933848439911266,
      23.919545114776238,
      23.901252652391978,
      21.86856639571317,
      21.86496324775633,
      21.825174827330482,
      21.79959027979547,
      21.798019395167948,
      21.797626674011067,
      21.79034760109978,
      19.826720936081145,
      19.825926314518295,
      19.8209069964959,
      19.810552006411978,
      19.80740465736915,
      19.8046994566881,
      19.80259582687673,
      19.802524834041176,
      19.797222790164913,
      19.796709648967585,
      19.79080977068667,
      19.788717350270385,
      19.78862393864466,
      19.777480554439602,
      19.770875729756536,
      19.748221542285233,
      17.885265053370674,
      17.883644168613618,
      17.876559261107566,
      17.862538945175,
      17.86023688416082,
      17.858774490909134,
      17.858562044848743,
      17.849144726891314,
      17.8404007168184,
      17.8148768401343,
      16.051001178331614,
      16.04231602692407,
      16.036679606792354,
      16.02560147372159,
      16.015857034478305,
      16.01524870060692,
      15.99164776762655,
      14.325309800902216,
      14.313821220261728,
      14.294278844937104,
      14.291807814746866,
      14.282336732171387,
      12.67833001734517,
      12.655214550811143
    ],
    [
      14.331101334152171,
      14.324805876318628,
      14.320605304968288,
      14.307324192594749,
      14.30349346589415,
      14.28589929900429,
      14.282538302004822,
      14.26809006430108,
      12.692586375114786,
      12.688592841291706,
      12.6820302137537,
      12.676738980716255,
      12.675410194112848,
      12.673661329201103,
      12.669489242169169,
      12.667063628711357,
      12.664779104173045,
      12.66471932073258,
      12.662203633557802,
      12.659871282267117,
      12.659225621110092,
      12.657587554841344,
      12.657565235690237,
      12.653497570400981,
      12.651481672788492,
      12.651364497245181,
      12.649272076828897,
      12.64198487399245,
      11.147325864289199,
      11.14652859606362,
      11.143435503606735,
      11.140143444387054,
      11.13658306027247,
      11.135649177544265,
      11.131726589850924,
      11.130815125912894,
      11.130682714933426,
      11.122122940609936,
      11.12143846692242,
      11.121117597988048,
      11.103455094266529,
      9.707643457340135,
      9.7068464195299,
      9.697496787636469,
      9.69438980487084,
      9.688236868268389,
      9.673959760662978,
      8.377084278036243,
      8.368804751044818,
      8.35441898080892
    ],
    [
      33.45537003010296,
      30.987759704870083,
      30.864220883770635,
      28.466235508494034,
      26.232361957669543,
      26.219787550950443,
      26.1952926593707,
      26.18893298104447,
      26.15910294362203,
      26.14962190025353,
      23.99033233265818,
      23.97076792775849,
      23.963686342592595,
      23.961055049189817,
      23.954639576099538,
      23.954018675250772,
      23.946879822530867,
      23.94434799382716,
      23.94362009307485,
      23.923449857735342,
      23.923018844039355,
      23.922759633005402,
      23.915030020254633,
      23.884765625000004,
      21.852549963636726,
      21.848758694006833,
      21.846778610411647,
      21.842197779015297,
      21.83537459220221,
      21.818184116107815,
      21.816957892355735,
      21.816138121269518,
      21.812377060959385,
      21.80467231126966,
      21.80463386304451,
      21.798532953603868,
      21.772414250369465,
      19.81605083744644,
      19.807821895964064,
      19.79836988492884,
      19.7922869198615,
      19.772663005528777,
      19.7677570269456,
      19.74277502176118,
      17.855685592634245,
      17.85239661288449,
      17.845829893917276,
      16.06020891173812,
      16.012031492122933,
      14.312645996143575
    ],
    [
      19.797222790164913,
      17.84917620038174,
      17.84501607937906,
      17.84340868326076,
      17.82717398246592,
      16.06670184174845,
      16.064054631004648,
      16.059000314759814,
      16.054934667161675,
      16.050694489282026,
      16.046547125193698,
      16.04399777246901,
      16.04004511557335,
      16.034822322120352,
      16.030555914256198,
      16.02886105371901,
      16.02878539030217,
      16.02183242671746,
      16.014871392368285,
      16.012257473527892,
      16.01188319182593,
      16.00923497223657,
      15.996059449251034,
      14.324805876318628,
      14.309349789447708,
      14.308895357457152,
      14.307375484918436,
      14.304322241861087,
      14.303122721379081,
      14.299927299599933,
      14.298084375408525,
      14.29691365061701,
      14.296743576070048,
      14.294440820696115,
      14.289204504353433,
      14.284457714749097,
      14.282336732171387,
      14.261771209969012,
      12.683179650035711,
      12.68227253596572,
      12.679371046321805,
      12.677006013417,
      12.662060153300684,
      12.659871282267117,
      12.654504323538417,
      12.654023664677075,
      11.152922855373696,
      11.122747163798856,
      11.10531094974066,
      9.7068464195299
    ],
    [
      14.28589929900429,
      11.15559349375323,
      11.135649177544265,
      11.111119518157427,
      9.715093258679762,
      9.714703894113965,
      9.712244428282991,
      9.710559419558594,
      9.707170483141871,
      9.705628282110885,
      9.704610929867652,
      9.703271955169598,
      9.703237168680177,
      9.700639167180809,
      9.700077701035772,
      9.698220590732136,
      9.697496787636469,
      9.696425729935884,
      9.696176731906347,
      9.692219616162417,
      9.690965471675407,
      9.690948383575341,
      9.688008620074646,
      9.687834077338254,
      9.686427360529223,
      9.676628555719764,
      8.380471022393484,
      8.377084278036243,
      8.372121508298342,
      8.37036604229838,
      8.364811276382435,
      8.360733080489238,
      8.360379461438885,
      8.359032867465894,
      8.358938148077407,
      8.357493151184153,
      8.35395011983591,
      8.353194995822136,
      8.35195469805178,
      8.351877343884516,
      8.350496019469077,
      8.341322446694097,
      8.339928493026862,
      7.133778301480717,
      7.131560634756658,
      7.130815882547062,
      7.129691804407714,
      7.124305017504592,
      7.118558184831268,
      7.117888311380855
    ]
  ],