{
  "test_loss_values": [
    0.5454906404018403,
    0.1132461428642273,
    0.7670240217447281,
    0.25283616185188296,
    0.06339044123888016
  ],
  "log_exp_r_n_values": [
    747053.7458778834,
    677257.7502261138,
    807172.7578320102,
    702137.4497672243,
    597799.2006996941
  ],
  "log_exp_r_n_acc_values": [
    -Infinity,
    -Infinity,
    -Infinity,
    -Infinity,
    -Infinity
  ],
  "model_data_levels": [
    1940,
    19940,
    540,
    5940,
    59940
  ],
  "loss_landscape_data_param": 540,
  "train_loss_values": [
    0.0010529945138841867,
    0.007512342184782028,
    0.0005359083879739046,
    0.0021466631442308426,
    0.03143122047185898
  ],
  "num_params": 235146,
  "dataset_type": "data",
  "top_r_vals": [
    [
      23.97483543113426,
      23.9644473982446,
      23.946879822530867,
      23.94625289351852,
      23.944026994116513,
      23.88644145447531,
      21.892427638870956,
      21.86211807909529,
      21.861818732199485,
      21.85488569331454,
      21.852820474363668,
      21.851954016146912,
      21.847202914039187,
      21.843186447661992,
      21.842781368147026,
      21.839793391792572,
      21.836565114030936,
      21.836231438362677,
      21.8306125048873,
      21.823584718590382,
      21.820194409022758,
      21.819550401251508,
      21.814282994406067,
      21.812624228121056,
      21.81045739600372,
      21.808414147467218,
      21.807999455895967,
      21.80749413636543,
      21.806166299446886,
      21.806016625998986,
      21.806007013942697,
      21.79653364589611,
      21.79567817288654,
      21.79099984777642,
      21.78677878191539,
      21.785232614004034,
      21.779907534820868,
      21.77891337357058,
      21.772724582472456,
      21.772414250369465,
      21.766059308012657,
      19.848698823382186,
      19.847048551327678,
      19.841076434722865,
      19.840544611200393,
      19.835434372528958,
      19.828634006176035,
      19.8273187704858,
      19.826720936081145,
      19.824313407114076
    ],
    [
      17.81756782356592,
      16.084232551007233,
      16.06174437467717,
      16.03920777376033,
      16.03384676846591,
      16.031163239282026,
      16.028646169615186,
      16.02318327091942,
      16.006612982631715,
      14.333257411477668,
      14.32523781167599,
      14.324805876318628,
      14.3232824043186,
      14.32229705178462,
      14.322135975890937,
      14.320782578437871,
      14.320214763416006,
      14.318084782185018,
      14.317101229381691,
      14.31682317099539,
      14.316427230251142,
      14.31609967927181,
      14.315552561152485,
      14.315027939666356,
      14.314469123297771,
      14.314203663026058,
      14.313577356757884,
      14.313123824632655,
      14.313123824632655,
      14.311325893707638,
      14.310695088112825,
      14.310129972686942,
      14.308556108228558,
      14.30675007851559,
      14.306200260800281,
      14.304452722333624,
      14.303929900578149,
      14.303122721379081,
      14.302397429924845,
      14.301623545742904,
      14.300410527280981,
      14.299110221882257,
      14.298979741409722,
      14.29886005932112,
      14.29789900315099,
      14.297305991899945,
      14.297138616948969,
      14.29677237176054,
      14.295391078482309,
      14.294812465076511
    ],
    [
      30.95923996789032,
      30.94582566922082,
      30.92233069927495,
      28.582126305670343,
      28.554212221648303,
      28.545156823921033,
      28.537554163797065,
      28.53512217343894,
      28.53043216253444,
      28.52987617653811,
      28.52544443009642,
      28.52122790404041,
      28.50581633092287,
      28.501856275826448,
      28.495668689738295,
      28.495370968204778,
      28.493979209710748,
      28.48152332988981,
      28.48131528351699,
      28.468941904843895,
      28.444465966483016,
      28.42683941689624,
      26.24772170913085,
      26.239823584920988,
      26.22803981420204,
      26.218772901416916,
      26.21753588550834,
      26.216750190983188,
      26.213473993057555,
      26.204902181089228,
      26.201431618480225,
      26.195009348137315,
      26.189796092011306,
      26.188529427252725,
      26.187788206002583,
      26.186834501327397,
      26.178404344975768,
      26.175174267483474,
      26.17433751104998,
      26.173564993791498,
      26.17334592173312,
      26.170194907840845,
      26.169811119949102,
      26.16724649442361,
      26.16642291525678,
      26.165937003548354,
      26.16555321565661,
      26.165256727156553,
      26.164382086081385,
      26.16265751130605
    ],
    [
      19.806105613027377,
      19.79155955466917,
      19.78845206125332,
      19.782727796828773,
      19.777524146531608,
      19.742457422233706,
      19.740860706177948,
      17.921012194177813,
      17.89415519036343,
      17.89361564481323,
      17.890825744697413,
      17.890280578881065,
      17.88399150106156,
      17.883644168613618,
      17.882740429817034,
      17.882704460113686,
      17.88205700545345,
      17.881052101866203,
      17.880703645365035,
      17.880372049662306,
      17.875283460691993,
      17.874308906541945,
      17.870845698541608,
      17.86753873394018,
      17.86487247967961,
      17.863142561759286,
      17.861500319990867,
      17.86120581804472,
      17.85926457811723,
      17.85762683256173,
      17.855685592634245,
      17.855144923030817,
      17.85223924543235,
      17.851899781357016,
      17.85055091748152,
      17.8502766484935,
      17.850268780120892,
      17.84992819199233,
      17.84321534610527,
      17.842513936890015,
      17.841498916823703,
      17.835701050265524,
      17.8348984762596,
      17.83452866274707,
      17.83326297881056,
      17.828903900386244,
      17.82717398246592,
      17.823023977942306,
      17.82276994191242,
      17.814493537983015
    ],
    [
      12.70852942301806,
      12.676101290684626,
      12.662203633557802,
      12.63517275022957,
      11.153989149081369,
      11.150451884344152,
      11.143435503606735,
      11.141544618772958,
      11.138338731778008,
      11.137300461558054,
      11.13461581143466,
      11.131582268889177,
      11.130990272711133,
      11.1307051337236,
      11.127210604805155,
      11.124780968419996,
      11.12004780134441,
      11.11913143329603,
      11.118428744341498,
      11.108374617535441,
      9.728509858388975,
      9.722828065116925,
      9.722403303772419,
      9.720825095673437,
      9.71703275803729,
      9.715435020681088,
      9.715387418116618,
      9.715386197538042,
      9.715093258679762,
      9.714576953942045,
      9.713913569485898,
      9.713869628657156,
      9.713391772144588,
      9.712016180089249,
      9.711979562731964,
      9.710685749441229,
      9.71053500798707,
      9.709679382405179,
      9.709606757979898,
      9.709410855118422,
      9.70918870981756,
      9.708817653930407,
      9.708461855275454,
      9.70839350287519,
      9.708038924798812,
      9.707273011742268,
      9.707170483141871,
      9.706184255652328,
      9.705951125144281,
      9.704072654715562
    ]
  ],