{
  "test_loss_values": [
    0.5052196341753006,
    0.5005288523435593,
    0.33626512736082076,
    0.48108910396695137,
    0.176982119679451,
    0.22890835404396057,
    0.5317768275737762,
    0.41074825525283815
  ],
  "log_exp_r_n_values": [
    897709.8583391823,
    897709.8583391823,
    882794.061656829,
    890712.0523172977,
    874754.6864034171,
    882794.061656829,
    897709.8583391823,
    889936.2598659438
  ],
  "log_exp_r_n_acc_values": [
    -Infinity,
    -Infinity,
    -Infinity,
    -Infinity,
    -Infinity,
    -Infinity,
    -Infinity,
    -Infinity
  ],
  "model_data_levels": [
    200,
    100,
    2000,
    500,
    10000,
    5000,
    0,
    1000
  ],
  "loss_landscape_data_param": 500,
  "train_loss_values": [
    0.06517792493104935,
    0.11896384507417679,
    0.009816941805183887,
    0.003643072210252285,
    0.06875630468130112,
    0.03139535337686539,
    0.18022094666957855,
    0.0053513795137405396
  ],
  "num_params": 235146,
  "dataset_type": "data",
  "top_r_vals": [
    [
      45.49883666616122,
      44.040178157492086,
      42.643684606642914,
      41.26952133666132,
      41.261819353742055,
      41.22904120765278,
      41.216437020189474,
      41.20262478020501,
      41.18700823860094,
      39.85637388313417,
      39.79703965204774,
      39.75281063727257,
      38.436318981054775,
      38.40282856651348,
      38.39951529199074,
      38.3836618413203,
      38.37964047822341,
      38.343614961585565,
      38.32289430822454,
      37.114992038411536,
      37.03658630690134,
      37.03159066312937,
      36.99359766163823,
      36.9444850984148,
      35.75415842980015,
      35.68173963200405,
      35.655744638585325,
      34.48473002837705,
      34.44004000944578,
      34.36404208333103,
      34.35815196264747,
      34.34990233018697,
      34.34868360988383,
      34.2897304504954,
      33.13998836391048,
      33.10803160697884,
      33.04262819475834,
      31.87676744795078,
      31.87004469235778,
      31.863472266719903,
      30.642398417993896,
      30.626930018536456,
      30.58790742157414,
      30.58169809893728,
      29.46204419202394,
      29.428012100296407,
      29.422228143424757,
      29.358554660435605,
      27.053544231732772,
      27.044668367410473
    ],
    [
      45.49883666616122,
      42.635653049908925,
      42.619493364616496,
      42.58440560173054,
      41.26952133666132,
      41.26711041639376,
      41.21038638803412,
      39.851263698070134,
      39.819606089079635,
      39.80743278198443,
      39.79703965204774,
      39.75281063727257,
      38.436318981054775,
      38.40282856651348,
      38.3836618413203,
      37.040348774959185,
      37.03658630690134,
      37.03159066312937,
      37.02117743833732,
      36.99359766163823,
      36.986427059565166,
      36.96643982218726,
      36.9444850984148,
      35.777625383143146,
      35.75415842980015,
      35.655744638585325,
      34.48473002837705,
      34.44004000944578,
      34.36404208333103,
      34.34990233018697,
      34.34868360988383,
      33.087593952311025,
      33.07384937949405,
      33.007985453235875,
      31.87762933969347,
      31.87004469235778,
      31.863472266719903,
      31.84688987047039,
      31.783977786452084,
      30.642398417993896,
      30.63895371775353,
      30.626930018536456,
      30.569090650182833,
      29.428012100296407,
      29.422228143424757,
      29.376626287679816,
      29.37066285421938,
      28.27178251496174,
      27.053544231732772,
      27.044668367410473
    ],
    [
      42.702381498057875,
      42.58440560173054,
      42.56421672531771,
      41.26952133666132,
      41.18700823860094,
      39.851263698070134,
      39.819606089079635,
      39.79703965204774,
      38.42293296531338,
      38.4172924235657,
      38.41005687001275,
      38.37021057509596,
      37.09064789099639,
      37.043544774777835,
      37.03159066312937,
      37.02117743833732,
      36.98855539496592,
      36.986427059565166,
      35.70204484989233,
      35.66060521697093,
      34.48473002837705,
      34.4647975655861,
      34.428450260772586,
      34.39548420127613,
      34.34990233018697,
      34.3268527142228,
      33.15267646334689,
      33.14281812890221,
      33.13998836391048,
      33.09611658766904,
      33.007985453235875,
      31.87676744795078,
      31.863472266719903,
      31.827230721139408,
      31.814009702686395,
      31.805242459703756,
      31.783977786452084,
      30.632492014953648,
      30.610236323020363,
      30.583875118664135,
      30.569090650182833,
      30.53263231273949,
      29.428012100296407,
      29.376626287679816,
      28.27178251496174,
      28.233575028092723,
      28.2257787050832,
      28.21700584423373,
      28.20774826551097,
      28.184092967980604
    ],
    [
      44.16476718548775,
      44.040178157492086,
      44.019299112652625,
      42.702381498057875,
      42.635653049908925,
      41.22904120765278,
      41.216437020189474,
      41.21038638803412,
      41.20567602015653,
      41.18700823860094,
      39.851263698070134,
      39.786603958100216,
      39.75281063727257,
      39.73295828187193,
      39.70378941563187,
      38.436318981054775,
      38.39951529199074,
      38.390435808123534,
      38.37964047822341,
      38.343614961585565,
      37.136457221730375,
      37.114992038411536,
      37.09064789099639,
      37.03658630690134,
      37.025056463646024,
      36.98855539496592,
      36.92646301628644,
      35.68173963200405,
      35.65835357594348,
      35.613262329579356,
      34.44004000944578,
      34.42685921384042,
      34.393661532545686,
      34.36404208333103,
      34.35815196264747,
      34.34868360988383,
      33.13909234112223,
      33.04262819475834,
      31.880351314080855,
      31.87004469235778,
      31.863472266719903,
      30.626930018536456,
      30.58790742157414,
      30.58169809893728,
      30.569090650182833,
      29.46204419202394,
      29.428012100296407,
      29.422228143424757,
      28.21700584423373,
      28.20774826551097
    ],
    [
      41.26711041639376,
      39.779010037816434,
      38.472419414913766,
      38.41290130773213,
      37.07427159725021,
      37.02117743833732,
      37.00598303511488,
      36.98843883771506,
      35.76678514729841,
      35.71547379877462,
      35.70875258289327,
      34.48473002837705,
      34.39548420127613,
      34.391990392094485,
      34.38735146205963,
      34.38128383682037,
      34.369235173930015,
      34.34990233018697,
      34.3268527142228,
      33.17650858574042,
      33.15267646334689,
      33.12997791396919,
      33.07384937949405,
      33.06158636993858,
      31.891826500655068,
      31.880351314080855,
      31.863321936764784,
      31.808379344767275,
      31.804043828861595,
      30.626174804613512,
      29.42644676839832,
      29.425651150530502,
      29.419445331161494,
      29.379923476145997,
      29.33999641110014,
      29.32354007315502,
      29.309235604001234,
      28.238928230979013,
      28.189815479722732,
      28.1724739432085,
      27.074751657457206,
      27.053544231732772,
      25.964883594470074,
      25.92979373239766,
      25.922633567689264,
      25.908504023804444,
      25.874622470101173,
      24.772938846117956,
      22.637207700924385,
      22.618223913974017
    ],
    [
      42.702381498057875,
      39.746260787136606,
      39.72741744916899,
      38.39549876226295,
      37.11067242669457,
      37.10374659484832,
      37.07427159725021,
      37.06293757017634,
      37.05326098720973,
      37.05051722952443,
      35.6972292144414,
      35.687191209980696,
      35.67842284342469,
      35.6536929936172,
      35.634425957520016,
      34.48473002837705,
      34.442191711011176,
      34.411407658735975,
      34.39548420127613,
      34.391990392094485,
      34.35207134927,
      34.34990233018697,
