{
  "test_loss_values": [
    0.5232865208387375,
    0.5074769893288612,
    0.35561294853687286,
    0.4852389059960842,
    0.17301252484321594,
    0.23223425149917604,
    0.5281790509819985,
    0.435069078207016
  ],
  "log_exp_r_n_values": [
    866118.6115169339,
    858292.6257544886,
    840691.9403156285,
    865673.53827275,
    831455.396028558,
    848875.609769653,
    865928.1551988657,
    857349.5687595186
  ],
  "log_exp_r_n_acc_values": [
    -Infinity,
    -Infinity,
    -Infinity,
    -Infinity,
    -Infinity,
    -Infinity,
    -Infinity,
    -Infinity
  ],
  "model_data_levels": [
    200,
    100,
    2000,
    500,
    10000,
    5000,
    0,
    1000
  ],
  "loss_landscape_data_param": 0,
  "train_loss_values": [
    0.002358043799176812,
    0.002213092753663659,
    0.00801847130060196,
    0.0031862715259194374,
    0.060612961649894714,
    0.026707962155342102,
    0.0019073670264333487,
    0.004672672599554062
  ],
  "num_params": 235146,
  "dataset_type": "data",
  "top_r_vals": [
    [
      39.779010037816434,
      38.32289430822454,
      37.03658630690134,
      37.00598303511488,
      34.46078639556529,
      34.45877323414092,
      34.38735146205963,
      34.36404208333103,
      33.17650858574042,
      33.15267646334689,
      33.118875566490594,
      33.08451830199601,
      33.063528447237765,
      33.06158636993858,
      31.877745594858762,
      31.84688987047039,
      30.63052691750109,
      30.57863293222452,
      30.568957717119865,
      29.42895944064135,
      29.427806719870063,
      29.42644676839832,
      29.419445331161494,
      29.36066767347061,
      29.32354007315502,
      28.260175918853058,
      28.225082699931818,
      28.224949535680913,
      28.21700584423373,
      28.214323028458875,
      28.20774826551097,
      28.189815479722732,
      28.17350197122547,
      27.118821157951196,
      27.10606231577712,
      27.010816154538738,
      25.918909173201907,
      24.814665552034622,
      24.807813315014535,
      24.795605378278456,
      24.7827716735977,
      24.778985855558364,
      24.745311425438477,
      23.738014650237687,
      23.72680575902834,
      23.69603613673345,
      23.675902503448462,
      22.618223913974017,
      19.531352339192825,
      18.64223507061676
    ],
    [
      38.47689753139125,
      38.364412948852305,
      37.00598303511488,
      36.96643982218726,
      35.77346142024508,
      35.70204484989233,
      35.7019369868491,
      34.45877323414092,
      34.38735146205963,
      34.347430254545436,
      33.15267646334689,
      33.14151993774621,
      33.118875566490594,
      33.06158636993858,
      31.877745594858762,
      31.86800020496814,
      31.84688987047039,
      31.80637093656686,
      30.642398417993896,
      30.58849695080991,
      30.57863293222452,
      30.53263231273949,
      29.419445331161494,
      29.359625969145995,
      28.260175918853058,
      28.237623221320167,
      28.225082699931818,
      28.224949535680913,
      28.21700584423373,
      28.214323028458875,
      28.189815479722732,
      28.17235143209767,
      27.058067279585543,
      27.044668367410473,
      27.010816154538738,
      25.97710528303519,
      24.848246351040597,
      24.829276687361215,
      24.807813315014535,
      24.795605378278456,
      24.785368376490307,
      24.778985855558364,
      24.745311425438477,
      23.72680575902834,
      23.724045683327915,
      23.69355356053588,
      22.618223913974017,
      22.61195440541126,
      20.52012705136446,
      18.64223507061676
    ],
    [
      35.70204484989233,
      35.634425957520016,
      34.39188648698871,
      31.912758443606073,
      31.909044291514892,
      31.857320764956366,
      31.819028718788026,
      30.65151300235473,
      30.610236323020363,
      30.583875118664135,
      30.569090650182833,
      29.453725359619927,
      29.427806719870063,
      29.42655408429677,
      29.392677415594584,
      29.377192471557848,
      29.35842699152193,
      29.356830204963952,
      28.24003438202318,
      28.22909360716901,
      28.13887393942072,
      27.066869944413046,
      27.061955364378818,
      27.044668367410473,
      27.027474997702914,
      27.012792540898193,
      27.01183413821053,
      25.97710528303519,
      25.964883594470074,
      25.954224064363313,
      25.933511604302726,
      25.921994354624882,
      25.921872056206954,
      25.91457654791605,
      25.877174430421974,
      25.87364734404888,
      24.797744849231435,
      24.768692675101867,
      23.714087031814223,
      23.705823215973872,
      23.69603613673345,
      23.657739713406862,
      22.671275355521423,
      22.65793412627754,
      21.618845743246894,
      21.588547769000662,
      21.58524990084195,
      21.57844617861015,
      20.52012705136446,
      15.01429188790633
    ],
    [
      39.70378941563187,
      38.39549876226295,
      37.03658630690134,
      34.46078639556529,
      34.36404208333103,
      34.36357234566534,
      33.17650858574042,
      33.17070944290391,
      33.15267646334689,
      33.118875566490594,
      33.10195740598407,
      33.063528447237765,
      31.880351314080855,
      31.877745594858762,
      31.86800020496814,
      30.64119816729493,
      30.58849695080991,
      30.58790742157414,
      30.56729509054971,
      29.419445331161494,
      29.413239511792487,
      29.39807096462877,
      29.36066767347061,
      29.35842699152193,
      28.27178251496174,
      28.21700584423373,
      28.214323028458875,
      28.18126811033812,
      28.17350197122547,
      28.13887393942072,
      27.094934290254514,
      27.07331149995497,
      27.061288057356503,
      27.058067279585543,
      27.044668367410473,
      27.010816154538738,
      25.97710528303519,
      25.945061466892014,
      25.932810426706595,
      25.922633567689264,
      25.9098770273764,
      25.89251065203037,
      24.814665552034622,
      24.745311425438477,
      23.69603613673345,
      23.69355356053588,
      23.675902503448462,
      21.57844617861015,
      20.52012705136446,
      18.64223507061676
    ],
    [
      34.3268527142228,
      30.67354713918307,
      30.608749013968033,
      29.455446114543356,
      29.372352154482915,
      28.208937866152368,
      28.18126811033812,
      28.17235143209767,
      25.94344060519305,
      25.933606181745922,
      25.918909173201907,
      25.890103819165514,
      24.838045241179447,
      24.81822353436343,
      24.80241236026015,
      24.794291421646502,
      24.77620501147506,
      24.7609634266481,
      24.759509023345274,
      24.731432173318993,
      23.767332621907435,
      23.749442855570255,
      23.728543860753202,
      23.72028004491285,
      23.684152891893515,
      22.68859629781435,
      22.66311786994829,
      22.65793412627754,
      22.644637068571253,
      22.64248406233527,
      22.637207700924385,
      22.635177235083038,
      22.6311832731509,
      22.610526667324923,
      22.609724455206553,
      22.59460781512876,
      21.614286365751298,
      21.609828942135298,
      21.6097269882557,
      21.572464884340437,
      21.569524534452846,
      20.61136499331072,
      20.59354774446392,
      20.58341364982029,
      19.57845795994735,
      18.640739441881255,
      18.614615168168942,
      18.605905123393452,
      16.71151334522186,
      15.884507989164572
    ],
    [
      36.96643982218726,
      33.10632291235938,
      31.909044291514892,
      31.845342474132348,
      30.67354713918307,
      29.437713087461496,
      29.407699791103518,
      29.372352154482915,
      28.21039379529557,
      28.190358789866416,
      28.1724739432085,
      27.094934290254514,
      27.074562700621804,
      27.07341023415725,
      27.01928005891359,
      27.010731038847116,
      26.97863391153662,
      25.957552211976576,
      25.92567798297293,
      25.886191900437332,
