{
  "test_loss_values": [
    0.009271757159917004,
    0.003685090548119024
  ],
  "log_exp_r_n_values": [
    152407.3549836747,
    134109.25446265674
  ],
  "log_exp_r_n_acc_values": [
    -Infinity,
    -Infinity
  ],
  "model_data_levels": [
    3669,
    5551
  ],
  "loss_landscape_data_param": 3669,
  "train_loss_values": [
    0.006200578063726425,
    0.0032933696638792753
  ],
  "num_params": 73097,
  "dataset_type": "data",
  "top_r_vals": [
    [
      8.045363845879688,
      8.044041043847768,
      8.039280756263514,
      8.039258259630317,
      8.029494720823292,
      8.024306997208315,
      8.023889459696198,
      8.021824268768814,
      8.020805621217704,
      8.01952601272152,
      8.018279699242466,
      8.016958696941202,
      8.01665994165236,
      8.016304494847866,
      8.015324541505851,
      8.015302944737984,
      8.014962795644061,
      8.014482267558996,
      8.013101874146095,
      8.012173213127769,
      8.011642292584344,
      8.010872907729045,
      8.010867508537078,
      8.01067943668356,
      8.01047516725414,
      8.010298793649884,
      8.009968543074569,
      8.009538407447863,
      8.008933697947556,
      8.008168812418896,
      8.0076225941649,
      8.007617194972932,
      8.007554204399984,
      8.007413825408841,
      8.007341836182615,
      8.007250049919175,
      8.00708537456418,
      8.007060178335001,
      8.00699448816607,
      8.00637088149388,
      8.006306991055602,
      8.006217004522819,
      8.005815664586605,
      8.005756273474967,
      8.00557989987071,
      8.005109270304253,
      8.004987788484994,
      8.004744824846478,
      8.004708830233366,
      8.004467666325505
    ],
    [
      6.263691575511866,
      6.262661712338226,
      6.251336720364153,
      6.247741306889923,
      6.247297835196783,
      6.2469727627392535,
      6.245364915131429,
      6.244571850429007,
      6.244377087189366,
      6.243575615440628,
      6.242605302178389,
      6.241576840179135,
      6.241344245231075,
      6.24106751328986,
      6.240304573836735,
      6.240016632500431,
      6.239648824224131,
      6.239376295806073,
      6.238574123470142,
      6.237851117487016,
      6.237437771043174,
      6.2368345654700414,
      6.236688142746715,
      6.236529109453914,
      6.236391794364096,
      6.235799798186052,
      6.235329003592388,
      6.234733504478378,
      6.23443505433418,
      6.2342550034255915,
      6.234145711823491,
      6.234089664848055,
      6.234018204954374,
      6.233889997498063,
      6.2338703810566605,
      6.233819238191575,
      6.2337141501126325,
      6.2333337312668595,
      6.23328398957616,
      6.233253864326863,
      6.233213930856865,
      6.232855230214073,
      6.232717915124255,
      6.23235150802234,
      6.232067770209195,
      6.232039746721477,
      6.231851989353766,
      6.231410619422205,
      6.230894286661,
      6.230719840449955
    ]
  ],
  "top_r_val_seeds": [
    [
      553,
      569,
      178,
      530,
      706,
      94,
      910,
      903,
      850,
      675,
      982,
      264,
      708,
      131,
      79,
      383,
      424,
      195,
      333,
      182,
      375,
      673,
      534,
      479,
      789,
      342,
      947,
      525,
      517,
      863,
      422,
      22,
      66,
      246,
      633,
      46,
      205,
      551,
      493,
      343,
      589,
      395,
      727,
      780,
      996,
      565,
      174,
      474,
      159,
      408
    ],
    [
      553,
      569,
      706,
      711,
      94,
      910,
      903,
      850,
      237,
      675,
      982,
      264,
      708,
      131,
      79,
      29,
      195,
      677,
      333,
      182,
      375,
      534,
      479,
      789,
      342,
      525,
      517,
      863,
      202,
      66,
      246,
      633,
      46,
      205,
      551,
      493,
      155,
      343,
      589,
      852,
      395,
      780,
      996,
      565,
      474,
      159,
      408,
      430,
      114,
      300
    ]
  ],
  "loss_predicts_minimas": true,
  "loss_ordering_violations": 1,
  "test_loss_ranks": [
    1,
    2
  ],
  "log_exp_r_n_ranks": [
    1,
    2
  ],
  "data_level_ranks": [
    2,
    1
  ],
  "accuracy_predicts_minimas": true,
  "accuracy_ordering_violations": 1,
  "log_exp_r_n_acc_ranks": [
    1,
    2
  ]
}