{
  "test_loss_values": [
    0.5052196341753006,
    0.5005288523435593,
    0.33626512736082076,
    0.48108910396695137,
    0.176982119679451,
    0.22890835404396057,
    0.5317768275737762,
    0.41074825525283815
  ],
  "log_exp_r_n_values": [
    857600.9713464184,
    857489.4643486023,
    857600.9713464184,
    865924.9408596498,
    841148.1073143262,
    849777.5604368697,
    857489.4643486023,
    857489.4643486023
  ],
  "log_exp_r_n_acc_values": [
    -Infinity,
    -Infinity,
    -Infinity,
    -Infinity,
    -Infinity,
    -Infinity,
    -Infinity,
    -Infinity
  ],
  "model_data_levels": [
    200,
    100,
    2000,
    500,
    10000,
    5000,
    0,
    1000
  ],
  "loss_landscape_data_param": 500,
  "train_loss_values": [
    0.06517792493104935,
    0.11896384507417679,
    0.009816941805183887,
    0.003643072210252285,
    0.06875630468130112,
    0.03139535337686539,
    0.18022094666957855,
    0.0053513795137405396
  ],
  "num_params": 235146,
  "dataset_type": "data",
  "top_r_vals": [
    [
      38.36388852830421,
      38.34570056035517,
      35.77346142024508,
      35.76678514729841,
      35.73837222399391,
      35.72744659657329,
      35.72220175609617,
      35.7019369868491,
      35.67842284342469,
      34.45877323414092,
      34.404926577763334,
      33.14151993774621,
      33.12132816840169,
      33.10978614462467,
      33.09611658766904,
      33.0926491878559,
      33.04372009229566,
      31.912758443606073,
      31.85132560634615,
      31.845342474132348,
      31.8410470462147,
      31.808379344767275,
      31.804043828861595,
      31.802213812207924,
      31.766150658174173,
      30.691286960107732,
      30.65342800908791,
      30.65151300235473,
      30.591340562417727,
      30.571290788703244,
      29.372753663965046,
      29.359625969145995,
      28.237623221320167,
      28.21039379529557,
      28.18126811033812,
      28.15466544405444,
      28.125147368437663,
      27.07562324213941,
      25.934891130456972,
      25.932810426706595,
      25.92979373239766,
      25.927341241456773,
      25.922633567689264,
      25.921994354624882,
      25.889604841620358,
      25.884349270940522,
      25.873678326314757,
      24.848246351040597,
      23.702344028658526,
      22.644637068571253
    ],
    [
      38.34570056035517,
      37.03647441194051,
      37.00598303511488,
      35.77137157378247,
      34.46078639556529,
      34.45435510245583,
      34.42698476584324,
      34.41646004450423,
      34.411407658735975,
      34.404926577763334,
      34.369235173930015,
      33.14151993774621,
      33.12132816840169,
      33.09611658766904,
      33.0926491878559,
      31.912758443606073,
      31.85132560634615,
      31.848577574766548,
      31.845342474132348,
      31.8410470462147,
      31.808379344767275,
      31.78502809173853,
      30.65342800908791,
      30.571290788703244,
      30.569054045426363,
      30.56729509054971,
      30.53263231273949,
      29.475911996487476,
      29.437713087461496,
      29.379923476145997,
      29.359625969145995,
      28.186099309360873,
      28.125147368437663,
      27.07331149995497,
      27.066869944413046,
      27.047204815020798,
      27.01928005891359,
      26.993774290762264,
      25.93572602099004,
      25.922633567689264,
      25.921994354624882,
      25.873678326314757,
      24.819543733069647,
      24.817552511380367,
      24.814665552034622,
      24.77620501147506,
      24.771175460139204,
      23.75615058548869,
      23.702344028658526,
      21.60364509949145
    ],
    [
      38.36388852830421,
      37.108504461828524,
      36.98843883771506,
      35.77346142024508,
      35.7019369868491,
      34.45435510245583,
      34.42698476584324,
      34.40747441754449,
      33.154747734629495,
      33.12997791396919,
      33.12511438562553,
      33.10195740598407,
      33.08451830199601,
      31.857320764956366,
      31.85132560634615,
      31.845342474132348,
      31.832093394087714,
      31.808379344767275,
      31.804043828861595,
      31.802213812207924,
      30.691286960107732,
      30.64119816729493,
      30.550776712551443,
      29.45887467247143,
      29.42644676839832,
      29.399628895430407,
      29.36066767347061,
      28.248434382970125,
      28.24003438202318,
      28.200241352806746,
      28.192979462324182,
      27.072579505007024,
      27.061288057356503,
      27.047204815020798,
      27.01928005891359,
      27.01183413821053,
      27.010848498501556,
      26.993774290762264,
      26.96547332329809,
      25.934891130456972,
      25.927341241456773,
      25.886191900437332,
      25.84281998950271,
      24.814665552034622,
      24.807813315014535,
      24.77620501147506,
      23.75615058548869,
      23.71012296633529,
      23.702344028658526,
      23.68246700781704
    ],
    [
      39.746260787136606,
      38.472419414913766,
      38.39549876226295,
      38.34570056035517,
      37.108504461828524,
      37.06293757017634,
      37.05749667770608,
      37.05051722952443,
      35.76678514729841,
      35.73837222399391,
      35.67842284342469,
      35.66060521697093,
      34.428450260772586,
      34.40747441754449,
      34.3984519908598,
      34.38735146205963,
      34.37768179315355,
      34.3268527142228,
      33.195695976052534,
      33.17650858574042,
      33.154747734629495,
      33.10978614462467,
      33.106422933507844,
      33.09611658766904,
      33.063488855533166,
      33.06158636993858,
      31.827230721139408,
      31.80637093656686,
      31.766150658174173,
      31.75065464640033,
      30.65151300235473,
      30.583875118664135,
      30.57020613197208,
      29.42644676839832,
      29.39807096462877,
      29.36771906810844,
      29.33999641110014,
      28.24003438202318,
      28.236859746281656,
      27.066869944413046,
      27.061955364378818,
      27.061288057356503,
      27.021988440220987,
      27.010848498501556,
      25.964883594470074,
      25.934891130456972,
      25.92979373239766,
      25.889604841620358,
      24.791966248984252,
      23.71012296633529
    ],
    [
      35.77137157378247,
      34.39188648698871,
      33.17264735265524,
      31.877745594858762,
      31.85967994305206,
      31.832093394087714,
      31.819028718788026,
      31.803943608891515,
      29.475911996487476,
      29.449948950158944,
      29.402165621236882,
      29.399628895430407,
      29.39664255301491,
      29.392677415594584,
      29.387491097260856,
      29.377192471557848,
      29.36066767347061,
      29.34096595473442,
      28.26874104347112,
      28.248434382970125,
      28.22909360716901,
      28.219633618784876,
      28.170819155450616,
      27.085368988830083,
      27.01928005891359,
      27.014498259358287,
      27.010816154538738,
      25.93572602099004,
      25.921994354624882,
      25.921872056206954,
      24.81822353436343,
      24.778985855558364,
      24.745311425438477,
      24.731432173318993,
      23.72870946529523,
      23.728543860753202,
      23.72680575902834,
      23.72180181638011,
      23.672703799501594,
      23.63293633042332,
      22.644637068571253,
      22.622816328996237,
      21.645583488017586,
      21.616330880883492,
      21.61036182107933,
      21.598582749523175,
      21.570337446719503,
      20.564597629789773,
      18.62152131590373,
      18.605905123393452
    ],
    [
      37.108504461828524,
      34.39188648698871,
      34.36357234566534,
      34.347280890955886,
      31.909044291514892,
      31.90308922089271,
      31.877745594858762,
      31.86800020496814,
      31.85967994305206,
      30.65342800908791,
      30.62026217316067,
      30.61185849170179,
      30.604620382751534,
      30.596014411849005,
      30.58849695080991,
      30.573221207965464,
      30.56729509054971,
      30.550776712551443,
      29.475911996487476,
      29.413239511792487,
