{
  "test_loss_values": [
    4.19239681744366
  ],
  "log_exp_r_n_values": [
    11401.196142258019
  ],
  "log_exp_r_n_acc_values": [
    -Infinity
  ],
  "model_data_levels": [
    0
  ],
  "loss_landscape_data_param": 100,
  "train_loss_values": [
    3.0251901149749756
  ],
  "num_params": 4353,
  "dataset_type": "data",
  "top_r_vals": [
    [
      13.736506683315943,
      7.197078518674651,
      5.536074478888241,
      4.985233960149108,
      4.818990492476944,
      4.7389464509525245,
      4.717803244406087,
      4.4009784531905005,
      4.272353327589511,
      4.062882537672544,
      3.996698539173754,
      3.9219030971818913,
      3.8125103216125176,
      3.6849144894929626,
      3.4644265500352147,
      3.2841796689081475,
      3.023253115087656,
      3.015656920315058,
      2.9835260138141138,
      2.8723121602113872,
      2.435488366493338,
      2.40994329740652,
      2.3902322635954643,
      2.36401989130838,
      2.0502573844333574,
      2.0107375897853035,
      1.9864376440154872,
      1.9745884704187737,
      1.89660539020193,
      1.8642784659918352,
      1.852229537471321,
      1.7876798986554983,
      1.7134709315171026,
      1.6614130480142792,
      1.6578401097512185,
      1.6327134783022696,
      1.6314858255167703,
      1.6118344048757371,
      1.5827577097614225,
      1.570382645102873,
      1.5455336725988786,
      1.5037188649038875,
      1.3473713147604645,
      1.3282059404559772,
      1.2866209805935023,
      1.282715718836089,
      1.2582585034688931,
      1.2109084926964682,
      1.197413568688652,
      0.8747915357335446
    ]
  ],
  "top_r_val_seeds": [
    [
      17,
      36,
      50,
      12,
      39,
      34,
      37,
      7,
      10,
      13,
      23,
      49,
      3,
      47,
      44,
      32,
      35,
      25,
      15,
      46,
      14,
      42,
      28,
      29,
      33,
      2,
      20,
      38,
      31,
      40,
      11,
      27,
      24,
      26,
      30,
      4,
      9,
      6,
      22,
      5,
      43,
      21,
      8,
      19,
      41,
      1,
      48,
      18,
      16,
      45
    ]
  ],
  "test_acc_values": [
    0.72475
  ],
  "loss_predicts_minimas": true,
  "loss_ordering_violations": 0,
  "test_loss_ranks": [
    1
  ],
  "log_exp_r_n_ranks": [
    1
  ],
  "data_level_ranks": [
    1
  ],
  "accuracy_predicts_minimas": true,
  "accuracy_ordering_violations": 0,
  "log_exp_r_n_acc_ranks": [
    1
  ]
}