{
  "test_loss_values": [
    2.0088973191976547,
    0.7624557375907898,
    0.22534550726413727,
    1.153556809425354,
    0.4048293948173523,
    0.12910795211791992
  ],
  "log_exp_r_n_values": [
    1179014.6775440911,
    1093651.9610386335,
    993205.1884297715,
    1138488.3135911569,
    1044944.4387859724,
    964972.291024641
  ],
  "log_exp_r_n_acc_values": [
    -Infinity,
    -Infinity,
    -Infinity,
    -Infinity,
    -Infinity,
    -Infinity
  ],
  "model_data_levels": [
    0,
    1940,
    19940,
    540,
    5940,
    59940
  ],
  "loss_landscape_data_param": 0,
  "train_loss_values": [
    1.680847617535619e-06,
    5.6533008319092914e-05,
    0.0001808176311897114,
    2.3052127289702184e-05,
    7.326602644752711e-05,
    0.0010612697806209326
  ],
  "num_params": 300938,
  "dataset_type": "data",
  "top_r_vals": [
    [
      50.290687638099755,
      47.129902453851166,
      47.09921200194415,
      47.08988964624544,
      47.073036084089,
      47.05574259054003,
      47.02681710148159,
      43.961583460074245,
      43.92790037368638,
      43.927509788542004,
      43.91306790282881,
      43.91173991333794,
      43.90246351615908,
      43.89817684419959,
      43.87754906626239,
      43.875181143824626,
      43.868873193743006,
      43.86048049545329,
      43.84754236254593,
      43.8405997116047,
      43.83812926056654,
      43.80254207159985,
      40.912482143433635,
      40.86917240363508,
      40.862299138849444,
      40.86081462261106,
      40.85857195893596,
      40.858222393950165,
      40.85363719088973,
      40.848602547133275,
      40.84074414466039,
      40.834919574832135,
      40.83236366461132,
      40.827319941244845,
      40.82603971623193,
      40.82135917726628,
      40.819202769886374,
      40.818494560304764,
      40.81646526746514,
      40.81360065050362,
      40.81246115944603,
      40.81171209161933,
      40.80722676426912,
      40.80632788287708,
      40.80095729354986,
      40.79708483987604,
      40.794360956869845,
      40.791419163223146,
      40.79064739637139,
      40.78809148615058
    ],
    [
      37.87019652510746,
      35.03872805524269,
      34.96081886723533,
      34.94905678669588,
      34.949013973034084,
      32.301100493572086,
      32.27543904958678,
      32.26260832759413,
      32.25796315426997,
      32.25761162764004,
      32.25308482552801,
      32.251721763085406,
      32.251650022956845,
      32.25147067263545,
      32.249415317952256,
      32.24274707300276,
      32.23656666092746,
      32.224026486455465,
      32.223104625803494,
      32.22234418044077,
      32.21482940197429,
      32.20760517102847,
      32.20228205348944,
      32.18776185146924,
      32.181459481175395,
      29.701852266599477,
      29.68488653576286,
      29.663061687841967,
      29.658018089024324,
      29.65506638129042,
      29.65179183052312,
      29.63933931352071,
      29.63689493055357,
      29.624234871601118,
      29.623908734251057,
      29.620624300533756,
      29.613291151632335,
      29.609585045381618,
      29.604554623830644,
      29.59867756289617,
      29.596374835545728,
      29.59110063456137,
      29.589789496527786,
      29.58633705266045,
      29.58279236792643,
      29.58165582867621,
      29.581128738009443,
      29.580123971425913,
      29.577192029592013,
      29.570089482857306
    ],
    [
      27.123092086226855,
      27.120334201388893,
      27.054675443672842,
      24.732312415256978,
      24.7005706590945,
      22.424571731360327,
      22.421702126217994,
      22.416261833135657,
      22.404589116384813,
      22.385296501951338,
      22.376627903083875,
      22.368908366333798,
      22.367981723006586,
      22.36736894274182,
      22.3561022551908,
      20.25342714177165,
      20.23496569152901,
      20.228059508486464,
      20.22682529804038,
      20.226467849113376,
      20.217430461147543,
      20.214588854583162,
      20.213161306981593,
      20.207693912072912,
      20.20732072640069,
      20.205391851058728,
      20.203820424643773,
      20.203199947261044,
      20.19518994394705,
      20.193368977715128,
      20.192654079861114,
      20.191199554982038,
      20.18837368516287,
      20.18732381944644,
      20.18657519999554,
      20.17986010600202,
      20.157579122885263,
      20.155755908546883,
      18.195183367768596,
      18.184061854338843,
      18.179064033445247,
      18.166102385717977,
      18.164835275697314,
      18.164145225335744,
      18.16407662383781,
      18.159209952866735,
      18.15920389979339,
      18.155331950542354,
      18.153933690599175,
      18.153877195247933
    ],
    [
      43.954416222675,
      40.899580017594275,
      40.84586050490703,
      40.83930956627712,
      40.783533521920205,
      40.76504743591814,
      40.72965965586261,
      37.8978882645505,
      37.88803323839724,
      37.875601844877124,
      37.86518692189414,
      37.86381875294933,
      37.86375560669033,
      37.85082746259949,
      37.843805598599644,
      37.8404462176213,
      37.82364089322838,
      37.81650115621175,
      37.81228298611112,
      37.807681728705944,
      37.800899820490265,
      37.80085351323367,
      37.78710867752654,
      37.7608608825391,
      35.075859176469166,
      35.048937167504434,
      35.048038080606815,
      35.03283533851975,
      35.029340186857134,
      35.0251950459655,
      35.02109271873566,
      35.01523503137236,
      34.99989217184671,
      34.99527997282644,
      34.99512428678356,
      34.99508536527284,
      34.99492189492782,
      34.99138782175448,
      34.98734776894179,
      34.97734494068686,
      34.97702578429896,
      34.97478779743258,
      34.97206718383329,
      34.9643062345958,
      34.95550218887104,
      34.94947713901165,
      34.9417122976231,
      34.92534969451659,
      32.3532196969697,
      32.33998364325069
    ],
    [
      32.21113119834711,
      29.641852877137865,
      29.62548012330136,
      29.620070855333648,
      29.619840253166934,
      29.600357664396498,
      29.59867756289617,
      29.59463543634539,
      29.591851738761516,
      29.580845426776055,
      29.57261622374113,
      29.544479465085683,
      27.154179325810187,
      27.135124300733025,
      27.13399100597994,
      27.12671199845679,
      27.118233386381174,
      27.117299021026238,
      27.11719051408179,
      27.11416437596451,
      27.10955283082562,
      27.09618537808642,
      27.092863859953706,
      27.092267071759263,
      27.092267071759263,
      27.091805917245374,
      27.090398341049386,
      27.087670597029323,
      27.076928409529323,
      27.07635874807099,
      27.06954089506173,
      27.065257884837965,
      27.064549575617285,
      27.058961467978396,
      27.058862003279323,
      27.051251446759263,
      27.04483446662809,
      27.041365258487655,
      27.032051745756174,
      27.025673948688272,
      24.760901416957218,
      24.74703533918733,
      24.74540952852388,
      24.731875753271353,
      24.723090333824757,
      24.719168614859537,
      24.716883691764952,
      24.715540750186527,
      24.70944396019858,
      24.707661610332735
    ],
    [
      24.69421846303949,
      24.645477098757464,
      22.367981723006586,
      20.23836932470818,
      20.230240171751852,
      20.220141677537292,
      20.213237742601205,
      20.206904826705745,
      20.200655090749272,
      20.187879101741853,
      20.179210403235324,
      20.176036076914986,
      18.18106760072314,
      18.177591118930785,
      18.168793985666323,
      18.16390310240186,
      18.161021839488637,
      18.15189784026343,
      18.149539159349175,
      18.147614282024794,
      18.14490654054752,
      18.14340537835744,
      18.13744108341942,
      18.1267856566374,
      18.126458790676654,
      18.12587769563533,
      18.125068601497933,
      18.12430994963843,
