{
  "test_loss_values": [
    0.04877951827365905,
    0.002654852159321308,
    0.011374139320105314
  ],
  "log_exp_r_n_values": [
    6897.327230244656,
    4773.010144300027,
    5211.38847297044
  ],
  "log_exp_r_n_acc_values": [
    -Infinity,
    -Infinity,
    -Infinity
  ],
  "model_data_levels": [
    180,
    380,
    780
  ],
  "loss_landscape_data_param": 180,
  "train_loss_values": [
    0.000497321248985827,
    0.00030424961005337536,
    0.008337575942277908
  ],
  "num_params": 4353,
  "dataset_type": "data",
  "top_r_vals": [
    [
      4.883818382074026,
      4.331936898030575,
      3.815545368457301,
      3.594002713476952,
      3.566540466159136,
      3.5585785145638447,
      3.543628905527618,
      3.540013392985251,
      3.526066079795051,
      3.487190260593776,
      3.3201535071855712,
      3.290987367983218,
      3.288048261477624,
      3.274668375651042,
      3.2719820752555946,
      3.2691168137538584,
      3.254247594762732,
      3.253820348668982,
      3.237303557219329,
      3.2370744870032797,
      3.234425485869985,
      3.2335107120466824,
      3.230257010754244,
      3.2285932376060957,
      3.216998441719715,
      3.1781371316792053,
      3.169919237678434,
      3.0317218524803256,
      3.021716731748415,
      3.0017133560390845,
      2.9906203565080856,
      2.981260959986047,
      2.9788376919384723,
      2.9716547395900594,
      2.9672918958987964,
      2.966465259058088,
      2.963967154286563,
      2.9552222427914625,
      2.953504087730107,
      2.951820948016655,
      2.95116217887325,
      2.9417694834419303,
      2.9093081962088037,
      2.7777662570106054,
      2.7404775815087437,
      2.7401207490984665,
      2.7154494932556315,
      2.7129865400572974,
      2.7102081669360913,
      2.707545624230787
    ],
    [
      2.9979093847633833,
      2.921276922725121,
      2.7198242710605114,
      2.711219192098543,
      2.689460822117961,
      2.6672634174964616,
      2.660225474242106,
      2.6492243870802414,
      2.467494391285757,
      2.4424695942355914,
      2.4360088172852663,
      2.4351871343744427,
      2.428806165203418,
      2.4287311346503433,
      2.4277163955973386,
      2.4220500432670202,
      2.4202245808221803,
      2.4100254838435755,
      2.3800739614881556,
      2.2191502594750774,
      2.2130785224851497,
      2.2082201744899277,
      2.2037519975142046,
      2.1975190974464103,
      2.19560355194344,
      2.1890924627130683,
      2.185360995205966,
      2.1820830037771177,
      2.1800920470686984,
      2.179631761282929,
      2.179443863797779,
      2.178177258199897,
      2.1732694767723397,
      2.171610178041064,
      2.1709894858115963,
      2.1645815510395146,
      2.1626195986408834,
      2.158521415773502,
      2.158496446845945,
      2.152849433835873,
      2.1486584371771693,
      2.1473565219847623,
      2.1472715267465134,
      2.1464051806237086,
      2.138307177330837,
      1.9985714225352589,
      1.9956221139232748,
      1.993250743818094,
      1.9919821586721764,
      1.979737241223642
    ],
    [
      3.3155461064091436,
      3.254888463903357,
      3.251410590277778,
      3.2396402241271223,
      3.214106807002315,
      3.2092198501398537,
      2.990486817583237,
      2.9891191592886432,
      2.9718493837298774,
      2.9667210084128754,
      2.9636760462961473,
      2.9494831586124923,
      2.946647945295462,
      2.9361498633911025,
      2.929840921589385,
      2.9256483486094975,
      2.739551872297789,
      2.7015183947667976,
      2.699651719112687,
      2.678921188387187,
      2.6662125367070333,
      2.649684283650904,
      2.4928013256965476,
      2.484397622738891,
      2.4735595014992695,
      2.4642096267356135,
      2.452805825708205,
      2.450762577950134,
      2.4501280499020353,
      2.447308362375631,
      2.4443107934256454,
      2.440997927544762,
      2.4390814167883264,
      2.4375597297287808,
      2.436309782537487,
      2.434466616254281,
      2.433048904118472,
      2.4290076517448203,
      2.4272383919614593,
      2.4262860378626967,
      2.4205949563613274,
      2.419684192232059,
      2.412744287592625,
      2.411789685387403,
      2.4109359669595363,
      2.4092484820486275,
      2.400052602577424,
      2.3948735273221287,
      2.3909250093399175,
      2.2245927290482954
    ]
  ],
  "top_r_val_seeds": [
    [
      60,
      491,
      47,
      378,
      198,
      44,
      350,
      241,
      385,
      102,
      185,
      238,
      126,
      218,
      46,
      408,
      214,
      221,
      490,
      128,
      320,
      319,
      307,
      23,
      402,
      50,
      127,
      209,
      93,
      380,
      110,
      1,
      303,
      163,
      178,
      42,
      190,
      309,
      310,
      362,
      377,
      353,
      483,
      306,
      371,
      189,
      477,
      250,
      64,
      472
    ],
    [
      14,
      47,
      238,
      393,
      214,
      282,
      447,
      255,
      487,
      218,
      122,
      370,
      82,
      48,
      299,
      8,
      412,
      348,
      139,
      266,
      406,
      24,
      468,
      250,
      285,
      251,
      223,
      463,
      482,
      174,
      42,
      221,
      204,
      111,
      182,
      319,
      287,
      414,
      263,
      177,
      202,
      199,
      150,
      258,
      397,
      167,
      439,
      339,
      360,
      189
    ],
    [
      189,
      299,
      295,
      362,
      349,
      437,
      324,
      393,
      29,
      174,
      61,
      128,
      401,
      474,
      83,
      293,
      312,
      476,
      120,
      153,
      385,
      47,
      439,
      283,
      93,
      119,
      157,
      237,
      172,
      351,
      162,
      86,
      251,
      278,
      433,
      215,
      33,
      178,
      214,
      190,
      25,
      500,
      325,
      428,
      314,
      134,
      252,
      300,
      255,
      346
    ]
  ],
  "loss_predicts_minimas": true,
  "loss_ordering_violations": 2,
  "test_loss_ranks": [
    1,
    3,
    2
  ],
  "log_exp_r_n_ranks": [
    1,
    3,
    2
  ],
  "data_level_ranks": [
    3,
    2,
    1
  ],
  "accuracy_predicts_minimas": true,
  "accuracy_ordering_violations": 1,
  "log_exp_r_n_acc_ranks": [
    1,
    2,
    3
  ]
}