{
  "test_loss_values": [
    0.5130886954069137,
    0.5132848525047302,
    0.344492669403553,
    0.488531943410635,
    0.17341797053813934,
    0.22876487970352172,
    0.5446264699101449,
    0.42654730677604674
  ],
  "log_exp_r_n_values": [
    794805.4399854622,
    765092.9079840689,
    814236.8113748501,
    814236.8113748501,
    795085.0377938238,
    831989.6107630354,
    754756.4039854826,
    840780.3713815867
  ],
  "log_exp_r_n_acc_values": [
    -Infinity,
    -Infinity,
    -Infinity,
    -Infinity,
    -Infinity,
    -Infinity,
    -Infinity,
    -Infinity
  ],
  "model_data_levels": [
    200,
    100,
    2000,
    500,
    10000,
    5000,
    0,
    1000
  ],
  "loss_landscape_data_param": 1000,
  "train_loss_values": [
    0.1864650547504425,
    0.22127874195575714,
    0.010366958566009998,
    0.13033142685890198,
    0.06717750430107117,
    0.03602743521332741,
    0.28324589133262634,
    0.005947273690253496
  ],
  "num_params": 235146,
  "dataset_type": "data",
  "top_r_vals": [
    [
      29.372753663965046,
      28.260175918853058,
      28.219633618784876,
      28.17244020826494,
      27.04224257019926,
      26.97863391153662,
      24.848246351040597,
      24.841230259571155,
      24.793086701314113,
      24.77620501147506,
      24.768692675101867,
      24.760855750867098,
      23.75083035308452,
      23.69603613673345,
      23.68382914247352,
      22.661265515145658,
      22.65793412627754,
      22.64248406233527,
      22.638162376091895,
      22.610526667324923,
      22.60757144897057,
      22.59535445660305,
      21.629058803212434,
      21.60725698559932,
      20.59596629932774,
      20.592942781892198,
      20.58341364982029,
      19.642423654468956,
      19.631070169077173,
      19.616968321507034,
      19.610503690326635,
      19.608930379362267,
      19.58871407327151,
      19.57845795994735,
      18.63296475112687,
      18.623267778925598,
      18.614615168168942,
      18.605905123393452,
      17.698356061429557,
      17.693327387837233,
      17.667915838787806,
      17.659092569720855,
      17.645545530041066,
      16.778344700515326,
      16.740244877867916,
      15.88501933988804,
      15.877000521609302,
      15.872065787381473,
      14.978854418589593,
      14.953691634694508
    ],
    [
      25.886191900437332,
      25.87364734404888,
      25.87356581177026,
      24.848246351040597,
      24.841230259571155,
      24.838045241179447,
      24.793086701314113,
      23.75083035308452,
      23.71233102689563,
      23.64447046298547,
      22.638162376091895,
      22.61595691667326,
      22.60757144897057,
      21.616330880883492,
      21.594620142069488,
      21.590809785742664,
      21.582827476662718,
      21.571102780509015,
      20.624893096386703,
      20.61136499331072,
      20.602264646273582,
      20.59596629932774,
      20.58518967484348,
      20.564316522984498,
      20.542342261519597,
      19.59841903455721,
      19.59158943468915,
      18.67257898652955,
      18.64223507061676,
      18.614615168168942,
      18.611771598174954,
      17.693327387837233,
      17.689678567144767,
      17.68959510830002,
      17.680472500176567,
      17.659092569720855,
      16.77912011641071,
      16.777891055841838,
      16.760593478942933,
      16.74653787897806,
      16.729052514284085,
      15.889744340420696,
      15.883663061992594,
      15.85707681929986,
      15.014775224817013,
      15.007195709082868,
      14.979401004666324,
      14.157490779485325,
      14.135147516644542,
      14.111402065066812
    ],
    [
      31.90308922089271,
      31.857320764956366,
      31.766150658174173,
      30.669977212144257,
      30.668185505643393,
      30.57863293222452,
      30.568957717119865,
      29.46204419202394,
      29.372753663965046,
      28.237726201674196,
      28.209023091272943,
      28.205218144743817,
      28.189815479722732,
      28.17244020826494,
      27.065133584303968,
      27.06116038381907,
      27.058067279585543,
      27.02354265275,
      25.962090298604558,
      25.92979373239766,
      25.899179992421477,
      25.872158564641282,
      24.82772553190734,
      24.817552511380367,
      24.795605378278456,
      24.79301179642298,
      24.7827716735977,
      24.762745538849636,
      23.767332621907435,
      23.738014650237687,
      23.72870946529523,
      23.70786865585781,
      23.675902503448462,
      23.658521486199845,
      22.651118885492156,
      22.625355479964156,
      22.59460781512876,
      21.614286365751298,
      21.598582749523175,
      21.57844617861015,
      21.570337446719503,
      20.603141647689117,
      20.602189511735766,
      20.52012705136446,
      19.595142947384538,
      19.58871407327151,
      18.642835197507495,
      18.63342422327759,
      18.610041544872757,
      17.656706759545607
    ],
    [
      31.90308922089271,
      30.53263231273949,
      29.407699791103518,
      29.392677415594584,
      29.372753663965046,
      29.35851950522749,
      29.35842699152193,
      28.18126811033812,
      27.098408712786508,
      27.027474997702914,
      25.964883594470074,
      25.959068712358906,
      25.912112642456158,
      25.90724516542255,
      25.899179992421477,
      24.807084552844557,
      24.79301179642298,
      24.772600213589293,
      24.762745538849636,
      24.759509023345274,
      24.746129137166676,
      23.72753382224013,
      23.724045683327915,
      23.72028004491285,
      23.714087031814223,
      22.699275835695683,
      22.66985901654156,
      22.660570169650516,
      22.640530540462645,
      22.625355479964156,
      21.64325486140758,
      21.629058803212434,
      21.588547769000662,
      21.57844617861015,
      20.603285439649422,
      20.59728763085484,
      20.593039938622134,
      20.557433940235985,
      20.541663459833128,
      19.610366827068763,
      19.59055124673304,
      19.564931924462137,
      18.62152131590373,
      18.610041544872757,
      17.69753816475101,
      17.69011477870666,
      17.684616510014543,
      16.779777373693463,
      16.739634040040123,
      16.71151334522186
    ],
    [
      29.407699791103518,
      28.26545099871215,
      27.10606231577712,
      27.04224257019926,
      27.023912054851635,
      26.97863391153662,
      25.87364734404888,
      25.87356581177026,
      24.793086701314113,
      24.77620501147506,
      24.772600213589293,
      24.768692675101867,
      24.759509023345274,
      23.74639782070292,
      22.6861554641398,
      22.682189999973858,
      22.671275355521423,
      22.661265515145658,
      22.65101201886893,
      22.648422996810172,
      22.6311832731509,
      21.60159106866383,
      21.599727351744786,
      21.597468053772907,
      21.571102780509015,
      21.556628048376304,
      20.603285439649422,
      20.603141647689117,
      20.60163247981748,
      20.59923594714578,
      20.5823229035989,
      20.57276009052728,
      20.569617394169686,
      19.642423654468956,
      19.603537227200704,
      19.595142947384538,
      19.566861573097903,
      18.648380510632627,
      18.605905123393452,
      18.59891341069182,
      18.58647835955157,
      17.69753816475101,
      17.689678567144767,
      17.627045486121524,
      16.774352627388623,
      16.77130687815057,
      15.88501933988804,
      15.86685839934992,
      14.98836350589686,
      14.978854418589593
    ],
    [
      34.404926577763334,
      29.455446114543356,
      28.260175918853058,
      27.10606231577712,
      27.07341023415725,
      27.023912054851635,
      27.01928005891359,
      27.010816154538738,
      27.00926194200973,
      26.97863391153662,
      25.957552211976576,
      25.90724516542255,
      25.903750691960905,
      25.889604841620358,
      25.88583805034812,
      25.87356581177026,
      24.785368376490307,
      23.753594904583377,
      23.738014650237687,
