{
  "test_loss_values": [
    0.24794016778469086,
    0.1646752506494522
  ],
  "log_exp_r_n_values": [
    597542.7679305844,
    534448.8604720888
  ],
  "log_exp_r_n_acc_values": [
    -Infinity,
    -Infinity
  ],
  "model_data_levels": [
    19940,
    59940
  ],
  "loss_landscape_data_param": 19940,
  "train_loss_values": [
    6.902932909724768e-06,
    1.1586659638851415e-05
  ],
  "num_params": 235146,
  "dataset_type": "data",
  "top_r_vals": [
    [
      12.69467799841853,
      12.680904690847875,
      12.673227699979595,
      12.671833550147946,
      12.665738030558108,
      12.64938686103459,
      12.639005267319662,
      12.635376013927152,
      11.171428866075528,
      11.159550410219023,
      11.154756992644844,
      11.154205630523991,
      11.154141877089431,
      11.15286680839826,
      11.152549442399852,
      11.151176291501665,
      11.15083090201554,
      11.1489561306872,
      11.14882792323089,
      11.147371402456741,
      11.146709347559401,
      11.146387077450644,
      11.145475613512613,
      11.144917946107023,
      11.144740697547206,
      11.144405116281781,
      11.143435503606735,
      11.142860321521322,
      11.14275803579115,
      11.142752431093607,
      11.142733515239398,
      11.14231876762117,
      11.142035730395218,
      11.141966372263115,
      11.141742884948563,
      11.141544618772958,
      11.14124126451841,
      11.140371835811955,
      11.140143444387054,
      11.140128031468809,
      11.139879323015311,
      11.139676152729354,
      11.139397319026559,
      11.138866273934301,
      11.138788508755884,
      11.136684645415448,
      11.135937819467761,
      11.135853048417413,
      11.13570242217093,
      11.1355363830062
    ],
    [
      9.707170483141871,
      9.706669435636355,
      9.70589070650476,
      9.705523312353336,
      9.701872561832024,
      9.697205679646054,
      9.677606849448562,
      9.67673840779162,
      8.390984348296731,
      8.390062412915457,
      8.383466259944978,
      8.383389958215362,
      8.382854793670411,
      8.382062308120068,
      8.380471022393484,
      8.380209491637494,
      8.378461918919907,
      8.378119350464878,
      8.378047784704687,
      8.37799989879162,
      8.37755050791513,
      8.377453683651343,
      8.3770432329679,
      8.37704218053025,
      8.37589870702368,
      8.375772414505697,
      8.375512988625006,
      8.37548352037081,
      8.374436871128028,
      8.374104827049498,
      8.373671748956582,
      8.373509147339679,
      8.373251300115465,
      8.372914520067509,
      8.372859267090892,
      8.37283769211907,
      8.372501438289941,
      8.372417243277953,
      8.372175182618484,
      8.371490571927254,
      8.371378487317543,
      8.371313236183251,
      8.37107170174261,
      8.37106433467906,
      8.370938568379902,
      8.370686509562763,
      8.370223436996826,
      8.369717740706069,
      8.369449369105356,
      8.369445159354756
    ]
  ],
  "top_r_val_seeds": [
    [
      7,
      371,
      308,
      452,
      465,
      93,
      56,
      42,
      419,
      242,
      383,
      394,
      131,
      458,
      469,
      237,
      377,
      261,
      202,
      417,
      334,
      167,
      448,
      87,
      276,
      122,
      322,
      235,
      205,
      422,
      326,
      346,
      392,
      71,
      132,
      479,
      209,
      468,
      11,
      172,
      320,
      58,
      438,
      301,
      499,
      223,
      41,
      269,
      396,
      312
    ],
    [
      322,
      235,
      71,
      479,
      452,
      465,
      370,
      56,
      419,
      384,
      472,
      114,
      140,
      242,
      7,
      376,
      383,
      456,
      394,
      131,
      424,
      99,
      329,
      458,
      378,
      237,
      377,
      324,
      373,
      261,
      198,
      285,
      497,
      417,
      184,
      300,
      348,
      334,
      167,
      448,
      371,
      361,
      87,
      355,
      276,
      122,
      66,
      328,
      205,
      422
    ]
  ],
  "loss_predicts_minimas": true,
  "loss_ordering_violations": 1,
  "test_loss_ranks": [
    1,
    2
  ],
  "log_exp_r_n_ranks": [
    1,
    2
  ],
  "data_level_ranks": [
    2,
    1
  ],
  "accuracy_predicts_minimas": true,
  "accuracy_ordering_violations": 1,
  "log_exp_r_n_acc_ranks": [
    1,
    2
  ]
}