{
  "test_loss_values": [
    0.19459165632724762
  ],
  "log_exp_r_n_values": [
    566200.7908491316
  ],
  "log_exp_r_n_acc_values": [
    -Infinity
  ],
  "model_data_levels": [
    59940
  ],
  "loss_landscape_data_param": 59940,
  "train_loss_values": [
    8.904092283046339e-06
  ],
  "num_params": 235146,
  "dataset_type": "data",
  "top_r_vals": [
    [
      11.110554844879909,
      9.715863443761323,
      9.714576953942045,
      9.710989673506694,
      9.709410855118422,
      9.708082865627555,
      9.699527220097922,
      9.696425729935884,
      9.695400443931906,
      9.67121162799874,
      8.390984348296731,
      8.388357990141513,
      8.384164552325657,
      8.383893023411995,
      8.382854793670411,
      8.379548560793385,
      8.378119350464878,
      8.3775878694517,
      8.37737001485818,
      8.37704218053025,
      8.37625758826228,
      8.374333206019518,
      8.374241643943979,
      8.374104827049498,
      8.373777518940393,
      8.373570714942195,
      8.373509147339679,
      8.373427583421815,
      8.373296028715583,
      8.373189206294123,
      8.372991874234774,
      8.372501438289941,
      8.372175182618484,
      8.372162027147862,
      8.372121508298342,
      8.371812091629284,
      8.3716984283631,
      8.371490571927254,
      8.371378487317543,
      8.371313236183251,
      8.371158527848722,
      8.370938568379902,
      8.370908047688056,
      8.370080305476444,
      8.369993479370331,
      8.36995822270906,
      8.369717740706069,
      8.369678800513023,
      8.369669854793,
      8.369526197053794
    ]
  ],
  "top_r_val_seeds": [
    [
      275,
      99,
      496,
      497,
      60,
      249,
      356,
      33,
      314,
      109,
      419,
      267,
      484,
      182,
      140,
      471,
      456,
      435,
      415,
      458,
      432,
      1,
      199,
      261,
      105,
      457,
      285,
      342,
      391,
      165,
      175,
      348,
      167,
      325,
      5,
      375,
      380,
      448,
      371,
      361,
      459,
      276,
      323,
      250,
      156,
      322,
      328,
      22,
      84,
      235
    ]
  ],
  "loss_predicts_minimas": true,
  "loss_ordering_violations": 0,
  "test_loss_ranks": [
    1
  ],
  "log_exp_r_n_ranks": [
    1
  ],
  "data_level_ranks": [
    1
  ],
  "accuracy_predicts_minimas": true,
  "accuracy_ordering_violations": 0,
  "log_exp_r_n_acc_ranks": [
    1
  ]
}