{
  "test_loss_values": [
    0.4971111047267914,
    0.514248166680336,
    0.33501703292131424,
    0.4856918528676033,
    0.17394602298736572,
    0.22285034656524658,
    0.5435654744505882,
    0.4123481810092926
  ],
  "log_exp_r_n_values": [
    823174.8935716605,
    832133.1072808184,
    795228.5343116068,
    823174.8935716605,
    733798.9074823208,
    765516.0023102133,
    840923.8678993696,
    804586.2094235945
  ],
  "log_exp_r_n_acc_values": [
    -Infinity,
    -Infinity,
    -Infinity,
    -Infinity,
    -Infinity,
    -Infinity,
    -Infinity,
    -Infinity
  ],
  "model_data_levels": [
    200,
    100,
    2000,
    500,
    10000,
    5000,
    0,
    1000
  ],
  "loss_landscape_data_param": 0,
  "train_loss_values": [
    0.0031296543311327696,
    0.0027348054572939873,
    0.011279614642262459,
    0.003856259398162365,
    0.07379329204559326,
    0.032918836921453476,
    0.002496715635061264,
    0.0055145081132650375
  ],
  "num_params": 235146,
  "dataset_type": "data",
  "top_r_vals": [
    [
      33.13909234112223,
      33.063528447237765,
      31.857320764956366,
      30.61449981386596,
      29.377192471557848,
      29.359625969145995,
      28.24003438202318,
      28.200241352806746,
      27.04589062874216,
      27.00926194200973,
      26.99466630321046,
      26.97863391153662,
      25.97710528303519,
      25.957552211976576,
      25.934710128798436,
      25.92567798297293,
      25.922633567689264,
      25.921872056206954,
      25.88583805034812,
      24.81822353436343,
      24.78974251002875,
      24.778985855558364,
      24.772938846117956,
      24.745311425438477,
      23.738014650237687,
      23.716909768692712,
      23.704567008546977,
      23.68727550726702,
      23.675902503448462,
      23.6744075867718,
      22.65793412627754,
      22.640530540462645,
      21.645583488017586,
      21.64325486140758,
      21.640735920888993,
      21.627707574461503,
      21.60725698559932,
      21.57844617861015,
      21.569524534452846,
      20.603285439649422,
      20.602264646273582,
      20.59728763085484,
      20.58714705909588,
      20.58039272323088,
      19.62512216587018,
      19.58954018482804,
      19.5703250766237,
      19.56413293895672,
      19.531352339192825,
      17.67225792428399
    ],
    [
      34.42592839726787,
      31.804081912450226,
      30.62026217316067,
      30.61449981386596,
      29.39664255301491,
      29.377192471557848,
      28.24003438202318,
      28.200241352806746,
      28.17350197122547,
      28.170819155450616,
      27.118821157951196,
      27.06116038381907,
      27.04224257019926,
      27.02354265275,
      26.99466630321046,
      26.97863391153662,
      25.957552211976576,
      25.933511604302726,
      24.81072680317589,
      24.807813315014535,
      24.77620501147506,
      24.772938846117956,
      23.753594904583377,
      23.738014650237687,
      23.728543860753202,
      23.716909768692712,
      23.704567008546977,
      23.689934131536297,
      23.6744075867718,
      23.657739713406862,
      22.65793412627754,
      22.640530540462645,
      22.618223913974017,
      22.61195440541126,
      22.608872371997343,
      21.645583488017586,
      21.620580318585112,
      21.60725698559932,
      20.622492677445805,
      20.61864397551736,
      20.610077342783327,
      20.602264646273582,
      20.59728763085484,
      20.58039272323088,
      19.595142947384538,
      19.58954018482804,
      19.5703250766237,
      19.56413293895672,
      19.531352339192825,
      16.754377491928523
    ],
    [
      29.425651150530502,
      28.209023091272943,
      28.1724739432085,
      27.05606365620477,
      27.01183413821053,
      25.912112642456158,
      25.899179992421477,
      24.77668253015603,
      23.72744729013709,
      23.716797873731885,
      23.700218024402794,
      23.68382914247352,
      23.671313318121705,
      22.699275835695683,
      22.671275355521423,
      22.662230164531337,
      21.639471692781985,
      21.6212763237365,
      21.612899792988774,
      21.599727351744786,
      21.582827476662718,
      21.579982283729418,
      21.571102780509015,
      21.556628048376304,
      21.54382535986899,
      20.603285439649422,
      20.59354774446392,
      20.59058899818167,
      20.569617394169686,
      20.557433940235985,
      20.541663459833128,
      19.633182302056767,
      19.631070169077173,
      19.600751874952653,
      19.595142947384538,
      19.56413293895672,
      18.648380510632627,
      18.641311437823987,
      18.638571014639343,
      18.636808141897806,
      18.623267778925598,
      18.605905123393452,
      18.598212481237407,
      18.56699181744518,
      17.714978837734527,
      17.6795600168073,
      17.678814451127536,
      16.744859393686152,
      15.896348954354846,
      14.992047061806018
    ],
    [
      33.13909234112223,
      31.804081912450226,
      30.62026217316067,
      29.39664255301491,
      28.214323028458875,
      28.17350197122547,
      27.07562324213941,
      27.06116038381907,
      27.037470984526955,
      25.97710528303519,
      25.922633567689264,
      25.890103819165514,
      25.88583805034812,
      25.872158564641282,
      25.84281998950271,
      24.8193705155089,
      24.81822353436343,
      24.78974251002875,
      24.772938846117956,
      23.749442855570255,
      23.738014650237687,
      23.72028004491285,
      23.6744075867718,
      23.658521486199845,
      22.68859629781435,
      22.640530540462645,
      22.639330784505866,
      22.625355479964156,
      22.622816328996237,
      22.59460781512876,
      21.609828942135298,
      21.60725698559932,
      21.57844617861015,
      21.572464884340437,
      20.610077342783327,
      20.602264646273582,
      20.59923594714578,
      20.58714705909588,
      20.58039272323088,
      20.554631940144695,
      20.554567168991404,
      19.631070169077173,
      19.62878541577233,
      19.610503690326635,
      19.604794889570343,
      19.531352339192825,
      18.656131758930343,
      18.604040275965406,
      17.6795600168073,
      15.860973871102528
    ],
    [
      22.660570169650516,
      21.605656989382172,
      21.590809785742664,
      20.581322836992115,
      20.554656553182944,
      19.593279880874224,
      18.64954560072909,
      18.642104964982245,
      18.610041544872757,
      18.60722962219527,
      18.606975271540406,
      18.597142333090453,
      18.587092551916307,
      17.72728734815823,
      17.71394394805963,
      17.69753816475101,
      17.692192347548634,
      17.67722873307729,
      17.66757532670123,
      17.657351061827075,
      17.635648423838333,
      16.79864160719732,
      16.774352627388623,
      16.77130687815057,
      16.729052514284085,
      15.883720988441738,
      15.881385953302157,
      15.876534113820515,
      15.874719417991338,
      15.858550947557353,
      15.8491578742093,
      15.84694768055494,
      15.014775224817013,
      15.01429188790633,
      14.999015798279983,
      14.985032068479274,
      14.183448197158253,
      14.17325961228883,
      14.16154322965329,
      14.157490779485325,
      14.154923366562908,
      14.153442783538253,
      14.136164860696383,
      14.13513059060515,
      14.111402065066812,
      13.359842073610041,
      13.35734877414539,
      13.33256851612042,
      12.525008049039165,
      11.014565188265648
    ],
    [
      25.932810426706595,
      24.80241236026015,
      24.797744849231435,
      24.785368376490307,
      24.7609634266481,
      23.703415236416856,
      23.673567628599187,
      22.61952483700079,
      21.65577207905202,
      21.583243448491476,
      20.621287933994626,
      20.603948696259103,
      20.603141647689117,
      20.602189511735766,
      20.592942781892198,
      19.618193925816268,
      19.60123521186334,
      19.58695704496099,
      19.573680075945052,
      19.566861573097903,
