{
  "test_loss_values": [
    0.6128907382488251,
    0.15178008377552032,
    0.3443964421749115,
    0.10105352848768234
  ],
  "log_exp_r_n_values": [
    747466.2055002523,
    597837.5744100482,
    678657.3754406006,
    535038.8287098763
  ],
  "log_exp_r_n_acc_values": [
    -Infinity,
    -Infinity,
    -Infinity,
    -Infinity
  ],
  "model_data_levels": [
    1940,
    19940,
    5940,
    59940
  ],
  "loss_landscape_data_param": 1940,
  "train_loss_values": [
    0.0001755355333443731,
    0.0007394168060272932,
    0.0003084912314079702,
    0.0020158125553280115
  ],
  "num_params": 235146,
  "dataset_type": "data",
  "top_r_vals": [
    [
      24.01692557629244,
      23.99692111545139,
      23.944277162905095,
      21.896000577508037,
      21.871856465265225,
      21.85961894446059,
      21.81515082577372,
      21.806303614536706,
      21.799793506128402,
      21.77668749596462,
      21.766409461491694,
      21.765150282118057,
      21.75839437969898,
      19.829314042811326,
      19.828610341897516,
      19.82675954621978,
      19.826754564266405,
      19.823025572167385,
      19.822536095248577,
      19.81895656175072,
      19.81339296532242,
      19.81263570840986,
      19.812414011484805,
      19.812275762278727,
      19.809337655277528,
      19.807940217356652,
      19.807566570853744,
      19.80467205594455,
      19.803166260537832,
      19.79973992210617,
      19.798550480738577,
      19.797222790164913,
      19.795588709458862,
      19.794872553661623,
      19.790485943717485,
      19.78862393864466,
      19.786609983993987,
      19.78410157047113,
      19.78397826712517,
      19.782727796828773,
      19.777524146531608,
      19.777445680766,
      19.77326083993343,
      19.77096415942889,
      19.76762625066958,
      19.761660361506486,
      19.76125059584163,
      19.74870603725067,
      19.748445730186976,
      19.74365682750804
    ],
    [
      12.710603509845935,
      12.703167246964597,
      12.690325763952659,
      12.68008685338231,
      12.674430542801757,
      12.670222585705542,
      12.66471932073258,
      12.657615453780227,
      12.653417062034487,
      12.636400303540457,
      11.160605494531609,
      11.160154316379348,
      11.159550410219023,
      11.15911044146185,
      11.154205630523991,
      11.153989149081369,
      11.15359331731735,
      11.15286680839826,
      11.152552244748623,
      11.152549442399852,
      11.150176553577323,
      11.149398201205953,
      11.148520365453184,
      11.14805447496987,
      11.145903672287506,
      11.145752345453829,
      11.143435503606735,
      11.143051581824999,
      11.142860321521322,
      11.142752431093607,
      11.141756196105229,
      11.141089937684733,
      11.140143444387054,
      11.139889831823204,
      11.139281021552529,
      11.138866273934301,
      11.138788508755884,
      11.138473244519055,
      11.138366755265727,
      11.137953408821884,
      11.136684645415448,
      11.135018649070608,
      11.134411239974318,
      11.13277887181474,
      11.132644359073693,
      11.132148343341083,
      11.131552844227073,
      11.131120581929022,
      11.130464131729225,
      11.129968115996615
    ],
    [
      17.923936980681184,
      17.87525985557417,
      17.85926457811723,
      16.077446046939567,
      16.06911903570506,
      16.064054631004648,
      16.061174376936982,
      16.04988337745351,
      16.049851094395663,
      16.045563500774794,
      16.04412892239153,
      16.04107615573347,
      16.039248127582646,
      16.035750460033576,
      16.034426854661675,
      16.03070017917097,
      16.02878539030217,
      16.025419881521177,
      16.02318327091942,
      16.020957757618802,
      16.0197945586906,
      16.0144809691374,
      16.01325925716684,
      16.010790612086776,
      16.005477022533576,
      15.996451890173038,
      15.992944134168388,
      15.99072265625,
      14.334598210816143,
      14.326957454317485,
      14.326679395931183,
      14.326188069462184,
      14.32523781167599,
      14.32483377214379,
      14.324231762239467,
      14.322572410574937,
      14.322135975890937,
      14.321782328817097,
      14.320268755335677,
      14.319655047182092,
      14.31905663673908,
      14.318307048920992,
      14.318084782185018,
      14.314629299326125,
      14.314469123297771,
      14.313123824632655,
      14.311236807040181,
      14.308569606208474,
      14.307324192594749,
      14.307155017913116
    ],
    [
      9.731555812225798,
      9.716030663026258,
      9.7111941204182,
      9.708082865627555,
      9.705127234605369,
      9.702394969462622,
      9.701289735561904,
      9.700639167180809,
      9.696425729935884,
      9.692983088061808,
      9.670397502088438,
      8.390062412915457,
      8.386075252878973,
      8.384164552325657,
      8.383389958215362,
      8.382854793670411,
      8.382515908747157,
      8.381731842698013,
      8.3775878694517,
      8.37704218053025,
      8.376805908277856,
      8.37589870702368,
      8.375734526750302,
      8.37298924314065,
      8.37228147882112,
      8.372175182618484,
      8.3716984283631,
      8.371378487317543,
      8.37107170174261,
      8.370707032096934,
      8.37036604229838,
      8.369669854793,
      8.369445159354756,
      8.368906837496853,
      8.368628467738466,
      8.367104538021474,
      8.366596736855417,
      8.366526223532876,
      8.366505700998704,
      8.36646781324331,
      8.366151029510702,
      8.36590949507006,
      8.363179998025156,
      8.363060020133073,
      8.362278585178053,
      8.361953908163072,
      8.361480311220637,
      8.361397694865122,
      8.361033025219447,
      8.360708348204467
    ]
  ],