{
  "test_loss_values": [
    0.011374139320105314
  ],
  "log_exp_r_n_values": [
    6324.305805335498
  ],
  "log_exp_r_n_acc_values": [
    -Infinity
  ],
  "model_data_levels": [
    780
  ],
  "loss_landscape_data_param": 780,
  "train_loss_values": [
    0.006097553297877312
  ],
  "num_params": 4353,
  "dataset_type": "data",
  "top_r_vals": [
    [
      4.281438670466353,
      4.2362799876539725,
      3.8694473140495873,
      3.8554396055727738,
      3.8349712501434805,
      3.825052728994491,
      3.819236846447429,
      3.7999127460686415,
      3.5702893985265285,
      3.5587197583909553,
      3.538042156249453,
      3.5094511936835016,
      3.50420746512832,
      3.330882131317516,
      3.282076235170718,
      3.2713023998119217,
      3.2616215458622686,
      3.254888463903357,
      3.2529470184702935,
      3.2526512616946377,
      3.245340606312693,
      3.233535201461227,
      3.2301281587577164,
      3.2279139389226468,
      3.2261171694155095,
      3.215517020519869,
      3.2108553662712196,
      3.2055615083670914,
      3.021716731748415,
      3.0205100753966336,
      3.0203559392083124,
      3.0017133560390845,
      3.0014785472354943,
      2.998198089739727,
      2.9963639034274747,
      2.99039721948713,
      2.9788376919384723,
      2.9784240302303937,
      2.977211537987295,
      2.97621222742114,
      2.9672918958987964,
      2.965130556385051,
      2.953510610196873,
      2.9474244621283865,
      2.946647945295462,
      2.9319202153369637,
      2.9281814687289267,
      2.9151667445159157,
      2.9095323630929326,
      2.762106732073737
    ]
  ],
  "top_r_val_seeds": [
    [
      189,
      393,
      295,
      362,
      474,
      349,
      437,
      483,
      120,
      174,
      128,
      293,
      47,
      283,
      324,
      121,
      29,
      299,
      91,
      61,
      25,
      428,
      134,
      256,
      385,
      83,
      300,
      255,
      93,
      266,
      312,
      380,
      57,
      345,
      157,
      413,
      303,
      476,
      76,
      433,
      178,
      214,
      153,
      325,
      401,
      252,
      430,
      449,
      459,
      439
    ]
  ],
  "loss_predicts_minimas": true,
  "loss_ordering_violations": 0,
  "test_loss_ranks": [
    1
  ],
  "log_exp_r_n_ranks": [
    1
  ],
  "data_level_ranks": [
    1
  ],
  "accuracy_predicts_minimas": true,
  "accuracy_ordering_violations": 0,
  "log_exp_r_n_acc_ranks": [
    1
  ]
}