{
  "test_loss_values": [
    0.0087695237348514,
    0.0032647781146106056
  ],
  "log_exp_r_n_values": [
    214033.03637352685,
    189652.7622408962
  ],
  "log_exp_r_n_acc_values": [
    -Infinity,
    -Infinity
  ],
  "model_data_levels": [
    3669,
    5551
  ],
  "loss_landscape_data_param": 3669,
  "train_loss_values": [
    0.005929214414209127,
    0.002917804755270481
  ],
  "num_params": 73097,
  "dataset_type": "data",
  "top_r_vals": [
    [
      18.693262824743652,
      18.667890657880896,
      18.66690768111593,
      18.655539249622173,
      18.651668383946,
      18.648734187778196,
      18.6479701180444,
      18.63154367120543,
      18.627468632625185,
      18.6111474295512,
      18.602784759985433,
      18.601530254306805,
      18.570142353837465,
      17.39914326531074,
      17.396282534272853,
      17.385987794687527,
      17.385939142799128,
      17.36482422323376,
      17.353605097768845,
      17.35270211872015,
      17.34823587536508,
      17.346032917858352,
      17.34326559844619,
      17.34057028382886,
      17.337713444942043,
      17.3370673478641,
      17.336298648027388,
      17.335259443691175,
      17.33448295955232,
      17.33417937176871,
      17.334132665955845,
      17.333504083557724,
      17.333397049403246,
      17.33337953472342,
      17.332357845067033,
      17.331600821683537,
      17.32937256519484,
      17.32736421524171,
      17.326216030675482,
      17.324552136092223,
      17.324540459639007,
      17.324133729851987,
      17.323740622593718,
      17.32369197070532,
      17.32331053990027,
      17.321666106072367,
      17.32035834331219,
      17.318704179106607,
      17.31787515092828,
      17.31752291125627
    ],
    [
      13.391631703317902,
      13.385169511959878,
      13.384055808738427,
      13.383987991898149,
      13.383933738425927,
      13.382483965084878,
      13.373372395833334,
      13.371010862750772,
      13.370172948013119,
      13.367574809510032,
      13.365767867476853,
      13.36506407937886,
      13.360755449459878,
      13.356517650462964,
      13.3560489607446,
      13.354202835648149,
      13.354153103298612,
      13.352052288290896,
      13.351583598572532,
      13.351505232445989,
      13.34675956066744,
      13.346343617380402,
      13.345216350790896,
      13.344523111979168,
      13.341701931423612,
      13.339744285300927,
      13.336935161072532,
      13.336826654128087,
      13.334199881847995,
      13.331928771219136,
      13.325141059027779,
      13.323225610050155,
      13.322279188368057,
      13.319153585551698,
      13.318255389178242,
      13.31774600935571,
      13.30965319974923,
      13.303276909722223,
      13.300723982445989,
      13.292872299382717,
      13.29279544029707,
      13.292037398726853,
      13.273090880594136,
      12.27683548800326,
      12.274816956182924,
      12.267552987931518,
      12.267518659159064,
      12.252619971913742,
      12.245572961504248,
      12.244703756985697
    ]
  ],
  "top_r_val_seeds": [
    [
      432,
      453,
      653,
      745,
      354,
      826,
      792,
      744,
      972,
      969,
      917,
      188,
      55,
      553,
      569,
      178,
      530,
      706,
      94,
      910,
      903,
      850,
      675,
      982,
      264,
      708,
      131,
      915,
      476,
      79,
      383,
      926,
      424,
      29,
      195,
      677,
      333,
      182,
      375,
      673,
      534,
      479,
      994,
      789,
      342,
      525,
      517,
      863,
      202,
      422
    ],
    [
      815,
      590,
      414,
      346,
      432,
      924,
      746,
      557,
      30,
      329,
      453,
      653,
      154,
      105,
      632,
      76,
      354,
      826,
      252,
      792,
      5,
      577,
      454,
      567,
      511,
      744,
      389,
      972,
      691,
      146,
      969,
      256,
      688,
      917,
      188,
      672,
      287,
      571,
      310,
      613,
      536,
      462,
      96,
      553,
      569,
      178,
      530,
      706,
      711,
      94
    ]
  ],
  "loss_predicts_minimas": true,
  "loss_ordering_violations": 1,
  "test_loss_ranks": [
    1,
    2
  ],
  "log_exp_r_n_ranks": [
    1,
    2
  ],
  "data_level_ranks": [
    2,
    1
  ],
  "accuracy_predicts_minimas": true,
  "accuracy_ordering_violations": 1,
  "log_exp_r_n_acc_ranks": [
    1,
    2
  ]
}