{
  "test_loss_values": [
    0.012239371575074636,
    0.01180561869643262,
    0.011222456484096269,
    0.011338278606398597,
    0.010411234389115962,
    0.012104720061844657,
    0.008281295757413303,
    0.012337242122270378,
    0.01233078930222107
  ],
  "log_exp_r_n_values": [
    -Infinity,
    -Infinity,
    -Infinity,
    -26555.86678146935,
    98.45089246603116,
    -Infinity,
    22634.355379132256,
    -Infinity,
    -Infinity
  ],
  "log_exp_r_n_acc_values": [
    112709.0296431388,
    112912.74016266772,
    101101.90429717749,
    113134.17341287168,
    113134.17341287168,
    101432.40980724667,
    112787.64714872547,
    101432.40980724667,
    112488.00727982924
  ],
  "model_data_levels": [
    1000,
    1500,
    200,
    2000,
    3000,
    400,
    5000,
    600,
    800
  ],
  "loss_landscape_data_param": 0,
  "train_loss_values": [
    0.005456179846078157,
    0.005092191509902477,
    0.007519122213125229,
    0.004827017430216074,
    0.004351015668362379,
    0.006358673796057701,
    0.0034672727342694998,
    0.005917706992477179,
    0.005653293803334236
  ],
  "num_params": 73097,
  "dataset_type": "data",
  "top_r_vals": [
    [
      0.0,
      0.0,
      0.0,
      0.0,
      0.0,
      0.0,
      0.0,
      0.0,
      0.0,
      0.0,
      0.0,
      0.0,
      0.0,
      0.0,
      0.0,
      0.0,
      0.0,
      0.0,
      0.0,
      0.0,
      0.0,
      0.0,
      0.0,
      0.0,
      0.0,
      0.0,
      0.0,
      0.0,
      0.0,
      0.0,
      0.0,
      0.0,
      0.0,
      0.0,
      0.0,
      0.0,
      0.0,
      0.0,
      0.0,
      0.0,
      0.0,
      0.0,
      0.0,
      0.0,
      0.0,
      0.0,
      0.0,
      0.0,
      0.0,
      0.0
    ],
    [
      0.0,
      0.0,
      0.0,
      0.0,
      0.0,
      0.0,
      0.0,
      0.0,
      0.0,
      0.0,
      0.0,
      0.0,
      0.0,
      0.0,
      0.0,
      0.0,
      0.0,
      0.0,
      0.0,
      0.0,
      0.0,
      0.0,
      0.0,
      0.0,
      0.0,
      0.0,
      0.0,
      0.0,
      0.0,
      0.0,
      0.0,
      0.0,
      0.0,
      0.0,
      0.0,
      0.0,
      0.0,
      0.0,
      0.0,
      0.0,
      0.0,
      0.0,
      0.0,
      0.0,
      0.0,
      0.0,
      0.0,
      0.0,
      0.0,
      0.0
    ],
    [
      0.0,
      0.0,
      0.0,
      0.0,
      0.0,
      0.0,
      0.0,
      0.0,
      0.0,
      0.0,
      0.0,
      0.0,
      0.0,
      0.0,
      0.0,
      0.0,
      0.0,
      0.0,
      0.0,
      0.0,
      0.0,
      0.0,
      0.0,
      0.0,
      0.0,
      0.0,
      0.0,
      0.0,
      0.0,
      0.0,
      0.0,
      0.0,
      0.0,
      0.0,
      0.0,
      0.0,
      0.0,
      0.0,
      0.0,
      0.0,
      0.0,
      0.0,
      0.0,
      0.0,
      0.0,
      0.0,
      0.0,
      0.0,
      0.0,
      0.0
    ],
    [
      0.6954395117875012,
      0.6941442039107539,
      0.6938196763543741,
      0.6935085377976818,
      0.6934519459210956,
      0.6933793183820929,
      0.6933671748707484,
      0.6933653066382338,
      0.6933358819761298,
      0.6933351813889369,
      0.6932943138026814,
      0.6931749026077937,
      0.6930945686096686,
      0.6930751856973302,
      0.6930486412270195,
      0.6929653491940796,
      0.6929324215960108,
      0.6927150060371313,
      0.6927009164502508,
      0.6927004493921222,
      0.6926950003806215,
      0.6926828568692769,
      0.692668689439375,
      0.6926544441664516,
      0.6926465820212863,
      0.6926349055680704,
      0.692592636807429,
      0.6925793256507629,
      0.692564457633668,
      0.692472992083477,
      0.6924519744676885,
      0.6924488607468309,
      0.6924279988170852,
      0.6923803588879645,
      0.6923789577135785,
      0.6923215874067778,
      0.6923077313489617,
      0.6923022044944396,
      0.6922821988379296,
      0.6922413312516741,
      0.6922182118743067,
      0.6921837274158091,
      0.6921613086256347,
      0.6921567937303912,
      0.6921567158873698,
      0.6921504884456546,
      0.6921223092718937,
      0.6920654060232216,
      0.6920430650760686,
      0.6920390950819753
    ],
    [
      1.0014328969740014,
      0.9995676536314854,
      0.9991003339502985,
      0.9986522944286618,
      0.9985708021263775,
      0.9984662184702136,
      0.9984487318138775,
      0.9984460415590566,
      0.9984036700456268,
      0.9984026612000689,
      0.998343811875861,
      0.9981718597552228,
      0.9980561787979225,
      0.9980282674041553,
      0.9979900433669078,
      0.9978701028394744,
      0.9978226870982554,
      0.9975096086934688,
      0.997489319688361,
      0.9974886471246558,
      0.9974808005480947,
      0.9974633138917586,
      0.9974429127926998,
      0.9974223995996901,
      0.9974110781106521,
      0.9973942640180212,
      0.9973333970026975,
      0.9973142289370983,
      0.9972928189924818,
      0.9971611086002067,
      0.9971308432334712,
      0.9971263594754363,
      0.9970963182966025,
      0.9970277167986686,
      0.9970256991075529,
      0.99694308586576,
      0.9969231331425047,
      0.9969151744719927,
      0.9968863663266185,
      0.9968275170024106,
      0.9967942250990015,
      0.996744567478765,
      0.9967122844209138,
      0.9967057829717632,
      0.9967056708778124,
      0.9966967033617425,
      0.9966561253515267,
      0.9965741846734391,
      0.9965420137095387,
      0.9965362969180441
    ],
    [
      0.0,
      0.0,
      0.0,
      0.0,
      0.0,
      0.0,
      0.0,
      0.0,
      0.0,
      0.0,
      0.0,
      0.0,
      0.0,
      0.0,
      0.0,
      0.0,
      0.0,
      0.0,
      0.0,
      0.0,
      0.0,
      0.0,
      0.0,
      0.0,
      0.0,
      0.0,
      0.0,
      0.0,
      0.0,
      0.0,
      0.0,
      0.0,
      0.0,
      0.0,
      0.0,
      0.0,
      0.0,
      0.0,
      0.0,
      0.0,
      0.0,
      0.0,
      0.0,
      0.0,
      0.0,
      0.0,
      0.0,
      0.0,
      0.0,
      0.0
    ],
    [
      1.3630614431035024,
      1.3605226396650778,
      1.3598865656545733,
      1.3592767340834566,
      1.3591658140053475,
      1.3590234640289023,
      1.358999662746667,
      1.3589960010109385,
      1.3589383286732146,
      1.3589369555223165,
      1.3588568550532556,
      1.3586228091112758,
      1.3584653544749505,
      1.3584273639667672,
      1.3583753368049583,
      1.3582120844203962,
      1.3581475463281814,
      1.3577214118327774,
      1.3576937962424918,
      1.3576928808085595,
      1.357682200746018,
      1.357658399463783,
      1.3576306313011752,
      1.3576027105662454,
      1.3575873007617212,
      1.3575644149134183,
      1.357481568142561,
      1.3574554782754953,
      1.3574263369619894,
      1.3572470644836152,
      1.3572058699566696,
      1.3571997670637888,
      1.3571588776814871,
      1.3570655034204104,
      1.357062757118614,
      1.3569503113172847,
      1.3569231534439652,
      1.3569123208091016,
      1.3568731097223423,
      1.3567930092532814,
      1.3567476952736413,
      1.3566801057349862,
      1.3566361649062442,
      1.356627315711567,
      1.356627163139245,
      1.3566149573534834,
      1.3565597261729119,
      1.3564481958055146,
      1.3564044075490946,
      1.3563966263606717
    ],
    [
      0.0,
      0.0,
      0.0,
      0.0,
      0.0,
      0.0,
      0.0,
      0.0,
      0.0,
      0.0,
      0.0,
      0.0,
      0.0,
      0.0,
      0.0,
      0.0,
      0.0,
      0.0,
      0.0,
      0.0,
      0.0,
      0.0,
      0.0,
      0.0,
      0.0,
      0.0,
      0.0,
      0.0,
      0.0,
      0.0,
      0.0,
      0.0,
      0.0,
      0.0,
      0.0,
      0.0,
      0.0,
      0.0,
      0.0,
      0.0,
      0.0,
      0.0,
      0.0,
      0.0,
      0.0,
      0.0,
      0.0,
      0.0,
      0.0,
      0.0
    ],
    [
      0.0,
      0.0,
      0.0,
      0.0,
      0.0,
      0.0,
      0.0,
