{
  "test_loss_values": [
    0.520281553864479,
    0.5197140857577324,
    0.3519103392958641,
    0.49995212033391,
    0.16811777651309967,
    0.2354556977748871,
    0.5533811002969742,
    0.4348431169986725
  ],
  "log_exp_r_n_values": [
    874431.2422885376,
    866545.3377621077,
    848735.9128132535,
    858251.5194267352,
    822994.2036423906,
    849454.1163219902,
    859681.8253844343,
    857209.871803119
  ],
  "log_exp_r_n_acc_values": [
    -Infinity,
    -Infinity,
    -Infinity,
    -Infinity,
    -Infinity,
    -Infinity,
    -Infinity,
    -Infinity
  ],
  "model_data_levels": [
    200,
    100,
    2000,
    500,
    10000,
    5000,
    0,
    1000
  ],
  "loss_landscape_data_param": 200,
  "train_loss_values": [
    0.002916269237175584,
    0.0655597373843193,
    0.009682306088507175,
    0.00368100474588573,
    0.06764044612646103,
    0.03163723275065422,
    0.1390305906534195,
    0.004877625498920679
  ],
  "num_params": 235146,
  "dataset_type": "data",
  "top_r_vals": [
    [
      41.21038638803412,
      39.72741744916899,
      39.68020895363625,
      38.470171898279084,
      38.46523944510555,
      38.39549876226295,
      37.03658630690134,
      37.012081310480006,
      35.77346142024508,
      35.66691745214669,
      35.634425957520016,
      34.442191711011176,
      34.41646004450423,
      34.36357234566534,
      33.1401092227982,
      33.12527066866999,
      33.118875566490594,
      33.10195740598407,
      31.843903315361995,
      31.802213812207924,
      30.63978214118941,
      30.63895371775353,
      30.635389570413103,
      30.61185849170179,
      30.599220217889258,
      30.583875118664135,
      30.57020613197208,
      30.549767191899345,
      29.39807096462877,
      29.36066767347061,
      28.27178251496174,
      28.248434382970125,
      28.221723409762376,
      28.19728688196005,
      28.17244020826494,
      28.125147368437663,
      27.118821157951196,
      27.066869944413046,
      27.05097203553197,
      27.030508520952306,
      27.021988440220987,
      27.014498259358287,
      25.962090298604558,
      25.93572602099004,
      25.934891130456972,
      25.91457654791605,
      25.889604841620358,
      25.873678326314757,
      24.8193705155089,
      24.807813315014535
    ],
    [
      39.851263698070134,
      38.4172924235657,
      38.34570056035517,
      38.30013397310043,
      37.108504461828524,
      37.03658630690134,
      37.03647441194051,
      36.96643982218726,
      35.77346142024508,
      35.67842284342469,
      34.442191711011176,
      34.41646004450423,
      33.07906714940517,
      33.07384937949405,
      31.857320764956366,
      31.8410470462147,
      31.802213812207924,
      30.63989388202495,
      30.635389570413103,
      30.626174804613512,
      30.607365739486724,
      30.599220217889258,
      30.57020613197208,
      29.42644676839832,
      29.425651150530502,
      29.399628895430407,
      29.372753663965046,
      29.36066767347061,
      29.33999641110014,
      28.27178251496174,
      28.19728688196005,
      27.083676888880646,
      27.066869944413046,
      27.05097203553197,
      27.047204815020798,
      27.021988440220987,
      27.010816154538738,
      26.96547332329809,
      25.962090298604558,
      25.918909173201907,
      25.89251065203037,
      25.877174430421974,
      24.85994243768727,
      24.820342718575063,
      24.819543733069647,
      24.807813315014535,
      24.800102792783555,
      24.77620501147506,
      24.7609634266481,
      22.662230164531337
    ],
    [
      36.9444850984148,
      35.65563228124862,
      34.411407658735975,
      34.39188648698871,
      34.3268527142228,
      33.17070944290391,
      33.118875566490594,
      33.106422933507844,
      33.08451830199601,
      31.891826500655068,
      31.819028718788026,
      30.66425338417215,
      30.63052691750109,
      30.604620382751534,
      29.422228143424757,
      29.395314056203063,
      29.372753663965046,
      29.36066767347061,
      29.356830204963952,
      29.33999641110014,
      28.27178251496174,
      28.237726201674196,
      28.237623221320167,
      28.236859746281656,
      28.225082699931818,
      28.18126811033812,
      27.05097203553197,
      27.048638163267704,
      27.037470984526955,
      27.034638334309786,
      27.01183413821053,
      25.959068712358906,
      25.94344060519305,
      25.927341241456773,
      25.91457654791605,
      25.908504023804444,
      25.884349270940522,
      25.877174430421974,
      25.87364734404888,
      25.83021346858251,
      24.85994243768727,
      24.845573182738296,
      24.804249090611467,
      24.778985855558364,
      24.77620501147506,
      23.729473334894482,
      23.728543860753202,
      23.672703799501594,
      22.651677441709566,
      21.620580318585112
    ],
    [
      38.470171898279084,
      38.46523944510555,
      38.4172924235657,
      38.34570056035517,
      38.30013397310043,
      37.03658630690134,
      37.03647441194051,
      35.67842284342469,
      35.634425957520016,
      34.46078639556529,
      34.442191711011176,
      33.12527066866999,
      33.118875566490594,
      33.10195740598407,
      33.07906714940517,
      31.86800020496814,
      31.814009702686395,
      31.802213812207924,
      30.63989388202495,
      30.63895371775353,
      30.607365739486724,
      30.583875118664135,
      30.571290788703244,
      30.57020613197208,
      29.42644676839832,
      29.422228143424757,
      29.399628895430407,
      29.387491097260856,
      29.33999641110014,
      28.248434382970125,
      28.21039379529557,
      28.17244020826494,
      27.118821157951196,
      27.10606231577712,
      27.05097203553197,
      27.034638334309786,
      27.030508520952306,
      27.021988440220987,
      26.96547332329809,
      25.962090298604558,
      25.927341241456773,
      25.918909173201907,
      25.91457654791605,
      25.889604841620358,
      25.877174430421974,
      24.820342718575063,
      24.819543733069647,
      24.807813315014535,
      24.7609634266481,
      23.728543860753202
    ],
    [
      33.113637516283966,
      31.590739820388997,
      31.09723605269527,
      30.775172580731063,
      30.567733747080975,
      29.172674161335767,
      29.137609022177276,
      28.90499893026394,
      28.683669631545605,
      28.258447744524215,
      27.930576973369767,
      27.569029412280496,
      27.5462834729329,
      27.111107258683546,
      27.025450966325433,
      26.828528027973476,
      26.433686496863377,
      26.339287291876047,
      26.20140564112661,
      25.946724157810948,
      25.718480587787763,
      25.234655104851473,
      25.059600252996802,
      24.848716588366397,
      24.828175295853914,
      24.80372472299177,
      24.782802342023306,
      24.58728430826704,
      24.547547491405048,
      24.16209518430981,
      23.947946807484566,
      23.75228458492115,
      23.70488106857811,
      23.51512067887379,
      23.273655201359333,
      23.23141901221455,
      23.106304053438564,
      23.05845234709634,
      22.442015324748674,
      22.308882404779695,
      22.229224454303296,
      22.05136306135633,
      21.85826385548226,
      21.82254503657107,
      21.67524822418476,
      20.62875769229095,
      20.62234606331083,
      20.43848183494147,
      19.649433660911843,
      18.829992187158005
    ],
    [
      37.05749667770608,
      33.106422933507844,
      33.10632291235938,
      33.02409510945905,
      31.857320764956366,
      31.78502809173853,
      30.668185505643393,
      30.65342800908791,
      30.604620382751534,
      30.58849695080991,
      30.568957717119865,
      29.425651150530502,
      29.372352154482915,
      29.36066767347061,
      28.27178251496174,
      28.260175918853058,
      28.20774826551097,
      27.065133584303968,
      27.061288057356503,
      27.048638163267704,
