{
  "test_loss_values": [
    0.0019333850425027777
  ],
  "log_exp_r_n_values": [
    2887.126199096925
  ],
  "log_exp_r_n_acc_values": [
    -Infinity
  ],
  "model_data_levels": [
    0
  ],
  "loss_landscape_data_param": 30,
  "train_loss_values": [
    2.2404970877687447e-05
  ],
  "num_params": 4353,
  "dataset_type": "data",
  "top_r_vals": [
    [
      1.9428354038374445,
      1.8315477129443378,
      1.740534732372395,
      1.6548679964156676,
      1.6063357857939689,
      1.5899772651572974,
      1.5844412845627776,
      1.557924132389291,
      1.4704279923835568,
      1.41517672908344,
      1.4064293627269997,
      1.2910551692589345,
      1.2545136150015441,
      1.2385781486150775,
      1.2001123978675414,
      1.1810097917903417,
      1.1708097518479357,
      1.1629846487200177,
      1.1586863402147924,
      1.1510872830002017,
      1.1375790207676906,
      1.0198995494248253,
      1.004705296443927,
      0.9933207835383463,
      0.9799581214196056,
      0.9720118440804918,
      0.9704092465518748,
      0.956238143584181,
      0.9512673304639099,
      0.941803025576252,
      0.9330590830027353,
      0.8913056336579713,
      0.8676189471491303,
      0.8603381492045837,
      0.852829793978928,
      0.8527607254834543,
      0.8443756669068773,
      0.8436621944336431,
      0.8076162957026487,
      0.8044999675986207,
      0.8030971797449762,
      0.7343123992752135,
      0.732218102141393,
      0.7219080835167625,
      0.7042592444053474,
      0.6269406995725814,
      0.5907151130400197,
      0.539393920749825,
      0.5243863487444897,
      0.434413126909968
    ]
  ],
  "top_r_val_seeds": [
    [
      18,
      27,
      23,
      13,
      43,
      29,
      21,
      26,
      6,
      46,
      34,
      19,
      49,
      22,
      25,
      17,
      33,
      10,
      5,
      44,
      45,
      40,
      30,
      2,
      24,
      1,
      37,
      31,
      42,
      35,
      8,
      4,
      14,
      47,
      50,
      39,
      12,
      48,
      38,
      36,
      20,
      9,
      11,
      3,
      15,
      7,
      32,
      41,
      16,
      28
    ]
  ],
  "test_acc_values": [
    0.99925
  ],
  "loss_predicts_minimas": true,
  "loss_ordering_violations": 0,
  "test_loss_ranks": [
    1
  ],
  "log_exp_r_n_ranks": [
    1
  ],
  "data_level_ranks": [
    1
  ],
  "accuracy_predicts_minimas": true,
  "accuracy_ordering_violations": 0,
  "log_exp_r_n_acc_ranks": [
    1
  ]
}