{
  "test_loss_values": [
    0.004771815045387484
  ],
  "log_exp_r_n_values": [
    6386.627524066678
  ],
  "log_exp_r_n_acc_values": [
    -Infinity
  ],
  "model_data_levels": [
    780
  ],
  "loss_landscape_data_param": 780,
  "train_loss_values": [
    8.194569818442687e-05
  ],
  "num_params": 5409,
  "dataset_type": "data",
  "top_r_vals": [
    [
      3.260948111093625,
      2.9752107216817807,
      2.9706544139509052,
      2.7428357260845817,
      2.7398873344633903,
      2.7057062808183643,
      2.682668809878098,
      2.6806373646789377,
      2.4605513643627326,
      2.4489438395854854,
      2.4446310248256715,
      2.4435576131521177,
      2.4378969807270146,
      2.4371592624128358,
      2.4349107978757747,
      2.4341024603725465,
      2.4331965170615963,
      2.4271906072443183,
      2.425333322572314,
      2.4050878099173554,
      2.4036489439404702,
      2.3971320538481407,
      2.226359957128797,
      2.207236244147949,
      2.2019355874343285,
      2.200007176036775,
      2.1999378864065315,
      2.190883666444173,
      2.1883476209839983,
      2.185878615490747,
      2.1858660173761573,
      2.1856876190749137,
      2.1845762853950355,
      2.182836395783664,
      2.1823482188433125,
      2.182103230507809,
      2.1818262969531674,
      2.181124626963787,
      2.170825443320367,
      2.169492742769841,
      2.1693532636440267,
      2.1644609208229117,
      2.164184887133598,
      2.1590525052362826,
      2.1559346968416615,
      2.1542319266750627,
      2.1539156240123285,
      2.153398201448822,
      2.1532483738717376,
      2.1524805637807614
    ]
  ],
  "top_r_val_seeds": [
    [
      102,
      231,
      573,
      544,
      268,
      174,
      83,
      399,
      627,
      815,
      741,
      420,
      19,
      383,
      570,
      783,
      568,
      94,
      810,
      990,
      35,
      85,
      540,
      963,
      947,
      591,
      393,
      864,
      360,
      920,
      617,
      458,
      14,
      18,
      682,
      713,
      121,
      988,
      796,
      6,
      278,
      98,
      600,
      860,
      967,
      610,
      911,
      703,
      307,
      609
    ]
  ],
  "loss_predicts_minimas": true,
  "loss_ordering_violations": 0,
  "test_loss_ranks": [
    1
  ],
  "log_exp_r_n_ranks": [
    1
  ],
  "data_level_ranks": [
    1
  ],
  "accuracy_predicts_minimas": true,
  "accuracy_ordering_violations": 0,
  "log_exp_r_n_acc_ranks": [
    1
  ]
}