{
  "test_loss_values": [
    4.946532695740461
  ],
  "log_exp_r_n_values": [
    12934.522280408473
  ],
  "log_exp_r_n_acc_values": [
    -Infinity
  ],
  "model_data_levels": [
    0
  ],
  "loss_landscape_data_param": 100,
  "train_loss_values": [
    3.264460563659668
  ],
  "num_params": 4353,
  "dataset_type": "data",
  "top_r_vals": [
    [
      19.536858274914024,
      15.635758125121022,
      10.006115506513732,
      9.808348708067669,
      9.586645740235122,
      7.357251201793008,
      7.316454569498697,
      7.300412370275446,
      7.076061341054361,
      6.8835513996067,
      6.827569484800996,
      6.5179577220713805,
      6.40403475809465,
      5.333274039374412,
      5.039352811434546,
      4.608574739176317,
      4.499714891669705,
      4.397438814602011,
      3.909569651195753,
      3.5742056833524276,
      3.531628370590105,
      3.403297180504747,
      3.3442992086621834,
      3.3251252185858786,
      3.1562751098564683,
      3.1551350569037995,
      3.1228007726899203,
      3.099925741302959,
      3.045047881403402,
      2.832397117722115,
      2.60852427335832,
      2.5902523823773627,
      2.5423753014893955,
      2.5252111109313446,
      2.5168206690043387,
      2.4605295047299554,
      2.1866152666505783,
      2.097185920987841,
      2.052362250385591,
      2.0094686127238757,
      1.9368807991819814,
      1.8339167581750313,
      1.7522172940498826,
      1.6034832175661726,
      1.5337171818966115,
      1.5224677526218413,
      1.5110706321467866,
      1.1320715312546499,
      1.0187210748033488,
      0.7939677422552938
    ]
  ],
  "top_r_val_seeds": [
    [
      36,
      2,
      27,
      50,
      9,
      43,
      34,
      6,
      17,
      1,
      25,
      40,
      28,
      41,
      16,
      13,
      47,
      44,
      45,
      31,
      14,
      7,
      42,
      5,
      11,
      46,
      24,
      18,
      49,
      38,
      19,
      48,
      29,
      30,
      33,
      10,
      3,
      32,
      23,
      20,
      4,
      26,
      21,
      8,
      15,
      22,
      35,
      12,
      37,
      39
    ]
  ],
  "test_acc_values": [
    0.66025
  ],
  "loss_predicts_minimas": true,
  "loss_ordering_violations": 0,
  "test_loss_ranks": [
    1
  ],
  "log_exp_r_n_ranks": [
    1
  ],
  "data_level_ranks": [
    1
  ],
  "accuracy_predicts_minimas": true,
  "accuracy_ordering_violations": 0,
  "log_exp_r_n_acc_ranks": [
    1
  ]
}