{
  "test_loss_values": [
    0.5328066855669021
  ],
  "log_exp_r_n_values": [
    807125.3758635874
  ],
  "log_exp_r_n_acc_values": [
    -Infinity
  ],
  "model_data_levels": [
    0
  ],
  "loss_landscape_data_param": 0,
  "train_loss_values": [
    0.002121556317433715
  ],
  "num_params": 235146,
  "dataset_type": "data",
  "top_r_vals": [
    [
      30.952699208013897,
      30.876835345394845,
      28.536275396005514,
      28.478476167929298,
      26.227817447826997,
      26.189894921511325,
      26.17225385575791,
      26.170866948440974,
      26.169595342207394,
      24.008012936439044,
      23.991343557098766,
      23.976900077160497,
      23.964287651909725,
      23.9524543668017,
      23.940218701774693,
      23.933486750096453,
      23.92760627652392,
      23.914146894290127,
      23.913298430266206,
      23.883906611689817,
      21.85580158496363,
      21.828661257460976,
      21.828558271143613,
      21.7742020928389,
      19.829864548658943,
      19.8263983546003,
      19.80810835828296,
      19.808036119959066,
      19.807500559971565,
      19.802052793959167,
      19.791691576433532,
      19.787914010289136,
      19.787079533099305,
      19.781813608384994,
      19.771893293732788,
      19.771623022762352,
      19.770485891905167,
      19.768504319951415,
      19.762335416188403,
      19.7504958039996,
      19.72913692440504,
      17.8775787773868,
      17.866686701592155,
      17.86370009216116,
      17.846486341003352,
      17.837917683234256,
      17.835486356098674,
      17.835430153437194,
      16.037779248450413,
      14.312067382737775
    ]
  ],
  "top_r_val_seeds": [
    [
      10,
      17,
      44,
      24,
      28,
      35,
      33,
      43,
      37,
      14,
      22,
      21,
      2,
      5,
      36,
      6,
      45,
      7,
      13,
      12,
      9,
      15,
      25,
      20,
      40,
      39,
      8,
      26,
      34,
      1,
      48,
      30,
      32,
      27,
      50,
      3,
      38,
      31,
      18,
      29,
      16,
      47,
      49,
      4,
      42,
      41,
      11,
      23,
      46,
      19
    ]
  ],
  "loss_predicts_minimas": true,
  "loss_ordering_violations": 0,
  "test_loss_ranks": [
    1
  ],
  "log_exp_r_n_ranks": [
    1
  ],
  "data_level_ranks": [
    1
  ],
  "accuracy_predicts_minimas": true,
  "accuracy_ordering_violations": 0,
  "log_exp_r_n_acc_ranks": [
    1
  ]
}