{
  "test_loss_values": [
    0.5247679626941681,
    0.5174245566129685,
    0.3569228991866112,
    0.49386005401611327,
    0.1806485503911972,
    0.23310291171073913,
    0.5535140320658684,
    0.44005684852600097
  ],
  "log_exp_r_n_values": [
    866545.3377621077,
    866616.59526772,
    882680.8824316544,
    882337.8946581314,
    882337.8946581314,
    882337.8946581314,
    866545.3377621077,
    882337.8946581314
  ],
  "log_exp_r_n_acc_values": [
    -Infinity,
    -Infinity,
    -Infinity,
    -Infinity,
    -Infinity,
    -Infinity,
    -Infinity,
    -Infinity
  ],
  "model_data_levels": [
    200,
    100,
    2000,
    500,
    10000,
    5000,
    0,
    1000
  ],
  "loss_landscape_data_param": 2000,
  "train_loss_values": [
    0.32961368560791016,
    0.35063305497169495,
    0.013554544188082218,
    0.2811347544193268,
    0.08570832014083862,
    0.0464995838701725,
    0.4104269742965698,
    0.16687583923339844
  ],
  "num_params": 235146,
  "dataset_type": "data",
  "top_r_vals": [
    [
      39.851263698070134,
      39.746804104215926,
      38.40282856651348,
      38.395614763121515,
      37.114992038411536,
      37.09064789099639,
      37.06293757017634,
      36.99126185433094,
      35.77137157378247,
      35.72973868624195,
      35.672544307568586,
      34.411407658735975,
      34.38735146205963,
      34.30646566659409,
      33.13909234112223,
      33.10632291235938,
      33.08451830199601,
      31.8730593090578,
      31.863472266719903,
      31.848577574766548,
      31.84688987047039,
      31.832093394087714,
      31.827230721139408,
      31.803943608891515,
      31.802213812207924,
      30.691286960107732,
      30.67684734696369,
      30.669977212144257,
      30.599220217889258,
      30.57020613197208,
      30.569090650182833,
      29.409877563732415,
      29.395314056203063,
      28.248434382970125,
      28.237726201674196,
      28.237623221320167,
      28.219633618784876,
      28.176280665260975,
      28.155595818287413,
      28.125147368437663,
      27.074562700621804,
      26.993774290762264,
      25.922633567689264,
      25.88175491383484,
      25.87364734404888,
      24.771175460139204,
      22.66311786994829,
      22.662388327133716,
      22.644637068571253,
      21.582827476662718
    ],
    [
      39.86334186208233,
      39.77913021855287,
      39.746804104215926,
      38.46523944510555,
      38.34862716534936,
      37.108504461828524,
      37.09064789099639,
      37.00598303511488,
      35.72973868624195,
      35.72744659657329,
      35.70875258289327,
      34.30646566659409,
      33.10632291235938,
      33.10195740598407,
      33.08451830199601,
      31.87676744795078,
      31.863321936764784,
      31.83542871469199,
      31.832093394087714,
      31.827230721139408,
      31.802213812207924,
      30.691286960107732,
      30.669977212144257,
      30.635389570413103,
      30.610236323020363,
      30.57020613197208,
      30.569090650182833,
      30.568957717119865,
      29.46204419202394,
      29.42644676839832,
      29.413378282350827,
      29.409877563732415,
      29.399628895430407,
      28.248434382970125,
      28.237726201674196,
      28.20774826551097,
      28.155595818287413,
      27.074562700621804,
      27.05606365620477,
      27.014498259358287,
      26.993774290762264,
      26.96547332329809,
      25.922633567689264,
      24.771175460139204,
      24.768692675101867,
      24.760933776795362,
      23.71012296633529,
      22.66311786994829,
      22.622816328996237,
      21.620580318585112
    ],
    [
      42.681833159854015,
      42.619622127049105,
      42.58498771522795,
      39.786603958100216,
      38.47689753139125,
      38.470171898279084,
      38.34862716534936,
      37.10374659484832,
      37.07313399848179,
      37.06293757017634,
      37.03159066312937,
      36.988599686721244,
      35.72973868624195,
      35.72220175609617,
      35.69093046214604,
      35.67842284342469,
      35.672544307568586,
      35.6536929936172,
      34.48473002837705,
      34.40747441754449,
      34.404926577763334,
      34.39188648698871,
      34.37768179315355,
      34.372430255932564,
      34.3268527142228,
      34.30646566659409,
      33.17264735265524,
      33.13523735935883,
      33.10978614462467,
      33.06338466683686,
      31.91619197978103,
      31.84688987047039,
      31.805242459703756,
      30.65151300235473,
      30.642398417993896,
      30.64119816729493,
      30.626174804613512,
      30.549767191899345,
      29.42655408429677,
      29.42644676839832,
      29.36252164813004,
      29.309235604001234,
      28.2257787050832,
      28.21700584423373,
      28.20774826551097,
      28.184092967980604,
      28.18126811033812,
      25.87364734404888,
      24.819543733069647,
      23.68727550726702
    ],
    [
      42.619622127049105,
      41.2472527290287,
      41.15366235967447,
      39.86334186208233,
      38.46523944510555,
      38.34862716534936,
      37.108504461828524,
      37.043544774777835,
      37.00598303511488,
      35.72973868624195,
      35.72220175609617,
      35.67842284342469,
      34.42592839726787,
      34.41646004450423,
      34.30646566659409,
      33.13523735935883,
      33.10632291235938,
      33.10195740598407,
      33.0926491878559,
      33.063528447237765,
      33.06158636993858,
      31.85967994305206,
      31.848577574766548,
      31.83542871469199,
      31.827230721139408,
      31.803943608891515,
      30.691286960107732,
      30.669977212144257,
      30.610236323020363,
      30.57020613197208,
      30.549767191899345,
      29.46204419202394,
      29.42655408429677,
      29.413378282350827,
      29.407699791103518,
      29.395314056203063,
      28.248434382970125,
      28.2257787050832,
      28.155595818287413,
      27.074562700621804,
      27.07331149995497,
      27.014498259358287,
      26.96547332329809,
      25.884349270940522,
      25.88175491383484,
      24.800102792783555,
      24.760933776795362,
      23.729473334894482,
      23.72870946529523,
      22.622816328996237
    ],
    [
      42.619622127049105,
      38.46523944510555,
      38.45166009459989,
      38.364412948852305,
      38.34586731158936,
      37.108504461828524,
      37.043544774777835,
      36.99126185433094,
      35.6972292144414,
      35.687191209980696,
      35.6536929936172,
      34.42592839726787,
      34.411407658735975,
      34.38128383682037,
      34.36357234566534,
      33.18007809047594,
      33.17264735265524,
      33.12997791396919,
      33.12132816840169,
      33.10632291235938,
      33.04372009229566,
      31.877745594858762,
      31.87004469235778,
      31.848577574766548,
      31.824272227622632,
      31.783977786452084,
      31.766150658174173,
      30.691286960107732,
      30.67354713918307,
      30.62026217316067,
      30.591340562417727,
      30.57020613197208,
      30.568957717119865,
      29.437713087461496,
      29.42644676839832,
      29.422228143424757,
      29.413378282350827,
      29.404961385418922,
      29.395314056203063,
      29.36771906810844,
      28.21039379529557,
      28.176280665260975,
      28.125147368437663,
      27.061955364378818,
      25.884349270940522,
      24.820342718575063,
      24.819543733069647,
      23.728543860753202,
      23.68727550726702,
      23.672675452778183
    ],
    [
      42.619622127049105,
      41.261819353742055,
      41.15366235967447,
      39.83719504061066,
      38.470171898279084,
      38.40282856651348,
      37.07313399848179,
      37.00598303511488,
      35.6972292144414,
      35.687191209980696,
      35.65578733437327,
      34.468505679048405,
      34.4647975655861,
      34.46078639556529,
      34.418668028001925,
      34.411407658735975,
      34.40747441754449,
      34.404926577763334,
      34.38128383682037,
      34.34990233018697,
      34.345412763741656,
