{
  "test_loss_values": [
    0.5169145303964615,
    0.5351147130131721,
    0.34629110544919967,
    0.5063655525445938,
    0.17210252583026886,
    0.22264325022697448,
    0.5634837165474892,
    0.446678626537323
  ],
  "log_exp_r_n_values": [
    882470.6175419496,
    882470.6175419496,
    882470.6175419496,
    882470.6175419496,
    850975.2132616421,
    857661.5772036224,
    875776.6714181412,
    874431.2422885376
  ],
  "log_exp_r_n_acc_values": [
    -Infinity,
    -Infinity,
    -Infinity,
    -Infinity,
    -Infinity,
    -Infinity,
    -Infinity,
    -Infinity
  ],
  "model_data_levels": [
    200,
    100,
    2000,
    500,
    10000,
    5000,
    0,
    1000
  ],
  "loss_landscape_data_param": 100,
  "train_loss_values": [
    0.003120708977803588,
    0.0027488400228321552,
    0.011036669835448265,
    0.0040273466147482395,
    0.07918768376111984,
    0.033886153250932693,
    0.07547672837972641,
    0.005554292816668749
  ],
  "num_params": 235146,
  "dataset_type": "data",
  "top_r_vals": [
    [
      42.643684606642914,
      41.1637078607893,
      39.83470629786022,
      37.11067242669457,
      35.77137157378247,
      35.72744659657329,
      35.672544307568586,
      35.6536929936172,
      35.634425957520016,
      34.468505679048405,
      34.428450260772586,
      34.42698476584324,
      34.418668028001925,
      34.41157001046375,
      34.39548420127613,
      34.38128383682037,
      34.37768179315355,
      34.36404208333103,
      34.34738912544106,
      34.30646566659409,
      33.16645646032061,
      33.154747734629495,
      33.118875566490594,
      33.11264299867744,
      33.08451830199601,
      31.931214953296088,
      31.912758443606073,
      31.8730593090578,
      31.85967994305206,
      31.845342474132348,
      31.808379344767275,
      31.80637093656686,
      31.805242459703756,
      31.75065464640033,
      30.642398417993896,
      30.607365739486724,
      30.569090650182833,
      30.549767191899345,
      29.425651150530502,
      29.376626287679816,
      28.237623221320167,
      28.21039379529557,
      28.208937866152368,
      27.061955364378818,
      27.053544231732772,
      24.78974251002875,
      24.768692675101867,
      24.760855750867098,
      23.72870946529523,
      22.618223913974017
    ],
    [
      42.643684606642914,
      41.1637078607893,
      39.83470629786022,
      38.472419414913766,
      36.96643982218726,
      35.77137157378247,
      35.73989354233282,
      35.69093046214604,
      35.672544307568586,
      35.6536929936172,
      35.613262329579356,
      34.468505679048405,
      34.45435510245583,
      34.42698476584324,
      34.418668028001925,
      34.41646004450423,
      34.41157001046375,
      34.39548420127613,
      34.37768179315355,
      34.369235173930015,
      34.36404208333103,
      34.34738912544106,
      33.154747734629495,
      33.12132816840169,
      33.11264299867744,
      31.931214953296088,
      31.880351314080855,
      31.857320764956366,
      31.845342474132348,
      31.843903315361995,
      31.808379344767275,
      31.80637093656686,
      31.805242459703756,
      31.783977786452084,
      31.75065464640033,
      30.635389570413103,
      30.610236323020363,
      30.569090650182833,
      29.45887467247143,
      29.425651150530502,
      28.237623221320167,
      28.208937866152368,
      28.189815479722732,
      27.061955364378818,
      25.91457654791605,
      24.78974251002875,
      24.768692675101867,
      24.760855750867098,
      23.72870946529523,
      22.618223913974017
    ],
    [
      42.643684606642914,
      38.44925791015379,
      38.32289430822454,
      37.01552208052547,
      34.468505679048405,
      34.45877323414092,
      34.34990233018697,
      34.345412763741656,
      33.17264735265524,
      33.1401092227982,
      33.12997791396919,
      33.10978614462467,
      33.06473495234101,
      33.02409510945905,
      31.891826500655068,
      31.819028718788026,
      31.804043828861595,
      30.66425338417215,
      30.64119816729493,
      30.62252974149563,
      30.61449981386596,
      30.599220217889258,
      30.596014411849005,
      30.58849695080991,
      30.583875118664135,
      30.573221207965464,
      30.549767191899345,
      30.517738029988777,
      29.475911996487476,
      29.413378282350827,
      29.39664255301491,
      28.26874104347112,
      28.24003438202318,
      28.233575028092723,
      28.219633618784876,
      28.208937866152368,
      28.20774826551097,
      27.07331149995497,
      27.066869944413046,
      25.922633567689264,
      25.908504023804444,
      25.889604841620358,
      24.817552511380367,
      24.800102792783555,
      24.7609634266481,
      23.680093342714674,
      22.662388327133716,
      21.594620142069488,
      21.57844617861015,
      21.569456565199783
    ],
    [
      42.643684606642914,
      41.244675895968534,
      39.75650619491809,
      37.108504461828524,
      36.98855539496592,
      36.96643982218726,
      35.77346142024508,
      35.72744659657329,
      35.672544307568586,
      35.6536929936172,
      35.613262329579356,
      34.468505679048405,
      34.42698476584324,
      34.38128383682037,
      34.37768179315355,
      34.36404208333103,
      34.34990233018697,
      33.16645646032061,
      33.154747734629495,
      33.14151993774621,
      33.12527066866999,
      33.10978614462467,
      33.106422933507844,
      31.87004469235778,
      31.85967994305206,
      31.857320764956366,
      31.85132560634615,
      31.824272227622632,
      31.805242459703756,
      30.691286960107732,
      30.67354713918307,
      30.549767191899345,
      30.517738029988777,
      29.42895944064135,
      29.396553739857573,
      29.376626287679816,
      29.36252164813004,
      29.358554660435605,
      28.237623221320167,
      28.236859746281656,
      27.069430224417026,
      27.061955364378818,
      27.047204815020798,
      25.91457654791605,
      25.90607436190157,
      24.78974251002875,
      24.768692675101867,
      23.67260085613763,
      22.662388327133716,
      22.618223913974017
    ],
    [
      37.297988769791296,
      36.258712479723535,
      35.396572026656095,
      34.851263828737395,
      34.56845315719717,
      34.03228921771605,
      31.900917934951966,
      31.349438686625966,
      31.166421171466197,
      30.883286197409394,
      30.56607118708179,
      30.18195138145606,
      29.615266786072695,
      29.142410655554507,
      29.12498454420763,
      29.105511865117784,
      28.41888916437122,
      28.220126091413427,
      28.024424339880422,
      28.00348736968951,
      27.78137422699798,
      27.71487788314304,
      27.300646075366963,
      27.05987936633377,
      27.050140974483774,
      26.601807760172544,
      26.296584865914294,
      26.219610589458952,
      25.754601897068216,
      25.70019508487212,
      25.49233391793359,
      25.2695564370677,
      25.013783912317084,
      24.80372472299177,
      24.639540180719944,
      24.604192076928335,
      24.40151985694403,
      23.962021062403547,
      23.325402195969726,
      22.847419467161828,
      22.686425709916,
      22.663640202702705,
      22.651263753195767,
      22.43521073268408,
      22.27084241802195,
      22.04044342419427,
      21.227370590806874,
      20.239709607728507,
      18.83775814147647,
      18.639228895221702
    ],
    [
      38.373777601496805,
      37.08833073284924,
      37.05749667770608,
      36.96643982218726,
      34.34990233018697,
      33.18007809047594,
      33.06158636993858,
      33.02409510945905,
      31.907180200071394,
      31.85132560634615,
      31.804043828861595,
      30.669977212144257,
      30.63989388202495,
      30.63052691750109,
      30.58849695080991,
      30.57020613197208,
      29.372352154482915,
      29.33999641110014,
      28.26874104347112,
      28.25019925317542,
