{
  "test_loss_values": [
    0.2791288909036666,
    0.014059519462171011,
    0.002652563632000238
  ],
  "log_exp_r_n_values": [
    5526.164107197187,
    5478.181549697626,
    5835.3716813491765
  ],
  "log_exp_r_n_acc_values": [
    -Infinity,
    -Infinity,
    -Infinity
  ],
  "model_data_levels": [
    180,
    380,
    780
  ],
  "loss_landscape_data_param": 180,
  "train_loss_values": [
    0.000390661385608837,
    0.00022987957345321774,
    0.00021299584477674216
  ],
  "num_params": 4353,
  "dataset_type": "data",
  "top_r_vals": [
    [
      3.564750005050456,
      3.504983688493054,
      3.229645528911073,
      3.2097243320794755,
      3.170531096281829,
      2.9933968676242184,
      2.9697426269643348,
      2.962627645585382,
      2.9612280615324056,
      2.960799981739896,
      2.95116217887325,
      2.9389301506722054,
      2.929977893391479,
      2.751846399103887,
      2.7082922944924315,
      2.707851702991086,
      2.706337500538052,
      2.6998074051555654,
      2.690796608365856,
      2.6891077261727125,
      2.685946054013941,
      2.6782570317282683,
      2.6709310692945882,
      2.6707445574152198,
      2.6635070246538946,
      2.6604997930496577,
      2.6564927456780567,
      2.487767815334483,
      2.473405506206817,
      2.4612404401296746,
      2.453360826990311,
      2.4511042901319264,
      2.4462964334557005,
      2.444456358318876,
      2.4439390128199614,
      2.438977160851283,
      2.438650904401397,
      2.4385191091602283,
      2.4367619329490857,
      2.4353265169749108,
      2.4340678583710873,
      2.428586131783727,
      2.420042484198988,
      2.4177511016904867,
      2.4101165321551714,
      2.407647830249704,
      2.405221561353653,
      2.3940380747592425,
      2.3627812455909716,
      2.3614351918485483
    ],
    [
      3.525671997163725,
      3.2995808919270835,
      3.2530321662808643,
      3.2466607741367675,
      3.2156673478491515,
      3.0078568331575704,
      2.9963388434235827,
      2.9906203565080856,
      2.9812894528671845,
      2.9722287166655015,
      2.935153985702193,
      2.931190728922302,
      2.7109884653829974,
      2.709542142044658,
      2.69129822879601,
      2.68913139045123,
      2.6871906082407095,
      2.6814875171179926,
      2.664120739034921,
      2.662109586733019,
      2.6523219165893477,
      2.483541375191258,
      2.462080388905479,
      2.4612404401296746,
      2.454814227816159,
      2.4485968083900382,
      2.446802819435627,
      2.4461649192278396,
      2.434519165742764,
      2.430070444073389,
      2.4287311346503433,
      2.428586131783727,
      2.428372280656799,
      2.427821213560997,
      2.4259387054147563,
      2.4234683174294442,
      2.422382482009669,
      2.4220191318032067,
      2.4197038631635768,
      2.4176240836755443,
      2.4156215828470455,
      2.4117714195224225,
      2.410954232824517,
      2.408103633834299,
      2.4072052342905566,
      2.4049346467668022,
      2.387130486650159,
      2.3803856052460572,
      2.2499906681785897,
      2.2299469246352017
    ],
    [
      3.827175788424013,
      3.5986073445986766,
      3.5854811398378024,
      3.546399837634404,
      3.5400562191019262,
      3.532949554471384,
      3.504983688493054,
      3.4881550835877126,
      3.3140601640866127,
      3.2852700315875776,
      3.2796227725935574,
      3.277263876832562,
      3.263050220630787,
      3.2593319739824462,
      3.2557678222656254,
      3.2534130708670914,
      3.240691008391204,
      3.2361638575424387,
      3.2316009144724154,
      3.227388735170718,
      3.225795416184414,
      3.206069381148727,
      2.9970813747717773,
      2.99309271470027,
      2.992345720611657,
      2.991222139889216,
      2.9884119865760774,
      2.985381785831504,
      2.983737094343202,
      2.9829952495704566,
      2.9828915766776434,
      2.980722684833958,
      2.979148367329187,
      2.9723207177756796,
      2.9722977174981353,
      2.971755666181076,
      2.958005962949811,
      2.954140543171416,
      2.9508072193660686,
      2.9502291228379325,
      2.944442664952975,
      2.939243229076992,
      2.935153985702193,
      2.9336129671067033,
      2.9214461635733224,
      2.7777662570106054,
      2.753020894611361,
      2.746084458656962,
      2.745499701879911,
      2.7406155193427337
    ]
  ],
  "top_r_val_seeds": [
    [
      831,
      852,
      104,
      202,
      575,
      996,
      200,
      769,
      548,
      392,
      377,
      845,
      308,
      966,
      395,
      675,
      218,
      112,
      44,
      221,
      842,
      846,
      952,
      342,
      516,
      212,
      440,
      333,
      963,
      828,
      546,
      379,
      315,
      628,
      766,
      147,
      827,
      848,
      180,
      510,
      455,
      694,
      595,
      17,
      721,
      810,
      271,
      964,
      803,
      526
    ],
    [
      762,
      629,
      273,
      484,
      308,
      896,
      861,
      110,
      46,
      33,
      847,
      402,
      918,
      631,
      541,
      992,
      769,
      595,
      322,
      701,
      670,
      966,
      257,
      828,
      725,
      68,
      410,
      364,
      914,
      568,
      48,
      694,
      754,
      411,
      418,
      854,
      444,
      562,
      878,
      450,
      891,
      319,
      159,
      23,
      282,
      94,
      330,
      291,
      306,
      902
    ],
    [
      504,
      171,
      410,
      783,
      377,
      159,
      852,
      291,
      973,
      996,
      364,
      832,
      818,
      698,
      754,
      505,
      846,
      659,
      342,
      282,
      32,
      142,
      901,
      172,
      682,
      68,
      315,
      927,
      218,
      559,
      626,
      660,
      73,
      62,
      755,
      838,
      836,
      350,
      74,
      368,
      742,
      995,
      847,
      166,
      543,
      306,
      902,
      906,
      893,
      963
    ]
  ],
  "loss_predicts_minimas": false,
  "loss_ordering_violations": 1,
  "test_loss_ranks": [
    1,
    2,
    3
  ],
  "log_exp_r_n_ranks": [
    2,
    3,
    1
  ],
  "data_level_ranks": [
    3,
    2,
    1
  ],
  "accuracy_predicts_minimas": true,
  "accuracy_ordering_violations": 2,
  "log_exp_r_n_acc_ranks": [
    1,
    2,
    3
  ]
}