{
  "test_loss_values": [
    0.5012937211990356,
    0.5234235793352127,
    0.344224089384079,
    0.49274585843086244,
    0.18278881907463074,
    0.23172153234481813,
    0.547071884572506,
    0.42166078090667725
  ],
  "log_exp_r_n_values": [
    -Infinity,
    -Infinity,
    734023.1468972772,
    -Infinity,
    532269.9455868375,
    675888.4923175619,
    -Infinity,
    -Infinity
  ],
  "log_exp_r_n_acc_values": [
    -Infinity,
    -Infinity,
    -Infinity,
    -Infinity,
    -Infinity,
    -Infinity,
    -Infinity,
    -Infinity
  ],
  "model_data_levels": [
    200,
    100,
    2000,
    500,
    10000,
    5000,
    0,
    1000
  ],
  "loss_landscape_data_param": 2000,
  "train_loss_values": [
    0.31583911180496216,
    0.35521093010902405,
    0.01445847563445568,
    0.27910876274108887,
    0.08292322605848312,
    0.04096490144729614,
    0.4052799940109253,
    0.15548405051231384
  ],
  "num_params": 235146,
  "dataset_type": "data",
  "top_r_vals": [
    [
      0.0,
      0.0,
      0.0,
      0.0,
      0.0,
      0.0,
      0.0,
      0.0,
      0.0,
      0.0,
      0.0,
      0.0,
      0.0,
      0.0,
      0.0,
      0.0,
      0.0,
      0.0,
      0.0,
      0.0,
      0.0,
      0.0,
      0.0,
      0.0,
      0.0,
      0.0,
      0.0,
      0.0,
      0.0,
      0.0,
      0.0,
      0.0,
      0.0,
      0.0,
      0.0,
      0.0,
      0.0,
      0.0,
      0.0,
      0.0,
      0.0,
      0.0,
      0.0,
      0.0,
      0.0,
      0.0,
      0.0,
      0.0,
      0.0,
      0.0
    ],
    [
      0.0,
      0.0,
      0.0,
      0.0,
      0.0,
      0.0,
      0.0,
      0.0,
      0.0,
      0.0,
      0.0,
      0.0,
      0.0,
      0.0,
      0.0,
      0.0,
      0.0,
      0.0,
      0.0,
      0.0,
      0.0,
      0.0,
      0.0,
      0.0,
      0.0,
      0.0,
      0.0,
      0.0,
      0.0,
      0.0,
      0.0,
      0.0,
      0.0,
      0.0,
      0.0,
      0.0,
      0.0,
      0.0,
      0.0,
      0.0,
      0.0,
      0.0,
      0.0,
      0.0,
      0.0,
      0.0,
      0.0,
      0.0,
      0.0,
      0.0
    ],
    [
      22.682189999973858,
      21.597468053772907,
      21.571102780509015,
      19.609532084495974,
      19.604794889570343,
      18.656131758930343,
      18.614615168168942,
      17.717040827592147,
      17.704313910160096,
      17.689678567144767,
      17.686263431217608,
      17.680472500176567,
      17.65662997740844,
      17.65566964430152,
      16.77593932875822,
      16.77081419893541,
      16.751818091979953,
      16.729605327793177,
      16.729052514284085,
      16.71966945445615,
      15.899316186775586,
      15.890737079911176,
      15.883663061992594,
      15.878865154032567,
      15.874719417991338,
      15.854680861515492,
      15.854464136697148,
      15.851963312065193,
      15.847016593054784,
      15.84699761714903,
      15.014775224817013,
      15.014187101974521,
      15.001104908794327,
      14.998287016844342,
      14.154923366562908,
      14.15157646498431,
      14.149079428751994,
      14.144120990054502,
      14.13566331542389,
      13.36912459982293,
      13.336944168563598,
      13.321387691897083,
      13.317695158189759,
      13.293526685863114,
      12.56523667331633,
      12.550722361809045,
      12.549715442791848,
      12.52880687987677,
      11.018651666215225,
      10.302899258235666
    ],
    [
      0.0,
      0.0,
      0.0,
      0.0,
      0.0,
      0.0,
      0.0,
      0.0,
      0.0,
      0.0,
      0.0,
      0.0,
      0.0,
      0.0,
      0.0,
      0.0,
      0.0,
      0.0,
      0.0,
      0.0,
      0.0,
      0.0,
      0.0,
      0.0,
      0.0,
      0.0,
      0.0,
      0.0,
      0.0,
      0.0,
      0.0,
      0.0,
      0.0,
      0.0,
      0.0,
      0.0,
      0.0,
      0.0,
      0.0,
      0.0,
      0.0,
      0.0,
      0.0,
      0.0,
      0.0,
      0.0,
      0.0,
      0.0,
      0.0,
      0.0
    ],
    [
      9.617542974569771,
      8.91458839398587,
      8.276580728089845,
      7.666063346043037,
      7.658847392603276,
      7.658123003738412,
      7.647835140604432,
      7.637441797974836,
      7.06718526086778,
      7.062108595742531,
      7.057273401792252,
      7.056237383920228,
      7.053580757114719,
      7.052598448823892,
      7.051304536185954,
      7.0493217204900125,
      7.043118485802125,
      7.03471848485518,
      6.4862653667230035,
      6.48393150524751,
      6.483677532199609,
      6.483401545436481,
      6.4804985886562205,
      6.4792474758408,
      6.474794998105369,
      6.471547975109333,
      6.47145951258703,
      6.47043872845871,
      6.46841183601222,
      6.464544352375887,
      5.93770758827113,
      5.932177366323807,
      5.931701439757085,
      5.926455803993468,
      5.925853809104214,
      5.9219330096768,
      5.918150214034408,
      5.917828329530426,
      5.413943019763005,
      5.411395872004396,
      5.404857569705814,
      5.40181424639983,
      5.3957068691656795,
      5.393116221085109,
      5.392584361679876,
      5.383328988490022,
      4.8987857368461345,
      4.415997205486545,
      3.9692501304023255,
      3.96671459983748
    ],
    [
      17.71394394805963,
      16.740838835893904,
      15.867527549710708,
      14.167886931048338,
      14.165804137359022,
      14.16154322965329,
      14.154173275764617,
      14.145435876061958,
      13.35734877414539,
      13.351799063825723,
      13.343513521713811,
      13.338186202628789,
      13.327623877801429,
      13.3223360016901,
      13.315895887219643,
      13.315113741443456,
      13.307478588791357,
      12.563884908209388,
      12.551126392010302,
      12.550054765031186,
      12.544422015858185,
      12.539699123759501,
      12.5210450809323,
      12.513598141461074,
      12.506166195298098,
      11.783177726693397,
      11.778476575508176,
      11.774374547087424,
      11.771300432630925,
      11.767198404210172,
      11.758218227891334,
      11.756280891486082,
      11.75442649914711,
      11.750744375061899,
      11.041191796371937,
      11.019149645028497,
      11.017663337790557,
      11.015719278440137,
      11.006359634867572,
      10.30694403065229,
      10.299697011718996,
      10.287683240482504,
      10.283817342795409,
      10.266167073288228,
      9.624787590689788,
      9.620259328007815,
      9.609146808260052,
      9.592367767405653,
      8.276231695957213,
      7.656732504634114
    ],
    [
      0.0,
      0.0,
      0.0,
      0.0,
      0.0,
      0.0,
      0.0,
      0.0,
      0.0,
      0.0,
      0.0,
      0.0,
      0.0,
      0.0,
      0.0,
      0.0,
      0.0,
      0.0,
      0.0,
      0.0,
      0.0,
      0.0,
      0.0,
      0.0,
      0.0,
      0.0,
      0.0,
      0.0,
      0.0,
      0.0,
      0.0,
      0.0,
      0.0,
      0.0,
      0.0,
      0.0,
      0.0,
      0.0,
      0.0,
      0.0,
      0.0,
      0.0,
      0.0,
      0.0,
      0.0,
      0.0,
      0.0,
      0.0,
      0.0,
      0.0
    ],
    [
      0.0,
      0.0,
      0.0,
      0.0,
      0.0,
      0.0,
      0.0,
      0.0,
      0.0,
      0.0,
      0.0,
      0.0,
      0.0,
      0.0,
      0.0,
      0.0,
      0.0,
      0.0,
      0.0,
      0.0,
      0.0,
      0.0,
      0.0,
      0.0,
      0.0,
      0.0,
      0.0,
      0.0,
      0.0,
      0.0,
      0.0,
      0.0,
      0.0,
      0.0,
      0.0,
      0.0,
      0.0,
      0.0,
      0.0,
      0.0,
      0.0,
      0.0,
      0.0,
      0.0,
      0.0,
      0.0,
      0.0,
      0.0,
      0.0,
      0.0
    ]
  ],