{
  "test_loss_values": [
    0.08870204878039659,
    6.533602591603994,
    0.034092655824497345,
    0.00523878171807155,
    1.8679932259023189
  ],
  "log_exp_r_n_values": [
    2787.6841225785497,
    2373.7131503090277,
    6645.8892279422935,
    6576.532818008909,
    1740.921322443614
  ],
  "log_exp_r_n_acc_values": [
    -Infinity,
    -Infinity,
    -Infinity,
    -Infinity,
    -Infinity
  ],
  "model_data_levels": [
    180,
    30,
    380,
    780,
    80
  ],
  "loss_landscape_data_param": 30,
  "train_loss_values": [
    0.0002708176616579294,
    0.000994898728094995,
    0.00014021864626556635,
    0.00012082938337698579,
    0.0019737198017537594
  ],
  "num_params": 4353,
  "dataset_type": "data",
  "top_r_vals": [
    [
      3.462358113345219,
      3.2374874162085265,
      2.7198242710605114,
      2.6689977600141255,
      2.4675657686658354,
      2.4577488497852884,
      2.449532301690357,
      2.4472945927235688,
      2.4190668059957114,
      2.4147956847366108,
      2.394142892722901,
      2.2273874834549328,
      2.214702007199122,
      2.202576188016529,
      2.202567612829287,
      2.193716758538869,
      2.183256543372288,
      2.182319578060434,
      2.1819150309917354,
      2.177359841086648,
      2.1755159236182853,
      2.161539881682593,
      1.9830687676336245,
      1.9822492152862976,
      1.9802179942750386,
      1.9605541371311568,
      1.9602562817076428,
      1.9601521222959457,
      1.9582903009326522,
      1.958125400611326,
      1.9579429529161072,
      1.9576441976272656,
      1.9544267291475863,
      1.95305375962364,
      1.9502371811475119,
      1.9498853338043278,
      1.9495937774381087,
      1.9482151837558634,
      1.9463211922070995,
      1.9461713646300147,
      1.9457819479093936,
      1.9442143825083025,
      1.9414486464231973,
      1.9370444805424336,
      1.9350407054236738,
      1.9344663663781823,
      1.934005185397666,
      1.9328812536031983,
      1.930963865555911,
      1.9293578309120547
    ],
    [
      2.1765721849173554,
      2.127517321878228,
      1.9583647647885305,
      1.9390019125968099,
      1.9362910682967025,
      1.759922656170289,
      1.7585085785251506,
      1.7559024190771353,
      1.7547850665748395,
      1.7492822001581474,
      1.7364207893327213,
      1.736401060797368,
      1.73467650781808,
      1.7294466524461791,
      1.7274494869783699,
      1.7266772842056934,
      1.725155197811448,
      1.7249856121186615,
      1.7182498118814409,
      1.706045620344863,
      1.7010525073972045,
      1.5485527101627068,
      1.5403633713174896,
      1.5379565040161023,
      1.5377783797222941,
      1.537630555824581,
      1.5375571693161194,
      1.533486232284672,
      1.5260549287822294,
      1.5246999931510596,
      1.5223148440526537,
      1.5196040970563234,
      1.5186287045369355,
      1.5168357267633725,
      1.5151853184835753,
      1.5136207321349147,
      1.5109532463977489,
      1.5097421062879328,
      1.5075228212074583,
      1.504994051734497,
      1.503746831384244,
      1.4999810000753273,
      1.495971189276465,
      1.4942771694439065,
      1.4931700665322438,
      1.4905591532109088,
      1.4886533808992806,
      1.3554325218578227,
      1.3478414385480042,
      1.3417303067617867
    ],
    [
      5.238803196799914,
      4.89726925684401,
      4.87396076296972,
      4.635733157709514,
      4.607274191219727,
      4.271195988401614,
      4.241534878119999,
      4.181790845684343,
      3.906700617682507,
      3.896123880853995,
      3.896041828081956,
      3.888862883092287,
      3.877735989152893,
      3.848327468577824,
      3.8349712501434805,
      3.793265126406107,
      3.7858498873679984,
      3.660407078118973,
      3.6238096906827217,
      3.6128503227097672,
      3.5961316656231976,
      3.57126204552255,
      3.568073970567766,
      3.564637998283768,
      3.5608174145288616,
      3.5531704819648815,
      3.5415930178272235,
      3.541424595887608,
      3.5289173108706033,
      3.5282885081767317,
      3.514888875132471,
      3.5057940903932105,
      3.490119319900593,
      3.4899541922776445,
      3.3311089409722223,
      3.2919997227044755,
      3.285537531346451,
      3.280043613763503,
      3.2798522195698303,
      3.2693718804253473,
      3.2664097915461037,
      3.2553277663242675,
      3.251500635971258,
      3.2445019380545914,
      3.244476695119599,
      3.239092791521991,
      3.2375654055748457,
      3.2360869984567904,
      3.233863359616127,
      3.230872260199653
    ],
    [
      5.303463346872292,
      5.199571970494084,
      4.5640142678411735,
      4.534448136943737,
      4.5293069790241836,
      4.486724299273313,
      4.249146952578979,
      4.235919477160933,
      4.231406041474115,
      4.213649561764964,
      4.1998601570359035,
      4.191437542116189,
      4.184102783421086,
      4.182712798969513,
      4.175702548370035,
      4.170619885588943,
      4.144137203176464,
      4.123291815072831,
      3.9260431014692383,
      3.9257247546487606,
      3.8992741692493116,
      3.8892883917297985,
      3.887689483614555,
      3.8842809307564283,
      3.878157462408173,
      3.848916634383609,
      3.84176593706956,
      3.8349712501434805,
      3.8167093520431594,
      3.6408194830047647,
      3.6159066249978586,
      3.613741435368273,
      3.606481585012701,
      3.601228797086684,
      3.597247615394247,
      3.5856293840878313,
      3.578210994742645,
      3.571749192599728,
      3.5658490714485858,
      3.557992537986648,
      3.539905504114397,
      3.53857871807664,
      3.526918072443133,
      3.52661005383474,
      3.525758884765825,
      3.520018126183464,
      3.514644683909507,
      3.349030294536073,
      3.3253234109760808,
      3.324172785252701
    ],
    [
      2.4077734431981095,
      1.9727329144780952,
      1.957928105138198,
      1.956602153577631,
      1.9434004543192744,
      1.9414952144539128,
      1.9189216427724716,
      1.7713879243827162,
      1.7469070040684627,
      1.737887675683604,
      1.7161001986404452,
      1.705438419867871,
      1.6977112109096013,
      1.5455641803443707,
      1.5439116703029945,
      1.5379565040161023,
      1.5341722822933705,
      1.5318927467143022,
      1.529548581966684,
      1.5262791166839742,
      1.5246204765046596,
      1.5231665829324854,
      1.5195895598720695,
      1.5149052587531926,
      1.5115084617481636,
      1.508635178523068,
      1.5054114265546983,
      1.5036648626826685,
      1.50168850621135,
      1.4982227013678153,
      1.4947833436908144,
      1.4930704080040462,
      1.4929220586659386,
      1.484385053426219,
      1.4800088355254428,
      1.34549670710319,
      1.3366455289858024,
      1.3349974427633347,
      1.3341413594644764,
      1.3317172904122114,
      1.331318161217805,
      1.3299314313829589,
      1.3287250420327412,
      1.3283304900079955,
      1.3260519749509383,
      1.3257756664757587,
      1.3254665549513447,
      1.3253184072266626,
      1.323744013435731,
      1.323554366039459
    ]
  ],