{
  "test_loss_values": [
    0.6132048065960407
  ],
  "log_exp_r_n_values": [
    787997.052216624
  ],
  "log_exp_r_n_acc_values": [
    -Infinity
  ],
  "model_data_levels": [
    0
  ],
  "loss_landscape_data_param": 0,
  "train_loss_values": [
    0.002457624999806285
  ],
  "num_params": 235146,
  "dataset_type": "data",
  "top_r_vals": [
    [
      28.53449265381084,
      28.494682262970617,
      28.471137152777782,
      28.45609145431589,
      26.240162899537722,
      26.221943681209193,
      26.220411823958898,
      26.196223303829214,
      26.1794387604093,
      26.154711619504514,
      26.13557493398414,
      23.996717664930557,
      23.994136103877317,
      23.978398075810187,
      23.956966447241513,
      23.95022394627701,
      23.94794680748457,
      23.94337595244985,
      23.933486750096453,
      23.92760627652392,
      23.923990885416668,
      23.914146894290127,
      23.912425853587965,
      23.897310233410497,
      23.883906611689817,
      21.85580158496363,
      21.839369088165032,
      21.838359822254866,
      21.828661257460976,
      21.826063255961607,
      21.818457373136553,
      21.81730118008028,
      21.815255185241984,
      21.80944950324445,
      21.790918831873423,
      21.78794870648065,
      21.751373459156554,
      19.809727493128896,
      19.809089803097265,
      19.807500559971565,
      19.805196406536965,
      19.785304712210493,
      19.763056553939016,
      19.7504958039996,
      17.872499180842322,
      17.871352646548146,
      17.846486341003352,
      17.84107514875615,
      16.037779248450413,
      16.014093572443183
    ]
  ],
  "top_r_val_seeds": [
    [
      21,
      37,
      3,
      17,
      14,
      22,
      39,
      8,
      5,
      24,
      23,
      28,
      40,
      44,
      25,
      4,
      48,
      30,
      6,
      45,
      50,
      7,
      18,
      20,
      12,
      9,
      47,
      26,
      15,
      49,
      33,
      43,
      32,
      27,
      41,
      11,
      16,
      10,
      19,
      34,
      2,
      36,
      13,
      29,
      35,
      1,
      42,
      31,
      46,
      38
    ]
  ],
  "loss_predicts_minimas": true,
  "loss_ordering_violations": 0,
  "test_loss_ranks": [
    1
  ],
  "log_exp_r_n_ranks": [
    1
  ],
  "data_level_ranks": [
    1
  ],
  "accuracy_predicts_minimas": true,
  "accuracy_ordering_violations": 0,
  "log_exp_r_n_acc_ranks": [
    1
  ]
}