{
  "test_loss_values": [
    8.8975537443161,
    4.685143089294433,
    2.714287519454956,
    5.356214213371277,
    4.299632787704468,
    2.007993698120117
  ],
  "log_exp_r_n_values": [
    7938925.7435887735,
    6613308.135717183,
    -Infinity,
    7265464.490844704,
    6233194.027587528,
    -Infinity
  ],
  "log_exp_r_n_acc_values": [
    -Infinity,
    -Infinity,
    -Infinity,
    -Infinity,
    -Infinity,
    -Infinity
  ],
  "model_data_levels": [
    0,
    1950,
    19950,
    450,
    4950,
    49950
  ],
  "loss_landscape_data_param": 0,
  "train_loss_values": [
    2.884863761209999e-07,
    0.000197231158381328,
    0.024302473291754723,
    3.861737059196457e-05,
    0.0007398566813208163,
    0.06856230646371841
  ],
  "num_params": 1707274,
  "dataset_type": "data",
  "top_r_vals": [
    [
      104.59159301346806,
      104.55542482909911,
      104.53995765738195,
      104.46919339385016,
      97.2535188533058,
      97.24794397275312,
      97.20020338326448,
      97.19402016884041,
      97.17980149954806,
      97.17429017626552,
      97.16107934368546,
      97.15570421455323,
      97.13514797746645,
      97.12993628131458,
      97.08882380714104,
      90.20097897376546,
      90.19212165850426,
      90.19025252923811,
      90.18120156544934,
      90.16570126374225,
      90.1616514836656,
      90.16103686007807,
      90.15996758342582,
      90.1578879666297,
      90.15776167411173,
      90.1564145539199,
      90.1542507421118,
      90.15398131807343,
      90.15229741783367,
      90.15223006182407,
      90.15037777156033,
      90.14990627949318,
      90.14632799148367,
      90.14349903908085,
      90.14200036786745,
      90.1416972658243,
      90.13816107532078,
      90.13738648121048,
      90.13589622949829,
      90.13493640636162,
      90.13321882811705,
      90.12995206165189,
      90.12349430423237,
      90.1225092225921,
      90.12242502758012,
      90.12172620898062,
      90.12070744933555,
      90.11723019534043,
      90.11413181889924,
      90.11348351730693
    ],
    [
      48.11579090901121,
      43.249435046487605,
      43.225626291322314,
      43.22527521306818,
      43.21263236053719,
      43.20415402246901,
      43.197011395919425,
      43.195473915289256,
      43.1912004455062,
      43.190934110278924,
      43.183408122417354,
      43.17820247933884,
      43.176967652376035,
      43.17640269886364,
      43.17637445118802,
      43.176015302169425,
      43.175014527376035,
      43.1741751678719,
      43.17145532024794,
      43.16886056947314,
      43.15118963068182,
      38.57075477291062,
      38.56933298569264,
      38.56680976331339,
      38.565423970708515,
      38.56420375332397,
      38.563419070758094,
      38.55899893226776,
      38.55480915930136,
      38.55420085033974,
      38.5540928665004,
      38.55377251444369,
      38.55316060602076,
      38.55286904965454,
      38.55195118702015,
      38.55050420357299,
      38.54978431131072,
      38.5485712928488,
      38.54606246831479,
      38.54561613511218,
      38.54468027517123,
      38.54423394196863,
      38.543830802301756,
      38.54216065225329,
      38.542023872723455,
      38.54147675460413,
      38.5413399750743,
      38.5404185129786,
      38.53954024441863,
      38.53807886312622
    ],
    [
      0.0,
      0.0,
      0.0,
      0.0,
      0.0,
      0.0,
      0.0,
      0.0,
      0.0,
      0.0,
      0.0,
      0.0,
      0.0,
      0.0,
      0.0,
      0.0,
      0.0,
      0.0,
      0.0,
      0.0,
      0.0,
      0.0,
      0.0,
      0.0,
      0.0,
      0.0,
      0.0,
      0.0,
      0.0,
      0.0,
      0.0,
      0.0,
      0.0,
      0.0,
      0.0,
      0.0,
      0.0,
      0.0,
      0.0,
      0.0,
      0.0,
      0.0,
      0.0,
      0.0,
      0.0,
      0.0,
      0.0,
      0.0,
      0.0,
      0.0
    ],
    [
      70.49891694824669,
      70.49335614171228,
      70.49253915117879,
      64.59600453317901,
      64.57408613040124,
      64.56209008487654,
      64.55507933063272,
      64.55233651620371,
      64.55158902391976,
      64.55076316550927,
      64.54128086419753,
      64.53953872492285,
      64.52886887538581,
      64.52657214506173,
      64.52443817515433,
      64.51912133487654,
      64.51867525077161,
      64.5098319347994,
      64.50981385030865,
      64.50687210648148,
      64.50547357253087,
      64.50077160493828,
      64.49935498649693,
      64.49892698688272,
      64.49804084683643,
      64.49676890432099,
      64.47711106288581,
      58.848968758070775,
      58.84710676545283,
      58.84590937786961,
      58.844129774305564,
      58.84304773139779,
      58.83799453609247,
      58.83440237334281,
      58.83347961593923,
      58.83167804196081,
      58.82675117653812,
      58.82521874013574,
      58.823450121778876,
      58.82111576525196,
      58.81294277110595,
      58.8126022296832,
      58.80680204028926,
      58.80477526956354,
      58.802819902684526,
      58.802688080198294,
      58.80074919113006,
      58.80046906834683,
      58.79992530059115,
      58.797321806488185
    ],
    [
      38.51187118531831,
      34.159983675135194,
      34.14866148862362,
      34.13084761759005,
      34.114382460973374,
      30.014506078182393,
      30.013648559458222,
      30.00687248012799,
      30.006312010373623,
      30.006233544608016,
      30.003226624375863,
      30.002436362022213,
      30.00085303496614,
      30.00069610343492,
      29.9957975977818,
      29.993889198268196,
      29.99217696316862,
      29.98650220690571,
      29.985089823124717,
      29.98489365871069,
      29.9848628328742,
      29.98401091884757,
      29.983612985321972,
      29.98264897734447,
      29.97837539546746,
      29.96904637640611,
      29.96610391019571,
      29.965013796523476,
      29.964887690828743,
      29.95938387784091,
      26.15705503384541,
      26.15509722580924,
      26.15476278727937,
      26.1542696735346,
      26.152980742558167,
      26.15021979381888,
      26.150075765546895,
      26.149836532145965,
      26.14967541577391,
      26.1495069759304,
      26.14883565771351,
      26.148791716884766,
      26.148623277041256,
      26.148623277041256,
      26.148342543968738,
      26.147898253367014,
      26.147732254680655,
      26.146516558418796,
      26.146265119232105,
      26.14624803113204
    ],
    [
      0.0,
      0.0,
      0.0,
      0.0,
      0.0,
      0.0,
      0.0,
      0.0,
      0.0,
      0.0,
      0.0,
      0.0,
      0.0,
      0.0,
      0.0,
      0.0,
      0.0,
      0.0,
      0.0,
      0.0,
      0.0,
      0.0,
      0.0,
      0.0,
      0.0,
      0.0,
      0.0,
      0.0,
      0.0,
      0.0,
      0.0,
      0.0,
      0.0,
      0.0,
      0.0,
      0.0,
      0.0,
      0.0,
      0.0,
      0.0,
      0.0,
      0.0,
      0.0,
      0.0,
      0.0,
      0.0,
      0.0,
      0.0,
      0.0,
      0.0
    ]
  ],