{
  "test_loss_values": [
    4.684319575724658
  ],
  "log_exp_r_n_values": [
    13616.336753991613
  ],
  "log_exp_r_n_acc_values": [
    -Infinity
  ],
  "model_data_levels": [
    0
  ],
  "loss_landscape_data_param": 5,
  "train_loss_values": [
    0.4725812077522278
  ],
  "num_params": 4353,
  "dataset_type": "data",
  "top_r_vals": [
    [
      22.849604016632373,
      22.63645551529774,
      21.748029681427468,
      17.45572692619553,
      16.61054173794881,
      15.493735041311876,
      15.357050156180296,
      15.176364951968855,
      14.619187424484787,
      12.972614339193932,
      10.957886117204737,
      10.499504852676392,
      9.708008204518999,
      9.298643368464655,
      8.439583696314793,
      8.301287127849857,
      8.040060266752533,
      7.79532257639271,
      7.792188769692044,
      7.496907045699978,
      7.0754470703415615,
      6.877486836817901,
      6.865744056450877,
      6.695563640549244,
      6.67078020652738,
      6.585472171125939,
      6.3816501403789685,
      6.305809919895349,
      6.1414057515181835,
      6.121498160956564,
      6.105022334177272,
      6.039712948684421,
      6.016742981235786,
      6.0057641226398495,
      5.909106386307831,
      5.77296127507716,
      5.736911358495453,
      5.558519435314878,
      5.542642270065585,
      5.307786467602352,
      4.753928408430445,
      4.727011049314265,
      4.60887036334742,
      4.557299277125334,
      4.254446855779291,
      4.006436727468955,
      3.9097596199478053,
      3.8543391036151355,
      3.537927034564029,
      2.6161735246838265
    ]
  ],
  "top_r_val_seeds": [
    [
      37,
      20,
      4,
      48,
      18,
      11,
      24,
      47,
      29,
      23,
      13,
      36,
      50,
      17,
      41,
      19,
      1,
      49,
      6,
      31,
      12,
      38,
      35,
      28,
      15,
      21,
      34,
      39,
      16,
      5,
      42,
      9,
      30,
      25,
      2,
      8,
      22,
      26,
      32,
      3,
      33,
      45,
      7,
      46,
      27,
      10,
      14,
      40,
      43,
      44
    ]
  ],
  "test_acc_values": [
    0.7725
  ],
  "loss_predicts_minimas": true,
  "loss_ordering_violations": 0,
  "test_loss_ranks": [
    1
  ],
  "log_exp_r_n_ranks": [
    1
  ],
  "data_level_ranks": [
    1
  ],
  "accuracy_predicts_minimas": true,
  "accuracy_ordering_violations": 0,
  "log_exp_r_n_acc_ranks": [
    1
  ]
}