{
  "test_loss_values": [
    1.5809948234558104,
    0.49766533374786376,
    0.17252255976200104,
    0.7653172066807747,
    0.31109281778335574,
    0.09562090784311295
  ],
  "log_exp_r_n_values": [
    923485.5950313882,
    787653.0281328136,
    724977.5895763568,
    843689.0602198807,
    768098.50216322,
    725497.8951147969
  ],
  "log_exp_r_n_acc_values": [
    -Infinity,
    -Infinity,
    -Infinity,
    -Infinity,
    -Infinity,
    -Infinity
  ],
  "model_data_levels": [
    0,
    1940,
    19940,
    540,
    5940,
    59940
  ],
  "loss_landscape_data_param": 0,
  "train_loss_values": [
    3.500654565868899e-05,
    0.00017345449305139482,
    0.0006320429383777082,
    9.784691064851359e-05,
    0.0002865697897505015,
    0.0016530464636161923
  ],
  "num_params": 235146,
  "dataset_type": "data",
  "top_r_vals": [
    [
      50.77034550045914,
      50.70864261299868,
      47.615043139606094,
      47.50403831535645,
      44.59759280482381,
      44.514211719467404,
      44.508881652103426,
      44.44447807262971,
      44.435701116276405,
      44.43095113510819,
      41.74324893318941,
      41.71586320400481,
      41.714745045048815,
      41.68576194592707,
      41.66681085373842,
      41.665752923484966,
      41.66091105952796,
      41.65765870959038,
      41.65722663411558,
      41.652293117785135,
      41.65168559348117,
      41.64913242022099,
      41.64297338072566,
      41.63763397531282,
      41.60771340334273,
      41.59917140213789,
      41.59883359767578,
      41.5985743523909,
      41.59839890356174,
      41.597788760618535,
      41.587510601596776,
      41.58526380912782,
      41.57991654779726,
      41.57246128187752,
      41.5684311960853,
      41.568266221813104,
      41.54932298554217,
      41.54128638171089,
      41.50351774793488,
      38.92622324890319,
      38.91847501610169,
      38.90021516060225,
      38.89099246888074,
      38.86345377504529,
      38.86306563105807,
      38.861549672466474,
      38.860438945962166,
      38.85313012144808,
      38.847918250927854,
      38.835790582195074
    ],
    [
      28.493055555555557,
      28.489592300849406,
      28.486891285009186,
      26.257049566774324,
      26.24990419392294,
      26.243073428313284,
      26.222917151784383,
      26.208969015015015,
      26.200285196280003,
      26.197804575829522,
      26.19397493270378,
      26.192546846428503,
      26.176912019525478,
      26.171687233291134,
      26.164464443998067,
      26.14962190025353,
      26.147716138061494,
      26.146960092386347,
      24.007058979552472,
      23.99692111545139,
      23.99037302276235,
      23.98905737606096,
      23.97886375144676,
      23.97395682629244,
      23.969530647183642,
      23.96929705584491,
      23.95986448688272,
      23.95737334828318,
      23.953253098476083,
      23.94877417293596,
      23.948424539448304,
      23.94616096402392,
      23.94527030285494,
      23.94010115258488,
      23.93465922791281,
      23.93440303096065,
      23.933834876543212,
      23.929441852334108,
      23.923470956307874,
      23.922759633005402,
      23.919545114776238,
      23.914730119116513,
      23.912685064621915,
      23.904696240837193,
      23.901252652391978,
      23.90124813126929,
      23.889824761284725,
      23.886257595486114,
      23.880675516010804,
      23.878440574363427
    ],
    [
      21.826438126156813,
      21.824142217855044,
      19.829585559270107,
      19.811179732536864,
      19.791832316616293,
      19.78688772789448,
      19.76821910312086,
      19.763846193548495,
      19.753101365613208,
      19.748221542285233,
      19.736095467777528,
      17.913450688102422,
      17.906571482337384,
      17.895034199988963,
      17.88605751089753,
      17.885497732389197,
      17.883758822043035,
      17.862405182840682,
      17.86235797260504,
      17.86007389644253,
      17.855040386080464,
      17.854288394469876,
      17.84536790803992,
      17.84501607937906,
      17.843715549792435,
      17.84319960936006,
      17.841384263394286,
      17.8379840023748,
      17.833357399281844,
      17.81459020656076,
      17.800718265654496,
      16.072297908057852,
      16.066200445506198,
      16.059643958225724,
      16.059000314759814,
      16.058910527505166,
      16.057935982696282,
      16.051261460485538,
      16.05010128809401,
      16.04988337745351,
      16.046547125193698,
      16.045571571539256,
      16.044939025374482,
      16.044431576058884,
      16.04412892239153,
      16.04399777246901,
      16.039967434465392,
      16.03865290870351,
      16.036825889398244,
      16.034426854661675
    ],
    [
      36.16036180228242,
      36.06152343750001,
      33.55343196056605,
      33.49774748451211,
      33.4808937479873,
      33.47562734998741,
      33.44448782480344,
      33.43511902484441,
      33.43399712630966,
      33.38755094794617,
      33.35917722890602,
      31.003661088074562,
      31.00085095500061,
      30.992866207076492,
      30.987759704870083,
      30.97800986643483,
      30.966166050722865,
      30.965228042314525,
      30.965196905105948,
      30.95965448197948,
      30.949069777139297,
      30.94751291671051,
      30.94480008741336,
      30.93137022013957,
      30.929906771336515,
      30.91953418872975,
      30.914960911220202,
      30.910255300574203,
      30.89511094075322,
      30.891993327744583,
      30.89196608268708,
      30.88784234862634,
      30.871942911497396,
      30.864220883770635,
      30.857353183204165,
      30.83253098974276,
      28.5684490501607,
      28.55476641414142,
      28.551342616505973,
      28.55052657254362,
      28.54822909492654,
      28.541327694559232,
      28.540999483471076,
      28.53857108011938,
      28.536829588498627,
      28.525446223599637,
      28.515497661271812,
      28.51125423266759,
      28.501020503328746,
      28.497910568755742
    ],
    [
      26.219444942017045,
      24.007058979552472,
      23.989370840567133,
      23.96466742621528,
      23.950142566068674,
      23.94616096402392,
      23.94423496576003,
      23.937605492862655,
      23.92517391251929,
      21.872718804029287,
      21.86069274846297,
      21.8498434832164,
      21.849726765390052,
      21.849042936242757,
      21.83784214436625,
      21.832177896911233,
      21.813596418956973,
      21.798038619280522,
      21.797626674011067,
      21.785678888045947,
      21.785232614004034,
      21.777790136135863,
      19.848698823382186,
      19.843533783223656,
      19.827321261462483,
      19.82515909369899,
      19.8177459470813,
      19.81579924880115,
      19.808566697993196,
      19.797072086075406,
      19.792375349533856,
      19.79213870674868,
      19.787920237730848,
      19.78409409754107,
      19.78397826712517,
      19.783638248807524,
      19.783633266854153,
      19.78343025225424,
      19.780494636229726,
      19.778399724836756,
      19.771429972069182,
      19.770875729756536,
      19.768973869056733,
      19.768846829245746,
      19.759952796988195,
      19.759580395973632,
      19.755018172173127,
      19.753101365613208,
      19.74870603725067,
      19.740708756600096
    ],
    [
      21.874786769281958,
      21.824142217855044,
      17.876666046164377,
      17.85055091748152,
      17.840817740566575,
      16.066200445506198,
      16.056950340586262,
      16.054496828189567,
      16.052860480694733,
      16.05235807560692,
      16.049484883458163,
      16.032294155152375,
      16.031632352466428,
      16.031589980952997,
      16.031295398050105,
      16.022375185627585,
      16.018176370415805,
      16.01638466070506,
      16.016341280346076,
      15.987104936079547,
      14.349079743537017,
      14.347503179482647,
      14.34068489989363,
      14.324805876318628,
      14.322622803033296,
      14.320050088061013,
      14.318047887706577,
