{
  "test_loss_values": [
    10.151697883605957,
    4.748020267486572,
    3.0378007888793945,
    5.4412009716033936,
    4.082695722579956,
    2.0266265869140625
  ],
  "log_exp_r_n_values": [
    8172931.625442122,
    6789458.8923608335,
    5317925.072282498,
    7413102.173015752,
    6428294.442557329,
    -Infinity
  ],
  "log_exp_r_n_acc_values": [
    -Infinity,
    -Infinity,
    -Infinity,
    -Infinity,
    -Infinity,
    -Infinity
  ],
  "model_data_levels": [
    0,
    1950,
    19950,
    450,
    4950,
    49950
  ],
  "loss_landscape_data_param": 0,
  "train_loss_values": [
    1.1205672478808992e-07,
    0.0001707332266960293,
    0.006731759756803513,
    2.638996193127241e-05,
    0.0005684219067916274,
    0.13171140849590302
  ],
  "num_params": 1707274,
  "dataset_type": "data",
  "top_r_vals": [
    [
      119.95626542412765,
      119.94600882762283,
      112.13969557923377,
      112.11762568770884,
      112.10367357783166,
      112.09304190251234,
      112.08809791162493,
      104.60986263359611,
      104.60562478477965,
      104.60151387613513,
      104.57796159192944,
      104.5748759692889,
      104.56589251096831,
      104.55728010853488,
      104.55532718281302,
      104.54542584940316,
      104.53955730760896,
      104.53259512741052,
      104.50958966240694,
      104.50607439610758,
      104.50551781227685,
      104.47857720194372,
      104.47725897708146,
      104.45312081515921,
      104.44123726214166,
      97.29439525761882,
      97.29080881166067,
      97.27787036738123,
      97.26165418388432,
      97.26037395887141,
      97.25718701575416,
      97.25686922940343,
      97.24696337487089,
      97.24364931721335,
      97.24331337164259,
      97.23593164869578,
      97.23547766819475,
      97.22863164223918,
      97.22862256262916,
      97.2274966909866,
      97.22019668452998,
      97.21696434336262,
      97.2152846155088,
      97.21197055785126,
      97.20559667161676,
      97.20416209323349,
      97.2027638332903,
      97.2003849754649,
      97.19474653764206,
      97.1917684255553
    ],
    [
      53.34536176155496,
      48.15928727278308,
      48.144993811915725,
      48.14435984589424,
      48.13671628393309,
      48.13371730991657,
      48.128605115828435,
      48.12829038092415,
      48.12035006891039,
      48.113915988224264,
      48.110089711030774,
      48.10869138881317,
      48.10606110425595,
      48.10121868294292,
      48.092711848101445,
      48.090926851572874,
      48.08961395740072,
      48.0802618345306,
      48.07526654197835,
      43.256496965392564,
      43.23247837035124,
      43.227676265495866,
      43.227401859504134,
      43.226832870609506,
      43.22555365444215,
      43.22407670454545,
      43.21972252711777,
      43.21842716942149,
      43.21716813016529,
      43.216054364669425,
      43.213443472365704,
      43.21263236053719,
      43.2117082580062,
      43.20908929493802,
      43.209048941115704,
      43.20731776213843,
      43.205320247933884,
      43.202572152634296,
      43.202451091167354,
      43.200784478305785,
      43.197665127840914,
      43.197011395919425,
      43.195284252324385,
      43.194436822055785,
      43.194065566890494,
      43.19377501936984,
      43.193270596590914,
      43.190187564566116,
      43.18889220686984,
      43.18873482696281
    ],
    [
      22.530431552245155,
      19.218645976813594,
      19.21793754304408,
      19.211357179752067,
      19.21070075757576,
      19.20759261650597,
      19.205655633034898,
      19.20480013200184,
      19.20402175160698,
      19.202899018595044,
      19.201028394742885,
      19.200920784550046,
      19.200897469008268,
      19.199975608356294,
      19.19991642275023,
      19.198671731519745,
      19.197988406795226,
      19.19723334194215,
      19.196508766643714,
      19.19601017275023,
      19.195970715679525,
      19.192254577020204,
      19.18984590220386,
      19.18970062844353,
      19.18852229683196,
      19.18822816230487,
      19.1878981577135,
      19.187356519742885,
      19.186658846992657,
      19.18636112545914,
      19.186106448002757,
      19.18036544421488,
      16.154432508680557,
      16.151124553915896,
      16.150909047067902,
      16.147349416473766,
      16.146769205729168,
      16.145929783950617,
      16.145441502700617,
      16.145427939332563,
      16.14514461564429,
      16.14487334828318,
      16.143910349151238,
      16.143907335069446,
      16.143318082079478,
      16.14282527970679,
      16.142772533275465,
      16.142519350405095,
      16.142333984375,
      16.142222463348766
    ],
    [
      76.86672118916438,
      76.75438332185492,
      76.75408918732784,
      70.59117099219787,
      70.56500752922615,
      70.55946648859174,
      70.54340998915531,
      70.51998080901744,
      70.50870765738192,
      70.50441186844775,
      70.50178959238058,
      70.49891694824669,
      70.49404794821241,
      70.49018700907833,
      70.48552884531077,
      70.46862241217416,
      70.45556374090496,
      64.61773003472223,
      64.58563006365742,
      64.5818504050926,
      64.57426697530865,
      64.57341700424384,
      64.5715060763889,
      64.56929976851852,
      64.56036000192901,
      64.55341555748457,
      64.55234254436729,
      64.55076316550927,
      64.54918378665124,
      64.54811680169753,
      64.54788773148148,
      64.54426480516976,
      64.54209466628087,
      64.53962311921296,
      64.53699483989197,
      64.53642819251544,
      64.53346836419753,
      64.53013478973766,
      64.52558352623457,
      64.52551118827161,
      64.51835575810186,
      64.51244815779322,
      64.5091567804784,
      64.50749300733025,
      64.50730010609568,
      64.50441864390433,
      64.49920428240742,
      64.49892698688272,
      64.49675684799384,
      64.49488811728395
    ],
    [
      43.1741751678719,
      38.56154375141489,
      38.5427977569054,
      38.542023872723455,
      38.539151502597,
      38.536041568024004,
      38.533640727329335,
      38.52342545612773,
      38.51477955005788,
      38.50150473674164,
      34.17797291092746,
      34.153523875114786,
      34.15235690235691,
      34.1478930721355,
      34.14601826344251,
      34.14598000204061,
      34.1426512600755,
      34.141602259973475,
      34.14115268850118,
      34.14071587082951,
      34.14048311396797,
      34.14043209876544,
      34.14042572186512,
      34.137183068054284,
      34.13661552392613,
      34.13610537190083,
      34.133184751555966,
      34.132932863993474,
      34.132932863993474,
      34.13223140495868,
      34.13084761759005,
      34.13054471482502,
      34.12919600040813,
      34.12864439853077,
      34.12841483011938,
      34.12687162024284,
      34.126170161208044,
      34.125580297928785,
      34.12228662891542,
      34.12090284154679,
      34.12089327619631,
      34.119337312519136,
      34.11926078971534,
      34.11667814508724,
      34.116324227119684,
      34.1158587133966,
      34.11528160391797,
      34.11502333945516,
      34.11399347005408,
      34.11305925415774
    ],
    [
      0.0,
      0.0,
      0.0,
      0.0,
      0.0,
      0.0,
      0.0,
      0.0,
      0.0,
      0.0,
      0.0,
      0.0,
      0.0,
      0.0,
      0.0,
      0.0,
      0.0,
      0.0,
      0.0,
      0.0,
      0.0,
      0.0,
      0.0,
      0.0,
      0.0,
      0.0,
      0.0,
      0.0,
      0.0,
      0.0,
      0.0,
      0.0,
      0.0,
      0.0,
      0.0,
      0.0,
      0.0,
      0.0,
      0.0,
      0.0,
      0.0,
      0.0,
      0.0,
      0.0,
      0.0,
      0.0,
      0.0,
      0.0,
      0.0,
      0.0
    ]
  ],