{
  "test_loss_values": [
    0.5389529842138291,
    0.5359445449709892,
    0.3534087225794792,
    0.5112816497683526,
    0.17615626752376556,
    0.22679638266563415,
    0.5737314999103547,
    0.441549026966095
  ],
  "log_exp_r_n_values": [
    -Infinity,
    -Infinity,
    813522.8535073195,
    -Infinity,
    810404.3535386206,
    814266.962552709,
    -Infinity,
    734023.1468972772
  ],
  "log_exp_r_n_acc_values": [
    -Infinity,
    -Infinity,
    -Infinity,
    -Infinity,
    -Infinity,
    -Infinity,
    -Infinity,
    -Infinity
  ],
  "model_data_levels": [
    200,
    100,
    2000,
    500,
    10000,
    5000,
    0,
    1000
  ],
  "loss_landscape_data_param": 5000,
  "train_loss_values": [
    0.4533748924732208,
    0.4693165421485901,
    0.17681404948234558,
    0.4173259735107422,
    0.0697299912571907,
    0.030939357355237007,
    0.5162380933761597,
    0.3045588433742523
  ],
  "num_params": 235146,
  "dataset_type": "data",
  "top_r_vals": [
    [
      0.0,
      0.0,
      0.0,
      0.0,
      0.0,
      0.0,
      0.0,
      0.0,
      0.0,
      0.0,
      0.0,
      0.0,
      0.0,
      0.0,
      0.0,
      0.0,
      0.0,
      0.0,
      0.0,
      0.0,
      0.0,
      0.0,
      0.0,
      0.0,
      0.0,
      0.0,
      0.0,
      0.0,
      0.0,
      0.0,
      0.0,
      0.0,
      0.0,
      0.0,
      0.0,
      0.0,
      0.0,
      0.0,
      0.0,
      0.0,
      0.0,
      0.0,
      0.0,
      0.0,
      0.0,
      0.0,
      0.0,
      0.0,
      0.0,
      0.0
    ],
    [
      0.0,
      0.0,
      0.0,
      0.0,
      0.0,
      0.0,
      0.0,
      0.0,
      0.0,
      0.0,
      0.0,
      0.0,
      0.0,
      0.0,
      0.0,
      0.0,
      0.0,
      0.0,
      0.0,
      0.0,
      0.0,
      0.0,
      0.0,
      0.0,
      0.0,
      0.0,
      0.0,
      0.0,
      0.0,
      0.0,
      0.0,
      0.0,
      0.0,
      0.0,
      0.0,
      0.0,
      0.0,
      0.0,
      0.0,
      0.0,
      0.0,
      0.0,
      0.0,
      0.0,
      0.0,
      0.0,
      0.0,
      0.0,
      0.0,
      0.0
    ],
    [
      31.80637093656686,
      28.263799762000957,
      25.962090298604558,
      25.873678326314757,
      25.87364734404888,
      24.797744849231435,
      24.778985855558364,
      23.738014650237687,
      23.736531669023513,
      23.729473334894482,
      23.72180181638011,
      23.705823215973872,
      23.703343623641924,
      23.700218024402794,
      23.69355356053588,
      23.64447046298547,
      22.68859629781435,
      22.662230164531337,
      22.648422996810172,
      21.640735920888993,
      21.598582749523175,
      21.579982283729418,
      21.579687297171116,
      21.57844617861015,
      21.56828341589188,
      21.556628048376304,
      21.555915730604184,
      20.61864397551736,
      20.602264646273582,
      20.592942781892198,
      20.567308950266458,
      19.606649325064396,
      19.60123521186334,
      19.5703250766237,
      18.67257898652955,
      18.641243454699648,
      18.62936750615096,
      18.610041544872757,
      17.697059667374443,
      17.692192347548634,
      17.689678567144767,
      17.679613430467942,
      17.67410959785284,
      17.65662997740844,
      16.741895933481892,
      16.740244877867916,
      16.71151334522186,
      15.872065787381473,
      14.9976092123485,
      12.550722361809045
    ],
    [
      0.0,
      0.0,
      0.0,
      0.0,
      0.0,
      0.0,
      0.0,
      0.0,
      0.0,
      0.0,
      0.0,
      0.0,
      0.0,
      0.0,
      0.0,
      0.0,
      0.0,
      0.0,
      0.0,
      0.0,
      0.0,
      0.0,
      0.0,
      0.0,
      0.0,
      0.0,
      0.0,
      0.0,
      0.0,
      0.0,
      0.0,
      0.0,
      0.0,
      0.0,
      0.0,
      0.0,
      0.0,
      0.0,
      0.0,
      0.0,
      0.0,
      0.0,
      0.0,
      0.0,
      0.0,
      0.0,
      0.0,
      0.0,
      0.0,
      0.0
    ],
    [
      31.387340422410645,
      29.697312962241895,
      28.14708992601161,
      27.971934843063785,
      27.949331651471294,
      27.71491107018095,
      26.598299960116364,
      26.56738946043277,
      26.413506475482084,
      26.379962751228177,
      26.16087119871373,
      25.68557832935675,
      25.678959054946738,
      25.308643195032026,
      25.053546451679903,
      25.035344079786928,
      24.37928146489833,
      24.113883026192795,
      23.991343557098766,
      23.71207075123959,
      23.539827954459874,
      23.057125555068566,
      22.901312816789023,
      22.648277711833458,
      22.289232239333344,
      22.0638670239712,
      22.041372932121927,
      21.998966560741835,
      21.84793302201726,
      21.229347439255438,
      21.037069656931706,
      20.828911113096574,
      20.755261009036115,
      20.67210528712619,
      20.662379490889393,
      20.58971046953426,
      20.4104814430602,
      20.398793730720936,
      19.639030271121346,
      19.258180421785465,
      19.214968978511727,
      19.065632662460814,
      19.04632227045986,
      18.84194610797859,
      18.668772890191082,
      18.455357233322054,
      17.922231916601287,
      17.334047193506322,
      15.915426106372822,
      14.724563823615632
    ],
    [
      31.907180200071394,
      31.80637093656686,
      31.804043828861595,
      30.67354713918307,
      30.596014411849005,
      29.419445331161494,
      29.409877563732415,
      29.379923476145997,
      29.358554660435605,
      29.32354007315502,
      28.248434382970125,
      28.214323028458875,
      27.085368988830083,
      27.048638163267704,
      27.04224257019926,
      27.02354265275,
      25.934710128798436,
      25.907166894435075,
      25.889604841620358,
      25.886191900437332,
      25.857322951223612,
      24.842681541836853,
      24.807084552844557,
      24.746129137166676,
      23.75615058548869,
      23.74639782070292,
      23.729473334894482,
      23.71749460635464,
      23.71233102689563,
      23.68246700781704,
      23.671313318121705,
      22.639330784505866,
      22.6311832731509,
      21.61950912315681,
      21.618845743246894,
      21.616330880883492,
      21.609828942135298,
      21.569456565199783,
      21.533315953960088,
      20.636821351976444,
      20.581322836992115,
      20.567705349724587,
      20.55540660313803,
      19.60946057036123,
      19.603537227200704,
      19.595142947384538,
      19.5703250766237,
      18.600747782926195,
      17.678814451127536,
      16.779237220035725
    ],
    [
      0.0,
      0.0,
      0.0,
      0.0,
      0.0,
      0.0,
      0.0,
      0.0,
      0.0,
      0.0,
      0.0,
      0.0,
      0.0,
      0.0,
      0.0,
      0.0,
      0.0,
      0.0,
      0.0,
      0.0,
      0.0,
      0.0,
      0.0,
      0.0,
      0.0,
      0.0,
      0.0,
      0.0,
      0.0,
      0.0,
      0.0,
      0.0,
      0.0,
      0.0,
      0.0,
      0.0,
      0.0,
      0.0,
      0.0,
      0.0,
      0.0,
      0.0,
      0.0,
      0.0,
      0.0,
      0.0,
      0.0,
      0.0,
      0.0,
      0.0
    ],
    [
      22.682189999973858,
      22.610526667324923,
      19.56419458907288,
      18.66178607947899,
      18.64954560072909,
      18.648380510632627,
      18.611771598174954,
      18.598234751571244,
      17.69904932623328,
      17.682935092488982,
      17.6795600168073,
      17.635648423838333,
      16.79864160719732,
      16.7948795213702,
      16.774352627388623,
      16.76889728644301,
      16.763053710055903,
      16.747501082668517,
      15.884397129925697,
      15.883720988441738,
      15.881385953302157,
      15.86834650985376,
      15.865435206418399,
      15.860973871102528,
      15.856771207344037,
      15.853552294489091,
      15.846085774940974,
      15.00675485295535,
      14.969880589150213,
      14.969385924030684,
      14.191651090353815,
      14.179150764841204,
      14.167452199089233,
      14.149079428751994,
