{
  "test_loss_values": [
    0.009508107829839386,
    0.0032582706022249034
  ],
  "log_exp_r_n_values": [
    196146.5308232976,
    168350.20142039197
  ],
  "log_exp_r_n_acc_values": [
    -Infinity,
    -Infinity
  ],
  "model_data_levels": [
    3669,
    5551
  ],
  "loss_landscape_data_param": 3669,
  "train_loss_values": [
    0.006366373505443335,
    0.002910937648266554
  ],
  "num_params": 73097,
  "dataset_type": "data",
  "top_r_vals": [
    [
      14.635757840174755,
      14.613267540287067,
      14.605824031777294,
      14.587677288415447,
      14.564111394135885,
      14.561408407310363,
      14.557923020276355,
      14.531960510621328,
      13.473896544656636,
      13.471681194540896,
      13.463708948206019,
      13.463671272183642,
      13.447319878472223,
      13.438631787712193,
      13.437932520736885,
      13.434473861882717,
      13.432767891589508,
      13.43234893422068,
      13.43062487943673,
      13.42853762779707,
      13.426325291763119,
      13.425824954185957,
      13.425229673032408,
      13.424424913194446,
      13.42403006847994,
      13.423823603877317,
      13.423588505497687,
      13.423552336516204,
      13.4230655623071,
      13.422982675057872,
      13.422969111689817,
      13.422177915219908,
      13.42159167631173,
      13.419866114486885,
      13.41831084828318,
      13.417815031828704,
      13.417421694155093,
      13.416133174189817,
      13.416124131944446,
      13.415809160397378,
      13.415504738136574,
      13.415467062114198,
      13.415171682098766,
      13.41389823254244,
      13.412885501060957,
      13.411604516300155,
      13.41096251687886,
      13.410689742476853,
      13.410680700231483,
      13.410575207368828
    ],
    [
      10.006164482279393,
      10.000269947143469,
      9.99092569264596,
      9.98913057963832,
      9.987728885261033,
      9.986485682389116,
      9.985142438779766,
      9.983566516151894,
      9.98274483324107,
      9.982735840815232,
      9.982685258419902,
      9.982644792503637,
      9.982559364458188,
      9.982113115326046,
      9.98156345329678,
      9.981292556468452,
      9.979300734145633,
      9.978801654511699,
      9.97834079268757,
      9.97828796218578,
      9.97729767129052,
      9.977277438332386,
      9.976243309361172,
      9.976173618060939,
      9.973601784271656,
      9.973006036059978,
      9.972381062464331,
      9.970967003501519,
      9.970443194696534,
      9.97042520984486,
      9.970009310149916,
      9.969985705032094,
      9.969095454874266,
      9.968539048525622,
      9.967944424367175,
      9.967301465919855,
      9.967253131630981,
      9.965581664478595,
      9.965356853832679,
      9.964944326297422,
      9.964405904800453,
      9.963945042976325,
      9.96264226528324,
      9.962499510523083,
      9.961846435596696,
      9.961616004684632,
      9.961492358829378,
      9.960813430678712,
      9.960469470390459,
      9.960432376633884
    ]
  ],
  "top_r_val_seeds": [
    [
      156,
      30,
      984,
      5,
      658,
      843,
      324,
      55,
      553,
      569,
      178,
      530,
      706,
      94,
      910,
      903,
      850,
      237,
      675,
      982,
      264,
      708,
      131,
      915,
      865,
      476,
      79,
      383,
      926,
      424,
      29,
      195,
      677,
      333,
      182,
      788,
      375,
      673,
      534,
      479,
      994,
      789,
      342,
      525,
      517,
      863,
      202,
      422,
      22,
      66
    ],
    [
      789,
      780,
      371,
      981,
      156,
      499,
      597,
      590,
      420,
      414,
      346,
      432,
      57,
      122,
      924,
      936,
      235,
      110,
      543,
      291,
      75,
      401,
      380,
      704,
      167,
      557,
      30,
      512,
      329,
      452,
      344,
      988,
      453,
      540,
      443,
      984,
      391,
      649,
      154,
      655,
      388,
      978,
      583,
      745,
      632,
      961,
      211,
      496,
      76,
      354
    ]
  ],
  "loss_predicts_minimas": true,
  "loss_ordering_violations": 1,
  "test_loss_ranks": [
    1,
    2
  ],
  "log_exp_r_n_ranks": [
    1,
    2
  ],
  "data_level_ranks": [
    2,
    1
  ],
  "accuracy_predicts_minimas": true,
  "accuracy_ordering_violations": 1,
  "log_exp_r_n_acc_ranks": [
    1,
    2
  ]
}