{
  "test_loss_values": [
    0.5829584643244743
  ],
  "log_exp_r_n_values": [
    807336.9169594917
  ],
  "log_exp_r_n_acc_values": [
    -Infinity
  ],
  "model_data_levels": [
    0
  ],
  "loss_landscape_data_param": 0,
  "train_loss_values": [
    0.002214383566752076
  ],
  "num_params": 235146,
  "dataset_type": "data",
  "top_r_vals": [
    [
      30.980557279311427,
      30.893583271457477,
      30.859129950168516,
      28.475828957185495,
      28.45609145431589,
      26.240162899537722,
      23.98994200906636,
      23.986866138599538,
      23.978398075810187,
      23.976900077160497,
      23.96048388069059,
      23.956966447241513,
      23.9524543668017,
      23.92983066888503,
      23.92366385754244,
      23.883906611689817,
      21.864777872385076,
      21.840224561174605,
      21.835229038207,
      21.83316381925613,
      21.829199532613064,
      21.820339963017968,
      21.818457373136553,
      21.813298445212066,
      21.80944950324445,
      21.80716458014987,
      21.78954293467344,
      21.787880048935737,
      21.774921623909552,
      19.829864548658943,
      19.80810835828296,
      19.808036119959066,
      19.7879737937296,
      19.774500100834743,
      19.770485891905167,
      19.768504319951415,
      19.765005743195854,
      19.762335416188403,
      17.8775787773868,
      17.868813410302526,
      17.8595141179342,
      17.857839278622123,
      17.83615853992996,
      17.805546074275547,
      16.045362740508782,
      16.044075453576962,
      16.035475045196282,
      16.007472519047006,
      14.300856860483588,
      14.2967678724339
    ]
  ],
  "top_r_val_seeds": [
    [
      22,
      50,
      20,
      45,
      17,
      14,
      39,
      9,
      44,
      21,
      1,
      25,
      5,
      24,
      3,
      12,
      28,
      10,
      2,
      35,
      46,
      48,
      33,
      36,
      27,
      6,
      7,
      23,
      29,
      40,
      8,
      26,
      37,
      42,
      38,
      31,
      41,
      18,
      47,
      15,
      43,
      32,
      13,
      16,
      19,
      34,
      49,
      11,
      4,
      30
    ]
  ],
  "loss_predicts_minimas": true,
  "loss_ordering_violations": 0,
  "test_loss_ranks": [
    1
  ],
  "log_exp_r_n_ranks": [
    1
  ],
  "data_level_ranks": [
    1
  ],
  "accuracy_predicts_minimas": true,
  "accuracy_ordering_violations": 0,
  "log_exp_r_n_acc_ranks": [
    1
  ]
}