{
  "test_loss_values": [
    0.5151210844516754,
    0.1862003207206726,
    0.7680396865308284,
    0.2961312532424927,
    0.09906736761331558
  ],
  "log_exp_r_n_values": [
    768118.1202241222,
    677498.6001979247,
    825268.2453802377,
    725138.3407235816,
    625957.843224593
  ],
  "log_exp_r_n_acc_values": [
    -Infinity,
    -Infinity,
    -Infinity,
    -Infinity,
    -Infinity
  ],
  "model_data_levels": [
    1940,
    19940,
    540,
    5940,
    59940
  ],
  "loss_landscape_data_param": 540,
  "train_loss_values": [
    0.00019756170513574034,
    0.0006871861405670643,
    8.751357381697744e-05,
    0.0003717258514370769,
    0.0018536850111559033
  ],
  "num_params": 235146,
  "dataset_type": "data",
  "top_r_vals": [
    [
      26.221632368284133,
      26.220882911242324,
      26.179666068259344,
      26.16133154884746,
      26.158409489963564,
      26.157674857346755,
      26.149865679686908,
      23.98358832465278,
      23.979448483314044,
      23.967756860050155,
      23.960939007040896,
      23.94520700713735,
      23.944026994116513,
      23.941299250096453,
      23.9354865933642,
      23.92088035300926,
      23.88438132957176,
      21.849049801997246,
      21.84851015369426,
      21.846918671803262,
      21.843186447661992,
      21.841364276420098,
      21.839794764943473,
      21.83784214436625,
      21.836832878456082,
      21.836536277862074,
      21.835128798191434,
      21.83416347311001,
      21.82790190501428,
      21.82770279813404,
      21.824765628362822,
      21.824250696776,
      21.82188063832573,
      21.82164720267304,
      21.820194409022758,
      21.818184116107815,
      21.81680272630424,
      21.81465099884678,
      21.813283340552186,
      21.812377060959385,
      21.81234410533783,
      21.811601230701907,
      21.8114556767067,
      21.810276140085158,
      21.809597803541454,
      21.808414147467218,
      21.806177284654073,
      21.80467231126966,
      21.80234756679903,
      21.79748798577035
    ],
    [
      17.835826944227236,
      16.077446046939567,
      16.061193545002585,
      16.057737240121384,
      16.0576938597624,
      16.04671661124742,
      16.044939025374482,
      16.04056467103564,
      16.036825889398244,
      16.01617482082903,
      15.984549530281509,
      14.339492578334246,
      14.333257411477668,
      14.329163924101339,
      14.328740087531928,
      14.326957454317485,
      14.325239611406644,
      14.324830172682478,
      14.323896112472186,
      14.323001646336316,
      14.320782578437871,
      14.31905663673908,
      14.315027939666356,
      14.314469123297771,
      14.310966847441831,
      14.310849864949212,
      14.309481169785572,
      14.309188713554025,
      14.304322241861087,
      14.302312842584028,
      14.302059980426906,
      14.301623545742904,
      14.300808267755885,
      14.299519660606423,
      14.298626094335882,
      14.29825714955147,
      14.297861208807221,
      14.297348285570354,
      14.297305991899945,
      14.297156614255526,
      14.295527858012141,
      14.294257248169236,
      14.293770421026876,
      14.292506110241266,
      14.290700080528298,
      14.290215952981923,
      14.283431868275363,
      14.283335582685286,
      14.282991834130051,
      14.282257544022537
    ],
    [
      33.435752592309626,
      33.42644272885899,
      33.412929429434826,
      30.979304006666258,
      30.96444182779799,
      30.91192697945961,
      30.895398959932546,
      30.889566571551217,
      30.88784234862634,
      28.55148250975666,
      28.542452221074385,
      28.537534435261712,
      28.523611469811758,
      28.522895862029387,
      28.519672936753906,
      28.51872776056015,
      28.515497661271812,
      28.515298582415063,
      28.509912692263548,
      28.50581633092287,
      28.505647741620756,
      28.497307951675854,
      28.49722007001837,
      28.492718376951334,
      28.488622015610655,
      28.476535597451793,
      28.46567593549128,
      28.459323347107443,
      28.44795433023416,
      28.44482287362259,
      28.44050770488981,
      28.431900682966027,
      28.42151988636364,
      26.24772170913085,
      26.22803981420204,
      26.223368473167803,
      26.220838437967313,
      26.21917316089199,
      26.218772901416916,
      26.216440525216463,
      26.20894266048168,
      26.206394506539517,
      26.204251553547437,
      26.20221072437204,
      26.201917530188652,
      26.198702277121363,
      26.19784904910453,
      26.193940342378774,
      26.19225200508678,
      26.179203216767586
    ],
    [
      21.841364276420098,
      21.799793506128402,
      21.778067512617298,
      19.827321261462483,
      19.815768111592572,
      19.808063520702614,
      19.781393878813393,
      19.77951568239211,
      19.76507922700809,
      19.762689134877824,
      19.760388717908256,
      19.73716658775253,
      17.913450688102422,
      17.911961317573226,
      17.899059434604094,
      17.898974006558646,
      17.89630325608516,
      17.895342190573867,
      17.89364599425043,
      17.888585506610855,
      17.885503352655345,
      17.88506159973612,
      17.881401682420602,
      17.880703645365035,
      17.87850949346089,
      17.87525985557417,
      17.874107701013852,
      17.871842733756246,
      17.87169211062348,
      17.868191808866566,
      17.868028821148275,
      17.86699356812383,
      17.86326283545485,
      17.859958118959884,
      17.859317408619024,
      17.85926457811723,
      17.85907798528112,
      17.857344695201107,
      17.85614982661806,
      17.85548326305292,
      17.853763461611663,
      17.853006973788155,
      17.850511575618484,
      17.84727317826406,
      17.847183254005692,
      17.846912357177363,
      17.841813651727986,
      17.841498916823703,
      17.840817740566575,
      17.840467035958945
    ],
    [
      14.325239611406644,
      14.304452722333624,
      14.282538302004822,
      12.703167246964597,
      12.687560580553006,
      12.685534320477505,
      12.682091591419244,
      12.681389335271913,
      12.679944967350272,
      12.678389003673097,
      12.677482686715642,
      12.676084551321296,
      12.674990115804512,
      12.666327096724826,
      12.66523345832058,
      12.664609319202123,
      12.663166545505563,
      12.656174274308746,
      12.648227062289564,
      12.648121046321805,
      12.643557577032958,
      12.642143499387819,
      12.633264462809919,
      12.631786616161618,
      11.161317991706841,
      11.158568887561698,
      11.15592347032111,
      11.15559349375323,
      11.154141877089431,
      11.153606628474016,
      11.153543575626651,
      11.152552244748623,
      11.152549442399852,
      11.152021199656366,
      11.151822232893567,
      11.151206416750963,
      11.148520365453184,
      11.1483795474274,
      11.148163065984777,
      11.14805447496987,
      11.147737108971462,
      11.145239515628587,
      11.144917946107023,
      11.144839480341412,
      11.143553202255152,
      11.143435503606735,
      11.143063491807279,
      11.142035730395218,
      11.14079078695334,
      11.140371835811955
    ]
  ],