{
  "test_loss_values": [
    0.49606948971748355,
    0.5079651109874248,
    0.3372538462281227,
    0.479754601418972,
    0.16964907944202423,
    0.2204059600830078,
    0.5345132321119308,
    0.42428878545761106
  ],
  "log_exp_r_n_values": [
    831582.5018253466,
    813492.1176822807,
    849002.7155664415,
    831582.5018253466,
    851951.7575328468,
    873713.0387798009,
    785049.4909314248,
    840106.4596907101
  ],
  "log_exp_r_n_acc_values": [
    -Infinity,
    -Infinity,
    -Infinity,
    -Infinity,
    -Infinity,
    -Infinity,
    -Infinity,
    -Infinity
  ],
  "model_data_levels": [
    200,
    100,
    2000,
    500,
    10000,
    5000,
    0,
    1000
  ],
  "loss_landscape_data_param": 5000,
  "train_loss_values": [
    0.4105273485183716,
    0.43621692061424255,
    0.1694941371679306,
    0.3758028447628021,
    0.060273539274930954,
    0.03262604400515556,
    0.4798547327518463,
    0.28731128573417664
  ],
  "num_params": 235146,
  "dataset_type": "data",
  "top_r_vals": [
    [
      34.345412763741656,
      30.53263231273949,
      29.396553739857573,
      26.99466630321046,
      24.845573182738296,
      24.745311425438477,
      23.75083035308452,
      23.738014650237687,
      23.736531669023513,
      23.724045683327915,
      23.716909768692712,
      23.6877320387072,
      23.68382914247352,
      22.662230164531337,
      22.648422996810172,
      22.646745903269636,
      21.65577207905202,
      21.645583488017586,
      21.639471692781985,
      21.60159106866383,
      21.598582749523175,
      21.594620142069488,
      21.56955036276901,
      20.592942781892198,
      20.58341364982029,
      20.581322836992115,
      20.574915674508745,
      20.564597629789773,
      20.554631940144695,
      19.62512216587018,
      19.6111349875161,
      19.604794889570343,
      19.58144922358337,
      19.576260749807457,
      19.572286783319868,
      18.64223507061676,
      18.641311437823987,
      18.640739441881255,
      18.62152131590373,
      18.599573315847064,
      17.69753816475101,
      17.692192347548634,
      17.662218381652885,
      17.657351061827075,
      17.65662997740844,
      16.751818091979953,
      14.157490779485325,
      14.137057486563231,
      14.111402065066812,
      13.341090716074483
    ],
    [
      31.802213812207924,
      28.155595818287413,
      26.97863391153662,
      24.79301179642298,
      23.738014650237687,
      23.736531669023513,
      23.71233102689563,
      22.6861554641398,
      22.65793412627754,
      22.62325234481901,
      22.61952483700079,
      22.59460781512876,
      21.640735920888993,
      21.62042942684331,
      21.614286365751298,
      21.609828942135298,
      21.598582749523175,
      21.594620142069488,
      20.62711215609839,
      20.574915674508745,
      20.554656553182944,
      20.554631940144695,
      19.62763872361178,
      19.62512216587018,
      19.60065939977842,
      19.59841903455721,
      19.58144922358337,
      18.67257898652955,
      18.642835197507495,
      18.641311437823987,
      18.62586168675606,
      18.62236290009816,
      18.609682875285714,
      18.60722962219527,
      18.605905123393452,
      18.599573315847064,
      17.698479580519788,
      17.69753816475101,
      17.681409464806958,
      17.678814451127536,
      16.773276540023602,
      16.740244877867916,
      15.883233607283433,
      15.858550947557353,
      15.851963312065193,
      15.84694768055494,
      13.336944168563598,
      12.544790535592535,
      12.522791406782657,
      12.500065497083407
    ],
    [
      36.986427059565166,
      36.9444850984148,
      35.777625383143146,
      34.39188648698871,
      33.04262819475834,
      31.891826500655068,
      31.8730593090578,
      31.863472266719903,
      31.78502809173853,
      30.61449981386596,
      30.608749013968033,
      30.569054045426363,
      29.427806719870063,
      29.39807096462877,
      29.377192471557848,
      29.372352154482915,
      28.27178251496174,
      28.263799762000957,
      28.248434382970125,
      28.237726201674196,
      28.224949535680913,
      28.221723409762376,
      28.219633618784876,
      28.205218144743817,
      28.200241352806746,
      28.19728688196005,
      28.186099309360873,
      28.1724739432085,
      27.118821157951196,
      27.09999186465067,
      27.07562324213941,
      27.066869944413046,
      27.048638163267704,
      25.954224064363313,
      25.884349270940522,
      25.88175491383484,
      24.81822353436343,
      24.778985855558364,
      24.762745538849636,
      23.72870946529523,
      23.72680575902834,
      23.72028004491285,
      23.68727550726702,
      23.673567628599187,
      22.637207700924385,
      22.61195440541126,
      22.608801127581856,
      21.60364509949145,
      21.533315953960088,
      20.59354774446392
    ],
    [
      34.345412763741656,
      31.766150658174173,
      28.26874104347112,
      28.208937866152368,
      28.155595818287413,
      27.069430224417026,
      26.993774290762264,
      25.945061466892014,
      25.921994354624882,
      25.9169899033632,
      25.890103819165514,
      25.88583805034812,
      24.82772553190734,
      24.8193705155089,
      24.785368376490307,
      23.749442855570255,
      23.714087031814223,
      23.704567008546977,
      23.672703799501594,
      23.672675452778183,
      22.699275835695683,
      22.68859629781435,
      22.683515146101897,
      22.661265515145658,
      22.65101201886893,
      22.640530540462645,
      22.63823077073076,
      22.635177235083038,
      21.6212763237365,
      21.614286365751298,
      21.60159106866383,
      21.582827476662718,
      21.579982283729418,
      20.61864397551736,
      20.57276009052728,
      20.563133801725435,
      20.561072783627772,
      19.60946057036123,
      19.608930379362267,
      19.58871407327151,
      19.57845795994735,
      19.565626104770082,
      19.564931924462137,
      18.64223507061676,
      18.63561257660767,
      18.598153875095733,
      16.766094184355893,
      15.8491578742093,
      15.007195709082868,
      14.953691634694508
    ],
    [
      37.45320669137723,
      36.15908826053584,
      34.45158175269512,
      32.338423766311,
      31.777739701663624,
      30.869458140573,
      30.58265055133787,
      30.390552273442857,
      30.16378097727513,
      29.891481076531363,
      29.37595247956818,
      29.362118134771524,
      28.966356380193066,
      28.748270083553514,
      28.633205550356095,
      28.50716183383983,
      28.467977092286585,
      28.014340706134064,
      28.01324339542245,
      27.983577256873993,
      27.967661848222097,
      27.75608046405174,
      27.52046478789518,
      27.51541571591846,
      27.36194461948796,
      27.27700708680642,
      27.27030510806899,
      27.070746921142238,
      27.061313386259915,
      26.821388166400933,
      26.628955955929534,
      26.20140564112661,
      26.123370091422125,
      25.890572112111585,
      25.6687438257436,
      25.300974948237933,
      25.002604391144935,
      24.840527872076635,
      24.395714001038076,
      24.18348158367135,
      23.960483880690585,
      23.71207075123959,
      23.29964749207127,
      23.280108176540313,
      23.061595667092032,
      22.67311193161067,
      22.271444582441983,
      22.012785707708076,
      19.764700931473538,
      19.63951455194285
    ],
    [
      41.084710040022266,
      36.986427059565166,
      35.777625383143146,
      35.633248452631406,
      34.41157001046375,
      34.39188648698871,
      33.118875566490594,
      31.91619197978103,
      31.891826500655068,
      31.88983412764987,
      31.879102573253654,
      31.8730593090578,
      31.832093394087714,
      31.819463673458174,
      31.819028718788026,
      30.669977212144257,
      30.668185505643393,
      30.63989388202495,
      30.632492014953648,
      30.604620382751534,
