{
  "test_loss_values": [
    0.5011893254518509,
    0.5114998337626457,
    0.3425660729408264,
    0.47771447747945783,
    0.17763908207416534,
    0.22541769742965698,
    0.5315116345882416,
    0.4238207221031189
  ],
  "log_exp_r_n_values": [
    849130.2266957688,
    849130.2266957688,
    840691.9403156285,
    840691.9403156285,
    785299.5209107166,
    804179.1004859058,
    840500.7735732252,
    849321.3934381722
  ],
  "log_exp_r_n_acc_values": [
    -Infinity,
    -Infinity,
    -Infinity,
    -Infinity,
    -Infinity,
    -Infinity,
    -Infinity,
    -Infinity
  ],
  "model_data_levels": [
    200,
    100,
    2000,
    500,
    10000,
    5000,
    0,
    1000
  ],
  "loss_landscape_data_param": 200,
  "train_loss_values": [
    0.0029585720039904118,
    0.06638061255216599,
    0.009305184707045555,
    0.003420504741370678,
    0.06976892799139023,
    0.03180607408285141,
    0.13244009017944336,
    0.0048186397179961205
  ],
  "num_params": 235146,
  "dataset_type": "data",
  "top_r_vals": [
    [
      37.00648889358362,
      35.70204484989233,
      34.42698476584324,
      34.345412763741656,
      33.195695976052534,
      33.154747734629495,
      33.14281812890221,
      31.80637093656686,
      30.66425338417215,
      30.64119816729493,
      30.626030312153766,
      30.610236323020363,
      30.608656538793795,
      29.455446114543356,
      29.413378282350827,
      29.409877563732415,
      29.392677415594584,
      29.387491097260856,
      29.33999641110014,
      28.22909360716901,
      28.19728688196005,
      28.185714020794926,
      28.155595818287413,
      28.13887393942072,
      27.098408712786508,
      27.074751657457206,
      27.072579505007024,
      27.066869944413046,
      27.061955364378818,
      27.05097203553197,
      27.048638163267704,
      27.02799590573564,
      27.01183413821053,
      27.010816154538738,
      26.96547332329809,
      25.962090298604558,
      25.933511604302726,
      25.92979373239766,
      25.9169899033632,
      25.889604841620358,
      25.87356581177026,
      24.848246351040597,
      24.82772553190734,
      24.7609634266481,
      23.689934131536297,
      22.644637068571253,
      22.637207700924385,
      22.61195440541126,
      20.563133801725435,
      19.5703250766237
    ],
    [
      37.00648889358362,
      34.391990392094485,
      33.154747734629495,
      33.1401092227982,
      33.06158636993858,
      31.931214953296088,
      31.80637093656686,
      30.642398417993896,
      29.449948950158944,
      29.427806719870063,
      29.413239511792487,
      29.39807096462877,
      29.34096595473442,
      28.221723409762376,
      28.205218144743817,
      28.200241352806746,
      27.103146252182167,
      27.09999186465067,
      27.074751657457206,
      27.048638163267704,
      27.045808917678205,
      27.034638334309786,
      27.02354265275,
      26.993774290762264,
      25.957552211976576,
      25.927341241456773,
      25.922633567689264,
      25.921994354624882,
      25.890103819165514,
      25.874622470101173,
      25.84281998950271,
      25.83021346858251,
      24.848246351040597,
      24.82772553190734,
      24.81822353436343,
      24.814665552034622,
      24.81072680317589,
      24.80241236026015,
      24.797744849231435,
      24.77620501147506,
      24.7609634266481,
      24.760933776795362,
      23.72680575902834,
      23.67260085613763,
      21.596557265781836,
      21.58524990084195,
      21.572464884340437,
      20.58714705909588,
      19.572286783319868,
      17.662218381652885
    ],
    [
      35.70204484989233,
      35.67303193840986,
      31.877745594858762,
      31.80637093656686,
      31.802213812207924,
      30.691286960107732,
      29.42895944064135,
      29.33999641110014,
      28.260175918853058,
      28.25019925317542,
      28.208937866152368,
      28.19728688196005,
      27.09999186465067,
      27.074562700621804,
      27.06116038381907,
      27.04224257019926,
      27.037470984526955,
      26.97863391153662,
      25.962090298604558,
      25.933511604302726,
      25.922633567689264,
      25.921994354624882,
      25.918909173201907,
      25.9169899033632,
      25.908504023804444,
      25.889604841620358,
      25.874622470101173,
      25.87364734404888,
      25.858177409503547,
      24.841230259571155,
      24.82772553190734,
      24.817552511380367,
      24.81072680317589,
      24.797744849231435,
      24.795605378278456,
      24.77668253015603,
      24.760855750867098,
      24.71936780429092,
      23.724045683327915,
      23.72180181638011,
      23.68382914247352,
      22.68859629781435,
      22.618223913974017,
      22.608899444875227,
      21.620580318585112,
      21.596557265781836,
      21.58524990084195,
      20.58714705909588,
      19.566861573097903,
      17.662218381652885
    ],
    [
      35.70204484989233,
      35.67303193840986,
      34.345412763741656,
      33.14281812890221,
      33.1401092227982,
      31.931214953296088,
      30.66425338417215,
      30.65342800908791,
      30.626174804613512,
      30.62252974149563,
      30.608656538793795,
      30.571290788703244,
      30.549767191899345,
      29.455446114543356,
      29.427806719870063,
      29.413239511792487,
      29.39807096462877,
      29.392677415594584,
      28.236859746281656,
      28.200241352806746,
      28.19728688196005,
      28.155595818287413,
      28.13887393942072,
      27.066869944413046,
      27.05606365620477,
      27.02354265275,
      27.010816154538738,
      25.962090298604558,
      25.957552211976576,
      25.94344060519305,
      25.933511604302726,
      25.92567798297293,
      25.922633567689264,
      25.912112642456158,
      25.890103819165514,
      25.889604841620358,
      25.874622470101173,
      25.83021346858251,
      24.848246351040597,
      24.819543733069647,
      24.814665552034622,
      24.795605378278456,
      24.760855750867098,
      23.672703799501594,
      22.644637068571253,
      22.625355479964156,
      21.596557265781836,
      21.57844617861015,
      21.572464884340437,
      20.561072783627772
    ],
    [
      28.209023091272943,
      28.15466544405444,
      27.00926194200973,
      25.97710528303519,
      25.959068712358906,
      25.875540523558435,
      24.818314044440214,
      24.772938846117956,
      24.76186696689739,
      23.74639782070292,
      23.738014650237687,
      23.729473334894482,
      23.72680575902834,
      23.716797873731885,
      23.69603613673345,
      22.661182871623694,
      22.62881225900353,
      22.622816328996237,
      21.609828942135298,
      21.598582749523175,
      21.597468053772907,
      21.594620142069488,
      21.569524534452846,
      21.54382535986899,
      21.533315953960088,
      20.621287933994626,
      20.610077342783327,
      20.59354774446392,
      20.59058899818167,
      20.589064285233242,
      20.58518967484348,
      20.58341364982029,
      20.569617394169686,
      20.567705349724587,
      20.554567168991404,
      20.542342261519597,
      19.633182302056767,
      19.631070169077173,
      19.610503690326635,
      19.610366827068763,
      19.606649325064396,
      19.604794889570343,
      19.603537227200704,
      19.573412514440925,
      18.605905123393452,
      18.598234751571244,
      16.760593478942933,
      16.741895933481892,
      15.002531319091286,
      14.98353013679002
    ],
    [
      30.56729509054971,
      29.39664255301491,
      29.36066767347061,
      29.33999641110014,
      28.285090062435287,
      28.26545099871215,
      28.186099309360873,
      27.06116038381907,
      27.034638334309786,
      25.954224064363313,
      25.93572602099004,
      25.933606181745922,
      25.933511604302726,
      25.899179992421477,
      25.874622470101173,
      25.84281998950271,
      24.829276687361215,
      24.817552511380367,
      24.804249090611467,
