{
  "test_loss_values": [
    4.094453774392605
  ],
  "log_exp_r_n_values": [
    6987.042780755863
  ],
  "log_exp_r_n_acc_values": [
    -Infinity
  ],
  "model_data_levels": [
    0
  ],
  "loss_landscape_data_param": 5,
  "train_loss_values": [
    0.5048748254776001
  ],
  "num_params": 4353,
  "dataset_type": "data",
  "top_r_vals": [
    [
      4.982882081214735,
      4.014585720820765,
      3.8103848130621114,
      3.4721930785376665,
      3.2557124385127314,
      3.2059447584011456,
      3.1228007726899203,
      3.097174032140249,
      3.015513434046003,
      2.8133255505211583,
      2.72409383806349,
      2.713603939847655,
      2.4986433825430905,
      2.460792596675535,
      2.435645950004058,
      2.3960172056854248,
      2.168046226309163,
      2.158637939414963,
      2.0910587543858083,
      2.042592803360903,
      2.020637044169373,
      1.9996600525694146,
      1.9975240603622892,
      1.9966927921507864,
      1.9695726128784856,
      1.9688849388100644,
      1.9670912350933067,
      1.893238502222975,
      1.8679747370474533,
      1.8571798834310953,
      1.8519789716870585,
      1.8254242423903726,
      1.7423483804684647,
      1.694029165326879,
      1.6236013916208147,
      1.5954818393195416,
      1.5757424314287758,
      1.5145282820871617,
      1.4996772255854078,
      1.4620073315865054,
      1.4398513739041243,
      1.411812219523801,
      1.3916148472272514,
      1.3771677610887916,
      1.3723108666098531,
      1.3470672607207823,
      1.2544313593554668,
      1.2055178605071089,
      1.1746455917958734,
      0.680860240380408
    ]
  ],
  "top_r_val_seeds": [
    [
      8,
      40,
      5,
      28,
      42,
      4,
      24,
      15,
      27,
      2,
      14,
      25,
      1,
      44,
      48,
      20,
      16,
      43,
      38,
      37,
      34,
      36,
      50,
      21,
      47,
      26,
      12,
      23,
      35,
      41,
      39,
      32,
      46,
      9,
      22,
      30,
      18,
      45,
      17,
      10,
      7,
      6,
      33,
      11,
      29,
      49,
      19,
      13,
      31,
      3
    ]
  ],
  "test_acc_values": [
    0.76375
  ],
  "loss_predicts_minimas": true,
  "loss_ordering_violations": 0,
  "test_loss_ranks": [
    1
  ],
  "log_exp_r_n_ranks": [
    1
  ],
  "data_level_ranks": [
    1
  ],
  "accuracy_predicts_minimas": true,
  "accuracy_ordering_violations": 0,
  "log_exp_r_n_acc_ranks": [
    1
  ]
}