{
  "test_loss_values": [
    0.5222830557823182,
    0.5336812135577201,
    0.3461505815386772,
    0.49116983115673063,
    0.1755058318376541,
    0.22398731112480164,
    0.5609321743249893,
    0.424371337890625
  ],
  "log_exp_r_n_values": [
    849664.381211695,
    841034.9280891515,
    874641.5071782424,
    841034.9280891515,
    835651.486169903,
    858138.3402015605,
    804297.1962657298,
    890585.135718902
  ],
  "log_exp_r_n_acc_values": [
    -Infinity,
    -Infinity,
    -Infinity,
    -Infinity,
    -Infinity,
    -Infinity,
    -Infinity,
    -Infinity
  ],
  "model_data_levels": [
    200,
    100,
    2000,
    500,
    10000,
    5000,
    0,
    1000
  ],
  "loss_landscape_data_param": 1000,
  "train_loss_values": [
    0.18798066675662994,
    0.22573979198932648,
    0.009051677770912647,
    0.13154318928718567,
    0.06288911402225494,
    0.02620948851108551,
    0.2883092164993286,
    0.004913303069770336
  ],
  "num_params": 235146,
  "dataset_type": "data",
  "top_r_vals": [
    [
      37.09064789099639,
      34.36404208333103,
      33.12511438562553,
      33.06158636993858,
      31.90308922089271,
      31.857320764956366,
      30.691286960107732,
      29.42644676839832,
      29.409877563732415,
      29.39807096462877,
      29.34096595473442,
      28.263799762000957,
      28.225082699931818,
      28.21188878595237,
      28.209023091272943,
      28.174501590868914,
      27.07341023415725,
      27.069430224417026,
      27.066869944413046,
      27.05097203553197,
      25.88583805034812,
      25.88175491383484,
      25.87356581177026,
      24.845573182738296,
      24.81072680317589,
      24.7827716735977,
      24.778985855558364,
      23.75083035308452,
      23.728543860753202,
      23.72680575902834,
      23.703343623641924,
      23.69603613673345,
      23.64447046298547,
      22.66985901654156,
      22.66311786994829,
      22.62325234481901,
      22.59460781512876,
      21.61036182107933,
      21.596557265781836,
      21.582827476662718,
      20.62711215609839,
      20.58714705909588,
      20.554631940144695,
      20.52012705136446,
      19.58695704496099,
      19.564931924462137,
      18.64223507061676,
      17.66398882194618,
      17.659092569720855,
      16.739634040040123
    ],
    [
      35.75415842980015,
      35.67303193840986,
      31.863321936764784,
      31.857320764956366,
      31.802213812207924,
      30.66425338417215,
      29.475911996487476,
      29.39664255301491,
      28.263799762000957,
      28.221723409762376,
      27.07331149995497,
      27.047204815020798,
      26.99466630321046,
      25.921994354624882,
      25.88175491383484,
      25.875540523558435,
      24.845573182738296,
      24.814665552034622,
      24.81231853211246,
      24.797744849231435,
      24.795605378278456,
      24.760855750867098,
      23.72753382224013,
      23.72028004491285,
      23.69355356053588,
      23.68382914247352,
      23.64447046298547,
      22.683515146101897,
      22.662230164531337,
      22.625355479964156,
      22.622816328996237,
      21.627707574461503,
      21.618845743246894,
      21.596557265781836,
      21.555915730604184,
      20.59354774446392,
      20.58714705909588,
      20.574915674508745,
      19.6111349875161,
      19.58954018482804,
      19.58695704496099,
      19.576638048518348,
      19.564931924462137,
      19.531352339192825,
      18.663793925892715,
      18.64223507061676,
      17.65668561663827,
      16.741895933481892,
      16.739634040040123,
      15.853552294489091
    ],
    [
      41.2472527290287,
      35.6536929936172,
      34.411407658735975,
      33.195695976052534,
      33.12132816840169,
      33.106422933507844,
      33.079519328347146,
      31.857320764956366,
      30.668185505643393,
      30.635389570413103,
      30.626174804613512,
      30.568957717119865,
      29.45887467247143,
      29.449948950158944,
      29.42644676839832,
      29.402165621236882,
      28.248434382970125,
      28.238928230979013,
      28.21039379529557,
      28.155595818287413,
      28.125147368437663,
      27.072579505007024,
      27.066869944413046,
      27.061955364378818,
      27.048638163267704,
      27.037470984526955,
      27.034638334309786,
      27.030508520952306,
      27.012792540898193,
      26.993774290762264,
      25.959068712358906,
      25.933606181745922,
      25.92567798297293,
      25.907166894435075,
      25.88583805034812,
      24.848246351040597,
      24.791966248984252,
      24.768692675101867,
      24.760933776795362,
      24.731432173318993,
      23.729473334894482,
      23.71012296633529,
      23.6877320387072,
      23.673567628599187,
      22.622816328996237,
      21.620580318585112,
      20.57854674536214,
      19.572286783319868,
      19.56421801611702,
      18.600747782926195
    ],
    [
      35.75415842980015,
      35.72220175609617,
      35.67303193840986,
      34.345412763741656,
      33.195695976052534,
      33.118875566490594,
      31.85967994305206,
      31.845342474132348,
      31.78502809173853,
      30.668185505643393,
      30.66425338417215,
      30.63978214118941,
      30.610236323020363,
      29.419445331161494,
      29.413378282350827,
      29.402165621236882,
      29.36066767347061,
      28.237726201674196,
      28.21188878595237,
      28.185714020794926,
      28.17235143209767,
      27.069430224417026,
      27.065133584303968,
      27.01928005891359,
      25.962090298604558,
      25.959068712358906,
      25.934710128798436,
      25.932810426706595,
      25.907166894435075,
      25.896466598189008,
      25.857322951223612,
      24.82772553190734,
      24.820342718575063,
      24.785368376490307,
      24.77668253015603,
      24.731432173318993,
      23.71749460635464,
      23.71012296633529,
      23.689934131536297,
      22.637207700924385,
      22.622816328996237,
      22.570919046979704,
      21.645583488017586,
      21.594620142069488,
      21.570337446719503,
      21.569524534452846,
      19.566861573097903,
      18.64223507061676,
      18.598234751571244,
      17.66398882194618
    ],
    [
      34.94490023936756,
      32.86037926778521,
      30.0972193589546,
      30.080903155033372,
      29.479525015452175,
      29.16170529242815,
      28.935015891200102,
      27.34134917432125,
      26.878392226770544,
      26.821388166400933,
      26.550627366703697,
      26.386881995150294,
      25.72013055354979,
      25.280100276409573,
      24.647007959150823,
      24.62930294631625,
      24.608943032982307,
      24.599561868535556,
      24.597439496183,
      24.352820632193755,
      24.160814798341207,
      23.93348675009645,
      23.912321867766202,
      23.87225567853009,
      23.753382303399793,
      23.745109837204957,
      23.537818101803474,
      23.25656948298242,
      23.111887333800773,
      22.896971456066407,
      22.85815695535703,
      22.50222903836723,
      22.470645780143023,
      21.4248616082915,
      21.209295784586622,
      21.195395067151345,
      20.991517598366634,
      20.80338449279225,
      20.76539068266165,
      20.602474036150017,
      20.422615074715758,
      20.39112828771888,
      20.019498623897853,
      19.8447979342982,
      19.45440326814865,
      18.13679361052265,
      17.168717835312165,
      16.969130100213395,
      16.60585128721386,
      15.726851085671818
    ],
    [
      38.45166009459989,
      34.411407658735975,
      33.06158636993858,
      30.691286960107732,
      30.62252974149563,
      30.608749013968033,
      30.583875118664135,
      29.449948950158944,
      29.407699791103518,
      28.263799762000957,
      28.200241352806746,
      28.17235143209767,
      28.155595818287413,
      28.15466544405444,
      27.074562700621804,
      27.072579505007024,
      27.069430224417026,
      27.061288057356503,
      27.05097203553197,
      27.047204815020798,
