{
  "test_loss_values": [
    0.015509569297362235,
    0.012279531927671426,
    0.010994277680200672,
    0.009076501337740281,
    0.0044835756916601485,
    0.0023337109112136723,
    0.002073840463659903,
    0.022435289292415835
  ],
  "log_exp_r_n_values": [
    101213.19286491527,
    101213.19286491527,
    101213.19286491527,
    112626.87930790533,
    101213.19286491527,
    100925.11570228032,
    88492.65161729335,
    101213.19286491527
  ],
  "log_exp_r_n_acc_values": [
    -Infinity,
    -Infinity,
    -Infinity,
    -Infinity,
    -Infinity,
    -Infinity,
    -Infinity,
    -Infinity
  ],
  "model_data_levels": [
    1693,
    2634,
    3104,
    3575,
    4516,
    5457,
    6398,
    752
  ],
  "loss_landscape_data_param": 752,
  "train_loss_values": [
    0.004676374141126871,
    0.006131825502961874,
    0.00642407825216651,
    0.006036365404725075,
    0.003634506370872259,
    0.0020766931120306253,
    0.0019776825793087482,
    0.0015419310657307506
  ],
  "num_params": 73097,
  "dataset_type": "data",
  "top_r_vals": [
    [
      4.005731587896006,
      3.9982706145259415,
      3.996401335801194,
      3.994609177714647,
      3.99428320850551,
      3.993864873880854,
      3.99379492725551,
      3.9937841662362263,
      3.993614680182507,
      3.9936106448002757,
      3.993375247503444,
      3.9926874390208913,
      3.99222471519169,
      3.992113069616621,
      3.991960173467631,
      3.9914804113578977,
      3.9912907483930216,
      3.9900384347738753,
      3.989957278753444,
      3.989954588498623,
      3.989923202192379,
      3.9898532555670343,
      3.9897716511707992,
      3.9896895983987606,
      3.9896443124426084,
      3.989577056072085,
      3.98933358801079,
      3.9892569157483933,
      3.989171275969927,
      3.9886444344008267,
      3.988523372933885,
      3.988505437901745,
      3.98838527318641,
      3.9881108671946746,
      3.9881027964302116,
      3.98777234346304,
      3.9876925325700188,
      3.987660697887971,
      3.987545465306474,
      3.9873100680096423,
      3.987176900396006,
      3.98697826991506,
      3.986849137683655,
      3.9868231318870526,
      3.9868226835112495,
      3.98678681344697,
      3.986624501406107,
      3.9862967386937562,
      3.9861680548381546,
      3.9861451876721765
    ],
    [
      4.005731587896006,
      3.9982706145259415,
      3.996401335801194,
      3.994609177714647,
      3.99428320850551,
      3.993864873880854,
      3.99379492725551,
      3.9937841662362263,
      3.993614680182507,
      3.9936106448002757,
      3.993375247503444,
      3.9926874390208913,
      3.99222471519169,
      3.992113069616621,
      3.991960173467631,
      3.9914804113578977,
      3.9912907483930216,
      3.9900384347738753,
      3.989957278753444,
      3.989954588498623,
      3.989923202192379,
      3.9898532555670343,
      3.9897716511707992,
      3.9896895983987606,
      3.9896443124426084,
      3.989577056072085,
      3.98933358801079,
      3.9892569157483933,
      3.989171275969927,
      3.9886444344008267,
      3.988523372933885,
      3.988505437901745,
      3.98838527318641,
      3.9881108671946746,
      3.9881027964302116,
      3.98777234346304,
      3.9876925325700188,
      3.987660697887971,
      3.987545465306474,
      3.9873100680096423,
      3.987176900396006,
      3.98697826991506,
      3.986849137683655,
      3.9868231318870526,
      3.9868226835112495,
      3.98678681344697,
      3.986624501406107,
      3.9862967386937562,
      3.9861680548381546,
      3.9861451876721765
    ],
    [
      4.6578774983001585,
      4.005731587896006,
      3.9982706145259415,
      3.996401335801194,
      3.994609177714647,
      3.99428320850551,
      3.993864873880854,
      3.99379492725551,
      3.9937841662362263,
      3.993614680182507,
      3.9936106448002757,
      3.993375247503444,
      3.9926874390208913,
      3.99222471519169,
      3.992113069616621,
      3.991960173467631,
      3.9914804113578977,
      3.9912907483930216,
      3.9900384347738753,
      3.989957278753444,
      3.989954588498623,
      3.989923202192379,
      3.9898532555670343,
      3.9897716511707992,
      3.9896895983987606,
      3.9896443124426084,
      3.989577056072085,
      3.98933358801079,
      3.9892569157483933,
      3.989171275969927,
      3.9886444344008267,
      3.988523372933885,
      3.988505437901745,
      3.98838527318641,
      3.9881108671946746,
      3.9881027964302116,
      3.98777234346304,
      3.9876925325700188,
      3.987660697887971,
      3.987545465306474,
      3.9873100680096423,
      3.987176900396006,
      3.98697826991506,
      3.986849137683655,
      3.9868231318870526,
      3.9868226835112495,
      3.98678681344697,
      3.986624501406107,
      3.9862967386937562,
      3.9861680548381546
    ],
    [
      4.6881177155123295,
      4.68192622481822,
      4.678937301892625,
      4.673275713555219,
      4.67282421780343,
      4.671750205181751,
      4.668510802095491,
      4.667603600841313,
      4.666972664470224,
      4.666433816393497,
      4.666110191816166,
      4.664755178341975,
      4.663742733322812,
      4.662934461207723,
      4.66262451831984,
      4.662528746493702,
      4.661905177186162,
      4.661348437669387,
      4.66033862374435,
      4.659349332353484,
      4.659227775804926,
      4.6578774983001585,
      4.65735443678818,
      4.655156946975278,
      4.6523101031324146,
      4.6511424235598975,
      4.648785489443043,
      4.6473789065240085,
      4.647051072196078,
      4.644261059986307,
      4.643302289287287,
      4.642535588459366,
      4.636854530025437,
      4.005731587896006,
      3.9982706145259415,
      3.996401335801194,
      3.99428320850551,
      3.993864873880854,
      3.99379492725551,
      3.9937841662362263,
      3.993614680182507,
      3.9936106448002757,
      3.993375247503444,
      3.9926874390208913,
      3.99222471519169,
      3.992113069616621,
      3.991960173467631,
      3.9914804113578977,
      3.9912907483930216,
      3.9900384347738753
    ],
    [
      4.005731587896006,
      3.9982706145259415,
      3.996401335801194,
      3.994609177714647,
      3.99428320850551,
      3.993864873880854,
      3.99379492725551,
      3.9937841662362263,
      3.993614680182507,
      3.9936106448002757,
      3.993375247503444,
      3.9926874390208913,
      3.99222471519169,
      3.991960173467631,
      3.9914804113578977,
      3.9912907483930216,
      3.9900384347738753,
      3.989957278753444,
      3.989954588498623,
      3.989923202192379,
      3.9898532555670343,
      3.9897716511707992,
      3.9896895983987606,
      3.9896443124426084,
      3.989577056072085,
      3.98933358801079,
      3.9892569157483933,
      3.989171275969927,
      3.9886444344008267,
      3.988523372933885,
      3.988505437901745,
      3.98838527318641,
      3.9881108671946746,
      3.9881027964302116,
      3.98777234346304,
      3.9876925325700188,
      3.987660697887971,
      3.987545465306474,
      3.9873100680096423,
      3.987176900396006,
      3.98697826991506,
      3.986849137683655,
      3.9868231318870526,
      3.9868226835112495,
      3.98678681344697,
      3.986624501406107,
      3.9862967386937562,
      3.9861680548381546,
      3.9861451876721765,
      3.9855596088728196
    ],
    [
      3.994609177714647,
      3.9892569157483933,
      3.98678681344697,
      3.9852999992825993,
      3.9840248184974754,
      3.98314779542585,
      3.982033133178375,
      3.982012956267218,
      3.9819968147382925,
      3.981962738177227,
      3.9805485608930216,
      3.9798558202766303,
      3.9791249677169427,
      3.978977900453398,
      3.978673004907025,
      3.9783806638831503,
      3.9779026952766303,
      3.9771296953914144,
      3.9765920928030307,
      3.9761329559802574,
      3.9758572048611116,
