{
  "test_loss_values": [
    0.520281553864479,
    0.5197140857577324,
    0.3519103392958641,
    0.49995212033391,
    0.16811777651309967,
    0.2354556977748871,
    0.5533811002969742,
    0.4348431169986725
  ],
  "log_exp_r_n_values": [
    765740.2417251699,
    775824.2868130883,
    732981.4992736611,
    765740.2417251699,
    623092.0793537733,
    687648.3887704265,
    794690.7186484304,
    754362.0901029673
  ],
  "log_exp_r_n_acc_values": [
    -Infinity,
    -Infinity,
    -Infinity,
    -Infinity,
    -Infinity,
    -Infinity,
    -Infinity,
    -Infinity
  ],
  "model_data_levels": [
    200,
    100,
    2000,
    500,
    10000,
    5000,
    0,
    1000
  ],
  "loss_landscape_data_param": 0,
  "train_loss_values": [
    0.0028097457252442837,
    0.0025430014356970787,
    0.009147698991000652,
    0.0035160526167601347,
    0.06341894716024399,
    0.028532614931464195,
    0.0021734400652348995,
    0.004598136059939861
  ],
  "num_params": 235146,
  "dataset_type": "data",
  "top_r_vals": [
    [
      25.957552211976576,
      25.921872056206954,
      25.87356581177026,
      25.84281998950271,
      24.793086701314113,
      24.79301179642298,
      23.75083035308452,
      23.74639782070292,
      23.6877320387072,
      23.68382914247352,
      23.680093342714674,
      23.658521486199845,
      22.671275355521423,
      22.661265515145658,
      22.65433770818381,
      22.651118885492156,
      22.635177235083038,
      21.616330880883492,
      21.596557265781836,
      21.579982283729418,
      21.56828341589188,
      20.602189511735766,
      20.589064285233242,
      20.5823229035989,
      20.574915674508745,
      20.541663459833128,
      19.608930379362267,
      19.59158943468915,
      19.565626104770082,
      18.663793925892715,
      18.63074709472595,
      18.611771598174954,
      18.605905123393452,
      18.59891341069182,
      18.598212481237407,
      18.56699181744518,
      17.72728734815823,
      17.67225792428399,
      17.659092569720855,
      16.796834413416654,
      16.784768520089454,
      16.779237220035725,
      16.77912011641071,
      16.774352627388623,
      16.77130687815057,
      16.766094184355893,
      16.749938104054003,
      16.739634040040123,
      15.88501933988804,
      15.870556703508118
    ],
    [
      27.094934290254514,
      27.010731038847116,
      26.97863391153662,
      25.957552211976576,
      25.921872056206954,
      25.90724516542255,
      25.907166894435075,
      25.858177409503547,
      24.77668253015603,
      24.772600213589293,
      23.75083035308452,
      23.738014650237687,
      23.72028004491285,
      22.661265515145658,
      22.65793412627754,
      22.651118885492156,
      22.635177235083038,
      22.61595691667326,
      22.60757144897057,
      21.596557265781836,
      21.590809785742664,
      21.579982283729418,
      21.555915730604184,
      20.602189511735766,
      20.60163247981748,
      20.589064285233242,
      20.55540660313803,
      19.633182302056767,
      19.59158943468915,
      19.59055124673304,
      19.565626104770082,
      19.56419458907288,
      18.63074709472595,
      18.614615168168942,
      18.611771598174954,
      18.605905123393452,
      18.56699181744518,
      17.72728734815823,
      17.717040827592147,
      17.693327387837233,
      17.682935092488982,
      17.659092569720855,
      16.784768520089454,
      16.779777373693463,
      16.779237220035725,
      16.77130687815057,
      16.766094184355893,
      16.749938104054003,
      16.739634040040123,
      15.884397129925697
    ],
    [
      22.58193485850213,
      21.59753330425585,
      21.583243448491476,
      21.569456565199783,
      20.621287933994626,
      20.542342261519597,
      19.60065939977842,
      19.58954018482804,
      19.58695704496099,
      19.573412514440925,
      18.656131758930343,
      18.64954560072909,
      18.63561257660767,
      18.62936750615096,
      18.62152131590373,
      18.60722962219527,
      18.58647835955157,
      17.71894702760623,
      17.697602706257616,
      17.695001015870613,
      17.689678567144767,
      17.67410959785284,
      17.662218381652885,
      16.778344700515326,
      16.777891055841838,
      16.762165410485956,
      16.740838835893904,
      16.738650791585027,
      15.884397129925697,
      15.879883860551974,
      15.870556703508118,
      15.86918744209821,
      15.860973871102528,
      15.853552294489091,
      15.8491578742093,
      15.847594858814329,
      15.84699761714903,
      15.820395394746187,
      15.038730610452793,
      15.030038098199709,
      15.019241371153823,
      15.005039573332864,
      15.002531319091286,
      14.98975687558469,
      14.988074636571334,
      14.181797462895505,
      14.16904502848038,
      14.135147516644542,
      13.347399074228564,
      13.341090716074483
    ],
    [
      25.957552211976576,
      24.793086701314113,
      24.731432173318993,
      23.74639782070292,
      23.716797873731885,
      23.703343623641924,
      23.67260085613763,
      22.683515146101897,
      22.651118885492156,
      22.635177235083038,
      22.62325234481901,
      22.61952483700079,
      22.59535445660305,
      21.629058803212434,
      20.602264646273582,
      20.59923594714578,
      20.59596629932774,
      20.589064285233242,
      20.58039272323088,
      20.564597629789773,
      20.561072783627772,
      20.553449218885632,
      19.60946057036123,
      19.608930379362267,
      19.58350093944913,
      19.55185100281559,
      18.663793925892715,
      18.623267778925598,
      18.599573315847064,
      18.59891341069182,
      18.598212481237407,
      17.72728734815823,
      17.681409464806958,
      17.669558308852483,
      17.66398882194618,
      17.627045486121524,
      16.796834413416654,
      16.784768520089454,
      16.774352627388623,
      16.76889728644301,
      16.754377491928523,
      16.749938104054003,
      16.741895933481892,
      16.739634040040123,
      15.88501933988804,
      15.884397129925697,
      15.877000521609302,
      15.872065787381473,
      15.870556703508118,
      15.01429188790633
    ],
    [
      14.15157646498431,
      14.141790541683564,
      13.333171070484479,
      12.561688783111537,
      12.544422015858185,
      12.52904835105174,
      12.506166195298098,
      11.774374547087424,
      11.039131218301979,
      11.025422929660868,
      11.023294382337845,
      11.019685076287335,
      11.01911635396577,
      11.015719278440137,
      11.005664683933173,
      11.004824778163156,
      10.998279616518523,
      10.319691447518588,
      10.311813182257175,
      10.311168973992134,
      10.307699063478017,
      10.30694403065229,
      10.296317834763336,
      10.284831614359584,
      9.618104853728441,
      9.608670721403026,
      9.607258169281552,
      9.606349495889466,
      9.594910119555852,
      9.591103237213076,
      9.585903740396391,
      9.580406991379638,
      9.570362646204485,
      8.949579277567418,
      8.934560472370835,
      8.927188145723317,
      8.919433804131023,
      8.916729363036673,
      8.914272108083061,
      8.913936159646331,
      8.294127146435105,
      8.285437809163003,
      8.281521877012262,
      8.280332042100422,
      8.277446536156168,
      8.271898488077756,
      8.269291165952644,
      7.060008595505795,
      7.054251461058432,
      7.043118485802125
    ],
    [
      18.62236290009816,
      17.71394394805963,
      17.68959510830002,
      17.67722873307729,
      17.646128629169716,
      17.635648423838333,
      16.75026093026351,
      16.747501082668517,
      15.896348954354846,
      15.867527549710708,
      15.84694768055494,
      15.031655200012214,
      15.020179724453081,
      15.013087321699235,
      15.006825654260625,
      15.003928464848732,
      14.993617906765742,
      14.979932486464595,
      14.969385924030684,
