{
  "test_loss_values": [
    13.398132562637329,
    3.9786927116394044,
    3.3575974826812742,
    5.310398054122925,
    3.705669069671631,
    2.9431343555450438
  ],
  "log_exp_r_n_values": [
    5132041.557457405,
    4155251.454317969,
    3586050.099700481,
    4475109.018690851,
    4155646.6431297064,
    3789643.395127048
  ],
  "log_exp_r_n_acc_values": [
    -Infinity,
    -Infinity,
    -Infinity,
    -Infinity,
    -Infinity,
    -Infinity
  ],
  "model_data_levels": [
    0,
    1950,
    19950,
    450,
    4950,
    49950
  ],
  "loss_landscape_data_param": 0,
  "train_loss_values": [
    1.283860910916701e-05,
    0.0016325986944139004,
    5.311169661581516e-05,
    0.001612355699762702,
    0.00047049508430063725,
    3.5190116705052787e-06
  ],
  "num_params": 1276234,
  "dataset_type": "data",
  "top_r_vals": [
    [
      55.7704173900463,
      50.84772283380683,
      50.81656878622877,
      46.14135754642385,
      46.12058778281554,
      46.10194531329712,
      46.09242480040303,
      46.08848905723907,
      46.07916782247986,
      46.07485345085962,
      46.07422572473473,
      41.67428247914754,
      41.671490330925266,
      41.64963423992929,
      41.64635650071183,
      41.64561012936739,
      41.64538981493439,
      41.644904223939214,
      41.64155904152798,
      41.63956721920516,
      41.63454944558831,
      41.63355128632044,
      41.630134164502515,
      41.62652820174202,
      41.62457684533547,
      41.62184314788112,
      41.61860587457993,
      41.61689281745805,
      41.61638474539828,
      41.61193349460914,
      41.611749149879486,
      41.61154232408524,
      41.60964042602079,
      41.609141346386856,
      41.60496886079865,
      41.60446078873888,
      41.60266679978447,
      41.59370584743825,
      41.59273016923497,
      41.589011801151514,
      41.58870156246015,
      41.58857566849844,
      41.58668725907275,
      41.58371526233373,
      41.57952928810677,
      41.57187673371978,
      41.56286182681854,
      41.56213344032577,
      41.55881073897913,
      41.552277741608805
    ],
    [
      25.942289774520777,
      22.612255615259294,
      22.605657167476544,
      22.602583750621758,
      22.600372062241746,
      22.595045457335356,
      22.593922525045286,
      22.591732807079644,
      22.58749739942035,
      22.58695302137538,
      22.58403339742119,
      22.580015252748453,
      22.57895579054434,
      22.5788093211152,
      19.50286943077397,
      19.50162334459654,
      19.496144354191383,
      19.496041215301695,
      19.495146643299318,
      19.49483512175496,
      19.493239626277777,
      19.49217876912672,
      19.491841989078765,
      19.49173674531378,
      19.49138523113873,
      19.488968834294656,
      19.488173191431365,
      19.488122674424172,
      19.487733272493724,
      19.486537703323485,
      19.4864408790597,
      19.485588404563316,
      19.485455797419434,
      19.485422119414636,
      19.485415804788737,
      19.48480960070242,
      19.484716986189234,
      19.483957126206036,
      19.483938182328338,
      19.483820309311554,
      19.482405833110146,
      19.482403728234846,
      19.481839621654522,
      19.48113659330442,
      19.48024833592794,
      19.480012589894372,
      19.479305351793666,
      19.4790780252613,
      19.4790717106354,
      19.47842340904309
    ],
    [
      16.6078200327135,
      16.60169880624426,
      16.601232495408635,
      16.60025682966024,
      16.600091827364558,
      16.592351067493116,
      16.588512970615245,
      16.58660827020202,
      13.968388310185187,
      13.964085708429785,
      13.963157371238427,
      13.958777910397378,
      13.957420066550927,
      13.957291968074847,
      13.956728334780093,
      13.956588179976853,
      13.953233506944446,
      13.952382028838736,
      13.95234133873457,
      13.952202690972223,
      13.951450677565587,
      13.950685100790896,
      13.949369454089508,
      13.948939947434415,
      13.948673201195989,
      13.948288905767749,
      13.948053807388119,
      13.947930230034723,
      13.947885018807872,
      13.947300286940587,
      13.946950653452934,
      13.946162471064817,
      13.94602382330247,
      13.945838457272378,
      13.945793246045525,
      13.945564175829476,
      13.945531020929785,
      13.94530044367284,
      13.944571035879632,
      13.944289219232255,
      13.942518446180557,
      13.939049238040125,
      13.938790027006174,
      13.938031985435957,
      13.936722366898149,
      13.934199580439817,
      13.93122618875386,
      13.928412543402779,
      13.926186644000772,
      13.923389576099538
    ],
    [
      33.33142208165143,
      29.55413988368534,
      29.529993750637693,
      29.526613993470058,
      29.521751606978885,
      29.52137855831038,
      29.516430083664936,
      29.51301525354556,
      29.510429420467304,
      29.509584481175395,
      29.508184751555966,
      29.50196727374758,
      29.498510993776147,
      29.497076191204982,
      29.485734873992453,
      29.48122002856852,
      25.974275783402206,
      25.96627507765869,
      25.96460487779069,
      25.960771264670857,
      25.958540595048497,
      25.9568703951805,
      25.953367459215738,
      25.950677204394804,
      25.950371748378675,
      25.94800936836404,
      25.9446437474891,
      25.943615285489845,
      25.942642870466027,
      25.942533578863927,
      25.94043181728507,
      25.939997453225438,
      25.939574298560895,
      25.93857386004936,
      25.938189938267623,
      25.938111472502012,
      25.937189499756087,
      25.936463691424187,
      25.93593965220386,
      25.934387150984275,
      25.932344238729627,
      25.93178657132404,
      25.931220496872132,
      25.92821077429121,
      25.92797537699438,
      25.927866085392278,
      25.92733083677686,
      25.927179509943183,
      25.92682080930039,
      25.92647612040146
    ],
    [
      25.950324108449554,
      22.588761918825256,
      22.57088044268443,
      19.498024007834026,
      19.496502182992334,
      19.496270646709366,
      19.494247861546338,
      19.490736929546415,
      19.489183531575225,
      19.485455797419434,
      19.484716986189234,
      19.483957126206036,
      19.4827510326593,
      19.482405833110146,
      19.48224586258737,
      19.48193855079361,
      19.481022930038236,
      19.48076824012697,
      19.48023360180084,
      19.476703725923223,
      19.474967203800958,
      19.47419260969066,
      19.47404947817028,
      19.472632897093572,
      19.471746744592394,
      19.471687808084003,
      19.469970229839436,
      19.46970291067637,
      19.46500693388271,
      19.456730564204232,
      16.6302298553719,
      16.622422735881546,
      16.62107940197429,
      16.619142418503216,
      16.618416049701562,
      16.617347121786043,
      16.616645862029387,
      16.61516442837466,
      16.61489360938935,
      16.61346598083104,
      16.612918962350783,
      16.61201144972452,
      16.611792642332418,
      16.610330937213043,
      16.609726526629938,
      16.60961532943067,
      16.60936961949036,
      16.6078200327135,
      16.60768731347567,
      16.607516930670343
    ],
    [
      19.48023360180084,
      16.61201144972452,
      16.610922793273648,
      16.608207429407717,
      16.596343405647385,
      16.59564393939394,
      16.595191976584022,
      16.592542972337007,
      16.592065900482094,
      16.591005940082646,
      16.58318626606979,
      13.966323664158951,
      13.9635929060571,
      13.962700737847223,
      13.96161868248457,
      13.959466628086421,
      13.958777910397378,
      13.958244417920525,
      13.957291968074847,
      13.957144278067132,
      13.955576955536266,
      13.95553325135031,
      13.954927420910495,
      13.954919885706019,
      13.954906322337964,
      13.954404477719908,
      13.953423394097223,
