{
  "test_loss_values": [
    2.249051182746887,
    0.6018343687057495,
    0.22604377567768097,
    1.0914432322978973,
    0.399488228559494,
    0.13020050525665283
  ],
  "log_exp_r_n_values": [
    1158820.459764265,
    992989.1086858324,
    936209.3861751854,
    1069424.5254923694,
    964866.1452192515,
    935664.7905094981
  ],
  "log_exp_r_n_acc_values": [
    -Infinity,
    -Infinity,
    -Infinity,
    -Infinity,
    -Infinity,
    -Infinity
  ],
  "model_data_levels": [
    0,
    1940,
    19940,
    540,
    5940,
    59940
  ],
  "loss_landscape_data_param": 0,
  "train_loss_values": [
    3.5722875963983824e-06,
    6.535415013786405e-05,
    9.593438153387979e-05,
    2.077321732940618e-05,
    8.02474096417427e-05,
    0.00016183637490030378
  ],
  "num_params": 300938,
  "dataset_type": "data",
  "top_r_vals": [
    [
      47.02670711863346,
      40.9141391722624,
      40.80372657460615,
      37.914276823634076,
      37.90591625894361,
      37.89752622599895,
      37.844512836700346,
      37.8404083298659,
      37.74975977020841,
      35.09198046620921,
      35.09112808512445,
      35.03586343205373,
      35.01316440700208,
      34.99948738813522,
      34.99124381216482,
      34.985133134981844,
      34.984899605917526,
      34.98024459323547,
      34.98003052492651,
      34.97891347756886,
      34.97797157700945,
      34.977383862197584,
      34.976870098256086,
      34.97458929772792,
      34.972300712897606,
      34.97140551815105,
      34.970549244915226,
      34.96660260372826,
      34.96081886723533,
      34.95499231708061,
      34.94947713901165,
      34.94858583641617,
      34.93611927653269,
      34.93093493130485,
      34.93081038247055,
      34.919612663836524,
      34.91911836065039,
      34.91182836169261,
      32.32189795684114,
      32.315717544765846,
      32.287301279843895,
      32.28331611570248,
      32.28329459366392,
      32.273659894398534,
      32.27270216368228,
      32.26742567722682,
      32.267310893021126,
      32.264430526859506,
      32.262662132690544,
      32.25828239784206
    ],
    [
      27.103624131944446,
      27.097219208140434,
      27.08853563850309,
      27.062855661651238,
      24.74703533918733,
      24.743726045522703,
      24.73053006539113,
      24.717853136299073,
      24.69774746084783,
      24.690958602807193,
      24.684241148613268,
      24.646018120211348,
      22.42967574259005,
      22.41894212404985,
      22.411598724779367,
      22.407854786820227,
      22.400177596673814,
      22.398384093459857,
      22.390774159683968,
      22.390485206388384,
      22.388876035449194,
      22.38275072377819,
      22.381151516745746,
      22.378747724243706,
      22.378503608528472,
      22.374924075030616,
      22.37437855113637,
      22.370104035143104,
      22.36709493530635,
      22.359235903861858,
      22.35891954982273,
      22.343751992781357,
      20.24478991675555,
      20.233106507487282,
      20.230676304404927,
      20.230112029683678,
      20.229995128147802,
      20.227068093537973,
      20.22544046446154,
      20.22508076742807,
      20.224291682060908,
      20.22296529925,
      20.220267571499008,
      20.220110204046865,
      20.2172236353533,
      20.21533747403406,
      20.21494405540371,
      20.212268808717308,
      20.210285978820327,
      20.209865582912464
    ],
    [
      22.443288930179325,
      22.402710919963532,
      20.222171717669916,
      20.213512011589224,
      20.20732072640069,
      20.203199947261044,
      20.18569619037001,
      20.160360030575248,
      18.180300878099175,
      18.169839149664256,
      18.168793985666323,
      18.164145225335744,
      18.16380827091942,
      18.161487926136363,
      18.156665644369834,
      18.156473963713843,
      18.154728660898762,
      18.14874217135847,
      18.14145225335744,
      18.14136751033058,
      18.140651229984506,
      18.13849431818182,
      18.13384152246901,
      18.133068746771695,
      18.12940058432335,
      18.126014898631198,
      18.12103321926653,
      18.11678799715909,
      18.116449025051654,
      18.114913562112605,
      18.107278618930785,
      16.232778632680983,
      16.22721926468561,
      16.222100830700874,
      16.217444927494647,
      16.217263154698426,
      16.206628546254056,
      16.1996797861925,
      16.19756690240274,
      16.19565018925445,
      16.19410782008254,
      16.193654287957308,
      16.192860606738158,
      16.191577398780662,
      16.190628940725123,
      16.19023479971153,
      16.187416421504746,
      16.185211751451547,
      16.18395014026192,
      16.18377556638832
    ],
    [
      34.94089883804906,
      32.308095156106525,
      32.287301279843895,
      29.68521926174626,
      29.62358918553433,
      29.60928855688156,
      29.60442285116395,
      29.595571022278904,
      29.581220978876125,
      27.139738859953706,
      27.113338517554016,
      27.103051456404323,
      27.10196337287809,
      27.098467038001544,
      27.092363522376544,
      27.091094593942902,
      27.08853563850309,
      27.083128375771608,
      27.081856433256174,
      27.07469196084105,
      27.07389925733025,
      27.064516420717595,
      27.06441997010031,
      27.06418487172068,
      27.063349971064817,
      27.05873541184414,
      27.04902705439815,
      27.046190803433646,
      27.035939911265434,
      24.77043383049243,
      24.734017868672524,
      24.73053006539113,
      24.728799895259417,
      24.72189843884513,
      24.716897423273934,
      24.716702435846393,
      24.713928671032058,
      24.708787594069246,
      24.706129173930357,
      24.705610122890842,
      24.7046599024693,
      24.69774746084783,
      24.697494801082563,
      24.69706363170053,
      24.696558312169998,
      24.692751937880224,
      24.688506155303035,
      24.68582851105157,
      24.685501701137802,
      24.68466407908991
    ],
    [
      24.68550994004319,
      22.444815898887875,
      22.431900184770694,
      22.411598724779367,
      22.394488205922872,
      22.39320286195287,
      22.390477733458326,
      22.378747724243706,
      22.371319631765896,
      22.36709493530635,
      22.35466496164295,
      22.3479766892409,
      20.25777722777013,
      20.23692379225494,
      20.233106507487282,
      20.23294689192868,
      20.227068093537973,
      20.225370773161305,
      20.223788106214055,
      20.215937718458658,
      20.21494405540371,
      20.213341155498327,
      20.206666527421074,
      20.206632805824185,
      20.206374273581382,
      20.200432528209816,
      20.20000089176966,
      20.196599506696945,
      20.18982821004195,
      20.18837368516287,
      20.186806754960834,
      20.176036076914986,
      20.149625322232747,
      20.141091510113768,
      18.181291564436982,
      18.167797246255166,
      18.16380827091942,
      18.16269652311467,
      18.161606969912192,
      18.160055365444215,
      18.159365315082646,
      18.159343120480372,
      18.154728660898762,
      18.153003534994834,
      18.152331643853305,
      18.14874217135847,
      18.14719863765496,
      18.146567100335744,
      18.145283848786157,
      18.144143853305785
    ],
    [
      22.402710919963532,
      18.13849431818182,
      18.135360843879134,
      18.134987571022727,
      18.132275794163224,
      18.1267856566374,
      18.12103321926653,
      18.085856792355372,
      16.1928102142798,
      16.189675083477617,
      16.18395014026192,
      16.181885849199862,
      16.18181745943495,
      16.181651884214627,
      16.17712016242364,
      16.17210971227825,
      16.15234327048699,
      14.355590309662281,
      14.353463613406797,
      14.351034014386288,
      14.35068966176921,
      14.349889360779514,
      14.349817620650956,
      14.346319890827468,
      14.341872002856853,
      14.341522867564535,
      14.339746900826448,
