{
  "test_loss_values": [
    8.966341445446014,
    4.774942302703858,
    2.6058437824249268,
    5.524534821510315,
    4.11762809753418,
    1.9991060495376587
  ],
  "log_exp_r_n_values": [
    8173293.417892333,
    6790192.492702877,
    5571447.935405744,
    7412738.199810562,
    6428299.548937954,
    4063765.0190420696
  ],
  "log_exp_r_n_acc_values": [
    -Infinity,
    -Infinity,
    -Infinity,
    -Infinity,
    -Infinity,
    -Infinity
  ],
  "model_data_levels": [
    0,
    1950,
    19950,
    450,
    4950,
    49950
  ],
  "loss_landscape_data_param": 0,
  "train_loss_values": [
    6.198874871188309e-07,
    0.0002011122996918857,
    0.045670900493860245,
    4.967877612216398e-05,
    0.0008839175570756197,
    0.09144915640354156
  ],
  "num_params": 1707274,
  "dataset_type": "data",
  "top_r_vals": [
    [
      119.9816883321855,
      119.9394513314968,
      112.23075090292923,
      112.1463050246786,
      112.12469601366011,
      112.12158507024155,
      112.11627446986037,
      112.08809791162493,
      112.08481937529493,
      112.07354875200075,
      112.03045642464735,
      111.9586847603242,
      104.59282335667282,
      104.59159301346806,
      104.57218093179272,
      104.57135093836092,
      104.56412511319002,
      104.5557372972146,
      104.55507330246918,
      104.5531008474901,
      104.54896064495973,
      104.54826735632848,
      104.53575886707993,
      104.53355206101422,
      104.53324935752734,
      104.53320053438429,
      104.52610164938531,
      104.52068228050713,
      104.5189734705005,
      104.51296822390576,
      104.51106412132695,
      104.50669933233858,
      104.50004962025562,
      104.49958091808239,
      104.49523565835123,
      104.48623267077343,
      104.48569561619992,
      104.4813796503546,
      104.47857720194372,
      104.46358849702841,
      104.45798360020666,
      104.45769066134838,
      104.45152918069589,
      104.44438147255386,
      104.42643408516992,
      97.29439525761882,
      97.28094835517823,
      97.27970444860539,
      97.26721998482698,
      97.26681140237605
    ],
    [
      53.36828871097339,
      53.345710498291005,
      53.32687871454445,
      53.30369768550405,
      53.30161024704113,
      53.28597687735947,
      48.163432781093775,
      48.1607395495557,
      48.159853795610786,
      48.15926479171849,
      48.157254984544,
      48.15388282485525,
      48.15083888870955,
      48.1455018839755,
      48.143743864724435,
      48.138937413114746,
      48.13373979098116,
      48.13114097991437,
      48.13094764275888,
      48.12962575616089,
      48.12093008037685,
      48.120359061336224,
      48.119163068699955,
      48.11623603409012,
      48.11434312845151,
      48.113915988224264,
      48.11359675710707,
      48.112553635710015,
      48.111807264365574,
      48.11167687419094,
      48.11094399148526,
      48.10904658963372,
      48.10704127867215,
      48.10652421418654,
      48.10419517589485,
      48.09850297034025,
      48.095665859988785,
      48.08109813013341,
      43.256496965392564,
      43.240359471849175,
      43.23921342329545,
      43.23753066890496,
      43.235977046745866,
      43.23247837035124,
      43.226832870609506,
      43.225626291322314,
      43.22458516270661,
      43.22407670454545,
      43.2237861570248,
      43.22294276213843
    ],
    [
      26.137279219754372,
      22.544498433873144,
      22.531446102139615,
      19.21388243227732,
      19.211233428030305,
      19.20707967458678,
      19.20403968663912,
      19.203456798094585,
      19.201559271694215,
      19.20121671258035,
      19.199894900711666,
      19.198521077249772,
      19.19818389864555,
      19.193007848370065,
      19.18935806932966,
      19.189331166781454,
      19.18101469237833,
      19.18018968089991,
      16.150909047067902,
      16.148405852141206,
      16.147349416473766,
      16.142216435185187,
      16.14135139371142,
      16.14113437982253,
      16.140522521219136,
      16.14025276089892,
      16.140215084876544,
      16.13929126880787,
      16.138881353684415,
      16.13876983265818,
      16.138359917534725,
      16.138292100694446,
      16.137728467399693,
      16.137705861786266,
      16.137029200424383,
      16.1366886091821,
      16.135320216049383,
      16.13500072337963,
      16.13426227334105,
      16.13402416087963,
      16.133707682291668,
      16.133469569830247,
      16.133144048996915,
      16.13301745756173,
      16.132533697434415,
      16.132054458429785,
      16.131816345968364,
      16.131724416473766,
      16.131377797067902,
      16.131255726755402
    ],
    [
      76.85033574380166,
      76.80539772727273,
      76.75648530762167,
      70.59735771889908,
      70.57517379046145,
      70.56476374979277,
      70.56287281202573,
      70.55410334105737,
      70.55116481059014,
      70.55065748582336,
      70.54340998915531,
      70.53348091872004,
      70.52761703505224,
      70.5236111459848,
      70.52257014191794,
      70.510875317749,
      70.51042729068224,
      70.50827939621517,
      70.50159852201388,
      70.49774417151313,
      70.4941401890791,
      70.4913795517119,
      70.48627336087758,
      70.48363790754374,
      70.47326081004172,
      70.45363985997126,
      70.43266165143386,
      64.57769097222223,
      64.56929976851852,
      64.56886574074075,
      64.56813030478395,
      64.56540557484568,
      64.5608844521605,
      64.56086033950618,
      64.55724344135803,
      64.55680338541667,
      64.55595341435186,
      64.55341555748457,
      64.55158902391976,
      64.55082344714506,
      64.55076316550927,
      64.54716435185186,
      64.5467544367284,
      64.54426480516976,
      64.54298080632717,
      64.54252266589506,
      64.54156418788581,
      64.54000289351852,
      64.53678988233025,
      64.53642819251544
    ],
    [
      43.17430430010331,
      38.55858859367827,
      38.55480915930136,
      38.55248390729423,
      38.54531737982334,
      38.538248037807854,
      38.53365872463589,
      38.531743811218256,
      38.52294672777332,
      38.51778869971417,
      38.51389048311398,
      34.17797291092746,
      34.1583224926028,
      34.15801321293746,
      34.15498418528722,
      34.154534613814924,
      34.15293720028569,
      34.152768212427304,
      34.152140087746155,
      34.15146094786247,
      34.14854351596776,
      34.147972783389456,
      34.14559101112132,
      34.14483534843384,
      34.14395533619019,
      34.14338460361188,
      34.143170977451284,
      34.1425524181206,
      34.14115268850118,
      34.14064891337619,
      34.13843612896643,
      34.138193806754416,
      34.137536986021836,
      34.136861034588314,
      34.13529869401082,
      34.13497028364453,
      34.13492883379247,
      34.132052851749826,
      34.13148849607183,
      34.128628456279976,
      34.12841483011938,
      34.128124681154986,
      34.12712669625549,
      34.12701828895011,
      34.125580297928785,
      34.12470666258545,
      34.12455680542802,
      34.123281425364766,
      34.1231793949597,
      34.12024602081421
    ],
    [
      10.807808868155991,
      8.538234300071423,
      8.538192053106826,
      8.537561537088052,
      8.53639775278033,
      8.534548451688604,
      8.532157114069994,
      8.531102534180187,
      8.53078687761453,
      8.530571657228855,
      8.529092216355474,
      8.529036418477707,
      8.528603586368739,
      8.527694878073667,
      8.526917693347619,
      8.524338237169678,
      8.523038943730233,
      6.539678144887961,
      6.538434375318848,
      6.538245185639542,
      6.538116414599757,
      6.537155819260314,
      6.536930622513012,
      6.536798800026785,
      6.536695050847811,
      6.536580316461652,
      6.535761308237045,
      6.535748492161995,
      6.535366451067655,
      6.53491605757305,
