{
  "test_loss_values": [
    4.031405506655574
  ],
  "log_exp_r_n_values": [
    8978.307206540465
  ],
  "log_exp_r_n_acc_values": [
    -Infinity
  ],
  "model_data_levels": [
    0
  ],
  "loss_landscape_data_param": 10,
  "train_loss_values": [
    1.2736893892288208
  ],
  "num_params": 4353,
  "dataset_type": "data",
  "top_r_vals": [
    [
      7.873123821601902,
      6.237168280032959,
      5.985402830986069,
      4.880020855354404,
      4.824937059947912,
      4.538483368806002,
      4.3735570188085395,
      4.106481958279938,
      4.00849076445049,
      3.7299264088180464,
      3.708899235812624,
      3.5159215965051174,
      3.247056155239981,
      3.100800697019734,
      2.9861767514814845,
      2.964042834272194,
      2.643781003851394,
      2.564058737131346,
      2.542700402905212,
      2.498397673903258,
      2.4861900329444597,
      2.3090913514557982,
      2.303311777885595,
      2.2700915711623253,
      2.222720781196654,
      2.175632904805307,
      2.169152332067895,
      2.114064703093253,
      2.110545850929873,
      2.0843927893129726,
      2.0706616285720782,
      2.0696009858405437,
      2.029237226465705,
      2.026766024784276,
      2.0234282014668583,
      1.9445459629775264,
      1.8371733989066412,
      1.727986916118147,
      1.6784144721316587,
      1.6419429963384988,
      1.5802450452825314,
      1.566821915464213,
      1.5344369189909068,
      1.4576452320268904,
      1.3974557506406846,
      1.3800296812860158,
      1.2251196571618905,
      1.2099525891924707,
      1.1578016215584386,
      1.110722425352951
    ]
  ],
  "top_r_val_seeds": [
    [
      45,
      50,
      44,
      5,
      16,
      13,
      37,
      6,
      4,
      31,
      41,
      8,
      36,
      25,
      18,
      21,
      14,
      35,
      33,
      15,
      38,
      3,
      43,
      39,
      20,
      30,
      28,
      34,
      19,
      47,
      9,
      42,
      23,
      29,
      48,
      12,
      49,
      22,
      46,
      17,
      7,
      24,
      11,
      2,
      27,
      26,
      40,
      1,
      32,
      10
    ]
  ],
  "test_acc_values": [
    0.7625
  ],
  "loss_predicts_minimas": true,
  "loss_ordering_violations": 0,
  "test_loss_ranks": [
    1
  ],
  "log_exp_r_n_ranks": [
    1
  ],
  "data_level_ranks": [
    1
  ],
  "accuracy_predicts_minimas": true,
  "accuracy_ordering_violations": 0,
  "log_exp_r_n_acc_ranks": [
    1
  ]
}