{
  "test_loss_values": [
    5.563966989517212,
    5.640766716003418,
    5.756490230560303,
    5.487383008003235
  ],
  "log_exp_r_n_values": [
    5460853.341454283,
    5034548.114794654,
    4799258.82807176,
    5253160.055146159
  ],
  "log_exp_r_n_acc_values": [
    -Infinity,
    -Infinity,
    -Infinity,
    -Infinity
  ],
  "model_data_levels": [
    0,
    1000,
    2000,
    500
  ],
  "loss_landscape_data_param": 0,
  "train_loss_values": [
    2.921813393186312e-05,
    4.7657791583333164e-05,
    8.985923341242597e-05,
    4.4565425923792645e-05
  ],
  "num_params": 1707274,
  "dataset_type": "poison",
  "top_r_vals": [
    [
      24.49782039132527,
      21.74064906986171,
      21.720039187423982,
      21.717791315706492,
      21.716593396693835,
      21.714225935768653,
      21.71410026575379,
      21.713192198549606,
      21.71132133687671,
      21.71071731003107,
      21.710490293230027,
      21.709312643574606,
      21.7085565965497,
      21.706740462141337,
      21.706553984054764,
      21.706373586775364,
      21.705714832665187,
      21.70529931084185,
      21.70324805188955,
      21.703118328003235,
      21.702970361695414,
      21.702210260799056,
      21.70096774920048,
      21.70091707580739,
      21.700663708841937,
      21.700442772848064,
      21.70021575604702,
      21.700128597810902,
      21.700039412639065,
      21.69994211972433,
      21.69924282689968,
      21.699169857213633,
      21.69887189766226,
      21.698813116526274,
      21.697998288365383,
      21.69786856447907,
      21.697842214314665,
      21.69748750056303,
      21.69746520427007,
      21.69728683392639,
      21.69712873293995,
      21.69678618080266,
      21.69678212693121,
      21.696350389622083,
      21.695861898112693,
      21.69565515066888,
      21.69558623485428,
      21.69480586460069,
      21.694426827620372,
      21.694343723255702
    ],
    [
      19.08465843669767,
      19.076992700392154,
      19.07578307107506,
      19.075387581077425,
      19.07535551432086,
      19.072848962849363,
      19.0726547808235,
      19.07067376786237,
      19.069057959628786,
      19.066282403699436,
      19.065199259922128,
      19.063537133040175,
      19.06139222332327,
      19.059728314954842,
      19.051601173652084,
      19.04825376056399,
      16.64518444411287,
      16.634997951950357,
      16.631369673663343,
      16.629405002871486,
      16.627704150432407,
      16.627683976087784,
      16.627106679457,
      16.626766819343718,
      16.626037439191922,
      16.62586207758096,
      16.625761205857838,
      16.625320474021436,
      16.624954232072874,
      16.62492319461961,
      16.62476024798995,
      16.624463840311243,
      16.62430244555425,
      16.624280719336962,
      16.624162777014543,
      16.62415967326922,
      16.624106909598662,
      16.624089838999364,
      16.623776360721358,
      16.62371738956015,
      16.623532716713207,
      16.6234566749527,
      16.623126126075398,
      16.623028358097603,
      16.62299111315368,
      16.62290420828453,
      16.622868515213273,
      16.622756780381508,
      16.62273039854623,
      16.62226794049254
    ],
    [
      16.627683976087784,
      16.625761205857838,
      16.62273039854623,
      16.62226794049254,
      16.618337047036164,
      16.616754136919504,
      16.616353753772348,
      16.614988105828562,
      16.61486861163348,
      16.614570652082108,
      16.61443874290572,
      16.614331663691946,
      16.611881256756448,
      16.611268267054406,
      16.610439567052154,
      16.610315417239082,
      16.6098188179868,
      16.6089963254752,
      16.60885044944484,
      16.60501422022093,
      16.603141109916216,
      16.60278728294896,
      16.60224257564411,
      16.601829777515647,
      16.598634471701722,
      14.352225362525898,
      14.343442111630669,
      14.342229798207287,
      14.341313203621176,
      14.340313647189314,
      14.339352895491755,
      14.338619619822866,
      14.337711053802474,
      14.337503649188099,
      14.337153068485089,
      14.337013906679315,
      14.336637902184867,
      14.336454583267644,
      14.336344859536169,
      14.336184288221812,
      14.33556475056726,
      14.335446998270065,
      14.335291779332856,
      14.335195436544241,
      14.335097755661343,
      14.334781965409777,
      14.334755203524052,
      14.334699003564028,
      14.334614703623991,
      14.334562517946825
    ],
    [
      21.691753299400922,
      21.690068915814596,
      19.089878192071865,
      19.08917450491391,
      19.088392432351018,
      19.087925682894348,
      19.087239810601154,
      19.086849665062946,
      19.08476888885917,
      19.084733259129653,
      19.08465843669767,
      19.08426472818651,
      19.08402066453932,
      19.083860330756494,
      19.083796197243366,
      19.08334904413793,
      19.08329025508423,
      19.08304975440999,
      19.08255806414266,
      19.0822160187393,
      19.0816851357695,
      19.081485609284208,
      19.080888811314804,
      19.080450565641748,
      19.079786071186263,
      19.07976647483503,
      19.079265877135317,
      19.078389385789208,
      19.078205892682195,
      19.078189859303915,
      19.07806337376413,
      19.078025962548136,
      19.07795648457558,
      19.077867410251788,
      19.07765719484764,
      19.07734899768732,
      19.077291990120095,
      19.077218949174583,
      19.0771957898504,
      19.077172630526213,
      19.076992700392154,
      19.07693391133845,
      19.076670251340026,
      19.076525950935483,
      19.07624091309935,
      19.07578307107506,
      19.07544637013113,
      19.075444588644654,
      19.075369766212667,
      19.07535551432086
    ]
  ],