{
  "test_loss_values": [
    0.019869165087584406,
    0.0056316309583053226,
    0.0010303999888492399
  ],
  "log_exp_r_n_values": [
    1212.083848098967,
    2878.1311014296934,
    3870.736489091555
  ],
  "log_exp_r_n_acc_values": [
    3870.736489091555,
    4317.295910029571,
    6294.14960860733
  ],
  "model_data_levels": [
    200,
    350,
    750
  ],
  "loss_landscape_data_param": 200,
  "train_loss_values": [
    1.5303427062463015e-05,
    1.1559213817236014e-05,
    5.972943199594738e-06
  ],
  "num_params": 4353,
  "dataset_type": "data",
  "top_r_vals": [
    [
      1.3219872957199845,
      1.1486121649499357,
      1.1338683028036742,
      1.1335378373816192,
      1.12986509309303,
      0.978909186861513,
      0.9738340211418159,
      0.9582797524248164,
      0.9526844707730717,
      0.9492694164657944,
      0.8223585905852142,
      0.8209731490523727,
      0.8186339390130691,
      0.8179072627314815,
      0.8177651299370661,
      0.8160509651089892,
      0.7950643845546393,
      0.6760228934208724,
      0.6697371472826834,
      0.43752675308960826
    ],
    [
      1.9384167751673842,
      1.7312604820298951,
      1.7266772842056934,
      1.5291791973692,
      1.3324041710059487,
      1.3103760842972423,
      1.1433812867207331,
      1.1338683028036742,
      1.1246477649985696,
      1.1180810802822858,
      0.9733772382920112,
      0.9711680907082186,
      0.964421492087064,
      0.9461923254203972,
      0.8223791240174094,
      0.8179877010392554,
      0.8177651299370661,
      0.7976499957802856,
      0.6784902058284074,
      0.43752675308960826
    ],
    [
      2.434884764055685,
      2.202545670438404,
      1.7170750672762984,
      1.7115116203066016,
      1.7036084487552292,
      1.5216156580340874,
      1.5095879771054832,
      1.3260516698062943,
      1.3248745743419044,
      1.296709418552237,
      1.148583486023977,
      1.1424786898812744,
      1.1421678261104478,
      1.139773662011729,
      0.964421492087064,
      0.9492694164657944,
      0.9461923254203972,
      0.8223791240174094,
      0.6784902058284074,
      0.43752675308960826
    ]
  ],
  "top_r_val_seeds": [
    [
      4,
      10,
      8,
      19,
      2,
      14,
      11,
      9,
      12,
      16,
      3,
      7,
      18,
      15,
      20,
      6,
      5,
      1,
      17,
      13
    ],
    [
      19,
      11,
      4,
      3,
      14,
      2,
      18,
      8,
      9,
      12,
      15,
      6,
      17,
      5,
      10,
      1,
      20,
      16,
      7,
      13
    ],
    [
      4,
      14,
      19,
      2,
      9,
      11,
      8,
      18,
      15,
      12,
      3,
      1,
      20,
      6,
      17,
      16,
      5,
      10,
      7,
      13
    ]
  ],
  "loss_predicts_minimas": false,
  "loss_ordering_violations": 0,
  "accuracy_predicts_minimas": false,
  "accuracy_ordering_violations": 0,
  "test_loss_ranks": [
    1,
    2,
    3
  ],
  "log_exp_r_n_ranks": [
    3,
    2,
    1
  ],
  "log_exp_r_n_acc_ranks": [
    3,
    2,
    1
  ],
  "data_level_ranks": [
    3,
    2,
    1
  ]
}