{
  "test_loss_values": [
    0.5377552330493927,
    0.529298582971096,
    0.3540287703275681,
    0.5080506063997745,
    0.17513605952262878,
    0.23571184873580933,
    0.5516325667500496,
    0.427170592546463
  ],
  "log_exp_r_n_values": [
    765372.5057924304,
    765372.5057924304,
    874386.9504706775,
    795136.2374364138,
    869245.4905480206,
    882426.3257240895,
    742173.2575153825,
    831989.6107630354
  ],
  "log_exp_r_n_acc_values": [
    -Infinity,
    -Infinity,
    -Infinity,
    -Infinity,
    -Infinity,
    -Infinity,
    -Infinity,
    -Infinity
  ],
  "model_data_levels": [
    200,
    100,
    2000,
    500,
    10000,
    5000,
    0,
    1000
  ],
  "loss_landscape_data_param": 5000,
  "train_loss_values": [
    0.4488544464111328,
    0.45648375153541565,
    0.1683957725763321,
    0.4021945893764496,
    0.062439046800136566,
    0.03296836093068123,
    0.4935368299484253,
    0.28101301193237305
  ],
  "num_params": 235146,
  "dataset_type": "data",
  "top_r_vals": [
    [
      25.9169899033632,
      24.807813315014535,
      24.759509023345274,
      23.72028004491285,
      23.716797873731885,
      23.703415236416856,
      23.689934131536297,
      23.658521486199845,
      22.683515146101897,
      22.66985901654156,
      22.62881225900353,
      21.64325486140758,
      21.639471692781985,
      20.530141967086042,
      19.642423654468956,
      19.60946057036123,
      19.59841903455721,
      19.59055124673304,
      19.58954018482804,
      19.58695704496099,
      19.55185100281559,
      18.64954560072909,
      18.638571014639343,
      18.63296475112687,
      17.66757532670123,
      17.66524626854041,
      17.66398882194618,
      17.657977559554997,
      16.779237220035725,
      16.774352627388623,
      16.760593478942933,
      16.747501082668517,
      16.744859393686152,
      16.739561245894844,
      15.902877664665981,
      15.8491578742093,
      15.025484158244359,
      15.014187101974521,
      14.999810660933882,
      14.978836482258922,
      14.16904502848038,
      14.156144713931623,
      14.149079428751994,
      14.144120990054502,
      14.13566331542389,
      14.135147516644542,
      12.549715442791848,
      12.500065497083407,
      11.777975208250394,
      10.299697011718996
    ],
    [
      25.9169899033632,
      24.807813315014535,
      23.72028004491285,
      23.716797873731885,
      23.689934131536297,
      23.671313318121705,
      22.683515146101897,
      22.66985901654156,
      22.63823077073076,
      22.62881225900353,
      21.64325486140758,
      21.556628048376304,
      20.621287933994626,
      20.541663459833128,
      20.530141967086042,
      19.642423654468956,
      19.59055124673304,
      19.58954018482804,
      19.58695704496099,
      19.565626104770082,
      18.64954560072909,
      18.641243454699648,
      18.63074709472595,
      17.695001015870613,
      17.689678567144767,
      17.66757532670123,
      16.774352627388623,
      16.760593478942933,
      16.747730014980487,
      16.747501082668517,
      16.74653787897806,
      15.884507989164572,
      15.851963312065193,
      15.8491578742093,
      15.031655200012214,
      15.025484158244359,
      14.98836350589686,
      14.978789281388739,
      14.168490032557177,
      14.154923366562908,
      14.13566331542389,
      13.335676118920015,
      13.329020326912563,
      13.315895887219643,
      13.315879942187726,
      12.550100534077423,
      12.549715442791848,
      12.500065497083407,
      11.778937951876857,
      10.299697011718996
    ],
    [
      41.20262478020501,
      35.70204484989233,
      35.6536929936172,
      33.12608750804905,
      33.12511438562553,
      33.04372009229566,
      31.907180200071394,
      31.86800020496814,
      31.85967994305206,
      30.65342800908791,
      30.65151300235473,
      30.608656538793795,
      30.596014411849005,
      30.591340562417727,
      30.549767191899345,
      29.392677415594584,
      29.32354007315502,
      28.26874104347112,
      28.125147368437663,
      27.118821157951196,
      27.09999186465067,
      27.047204815020798,
      27.023912054851635,
      27.014498259358287,
      25.927341241456773,
      25.9098770273764,
      25.87356581177026,
      24.848246351040597,
      24.838045241179447,
      24.8193705155089,
      24.807201591736952,
      24.768692675101867,
      23.72744729013709,
      23.6877320387072,
      23.68382914247352,
      23.6744075867718,
      22.662388327133716,
      22.65793412627754,
      22.637207700924385,
      21.60159106866383,
      21.590809785742664,
      21.582827476662718,
      21.57844617861015,
      20.55540660313803,
      20.554631940144695,
      19.6111349875161,
      19.608930379362267,
      19.595142947384538,
      18.598234751571244,
      17.697602706257616
    ],
    [
      29.414103589802423,
      28.219633618784876,
      28.170819155450616,
      27.065133584303968,
      27.04589062874216,
      25.921872056206954,
      25.89251065203037,
      25.858177409503547,
      24.7827716735977,
      24.731432173318993,
      23.75083035308452,
      23.749442855570255,
      23.736531669023513,
      23.700218024402794,
      23.657739713406862,
      22.6861554641398,
      22.648422996810172,
      22.639330784505866,
      22.638162376091895,
      21.65577207905202,
      20.61136499331072,
      20.602189511735766,
      20.567308950266458,
      19.606649325064396,
      19.600751874952653,
      19.573680075945052,
      19.5703250766237,
      18.663793925892715,
      18.64223507061676,
      18.636808141897806,
      18.606975271540406,
      18.600747782926195,
      18.599573315847064,
      18.598153875095733,
      17.711672754697837,
      17.698356061429557,
      17.67410959785284,
      17.66398882194618,
      16.763053710055903,
      16.760593478942933,
      16.71151334522186,
      15.870556703508118,
      15.85707681929986,
      15.84699761714903,
      15.014775224817013,
      15.01354800219223,
      14.979401004666324,
      14.978854418589593,
      14.167452199089233,
      12.540891486326103
    ],
    [
      40.31150829883938,
      35.088272228646,
      34.14140452320219,
      33.81427116164588,
      33.364054001272756,
      33.34903953508434,
      32.338423766311,
      31.883575266958648,
      31.28315207813309,
      30.531409797156687,
      30.139589162025903,
      29.697312962241895,
      29.45905662489629,
      29.443160822086867,
      29.41684484865813,
      29.38352472928834,
      28.985368214439568,
      28.428792350733335,
      27.82569813615645,
      27.74712345718838,
      27.27700708680642,
      27.079553710973705,
      27.05987936633377,
      27.02338849823688,
      26.60459055907153,
      26.57571441598376,
      26.422834506095896,
      25.84707887472698,
      25.247316295920076,
      25.089823564568754,
      24.608943032982307,
      24.13007489055583,
      23.700685842446806,
      23.537818101803474,
      23.49454854932745,
      23.087351127232438,
      22.901312816789023,
      22.442015324748674,
      21.853967702041846,
      21.839065849273318,
      21.815666518346735,
      21.448479603133894,
      21.44606844778513,
      21.00486888133128,
      20.839372284255063,
      20.589775351430436,
      19.633410389853445,
      18.492330524951065,
      18.07374509433053,
      16.78585920036379
    ],
    [
      42.635653049908925,
      37.06293757017634,
      37.03658630690134,
      35.72325117362094,
      35.634425957520016,
      33.12511438562553,
      33.12132816840169,
      33.06158636993858,
      33.02409510945905,
      31.907180200071394,
      31.891826500655068,
      31.88983412764987,
      31.845246262961073,
      31.783977786452084,
      30.691286960107732,
      30.67354713918307,
      30.596014411849005,
      30.591340562417727,
      29.455446114543356,
      29.42644676839832,
