{
  "test_loss_values": [
    10.330959074497223,
    4.547390294647217,
    4.327573500823974,
    5.809465432167054,
    4.533757920074463,
    4.6438137153625485
  ],
  "log_exp_r_n_values": [
    7814005.669523916,
    6613751.592047062,
    5572522.643790294,
    7411829.840689483,
    6028138.112419941,
    4749063.225010302
  ],
  "log_exp_r_n_acc_values": [
    -Infinity,
    -Infinity,
    -Infinity,
    -Infinity,
    -Infinity,
    -Infinity
  ],
  "model_data_levels": [
    0,
    1950,
    19950,
    450,
    4950,
    49950
  ],
  "loss_landscape_data_param": 0,
  "train_loss_values": [
    3.8862177120790875e-07,
    0.00047411047853529453,
    0.00017109706823248416,
    6.11438590567559e-05,
    0.00028343620942905545,
    0.0001034493834595196
  ],
  "num_params": 1707274,
  "dataset_type": "data",
  "top_r_vals": [
    [
      97.21197055785126,
      97.19635362861573,
      97.19205897307594,
      97.1613608115961,
      97.14490855823865,
      90.21163806228321,
      90.17108132500832,
      90.16709048144006,
      90.16570126374225,
      90.16370584195812,
      90.15265103688401,
      90.1520616718001,
      90.1461680209609,
      90.13493640636162,
      90.09260315433376,
      90.07807109526453,
      90.06836341038226,
      90.03893725369225,
      83.39580547175912,
      83.39145404686066,
      83.3888385213403,
      83.38509427200908,
      83.38262664822946,
      83.37977759364479,
      83.3641077934291,
      83.35603547210586,
      83.34865595367343,
      83.33714297080257,
      83.33708069638543,
      83.33399811273644,
      83.33350770170136,
      83.33322746682418,
      83.32820659194137,
      83.32756827916556,
      83.3268132018576,
      83.32657967279329,
      83.3251473611988,
      83.32332583449713,
      83.32260189439775,
      83.32065581886177,
      83.31923907587158,
      83.3184450770529,
      83.31818041078,
      83.3179157445071,
      83.31085538246258,
      83.30946199237881,
      83.30880032669658,
      83.30704107441207,
      83.3067997610456,
      83.29278023288441
    ],
    [
      48.12829038092415,
      43.24706224173554,
      43.23753066890496,
      43.22527521306818,
      43.21844331095041,
      43.209896371384296,
      43.209262816373965,
      43.207943246384296,
      43.20614346590909,
      43.184255552685954,
      43.18130972365702,
      43.17637445118802,
      43.17551491477273,
      43.175014527376035,
      43.174263946280995,
      43.17195570764463,
      43.16431672908058,
      43.16236360408058,
      38.57075477291062,
      38.56420375332397,
      38.563419070758094,
      38.56225284529322,
      38.55899893226776,
      38.5585957926009,
      38.55480915930136,
      38.5540928665004,
      38.55377251444369,
      38.552339928841775,
      38.55050420357299,
      38.54947115817663,
      38.54756344368162,
      38.54460108702238,
      38.54423394196863,
      38.54227583501525,
      38.5413399750743,
      38.539637429874034,
      38.53936387081438,
      38.538248037807854,
      38.538132855045895,
      38.53807886312622,
      38.537038618807244,
      38.535775207886964,
      38.53576800896434,
      38.53551964613386,
      38.53539726444927,
      38.53435342066898,
      38.53341396126672,
      38.533165598436234,
      38.531423459161545,
      38.53096272811369
    ],
    [
      26.15373750127539,
      26.138275211872525,
      26.117710904021283,
      26.11703714464724,
      22.55726871231651,
      22.551385585853808,
      22.549451205453373,
      22.549049174271126,
      22.548030414626066,
      22.544927828434286,
      22.544447916865952,
      22.54422059033358,
      22.53685984141048,
      22.536108400928484,
      22.53552956022106,
      22.534540268830195,
      22.534538163954895,
      22.53436345930502,
      22.533235246144372,
      22.532033362348237,
      22.528604520485,
      22.527013234758417,
      22.526878522739235,
      22.524443182017468,
      22.52332549323332,
      22.521986792542698,
      22.520822796501957,
      22.519949273252575,
      22.51990928062188,
      22.51954934694563,
      22.517457100897715,
      22.501171680703823,
      19.21793754304408,
      19.21598979855372,
      19.21555935778237,
      19.21443483126722,
      19.214409722222225,
      19.214393580693297,
      19.214285970500462,
      19.212788395316807,
      19.21258752295684,
      19.21230056244261,
      19.212124799127643,
      19.211925720270894,
      19.211882676193756,
      19.211357179752067,
      19.21070075757576,
      19.21057879935721,
      19.210571625344354,
      19.2103976555326
    ],
    [
      76.80945821854914,
      70.52594352218526,
      70.45556374090496,
      64.55233651620371,
      64.55158902391976,
      64.53953872492285,
      64.53384813850309,
      64.53325135030865,
      64.5293631847994,
      64.52806110146605,
      64.51867525077161,
      64.50547357253087,
      64.50192901234568,
      64.49675684799384,
      64.49600935570989,
      64.49475549768519,
      64.48381438078704,
      64.47711106288581,
      64.47453100887346,
      58.85108341045398,
      58.844129774305564,
      58.838538303848146,
      58.83799453609247,
      58.83713219732841,
      58.832771070075765,
      58.83025545763029,
      58.829096518272216,
      58.82620191617884,
      58.819814018200475,
      58.818287074401695,
      58.81732037616937,
      58.815936240064,
      58.815881314028076,
      58.81347006105086,
      58.81294277110595,
      58.81081164091197,
      58.80947144563534,
      58.80847728438505,
      58.80680204028926,
      58.80477526956354,
      58.80074919113006,
      58.79544882866306,
      58.79242789668705,
      58.79192257715652,
      58.791895114138555,
      58.79105474578886,
      58.78763285375058,
      58.78705063776975,
      58.78264007708478,
      58.78159098979856
    ],
    [
      34.153303872053876,
      34.14891656463627,
      34.14395533619019,
      34.133289970411184,
      34.126170161208044,
      34.1232559177635,
      34.12231213651668,
      34.11667814508724,
      34.109086445260694,
      34.10872933884298,
      30.026062964517333,
      30.02460013845845,
      30.023423151974292,
      30.020620803202483,
      30.019384967394114,
      30.011115236168507,
      30.011078805634472,
      30.007486194509013,
      30.00676599087466,
      30.00551614332243,
      30.004908033638948,
      30.00469505513229,
      30.004325145094413,
      30.00407293370495,
      30.003694616620756,
      30.003226624375863,
      30.002884737825703,
      30.002436362022213,
      30.001727367782944,
      30.00134905069875,
      30.000794185641933,
      30.00054477660124,
      30.000239320585116,
      30.00006277261249,
      29.999975899800564,
      29.99964802499426,
      29.998269269398534,
      29.9979245804996,
      29.997568682205582,
      29.9974874140912,
      29.997053050031568,
      29.99567709678461,
      29.995326803188135,
      29.99464022773904,
      29.993185808726473,
      29.99301206310262,
      29.991907937686527,
      29.991406317256374,
      29.990607647856407,
      29.98880013289859
    ],
    [
      16.145929783950617,
      16.14514461564429,
      16.14487334828318,
      16.143907335069446,
      16.142772533275465,
      16.14259922357253,
      16.142222463348766,
      16.140215084876544,
      16.139200846354168,
      16.13912700135031,
      16.13866283275463,
      16.13741198881173,
      16.137359242380402,
      16.13697193287037,
      16.136715735918212,
      16.136149088541668,
      16.13593207465278,
      16.134758089795525,
      16.134197470582563,
      16.134195963541668,
      16.134138695987655,
      16.13379207658179,
      16.133397231867285,
      16.133367091049383,
      16.13207103587963,
      16.131098994502317,
      16.13100857204861,
      16.1299446011767,
      16.129591953607253,
      16.12939453125,
