{
  "test_loss_values": [
    0.1579293180257082,
    0.05631974563002586
  ],
  "log_exp_r_n_values": [
    8409.074423703654,
    8626.631680616782
  ],
  "log_exp_r_n_acc_values": [
    -Infinity,
    -Infinity
  ],
  "model_data_levels": [
    380,
    780
  ],
  "loss_landscape_data_param": 380,
  "train_loss_values": [
    0.00011992491636192426,
    6.748150917701423e-05
  ],
  "num_params": 5409,
  "dataset_type": "data",
  "top_r_vals": [
    [
      4.739454359123263,
      4.34821133924472,
      4.314819448031451,
      4.277242865444215,
      4.274490734762397,
      4.040235201225831,
      3.9981848961260242,
      3.9819587393812164,
      3.953853688523693,
      3.9250032985201915,
      3.679317144700039,
      3.641847210165895,
      3.641597418137539,
      3.6158526385271994,
      3.6077794204523537,
      3.5985314639998074,
      3.5902495207609957,
      3.373824547801793,
      3.3627706830713926,
      3.3610089304690196,
      3.3531342533556447,
      3.3496955402188617,
      3.3382795069390645,
      3.3380203247070317,
      3.3367566825929758,
      3.3301209308774897,
      3.3274141071694396,
      3.325176557780845,
      3.3192122768545724,
      3.310864205969048,
      3.30318932231136,
      3.3011481335012056,
      3.291462270353123,
      3.283038332880474,
      3.2768100636940254,
      3.2463522036213526,
      3.243800889252522,
      3.0622952666261742,
      3.0558934565430196,
      3.0340068012631054,
      3.0273776895573485,
      3.025143594842045,
      3.0227242337357167,
      3.022557649669837,
      3.019677146504503,
      3.018355994744638,
      3.016695758783384,
      3.0159005144763618,
      3.009993474637474,
      3.0070703134963916
    ],
    [
      4.933967150518962,
      4.738640899549224,
      4.718111262201303,
      4.323496416580579,
      4.226711360766759,
      4.209820147497704,
      3.9451488685199245,
      3.6691615728684415,
      3.663127004364391,
      3.6555624125916286,
      3.641597418137539,
      3.636592535325039,
      3.6361965603298616,
      3.633707682291667,
      3.6241353352864585,
      3.6230287905092595,
      3.5940721299913196,
      3.3805258674726675,
      3.368085463622823,
      3.3553515487684913,
      3.3524356628361924,
      3.3396104334471315,
      3.335220813313354,
      3.3311971378939433,
      3.3272963594799205,
      3.320683264754255,
      3.315295020629771,
      3.3135315515887753,
      3.3103279905433065,
      3.3047440724158315,
      3.3046531011688263,
      3.304239782748472,
      3.2848539816556013,
      3.2565447594508656,
      3.0529746546111376,
      3.0462916755345444,
      3.0458158989875086,
      3.0416911529674913,
      3.0386421975037634,
      3.0332507898388883,
      3.029516815786496,
      3.0210375311471735,
      3.0180626822398553,
      3.01725591716566,
      3.0148094666878706,
      3.0140702693562846,
      3.0101167779834337,
      3.009749358922241,
      3.008838595571403,
      3.000893314059153
    ]
  ],
  "top_r_val_seeds": [
    [
      879,
      481,
      476,
      618,
      543,
      963,
      823,
      694,
      877,
      322,
      690,
      816,
      848,
      860,
      610,
      457,
      252,
      821,
      983,
      931,
      692,
      675,
      996,
      317,
      312,
      329,
      727,
      865,
      934,
      805,
      502,
      810,
      621,
      186,
      898,
      534,
      459,
      491,
      957,
      866,
      871,
      162,
      428,
      798,
      42,
      587,
      33,
      547,
      192,
      716
    ],
    [
      127,
      528,
      481,
      183,
      767,
      293,
      53,
      864,
      871,
      695,
      848,
      77,
      955,
      54,
      719,
      810,
      618,
      894,
      75,
      971,
      690,
      766,
      162,
      519,
      661,
      918,
      716,
      228,
      278,
      900,
      154,
      374,
      878,
      336,
      164,
      354,
      359,
      97,
      733,
      879,
      527,
      367,
      727,
      216,
      250,
      324,
      533,
      19,
      383,
      386
    ]
  ],
  "loss_predicts_minimas": false,
  "loss_ordering_violations": 0,
  "test_loss_ranks": [
    1,
    2
  ],
  "log_exp_r_n_ranks": [
    2,
    1
  ],
  "data_level_ranks": [
    2,
    1
  ],
  "accuracy_predicts_minimas": true,
  "accuracy_ordering_violations": 1,
  "log_exp_r_n_acc_ranks": [
    1,
    2
  ]
}