{
  "test_loss_values": [
    0.5179950767755508,
    0.5249489420652389,
    0.34018183052539824,
    0.4857225723564625,
    0.17315715551376343,
    0.21993917226791382,
    0.5431342154741288,
    0.42747425436973574
  ],
  "log_exp_r_n_values": [
    874641.5071786592,
    873979.8415329888,
    874641.5071782424,
    889923.4700736484,
    841034.9280891515,
    858138.3402015605,
    873979.8415329888,
    882666.1917341022
  ],
  "log_exp_r_n_acc_values": [
    -Infinity,
    -Infinity,
    -Infinity,
    -Infinity,
    -Infinity,
    -Infinity,
    -Infinity,
    -Infinity
  ],
  "model_data_levels": [
    200,
    100,
    2000,
    500,
    10000,
    5000,
    0,
    1000
  ],
  "loss_landscape_data_param": 500,
  "train_loss_values": [
    0.06712951511144638,
    0.11456187069416046,
    0.008287839591503143,
    0.0036726093385368586,
    0.0647224560379982,
    0.02955126389861107,
    0.17982330918312073,
    0.004597158636897802
  ],
  "num_params": 235146,
  "dataset_type": "data",
  "top_r_vals": [
    [
      41.2472527290287,
      41.244675895968534,
      41.131352273843696,
      39.85637388313417,
      39.80158899367505,
      38.436318981054775,
      38.41005687001275,
      37.06531533809393,
      37.03658630690134,
      35.634425957520016,
      34.42698476584324,
      34.42592839726787,
      34.369235173930015,
      34.36357234566534,
      33.087593952311025,
      33.079519328347146,
      31.912758443606073,
      31.863472266719903,
      31.85132560634615,
      31.814009702686395,
      31.766150658174173,
      30.67684734696369,
      30.66425338417215,
      30.607365739486724,
      30.599220217889258,
      30.596014411849005,
      29.35851950522749,
      29.33999641110014,
      28.26545099871215,
      28.233575028092723,
      28.21188878595237,
      28.205218144743817,
      28.1724739432085,
      27.07562324213941,
      27.065133584303968,
      27.061955364378818,
      27.047204815020798,
      27.01183413821053,
      25.918909173201907,
      25.889604841620358,
      24.85994243768727,
      24.81822353436343,
      24.771175460139204,
      24.71936780429092,
      23.6744075867718,
      23.67260085613763,
      22.662388327133716,
      22.638162376091895,
      22.61195440541126,
      21.60364509949145
    ],
    [
      41.131352273843696,
      39.83719504061066,
      38.470171898279084,
      38.44925791015379,
      38.4172924235657,
      37.03658630690134,
      35.73989354233282,
      35.72973868624195,
      35.71547379877462,
      35.634425957520016,
      34.36404208333103,
      34.36357234566534,
      33.1401092227982,
      33.13909234112223,
      33.08451830199601,
      31.90308922089271,
      31.863472266719903,
      31.827230721139408,
      30.67354713918307,
      30.61449981386596,
      30.53263231273949,
      29.36771906810844,
      29.35851950522749,
      28.27178251496174,
      28.233575028092723,
      28.21188878595237,
      28.20774826551097,
      28.205218144743817,
      28.200241352806746,
      28.19728688196005,
      28.15466544405444,
      27.09999186465067,
      27.065133584303968,
      27.01183413821053,
      27.010848498501556,
      25.93572602099004,
      25.922633567689264,
      25.918909173201907,
      25.908504023804444,
      24.85994243768727,
      24.81822353436343,
      24.77620501147506,
      24.71936780429092,
      23.703343623641924,
      22.618223913974017,
      22.61195440541126,
      22.610526667324923,
      22.608801127581856,
      21.620580318585112,
      21.60364509949145
    ],
    [
      41.2472527290287,
      39.80158899367505,
      39.72525669967842,
      38.44925791015379,
      38.436318981054775,
      38.395614763121515,
      37.108504461828524,
      37.06531533809393,
      34.42698476584324,
      34.36357234566534,
      34.3268527142228,
      33.17650858574042,
      33.12527066866999,
      33.118875566490594,
      33.079519328347146,
      31.824272227622632,
      30.67684734696369,
      30.63895371775353,
      30.591340562417727,
      30.57863293222452,
      28.260175918853058,
      28.24003438202318,
      28.233575028092723,
      28.22909360716901,
      28.2257787050832,
      28.214323028458875,
      28.21188878595237,
      28.1724739432085,
      28.17244020826494,
      28.15466544405444,
      28.13887393942072,
      27.09999186465067,
      27.037470984526955,
      27.01183413821053,
      26.96547332329809,
      25.933511604302726,
      25.918909173201907,
      25.90607436190157,
      25.903750691960905,
      25.896466598189008,
      25.889604841620358,
      24.762745538849636,
      24.760855750867098,
      23.767332621907435,
      23.72870946529523,
      23.704567008546977,
      23.703343623641924,
      23.68246700781704,
      22.644637068571253,
      21.572464884340437
    ],
    [
      44.0169049303916,
      42.67916670447874,
      41.2472527290287,
      41.21038638803412,
      39.85637388313417,
      39.821301138216505,
      39.77913021855287,
      37.07427159725021,
      37.07313399848179,
      37.06531533809393,
      37.05051722952443,
      37.012081310480006,
      36.96643982218726,
      34.4647975655861,
      34.36404208333103,
      34.36357234566534,
      33.11264299867744,
      33.087593952311025,
      31.863472266719903,
      31.832093394087714,
      31.814009702686395,
      31.783977786452084,
      30.67684734696369,
      30.66425338417215,
      30.599220217889258,
      30.569054045426363,
      30.53263231273949,
      29.422228143424757,
      29.417558051568058,
      29.414103589802423,
      29.399628895430407,
      29.395314056203063,
      29.359625969145995,
      29.358554660435605,
      28.26545099871215,
      28.24003438202318,
      28.221723409762376,
      28.205218144743817,
      27.07331149995497,
      27.047204815020798,
      27.027474997702914,
      26.96547332329809,
      25.97710528303519,
      25.884349270940522,
      24.819543733069647,
      24.79301179642298,
      24.760855750867098,
      23.675902503448462,
      23.6744075867718,
      22.644637068571253
    ],
    [
      35.75415842980015,
      35.73989354233282,
      35.72973868624195,
      34.44004000944578,
      34.411407658735975,
      34.391990392094485,
      33.1401092227982,
      33.06158636993858,
      31.91619197978103,
      31.907180200071394,
      30.583875118664135,
      30.583457053813934,
      30.550776712551443,
      29.413378282350827,
      29.377192471557848,
      29.33999641110014,
      28.236859746281656,
      28.21188878595237,
      27.103146252182167,
      27.094934290254514,
      27.05606365620477,
      27.05097203553197,
      27.027474997702914,
      26.96547332329809,
      25.959068712358906,
      25.92979373239766,
      25.89251065203037,
      25.873678326314757,
      24.820342718575063,
      24.81822353436343,
      24.81072680317589,
      24.807813315014535,
      24.791966248984252,
      24.785368376490307,
      24.768692675101867,
      24.76186696689739,
      24.760933776795362,
      23.714087031814223,
      23.700218024402794,
      23.69355356053588,
      23.64447046298547,
      22.662388327133716,
      22.644637068571253,
      22.639330784505866,
      22.618223913974017,
      22.608801127581856,
      21.571102780509015,
      20.636821351976444,
      20.581260656684957,
      20.557433940235985
    ],
    [
      38.45166009459989,
      38.436318981054775,
      37.08833073284924,
      37.06531533809393,
      37.03658630690134,
      35.6536929936172,
      34.45877323414092,
      34.42698476584324,
      33.12511438562553,
      33.079519328347146,
      31.819028718788026,
      30.67684734696369,
      30.63895371775353,
      30.58849695080991,
      30.550776712551443,
      29.413378282350827,
      29.407699791103518,
      29.399628895430407,
      29.33999641110014,
      28.26874104347112,
      28.26545099871215,
