{
  "test_loss_values": [
    0.08325700617133407,
    0.049876850040163845,
    0.0023379078455036508
  ],
  "log_exp_r_n_values": [
    4698.268899442979,
    5528.162963644606,
    5553.998967800316
  ],
  "log_exp_r_n_acc_values": [
    -Infinity,
    -Infinity,
    -Infinity
  ],
  "model_data_levels": [
    180,
    380,
    780
  ],
  "loss_landscape_data_param": 180,
  "train_loss_values": [
    4.23861165472772e-05,
    4.59152324765455e-05,
    3.195813769707456e-05
  ],
  "num_params": 4353,
  "dataset_type": "data",
  "top_r_vals": [
    [
      2.947343789513118,
      2.476395487797503,
      2.4370994299312674,
      2.436109420049314,
      2.427569425637571,
      2.421653252476978,
      2.421502629344214,
      2.419629956663732,
      2.411967847824292,
      2.3704700506946144,
      2.2241884341909866,
      2.211969801217071,
      2.203212769563533,
      2.200868969121255,
      2.1912115428073347,
      2.189920472704675,
      2.186825334533187,
      2.1784632659155476,
      2.1757802411544422,
      2.1717352748902377,
      2.1567352547133267,
      2.146899010524277,
      1.9754196873806829,
      1.9745245463458174,
      1.9652721310450032,
      1.9650730358412194,
      1.9636035557608624,
      1.9616560222250925,
      1.9593269457903197,
      1.9588788128570571,
      1.9584241559001678,
      1.955699588653811,
      1.9549756469975665,
      1.9543005230353574,
      1.9530170901115305,
      1.9530112409868996,
      1.9505458349549598,
      1.9482151837558634,
      1.9466028500547123,
      1.945950447692031,
      1.9440101130788836,
      1.9429338741467912,
      1.9414486464231973,
      1.9396970585625635,
      1.938120719474526,
      1.9374471702766405,
      1.9365936480131876,
      1.9340339810881568,
      1.9327278265648022,
      1.9323231121336077
    ],
    [
      3.5663872804341064,
      3.5112605971130186,
      3.2555485478153936,
      3.2464889714747303,
      3.2361397448881175,
      3.2339213806905867,
      3.221747504340278,
      3.0298917856207677,
      2.9655349493245673,
      2.7476696539455485,
      2.7318338924081416,
      2.7127542564813227,
      2.7048858838742547,
      2.6987879729467985,
      2.6800069428502202,
      2.674236906729065,
      2.6694813208633055,
      2.6687959909025554,
      2.6662125367070333,
      2.6485138359805447,
      2.638828295881001,
      2.483541375191258,
      2.4793933377607957,
      2.466445087595943,
      2.4631895484297686,
      2.454641404632111,
      2.4515201898268715,
      2.447506757770652,
      2.4464788110922,
      2.444060129555449,
      2.4423706775513883,
      2.4391882018451367,
      2.4370994299312674,
      2.434466616254281,
      2.433828997059801,
      2.433124215684854,
      2.4324992420892064,
      2.4311042920312964,
      2.428806165203418,
      2.4280440571137616,
      2.4269866040380332,
      2.422382482009669,
      2.4223732085705247,
      2.4215796269904404,
      2.4205837158290313,
      2.4189962716555553,
      2.4184418324000645,
      2.4171857029160075,
      2.4060168290135815,
      2.403206695939629
    ],
    [
      3.5876175041965492,
      3.5773310004028915,
      3.5663872804341064,
      3.2994320716386962,
      3.2884988667052473,
      3.2854000138647765,
      3.2655334472656254,
      3.255712438512732,
      3.2428490909529324,
      3.2205836920090665,
      3.1966409565489973,
      3.015700271088011,
      3.0130257164260685,
      3.010736673878792,
      3.0014785472354943,
      2.977736424918127,
      2.9765376641840104,
      2.976512260892394,
      2.971557245876288,
      2.966114762291326,
      2.9620948630368855,
      2.959198544504886,
      2.958061232273463,
      2.949930462517577,
      2.9486314617678926,
      2.9474244621283865,
      2.9379428551764093,
      2.933212350332157,
      2.9329160930258733,
      2.9188375201544927,
      2.760564506132985,
      2.740965501567124,
      2.7404775815087437,
      2.7360025418922502,
      2.7325077016017185,
      2.7282148146553933,
      2.715094840449955,
      2.7104320434657505,
      2.709935093616883,
      2.7068506417353784,
      2.7049055003156575,
      2.7035557023239027,
      2.701960231756486,
      2.7007602037379805,
      2.6959825104541317,
      2.6940037408491486,
      2.689460822117961,
      2.6879105005029786,
      2.6739722404561723,
      2.6726622980913946
    ]
  ],
  "top_r_val_seeds": [
    [
      813,
      185,
      344,
      145,
      321,
      557,
      49,
      284,
      407,
      50,
      777,
      129,
      725,
      420,
      280,
      635,
      978,
      214,
      888,
      697,
      809,
      274,
      384,
      871,
      124,
      238,
      157,
      523,
      203,
      706,
      285,
      519,
      607,
      130,
      645,
      787,
      267,
      438,
      716,
      592,
      42,
      824,
      953,
      469,
      105,
      783,
      860,
      881,
      176,
      186
    ],
    [
      561,
      687,
      700,
      204,
      186,
      897,
      403,
      857,
      321,
      667,
      357,
      641,
      30,
      642,
      793,
      2,
      703,
      537,
      385,
      604,
      483,
      966,
      948,
      690,
      586,
      238,
      782,
      473,
      601,
      576,
      18,
      858,
      344,
      215,
      507,
      62,
      639,
      144,
      82,
      529,
      824,
      444,
      220,
      484,
      247,
      108,
      479,
      717,
      32,
      175
    ],
    [
      641,
      796,
      561,
      699,
      861,
      867,
      642,
      42,
      372,
      323,
      531,
      722,
      690,
      129,
      57,
      970,
      112,
      978,
      639,
      529,
      394,
      444,
      204,
      998,
      186,
      325,
      435,
      856,
      361,
      231,
      506,
      655,
      371,
      434,
      656,
      896,
      523,
      364,
      485,
      519,
      593,
      121,
      848,
      467,
      62,
      213,
      214,
      88,
      79,
      897
    ]
  ],
  "loss_predicts_minimas": false,
  "loss_ordering_violations": 0,
  "test_loss_ranks": [
    1,
    2,
    3
  ],
  "log_exp_r_n_ranks": [
    3,
    2,
    1
  ],
  "data_level_ranks": [
    3,
    2,
    1
  ],
  "accuracy_predicts_minimas": true,
  "accuracy_ordering_violations": 2,
  "log_exp_r_n_acc_ranks": [
    1,
    2,
    3
  ]
}