{
  "test_loss_values": [
    0.5169145303964615,
    0.5351147130131721,
    0.34629110544919967,
    0.5063655525445938,
    0.17210252583026886,
    0.22264325022697448,
    0.5634837165474892,
    0.446678626537323
  ],
  "log_exp_r_n_values": [
    -Infinity,
    -Infinity,
    744511.4892873279,
    -Infinity,
    579547.5902361361,
    699421.376098559,
    -Infinity,
    -Infinity
  ],
  "log_exp_r_n_acc_values": [
    -Infinity,
    -Infinity,
    -Infinity,
    -Infinity,
    -Infinity,
    -Infinity,
    -Infinity,
    -Infinity
  ],
  "model_data_levels": [
    200,
    100,
    2000,
    500,
    10000,
    5000,
    0,
    1000
  ],
  "loss_landscape_data_param": 2000,
  "train_loss_values": [
    0.31863853335380554,
    0.35622331500053406,
    0.011023921892046928,
    0.28249529004096985,
    0.07343749701976776,
    0.032667871564626694,
    0.40633609890937805,
    0.16439484059810638
  ],
  "num_params": 235146,
  "dataset_type": "data",
  "top_r_vals": [
    [
      0.0,
      0.0,
      0.0,
      0.0,
      0.0,
      0.0,
      0.0,
      0.0,
      0.0,
      0.0,
      0.0,
      0.0,
      0.0,
      0.0,
      0.0,
      0.0,
      0.0,
      0.0,
      0.0,
      0.0,
      0.0,
      0.0,
      0.0,
      0.0,
      0.0,
      0.0,
      0.0,
      0.0,
      0.0,
      0.0,
      0.0,
      0.0,
      0.0,
      0.0,
      0.0,
      0.0,
      0.0,
      0.0,
      0.0,
      0.0,
      0.0,
      0.0,
      0.0,
      0.0,
      0.0,
      0.0,
      0.0,
      0.0,
      0.0,
      0.0
    ],
    [
      0.0,
      0.0,
      0.0,
      0.0,
      0.0,
      0.0,
      0.0,
      0.0,
      0.0,
      0.0,
      0.0,
      0.0,
      0.0,
      0.0,
      0.0,
      0.0,
      0.0,
      0.0,
      0.0,
      0.0,
      0.0,
      0.0,
      0.0,
      0.0,
      0.0,
      0.0,
      0.0,
      0.0,
      0.0,
      0.0,
      0.0,
      0.0,
      0.0,
      0.0,
      0.0,
      0.0,
      0.0,
      0.0,
      0.0,
      0.0,
      0.0,
      0.0,
      0.0,
      0.0,
      0.0,
      0.0,
      0.0,
      0.0,
      0.0,
      0.0
    ],
    [
      23.716797873731885,
      20.610077342783327,
      20.569617394169686,
      20.542342261519597,
      19.633182302056767,
      19.618193925816268,
      19.609532084495974,
      19.573412514440925,
      19.565626104770082,
      19.563068857951823,
      18.659614135868573,
      18.614615168168942,
      18.610041544872757,
      18.59891341069182,
      18.58647835955157,
      17.71394394805963,
      17.692192347548634,
      17.68757317868788,
      17.682935092488982,
      17.67410959785284,
      17.659092569720855,
      17.635648423838333,
      16.806548739354998,
      16.791745153172673,
      16.779777373693463,
      16.77912011641071,
      16.763053710055903,
      16.747730014980487,
      16.73961399527548,
      16.71151334522186,
      15.901166836952507,
      15.881385953302157,
      15.876609018711648,
      15.867575488841032,
      15.86685839934992,
      15.013493249182817,
      15.009921087327292,
      14.999015798279983,
      14.998241704008965,
      14.988074636571334,
      14.16189244057126,
      13.34632823945344,
      13.338186202628789,
      13.336944168563598,
      12.550722361809045,
      12.526263541324713,
      12.52109953031489,
      12.5210450809323,
      11.764416075129693,
      11.75442649914711
    ],
    [
      0.0,
      0.0,
      0.0,
      0.0,
      0.0,
      0.0,
      0.0,
      0.0,
      0.0,
      0.0,
      0.0,
      0.0,
      0.0,
      0.0,
      0.0,
      0.0,
      0.0,
      0.0,
      0.0,
      0.0,
      0.0,
      0.0,
      0.0,
      0.0,
      0.0,
      0.0,
      0.0,
      0.0,
      0.0,
      0.0,
      0.0,
      0.0,
      0.0,
      0.0,
      0.0,
      0.0,
      0.0,
      0.0,
      0.0,
      0.0,
      0.0,
      0.0,
      0.0,
      0.0,
      0.0,
      0.0,
      0.0,
      0.0,
      0.0,
      0.0
    ],
    [
      11.759311312193379,
      11.751604179177532,
      11.02537091237536,
      10.991747632586222,
      10.307260301913194,
      10.304109255047369,
      10.298717737384512,
      10.289970374252455,
      10.28827495290301,
      9.620259328007815,
      9.618104853728441,
      9.617542974569771,
      9.612915023649972,
      9.612314477538447,
      9.599370110899189,
      9.586816642986447,
      9.585903740396391,
      9.580723577056135,
      9.580406991379638,
      8.949579277567418,
      8.935323378687023,
      8.929529672620129,
      8.92273261553651,
      8.915151304242732,
      8.294127146435105,
      8.281521877012262,
      8.276580728089845,
      8.273162296963974,
      8.265872213883291,
      7.666063346043037,
      7.660299541823733,
      7.659945535297353,
      7.658847392603276,
      7.658123003738412,
      7.652964622925447,
      7.652187253492008,
      7.6511550956878835,
      7.646976855393535,
      7.645968779666034,
      7.629434507497194,
      7.059781328517587,
      7.059214936570414,
      7.0562706749829545,
      7.051937066377742,
      6.478644136979012,
      6.47043872845871,
      6.468391452942565,
      5.928082756723907,
      5.92061675195426,
      5.9181759498753985
    ],
    [
      19.57845795994735,
      17.657977559554997,
      16.77081419893541,
      16.729605327793177,
      15.902877664665981,
      15.889744340420696,
      15.870556703508118,
      15.85707681929986,
      15.854464136697148,
      15.846085774940974,
      15.828116590924155,
      15.028288833950691,
      15.027410897765268,
      15.020179724453081,
      15.01354800219223,
      14.979401004666324,
      14.969385924030684,
      14.183448197158253,
      14.16904502848038,
      14.163555646652505,
      14.13513059060515,
      13.36912459982293,
      13.35734877414539,
      13.339173955395498,
      13.333818942307673,
      13.33313078829858,
      13.329020326912563,
      13.327623877801429,
      13.317695158189759,
      12.550054765031186,
      12.547068729325016,
      12.53734359612131,
      12.527155248604833,
      11.778476575508176,
      11.776243750866803,
      11.772991899125419,
      11.772701594893439,
      11.767198404210172,
      11.764416075129693,
      11.757991612853104,
      11.73101849872769,
      11.030023338391276,
      10.300656195051252,
      10.299697011718996,
      10.296317834763336,
      10.28665211840033,
      10.283442094721506,
      9.609146808260052,
      9.590420523826735,
      9.586425140088792
    ],
    [
      0.0,
      0.0,
      0.0,
      0.0,
      0.0,
      0.0,
      0.0,
      0.0,
      0.0,
      0.0,
      0.0,
      0.0,
      0.0,
      0.0,
      0.0,
      0.0,
      0.0,
      0.0,
      0.0,
      0.0,
      0.0,
      0.0,
      0.0,
      0.0,
      0.0,
      0.0,
      0.0,
      0.0,
      0.0,
      0.0,
      0.0,
      0.0,
      0.0,
      0.0,
      0.0,
      0.0,
      0.0,
      0.0,
      0.0,
      0.0,
      0.0,
      0.0,
      0.0,
      0.0,
      0.0,
      0.0,
      0.0,
      0.0,
      0.0,
      0.0
    ],
    [
      0.0,
      0.0,
      0.0,
      0.0,
      0.0,
      0.0,
      0.0,
      0.0,
      0.0,
      0.0,
      0.0,
      0.0,
      0.0,
      0.0,
      0.0,
      0.0,
      0.0,
      0.0,
      0.0,
      0.0,
      0.0,
      0.0,
      0.0,
      0.0,
      0.0,
      0.0,
      0.0,
      0.0,
      0.0,
      0.0,
      0.0,
      0.0,
      0.0,
      0.0,
      0.0,
      0.0,
      0.0,
      0.0,
      0.0,
      0.0,
      0.0,
      0.0,
      0.0,
      0.0,
      0.0,
      0.0,
      0.0,
      0.0,
      0.0,
      0.0
    ]
  ],