{
  "test_loss_values": [
    0.00233966532981508
  ],
  "log_exp_r_n_values": [
    101146.2780674064
  ],
  "log_exp_r_n_acc_values": [
    -Infinity
  ],
  "model_data_levels": [
    6398
  ],
  "loss_landscape_data_param": 6398,
  "train_loss_values": [
    0.0021926104091107845
  ],
  "num_params": 73097,
  "dataset_type": "data",
  "top_r_vals": [
    [
      4.005731587896006,
      3.9982706145259415,
      3.994609177714647,
      3.99428320850551,
      3.99379492725551,
      3.9926874390208913,
      3.99222471519169,
      3.991960173467631,
      3.9914804113578977,
      3.989957278753444,
      3.989954588498623,
      3.989923202192379,
      3.9897716511707992,
      3.989577056072085,
      3.98838527318641,
      3.9876925325700188,
      3.987660697887971,
      3.987545465306474,
      3.9873100680096423,
      3.987176900396006,
      3.98697826991506,
      3.986849137683655,
      3.98678681344697,
      3.9862967386937562,
      3.9861680548381546,
      3.9855596088728196,
      3.9852999992825993,
      3.9848045440197435,
      3.984742668158862,
      3.984617571309688,
      3.9845126513716718,
      3.9844530173898076,
      3.9843350945534897,
      3.9841396027031686,
      3.9840248184974754,
      3.9839728069042706,
      3.9838445714244726,
      3.9836939171545,
      3.983592584222911,
      3.983528914858816,
      3.9834105436466944,
      3.983277824408862,
      3.98314779542585,
      3.983028975837925,
      3.982970238607668,
      3.9828388644972454,
      3.982242524678605,
      3.982066312987833,
      3.982036720184803,
      3.982033133178375
    ]
  ],
  "top_r_val_seeds": [
    [
      178,
      94,
      264,
      131,
      79,
      333,
      182,
      375,
      479,
      422,
      22,
      66,
      46,
      155,
      408,
      298,
      300,
      429,
      400,
      412,
      125,
      223,
      169,
      140,
      435,
      19,
      371,
      377,
      475,
      301,
      224,
      469,
      369,
      438,
      156,
      82,
      61,
      365,
      147,
      499,
      378,
      85,
      267,
      173,
      482,
      229,
      186,
      288,
      420,
      414
    ]
  ],
  "loss_predicts_minimas": true,
  "loss_ordering_violations": 0,
  "test_loss_ranks": [
    1
  ],
  "log_exp_r_n_ranks": [
    1
  ],
  "data_level_ranks": [
    1
  ],
  "accuracy_predicts_minimas": true,
  "accuracy_ordering_violations": 0,
  "log_exp_r_n_acc_ranks": [
    1
  ]
}