{
  "test_loss_values": [
    2.7898260620830113
  ],
  "log_exp_r_n_values": [
    11835.834790391042
  ],
  "log_exp_r_n_acc_values": [
    -Infinity
  ],
  "model_data_levels": [
    0
  ],
  "loss_landscape_data_param": 200,
  "train_loss_values": [
    2.3100430965423584
  ],
  "num_params": 4353,
  "dataset_type": "data",
  "top_r_vals": [
    [
      15.178881397695733,
      11.203481971398325,
      10.192289322054249,
      8.31977326805312,
      7.394432285148081,
      7.386267683263272,
      6.676290435831227,
      6.454975641196583,
      6.045603244763846,
      5.9670215028182385,
      5.785373962367666,
      5.759405495616497,
      5.171924717694692,
      4.990030341740786,
      4.915164391141697,
      4.614671131400263,
      4.329323317311305,
      4.259248019849846,
      4.143728998250352,
      3.994805247839173,
      3.9654507668782775,
      3.8454025358410213,
      3.767212102305008,
      3.654697346073903,
      3.581987411948117,
      3.4508636592673754,
      3.4174958392965844,
      3.3802155585920555,
      3.3346769359047737,
      3.2731643488377697,
      3.1191060481064365,
      2.9284793147265544,
      2.8795104756999574,
      2.73585384076996,
      2.7146214850135815,
      2.6740847297421246,
      2.5321547946311225,
      2.3951265454643833,
      2.3708623436091156,
      2.1994860006723878,
      1.9976450614980152,
      1.8887173673063078,
      1.8325792213254657,
      1.7864274200744108,
      1.7213937463892544,
      1.6914207986139291,
      1.493693117272874,
      1.4491385533939547,
      1.171586899566359,
      1.1232423329506678
    ]
  ],
  "top_r_val_seeds": [
    [
      5,
      16,
      2,
      46,
      8,
      22,
      37,
      47,
      25,
      3,
      24,
      7,
      18,
      27,
      21,
      28,
      42,
      50,
      17,
      26,
      44,
      14,
      35,
      38,
      34,
      15,
      43,
      29,
      19,
      11,
      4,
      31,
      36,
      1,
      49,
      33,
      41,
      12,
      20,
      13,
      10,
      9,
      45,
      39,
      30,
      48,
      23,
      40,
      6,
      32
    ]
  ],
  "test_acc_values": [
    0.81875
  ],
  "loss_predicts_minimas": true,
  "loss_ordering_violations": 0,
  "test_loss_ranks": [
    1
  ],
  "log_exp_r_n_ranks": [
    1
  ],
  "data_level_ranks": [
    1
  ],
  "accuracy_predicts_minimas": true,
  "accuracy_ordering_violations": 0,
  "log_exp_r_n_acc_ranks": [
    1
  ]
}