{
  "test_loss_values": [
    0.33898308899226814,
    0.34084387868642807,
    0.4170390669042149,
    0.3053391695022583,
    0.34681518878787754,
    0.31069409251213076
  ],
  "log_exp_r_n_values": [
    596298.135969227,
    597486.3881301143,
    597486.3881301143,
    566964.7296774746,
    597578.1423803836,
    534553.1653108809
  ],
  "log_exp_r_n_acc_values": [
    -Infinity,
    -Infinity,
    -Infinity,
    -Infinity,
    -Infinity,
    -Infinity
  ],
  "model_data_levels": [
    100,
    1000,
    200,
    3000,
    500,
    6000
  ],
  "loss_landscape_data_param": 0,
  "train_loss_values": [
    2.5585077310097404e-06,
    2.8195558115839958e-05,
    4.74254235882654e-08,
    0.00016761233564466238,
    5.014304861106211e-06,
    0.0003217334160581231
  ],
  "num_params": 235146,
  "dataset_type": "data",
  "top_r_vals": [
    [
      12.627662355882054,
      11.163964810121815,
      11.161987753063304,
      11.15911044146185,
      11.15592347032111,
      11.154757693232037,
      11.154205630523991,
      11.154141877089431,
      11.152552244748623,
      11.151344432427974,
      11.148781684476154,
      11.1483795474274,
      11.147819778260232,
      11.147297840801482,
      11.147199058007276,
      11.143788599551984,
      11.141756196105229,
      11.138436113397828,
      11.137300461558054,
      11.13658306027247,
      11.135649177544265,
      11.135293279250245,
      11.131342668069188,
      11.131120581929022,
      11.131100965487619,
      11.130513172832732,
      11.130124346940644,
      11.129974421281352,
      11.129968115996615,
      11.12962973238242,
      11.129429364445235,
      11.129295552291381,
      11.128552929866851,
      11.128375681307034,
      11.127590323063735,
      11.125595050738207,
      11.124234510409494,
      11.123733590566532,
      11.123421829265668,
      11.122592334029214,
      11.12143846692242,
      11.121232494287693,
      11.121117597988048,
      11.120318928588084,
      11.119289766001637,
      11.116605816465437,
      11.115933953347396,
      11.115703460160914,
      11.113715193707316,
      11.108925279069101
    ],
    [
      12.691634622742578,
      12.689126109580657,
      12.679709819151109,
      12.678753284103664,
      12.678098854708704,
      12.677482686715642,
      12.66499432455872,
      12.661216011121315,
      12.65845481328436,
      12.657615453780227,
      12.648227062289564,
      12.647462631364148,
      12.642143499387819,
      12.640139558463424,
      12.636400303540457,
      12.624663618508317,
      11.170201437313477,
      11.160154316379348,
      11.154205630523991,
      11.15359331731735,
      11.152549442399852,
      11.152530526545641,
      11.151822232893567,
      11.151176291501665,
      11.149398201205953,
      11.1489561306872,
      11.148781684476154,
      11.1483795474274,
      11.148163065984777,
      11.147879328171632,
      11.14747088583814,
      11.146821441510275,
      11.146532098999584,
      11.145326388440514,
      11.145239515628587,
      11.143788599551984,
      11.143620458625675,
      11.14275803579115,
      11.142752431093607,
      11.142733515239398,
      11.141966372263115,
      11.14124126451841,
      11.140497240919494,
      11.139879323015311,
      11.139397319026559,
      11.139294332709195,
      11.138866273934301,
      11.137300461558054,
      11.136684645415448,
      11.135853048417413
    ],
    [
      12.691634622742578,
      12.689126109580657,
      12.682605729007246,
      12.67679716993164,
      12.673466036628916,
      12.672954290378534,
      12.672746244005715,
      12.670126135088259,
      12.666475359657179,
      12.66578665442302,
      12.665368170339763,
      12.663166545505563,
      12.657483133098665,
      12.654867806856444,
      12.654561715641263,
      12.654216565911643,
      12.654023664677075,
      12.653641847770638,
      12.650501224364863,
      12.648227062289564,
      12.647462631364148,
      12.645680287725744,
      12.633061199112337,
      11.169205202325099,
      11.160922159942825,
      11.159550410219023,
      11.15911044146185,
      11.158568887561698,
      11.157431834547536,
      11.153989149081369,
      11.152549442399852,
      11.152530526545641,
      11.151822232893567,
      11.149398201205953,
      11.149260185528941,
      11.148998165918776,
      11.148520365453184,
      11.1483795474274,
      11.148163065984777,
      11.14747088583814,
      11.147297840801482,
      11.146532098999584,
      11.146489363180814,
      11.146007359192064,
      11.145729926663654,
      11.144917946107023,
      11.144482881460199,
      11.143788599551984,
      11.143598039835501,
      11.142860321521322
    ],
    [
      11.146709347559401,
      11.143435503606735,
      11.142860321521322,
      11.140143444387054,
      11.139397319026559,
      11.131100965487619,
      11.128552929866851,
      11.12674191197307,
      11.125595050738207,
      11.124857332424028,
      11.123293621809358,
      11.11999035319459,
      11.117384869423999,
      11.115933953347396,
      11.114763972735165,
      11.111258935008825,
      11.109497658805743,
      11.108500723230172,
      9.731555812225798,
      9.730486585393075,
      9.728509858388975,
      9.725862423457272,
      9.720825095673437,
      9.720353342053748,
      9.71936284253919,
      9.71703275803729,
      9.715112177647693,
      9.715093258679762,
      9.71447625620951,
      9.714060038915038,
      9.713913569485898,
      9.713612696866873,
      9.711477294647871,
      9.711288715257854,
      9.71059908836232,
      9.71053500798707,
      9.71050998612626,
      9.710120011271176,
      9.708817653930407,
      9.708741978058685,
      9.708082865627555,
      9.706580333400295,
      9.70657545108599,
      9.706558973275211,
      9.706197682016667,
      9.705951125144281,
      9.70589070650476,
      9.705707619718336,
      9.705259057091595,
      9.70514005068042
    ],
    [
      12.69658788006326,
      12.678098854708704,
      12.677482686715642,
      12.669954755892258,
      12.667844001887564,
      12.661216011121315,
      12.65845481328436,
      12.657615453780227,
      12.648227062289564,
      12.647462631364148,
      12.645040206356496,
      12.640139558463424,
      12.635376013927152,
      12.624663618508317,
      11.161409768629118,
      11.160154316379348,
      11.158568887561698,
      11.153989149081369,
      11.152552244748623,
      11.152530526545641,
      11.151822232893567,
      11.151344432427974,
      11.151176291501665,
      11.150791669132735,
      11.150176553577323,
      11.148998165918776,
      11.1489561306872,
      11.148163065984777,
      11.147879328171632,
      11.14747088583814,
      11.147371402456741,
      11.146821441510275,
      11.146532098999584,
      11.144276208238278,
      11.143788599551984,
      11.143620458625675,
      11.143435503606735,
      11.14275803579115,
      11.142733515239398,
      11.140128031468809,
      11.139879323015311,
      11.139676152729354,
      11.139294332709195,
      11.138920219148158,
      11.138866273934301,
      11.137300461558054,
      11.137212187571741,
      11.136684645415448,
      11.135853048417413,
      11.135084504266745
    ],
    [
      9.711477294647871,
      9.707170483141871,
      9.706669435636355,
      9.697666448058557,
      9.696425729935884,
      9.69162946642084,
      9.687834077338254,
      9.686747152116178,
      9.68321357713818,
      9.68219439402708,
      9.677606849448562,
      9.674743982398164,
      9.673959760662978,
      8.390984348296731,
      8.386075252878973,
      8.382854793670411,
      8.381731842698013,
      8.378461918919907,
      8.378047784704687,
      8.376803803402558,
      8.376789595494284,
      8.37589870702368,
      8.374436871128028,
      8.374008529004536,
      8.373251300115465,
      8.372914520067509,
