{
  "test_loss_values": [
    0.17861910164356232
  ],
  "log_exp_r_n_values": [
    597811.7369971062
  ],
  "log_exp_r_n_acc_values": [
    -Infinity
  ],
  "model_data_levels": [
    59940
  ],
  "loss_landscape_data_param": 59940,
  "train_loss_values": [
    1.077005344995996e-05
  ],
  "num_params": 235146,
  "dataset_type": "data",
  "top_r_vals": [
    [
      12.709206968676668,
      12.703167246964597,
      12.689485607335987,
      12.680192072237528,
      12.676084551321296,
      12.672916028976637,
      12.671428616977861,
      12.667864726813592,
      12.662041022599736,
      12.659759686511581,
      12.65845481328436,
      12.654561715641263,
      12.652061970717275,
      12.642600244872973,
      12.639283459595962,
      12.63517275022957,
      12.63405360422406,
      12.631101099377616,
      11.161987753063304,
      11.16141957684982,
      11.160605494531609,
      11.159550410219023,
      11.154756992644844,
      11.154300910382233,
      11.153989149081369,
      11.153543575626651,
      11.153414667583148,
      11.152549442399852,
      11.151937829780405,
      11.151206416750963,
      11.151125849223773,
      11.150791669132735,
      11.150577289451691,
      11.150176553577323,
      11.149586659160857,
      11.148998165918776,
      11.14805447496987,
      11.147879328171632,
      11.147371402456741,
      11.147325864289199,
      11.147297840801482,
      11.147199058007276,
      11.146709347559401,
      11.14636956277082,
      11.146232247681,
      11.144917946107023,
      11.144482881460199,
      11.144432439182307,
      11.144405116281781,
      11.143788599551984
    ]
  ],
  "top_r_val_seeds": [
    [
      384,
      173,
      329,
      323,
      52,
      153,
      321,
      62,
      491,
      437,
      271,
      55,
      236,
      265,
      180,
      91,
      494,
      104,
      182,
      472,
      140,
      242,
      383,
      456,
      88,
      424,
      99,
      469,
      496,
      450,
      268,
      324,
      158,
      119,
      350,
      225,
      342,
      391,
      417,
      35,
      184,
      178,
      334,
      325,
      288,
      87,
      249,
      85,
      122,
      66
    ]
  ],
  "loss_predicts_minimas": true,
  "loss_ordering_violations": 0,
  "test_loss_ranks": [
    1
  ],
  "log_exp_r_n_ranks": [
    1
  ],
  "data_level_ranks": [
    1
  ],
  "accuracy_predicts_minimas": true,
  "accuracy_ordering_violations": 0,
  "log_exp_r_n_acc_ranks": [
    1
  ]
}