{
  "test_loss_values": [
    0.5053501403331757,
    0.5096367439627647,
    0.35040210038423536,
    0.4788105472922325,
    0.17469313740730286,
    0.22900671362876893,
    0.5299291774630547,
    0.4397405803203583
  ],
  "log_exp_r_n_values": [
    882470.6175419496,
    882470.6175419496,
    866118.6115169339,
    882337.1842337963,
    830013.6382563455,
    849320.6830138369,
    883628.0139554323,
    866545.3377621077
  ],
  "log_exp_r_n_acc_values": [
    -Infinity,
    -Infinity,
    -Infinity,
    -Infinity,
    -Infinity,
    -Infinity,
    -Infinity,
    -Infinity
  ],
  "model_data_levels": [
    200,
    100,
    2000,
    500,
    10000,
    5000,
    0,
    1000
  ],
  "loss_landscape_data_param": 200,
  "train_loss_values": [
    0.0029656507540494204,
    0.061397846788167953,
    0.012193283997476101,
    0.003915416542440653,
    0.0740957111120224,
    0.03670095279812813,
    0.12853573262691498,
    0.005542897153645754
  ],
  "num_params": 235146,
  "dataset_type": "data",
  "top_r_vals": [
    [
      42.643684606642914,
      42.619493364616496,
      41.261819353742055,
      41.084710040022266,
      39.7737646494239,
      38.470171898279084,
      38.40282856651348,
      38.36947106962261,
      37.114992038411536,
      37.040348774959185,
      37.00648889358362,
      35.73824188948334,
      35.72973868624195,
      35.65563228124862,
      35.6536929936172,
      34.442191711011176,
      34.3268527142228,
      33.12997791396919,
      33.106422933507844,
      33.06590811706145,
      33.04262819475834,
      31.931214953296088,
      31.88983412764987,
      31.863472266719903,
      31.84688987047039,
      31.819028718788026,
      31.805242459703756,
      30.67684734696369,
      30.64119816729493,
      30.63895371775353,
      29.42895944064135,
      29.414103589802423,
      29.3844122411398,
      29.36771906810844,
      28.26545099871215,
      28.221723409762376,
      28.176280665260975,
      27.074751657457206,
      27.07341023415725,
      27.05606365620477,
      27.02799590573564,
      25.92979373239766,
      25.899179992421477,
      25.884349270940522,
      25.87364734404888,
      24.791966248984252,
      24.778985855558364,
      23.672703799501594,
      21.60364509949145,
      20.52012705136446
    ],
    [
      42.643684606642914,
      41.18700823860094,
      39.851263698070134,
      39.68020895363625,
      38.470171898279084,
      38.390435808123534,
      37.114992038411536,
      37.043544774777835,
      37.040348774959185,
      35.73824188948334,
      35.72973868624195,
      35.67773521652409,
      35.67303193840986,
      35.6536929936172,
      34.347280890955886,
      34.3268527142228,
      33.154747734629495,
      33.12997791396919,
      33.06590811706145,
      33.04262819475834,
      31.931214953296088,
      31.88983412764987,
      31.845342474132348,
      30.64119816729493,
      30.63895371775353,
      30.583457053813934,
      29.46204419202394,
      29.413378282350827,
      29.39807096462877,
      29.3844122411398,
      29.359625969145995,
      28.26545099871215,
      28.24003438202318,
      28.2257787050832,
      28.190358789866416,
      28.18126811033812,
      28.176280665260975,
      27.058067279585543,
      25.934891130456972,
      25.933606181745922,
      25.9169899033632,
      25.899179992421477,
      25.884349270940522,
      24.814665552034622,
      24.791966248984252,
      24.7609634266481,
      24.760933776795362,
      23.689934131536297,
      20.58714705909588,
      19.531352339192825
    ],
    [
      39.779010037816434,
      38.30013397310043,
      37.10374659484832,
      37.05749667770608,
      37.03159066312937,
      35.77137157378247,
      34.4647975655861,
      34.3984519908598,
      34.345412763741656,
      33.10978614462467,
      33.083880667174604,
      33.06338466683686,
      31.87762933969347,
      31.783977786452084,
      30.65342800908791,
      30.632492014953648,
      30.63052691750109,
      30.583875118664135,
      30.57020613197208,
      30.550776712551443,
      29.475911996487476,
      29.437713087461496,
      29.42895944064135,
      29.39664255301491,
      29.36771906810844,
      29.36066767347061,
      28.27178251496174,
      28.225082699931818,
      28.221723409762376,
      28.19728688196005,
      28.190358789866416,
      28.185714020794926,
      27.074562700621804,
      27.072579505007024,
      25.934891130456972,
      25.922633567689264,
      25.908504023804444,
      24.814665552034622,
      24.791966248984252,
      24.785368376490307,
      24.778985855558364,
      24.771175460139204,
      24.76430917845203,
      24.7609634266481,
      23.72753382224013,
      23.71233102689563,
      23.672675452778183,
      22.683515146101897,
      21.60364509949145,
      19.531352339192825
    ],
    [
      42.619493364616496,
      39.85637388313417,
      39.80158899367505,
      38.46523944510555,
      38.390435808123534,
      38.30013397310043,
      37.114992038411536,
      37.040348774959185,
      37.01136798010473,
      36.986427059565166,
      35.73824188948334,
      35.72973868624195,
      35.70875258289327,
      35.67303193840986,
      34.391990392094485,
      34.347280890955886,
      33.154747734629495,
      33.12997791396919,
      33.04372009229566,
      33.04262819475834,
      31.88983412764987,
      31.819028718788026,
      31.80637093656686,
      30.691286960107732,
      30.63895371775353,
      30.626174804613512,
      30.610236323020363,
      30.57020613197208,
      29.46204419202394,
      29.409877563732415,
      29.3844122411398,
      29.36771906810844,
      28.26545099871215,
      28.238928230979013,
      28.2257787050832,
      27.07562324213941,
      27.05606365620477,
      27.014498259358287,
      25.934891130456972,
      25.933606181745922,
      25.92979373239766,
      25.899179992421477,
      25.890103819165514,
      25.884349270940522,
      24.791966248984252,
      24.778985855558364,
      24.760933776795362,
      23.672703799501594,
      21.60364509949145,
      20.52012705136446
    ],
    [
      34.11702735696759,
      33.52053275756783,
      32.837407358168356,
      32.6487900219827,
      31.40441316972902,
      30.56607118708179,
      29.46248560308091,
      29.41684484865813,
      29.10647366018264,
      28.70795009883326,
      28.63225939397484,
      28.432540518736214,
      28.2225610446699,
      28.011948815369426,
      28.0052839297631,
      27.986420048990432,
      27.96083668127587,
      27.49205141681248,
      27.484475210697155,
      27.349071392774214,
      26.639054066735653,
      26.57990703237549,
      26.219610589458952,
      25.666784895804565,
      25.514389527910925,
      25.2695564370677,
      25.256405648152374,
      25.255178474328776,
      24.403603459565673,
      24.400860100591082,
      24.13007489055583,
      23.74232148291975,
      23.50419525007443,
      23.073118267298163,
      23.061595667092032,
      22.50222903836723,
      22.028903652638682,
      21.858111304928237,
      21.447789160438944,
      21.446726525978754,
      21.443573684141278,
      21.214758831988398,
      21.017825923082743,
      20.79016127894813,
      20.62426656743764,
      20.22723721398764,
      19.80612443517756,
      18.639309950317244,
      18.10165351381528,
      16.757660852496286
    ],
    [
      37.03647441194051,
      37.03159066312937,
      35.76678514729841,
      34.45877323414092,
      34.345412763741656,
      34.30646566659409,
      33.12511438562553,
      31.912758443606073,
      31.87004469235778,
      31.86800020496814,
      31.819463673458174,
      31.805242459703756,
      30.58790742157414,
      30.57863293222452,
      30.550776712551443,
      29.437713087461496,
      29.402165621236882,
      28.285090062435287,
      28.237623221320167,
      28.21188878595237,
      28.21039379529557,
