{
  "test_loss_values": [
    0.5373830795288086,
    0.5377539253234863,
    0.3503900572657585,
    0.5108822338283062,
    0.16711190342903137,
    0.22618953585624696,
    0.5721011132001876,
    0.440893167257309
  ],
  "log_exp_r_n_values": [
    775203.8899106304,
    785105.1398290974,
    849033.4513914802,
    804303.3972760171,
    849007.838073403,
    849187.6182137569,
    757028.2618977128,
    822655.0239412276
  ],
  "log_exp_r_n_acc_values": [
    -Infinity,
    -Infinity,
    -Infinity,
    -Infinity,
    -Infinity,
    -Infinity,
    -Infinity,
    -Infinity
  ],
  "model_data_levels": [
    200,
    100,
    2000,
    500,
    10000,
    5000,
    0,
    1000
  ],
  "loss_landscape_data_param": 5000,
  "train_loss_values": [
    0.4390976130962372,
    0.45283442735671997,
    0.17083066701889038,
    0.3981267213821411,
    0.06125616282224655,
    0.029798412695527077,
    0.5017104744911194,
    0.29171615839004517
  ],
  "num_params": 235146,
  "dataset_type": "data",
  "top_r_vals": [
    [
      27.02354265275,
      25.89251065203037,
      25.872158564641282,
      24.820342718575063,
      23.75615058548869,
      23.673567628599187,
      23.658521486199845,
      23.64447046298547,
      22.682189999973858,
      22.66985901654156,
      22.655791094259722,
      22.65433770818381,
      22.640530540462645,
      22.622816328996237,
      22.610526667324923,
      21.59753330425585,
      21.56955036276901,
      20.589064285233242,
      20.57276009052728,
      20.541663459833128,
      19.606649325064396,
      19.593279880874224,
      19.58350093944913,
      19.576638048518348,
      19.56413293895672,
      18.659614135868573,
      18.64223507061676,
      18.642104964982245,
      18.605905123393452,
      17.711672754697837,
      17.697602706257616,
      17.68959510830002,
      17.680472500176567,
      16.76889728644301,
      16.759090121594745,
      16.744859393686152,
      15.901166836952507,
      15.883663061992594,
      15.877000521609302,
      15.854680861515492,
      15.020179724453081,
      15.006825654260625,
      15.002531319091286,
      14.953691634694508,
      14.191651090353815,
      14.167452199089233,
      14.153442783538253,
      13.33256851612042,
      12.522791406782657,
      12.52108453700664
    ],
    [
      28.185714020794926,
      24.848246351040597,
      23.749442855570255,
      23.729473334894482,
      23.689934131536297,
      23.658521486199845,
      22.66985901654156,
      22.640530540462645,
      22.609724455206553,
      22.60757144897057,
      21.614286365751298,
      21.612899792988774,
      21.59753330425585,
      21.582827476662718,
      21.571102780509015,
      21.56955036276901,
      21.54382535986899,
      19.58144922358337,
      19.55185100281559,
      18.638571014639343,
      18.62586168675606,
      18.610041544872757,
      18.598153875095733,
      17.714978837734527,
      17.711672754697837,
      17.686263431217608,
      17.680472500176567,
      17.67722873307729,
      17.67410959785284,
      16.779237220035725,
      16.77912011641071,
      16.77081419893541,
      16.74653787897806,
      15.901166836952507,
      15.883720988441738,
      15.883663061992594,
      15.877000521609302,
      15.874719417991338,
      15.854680861515492,
      15.020179724453081,
      14.98353013679002,
      14.16154322965329,
      14.111402065066812,
      13.36912459982293,
      13.336944168563598,
      13.33313078829858,
      13.33256851612042,
      12.522791406782657,
      11.77761380910446,
      11.750744375061899
    ],
    [
      36.99126185433094,
      34.36357234566534,
      33.087593952311025,
      33.06158636993858,
      31.880351314080855,
      30.67684734696369,
      30.668185505643393,
      30.57020613197208,
      30.550776712551443,
      30.53263231273949,
      29.437713087461496,
      29.419445331161494,
      29.407699791103518,
      28.25019925317542,
      28.238928230979013,
      28.21188878595237,
      28.200241352806746,
      28.189815479722732,
      28.1724739432085,
      28.15466544405444,
      27.065133584303968,
      27.04589062874216,
      27.034638334309786,
      27.010731038847116,
      25.959068712358906,
      25.954224064363313,
      25.921872056206954,
      25.903750691960905,
      25.890103819165514,
      24.794291421646502,
      23.753594904583377,
      23.72870946529523,
      23.724045683327915,
      23.684152891893515,
      23.63293633042332,
      22.648422996810172,
      22.644637068571253,
      22.64248406233527,
      22.618223913974017,
      22.61595691667326,
      21.65577207905202,
      21.619430278823256,
      21.61036182107933,
      21.609828942135298,
      20.602264646273582,
      20.60163247981748,
      20.58039272323088,
      19.58954018482804,
      19.566861573097903,
      17.65668561663827
    ],
    [
      30.583457053813934,
      28.192979462324182,
      28.170819155450616,
      28.13887393942072,
      25.964883594470074,
      25.93572602099004,
      25.9098770273764,
      25.889604841620358,
      25.875540523558435,
      25.858177409503547,
      24.82772553190734,
      24.81231853211246,
      24.81072680317589,
      24.793086701314113,
      24.76186696689739,
      23.749442855570255,
      23.672703799501594,
      22.646745903269636,
      22.6311832731509,
      22.62881225900353,
      22.608801127581856,
      22.59460781512876,
      21.640735920888993,
      20.61864397551736,
      20.603285439649422,
      20.603141647689117,
      20.59923594714578,
      20.592942781892198,
      19.59841903455721,
      19.593279880874224,
      19.59055124673304,
      19.576638048518348,
      19.572286783319868,
      19.5703250766237,
      18.619851040866042,
      17.717040827592147,
      17.705420018049182,
      17.697602706257616,
      17.69011477870666,
      17.684616510014543,
      17.66524626854041,
      17.627045486121524,
      16.806548739354998,
      16.778344700515326,
      16.770893323006366,
      15.883233607283433,
      15.867527549710708,
      14.9976092123485,
      14.137057486563231,
      13.315879942187726
    ],
    [
      36.987232794273716,
      34.59166500176626,
      33.79599813777741,
      33.15921677622777,
      32.83161321953288,
      32.04791510471253,
      31.590835262642905,
      31.131422469773185,
      30.894997615859094,
      30.531409797156687,
      30.431678720439898,
      30.13302741652609,
      29.903419840558154,
      29.83977464310532,
      29.601355184269707,
      28.90023641389998,
      27.521923216232878,
      27.466099360062167,
      27.02338849823688,
      26.413506475482084,
      26.402968241216826,
      26.20140564112661,
      26.163861741261403,
      25.906509026369154,
      25.746798529581923,
      25.49532779781055,
      24.840527872076635,
      24.80372472299177,
      24.5916234838354,
      24.521811211054015,
      24.352820632193755,
      24.143655801583837,
      23.994136103877313,
      23.534443680554148,
      23.305078257320172,
      23.301832704121193,
      22.900254475120324,
      22.480157225926707,
      22.43745961219691,
      22.308882404779695,
      22.27084241802195,
      22.25518334233629,
      22.230806886383853,
      21.028238918347775,
      20.816217247091632,
      20.592582142259012,
      20.23014374876002,
      20.229644903912924,
      20.020342902859056,
      17.700433466762508
    ],
    [
      37.01552208052547,
      36.99126185433094,
      35.672544307568586,
      35.6536929936172,
      34.45877323414092,
      33.15267646334689,
      33.14281812890221,
      33.09611658766904,
      33.06473495234101,
      33.04372009229566,
      31.91619197978103,
      31.87004469235778,
      31.766150658174173,
      30.62026217316067,
      30.61185849170179,
      30.569090650182833,
      29.43955225992804,
      29.39664255301491,
      29.33999641110014,
      28.238928230979013,
