{
  "test_loss_values": [
    0.47952776432037353,
    0.4929485408961773,
    0.3286179929971695,
    0.45882847905158997,
    0.1748897135257721,
    0.22235716581344606,
    0.530828008055687,
    0.40572527050971985
  ],
  "log_exp_r_n_values": [
    823412.8703598381,
    823412.8703598381,
    785769.4252826353,
    823412.8703598381,
    744707.0634794806,
    765753.9790983909,
    840497.5592340094,
    823412.8703598381
  ],
  "log_exp_r_n_acc_values": [
    -Infinity,
    -Infinity,
    -Infinity,
    -Infinity,
    -Infinity,
    -Infinity,
    -Infinity,
    -Infinity
  ],
  "model_data_levels": [
    200,
    100,
    2000,
    500,
    10000,
    5000,
    0,
    1000
  ],
  "loss_landscape_data_param": 0,
  "train_loss_values": [
    0.0030561357270926237,
    0.0025214534252882004,
    0.010311626829206944,
    0.003836832009255886,
    0.06841244548559189,
    0.03122621588408947,
    0.0020886266138404608,
    0.004968664143234491
  ],
  "num_params": 235146,
  "dataset_type": "data",
  "top_r_vals": [
    [
      33.17264735265524,
      33.118875566490594,
      31.88983412764987,
      31.863321936764784,
      31.819028718788026,
      29.36066767347061,
      28.263799762000957,
      28.214323028458875,
      28.21039379529557,
      28.13887393942072,
      28.125147368437663,
      27.103146252182167,
      27.066869944413046,
      27.023912054851635,
      27.00926194200973,
      25.933606181745922,
      25.92567798297293,
      24.807201591736952,
      24.795605378278456,
      24.793086701314113,
      24.791966248984252,
      24.76186696689739,
      24.7609634266481,
      23.72744729013709,
      23.703343623641924,
      23.69355356053588,
      23.6877320387072,
      23.672675452778183,
      22.679281802933726,
      22.660570169650516,
      22.625355479964156,
      22.59460781512876,
      21.65577207905202,
      21.61036182107933,
      21.594620142069488,
      21.569456565199783,
      21.556628048376304,
      20.61136499331072,
      20.603285439649422,
      20.58714705909588,
      20.567308950266458,
      19.610366827068763,
      19.606649325064396,
      19.59841903455721,
      19.58350093944913,
      18.663793925892715,
      18.642835197507495,
      18.604040275965406,
      18.600747782926195,
      16.74653787897806
    ],
    [
      33.17264735265524,
      33.07906714940517,
      31.88983412764987,
      31.863321936764784,
      31.857320764956366,
      30.61449981386596,
      30.571290788703244,
      29.453725359619927,
      29.39807096462877,
      29.32354007315502,
      29.309235604001234,
      28.170819155450616,
      27.07341023415725,
      27.065133584303968,
      27.048638163267704,
      27.023912054851635,
      25.962090298604558,
      25.927341241456773,
      24.81822353436343,
      24.807201591736952,
      24.793086701314113,
      24.791966248984252,
      24.76186696689739,
      24.7609634266481,
      23.74639782070292,
      23.703343623641924,
      23.69355356053588,
      23.6877320387072,
      23.672675452778183,
      23.657739713406862,
      22.660570169650516,
      22.635177235083038,
      22.625355479964156,
      22.59535445660305,
      21.629058803212434,
      21.61036182107933,
      21.582827476662718,
      21.569456565199783,
      20.636821351976444,
      20.603285439649422,
      20.58714705909588,
      20.574915674508745,
      19.633182302056767,
      19.610366827068763,
      19.606649325064396,
      19.59841903455721,
      19.566861573097903,
      18.604040275965406,
      17.69904932623328,
      16.74653787897806
    ],
    [
      28.26545099871215,
      28.224949535680913,
      28.219633618784876,
      27.083676888880646,
      27.02354265275,
      25.957552211976576,
      24.845573182738296,
      24.794291421646502,
      24.762745538849636,
      24.731432173318993,
      24.71936780429092,
      23.72028004491285,
      23.684152891893515,
      23.672703799501594,
      23.671313318121705,
      22.661265515145658,
      22.655791094259722,
      22.64248406233527,
      22.640530540462645,
      22.63823077073076,
      22.638162376091895,
      22.62325234481901,
      22.609724455206553,
      21.636697187871874,
      21.609828942135298,
      21.596557265781836,
      21.556628048376304,
      21.555915730604184,
      20.57854674536214,
      20.57276009052728,
      20.569617394169686,
      19.618193925816268,
      19.60946057036123,
      19.608930379362267,
      19.59841903455721,
      19.56419458907288,
      19.56413293895672,
      18.62763276435743,
      18.616565580563833,
      17.72728734815823,
      17.69011477870666,
      17.66757532670123,
      17.662218381652885,
      16.79864160719732,
      16.779777373693463,
      16.779237220035725,
      16.77912011641071,
      16.77593932875822,
      16.741895933481892,
      14.140977200948601
    ],
    [
      33.17264735265524,
      31.863321936764784,
      31.819028718788026,
      30.65151300235473,
      29.453725359619927,
      29.407699791103518,
      29.36066767347061,
      28.13887393942072,
      28.125147368437663,
      27.047204815020798,
      27.00926194200973,
      25.962090298604558,
      25.9098770273764,
      25.874622470101173,
      24.818314044440214,
      24.81231853211246,
      24.81072680317589,
      24.797744849231435,
      24.79301179642298,
      24.791966248984252,
      24.772938846117956,
      24.7609634266481,
      23.716909768692712,
      23.703415236416856,
      22.679281802933726,
      22.661182871623694,
      22.635177235083038,
      22.608872371997343,
      22.59460781512876,
      21.588547769000662,
      21.58524990084195,
      21.583243448491476,
      21.569456565199783,
      21.556628048376304,
      20.636821351976444,
      20.61136499331072,
      20.60163247981748,
      20.59354774446392,
      20.58714705909588,
      20.574915674508745,
      19.633182302056767,
      19.610503690326635,
      19.606649325064396,
      19.59841903455721,
      19.5703250766237,
      18.642104964982245,
      18.609682875285714,
      18.600747782926195,
      17.69904932623328,
      16.74653787897806
    ],
    [
      23.736531669023513,
      22.683515146101897,
      21.6097269882557,
      21.605656989382172,
      21.579687297171116,
      20.621287933994626,
      20.556135926324067,
      20.553449218885632,
      20.530141967086042,
      20.52012705136446,
      19.631070169077173,
      19.604794889570343,
      18.656131758930343,
      18.60722962219527,
      18.587092551916307,
      17.697602706257616,
      17.682935092488982,
      17.681409464806958,
      17.6795600168073,
      17.667915838787806,
      17.657351061827075,
      17.656706759545607,
      17.645545530041066,
      16.77130687815057,
      16.762165410485956,
      16.739561245894844,
      15.884397129925697,
      15.878865154032567,
      15.876609018711648,
      15.867575488841032,
      15.865435206418399,
      15.031655200012214,
      15.020179724453081,
      15.005039573332864,
      15.002531319091286,
      14.9976092123485,
      14.993617906765742,
      14.992047061806018,
      14.978836482258922,
      14.191651090353815,
      14.167835262085985,
      14.167452199089233,
      14.145435876061958,
      13.347399074228564,
      13.324092472837698,
      13.320052505277003,
      13.317695158189759,
      12.548255568041212,
      11.778937951876857,
      10.287683240482504
    ],
    [
      25.959068712358906,
      25.921872056206954,
      25.9169899033632,
      24.772600213589293,
      23.736531669023513,
      23.6744075867718,
      22.682189999973858,
      22.60757144897057,
      21.636697187871874,
      21.60159106866383,
      21.598582749523175,
      21.579982283729418,
      21.54382535986899,
      21.533315953960088,
      20.624893096386703,
      20.59728763085484,
      20.59596629932774,
      19.609532084495974,
      19.608930379362267,
