{
  "test_loss_values": [
    0.47952776432037353,
    0.4929485408961773,
    0.3286179929971695,
    0.45882847905158997,
    0.1748897135257721,
    0.22235716581344606,
    0.530828008055687,
    0.40572527050971985
  ],
  "log_exp_r_n_values": [
    755417.4750998047,
    711637.7938552438,
    823075.6888717376,
    785769.4252826353,
    849469.9103737889,
    841161.8446875472,
    565202.3332959798,
    814280.69992593
  ],
  "log_exp_r_n_acc_values": [
    -Infinity,
    -Infinity,
    -Infinity,
    -Infinity,
    -Infinity,
    -Infinity,
    -Infinity,
    -Infinity
  ],
  "model_data_levels": [
    200,
    100,
    2000,
    500,
    10000,
    5000,
    0,
    1000
  ],
  "loss_landscape_data_param": 5000,
  "train_loss_values": [
    0.410768061876297,
    0.43655771017074585,
    0.16793619096279144,
    0.36840182542800903,
    0.07087442278862,
    0.03741428628563881,
    0.48775774240493774,
    0.27822524309158325
  ],
  "num_params": 235146,
  "dataset_type": "data",
  "top_r_vals": [
    [
      24.842681541836853,
      21.605656989382172,
      21.579687297171116,
      20.592942781892198,
      18.648380510632627,
      17.71394394805963,
      17.697602706257616,
      17.692192347548634,
      17.680472500176567,
      17.679613430467942,
      17.678814451127536,
      17.66524626854041,
      17.657977559554997,
      17.657351061827075,
      17.635648423838333,
      16.796834413416654,
      16.739634040040123,
      15.879883860551974,
      15.867527549710708,
      15.856771207344037,
      15.006825654260625,
      15.001104908794327,
      14.999810660933882,
      14.977974594369362,
      14.191651090353815,
      14.16858891626099,
      14.145435876061958,
      14.13513059060515,
      14.111402065066812,
      13.35734877414539,
      13.34668910070211,
      13.34632823945344,
      13.327623877801429,
      13.324349271772798,
      12.55564411252241,
      12.53565250877503,
      12.5210450809323,
      12.513184641801974,
      11.776243750866803,
      11.769332732772838,
      11.743718568304779,
      11.025694806673128,
      11.009411315617426,
      11.008307855600831,
      10.30810282781315,
      10.301419005039133,
      10.293577681297949,
      10.284831614359584,
      9.620259328007815,
      8.934973385583206
    ],
    [
      20.622492677445805,
      19.573412514440925,
      17.68959510830002,
      17.686263431217608,
      15.901166836952507,
      15.89838736612554,
      15.889744340420696,
      15.883720988441738,
      15.878865154032567,
      15.86834650985376,
      15.848157144863766,
      15.847594858814329,
      15.847016593054784,
      15.828116590924155,
      14.9976092123485,
      14.986098808145432,
      14.153485544058821,
      14.153442783538253,
      14.143848391735883,
      13.34668910070211,
      13.334525558985302,
      12.560078186156915,
      12.547068729325016,
      12.539699123759501,
      12.520364069089164,
      12.500065497083407,
      11.783177726693397,
      11.778558779002436,
      11.772701594893439,
      11.761107939914762,
      11.759311312193379,
      11.750744375061899,
      11.743330508566112,
      11.048863305638788,
      11.017663337790557,
      11.011858902291571,
      10.998279616518523,
      10.30694403065229,
      10.283397376039124,
      9.607258169281552,
      8.945368686374616,
      8.930812793405234,
      8.929529672620129,
      8.92803700540208,
      8.917623165650115,
      8.27402914691726,
      8.268462344873512,
      8.266999014633864,
      7.660599604498474,
      7.660299541823733
    ],
    [
      33.12511438562553,
      31.909044291514892,
      31.88983412764987,
      31.857320764956366,
      29.372352154482915,
      28.263799762000957,
      28.22909360716901,
      28.186099309360873,
      28.174501590868914,
      27.103146252182167,
      27.07341023415725,
      27.047204815020798,
      27.04589062874216,
      27.045808917678205,
      27.00926194200973,
      26.97863391153662,
      26.96547332329809,
      25.9098770273764,
      25.874622470101173,
      25.873678326314757,
      24.81231853211246,
      24.807201591736952,
      24.797744849231435,
      24.745311425438477,
      23.74639782070292,
      23.702344028658526,
      23.69355356053588,
      23.689934131536297,
      23.6877320387072,
      23.658521486199845,
      22.661182871623694,
      22.660570169650516,
      22.608801127581856,
      21.629058803212434,
      21.61036182107933,
      21.60725698559932,
      21.594620142069488,
      21.569524534452846,
      20.58714705909588,
      20.567308950266458,
      19.642423654468956,
      19.6111349875161,
      19.610503690326635,
      19.606649325064396,
      19.58350093944913,
      18.663793925892715,
      18.604040275965406,
      17.698356061429557,
      17.659092569720855,
      15.853552294489091
    ],
    [
      28.26545099871215,
      27.02354265275,
      23.736531669023513,
      23.716797873731885,
      22.682189999973858,
      22.646745903269636,
      21.571102780509015,
      21.570337446719503,
      21.54382535986899,
      20.59596629932774,
      20.5823229035989,
      20.581260656684957,
      19.631070169077173,
      19.609532084495974,
      19.58871407327151,
      19.573680075945052,
      19.56421801611702,
      19.563068857951823,
      18.624254706351376,
      18.62236290009816,
      18.56699181744518,
      17.693327387837233,
      16.791745153172673,
      16.770893323006366,
      16.73961399527548,
      15.890737079911176,
      15.884507989164572,
      15.883663061992594,
      15.870556703508118,
      15.865435206418399,
      15.860973871102528,
      15.858550947557353,
      15.856771207344037,
      15.84694768055494,
      15.038730610452793,
      15.013087321699235,
      14.98836350589686,
      14.969880589150213,
      14.969385924030684,
      14.165804137359022,
      14.16189244057126,
      14.157490779485325,
      14.149079428751994,
      14.13955986786062,
      13.339173955395498,
      12.56523667331633,
      12.526263541324713,
      12.522791406782657,
      11.778937951876857,
      11.778476575508176
    ],
    [
      37.05998580224368,
      33.41574927224834,
      32.86037926778521,
      31.108932951152706,
      31.071540456485554,
      29.599616467241358,
      29.126017923256324,
      28.716729129989098,
      28.66422647903921,
      28.6162000144808,
      28.602240596573395,
      28.272052224425437,
      27.98349271287053,
      27.540474008984386,
      27.34612918632183,
      26.149098303367804,
      25.9290315232973,
      25.702805913048504,
      25.650671847808926,
      25.048997434396746,
      24.85904502262621,
      24.767051206455456,
      24.608943032982307,
      24.34610952919887,
      24.176830267487663,
      24.128338310061594,
      23.944611725983794,
      23.927606276523917,
      23.697380739054648,
      23.324324255797446,
      22.25518334233629,
      22.23963069571092,
      22.220033744794712,
      21.858111304928237,
      21.84479405386054,
      21.832018288543168,
      21.62848159951846,
      21.482699669202212,
      21.41825655297929,
      21.25234165955411,
      21.242306482260823,
      20.662379490889393,
      20.40522550645024,
      20.041767426587946,
      19.410483685794148,
      19.03335357039366,
      19.02758251085228,
      18.48961200316263,
      18.30464803500107,
      15.552593692469465
    ],
    [
      35.77346142024508,
      35.75192476594657,
      35.72220175609617,
      34.404926577763334,
      33.07906714940517,
      31.819463673458174,
      30.61449981386596,
      30.571290788703244,
      30.56729509054971,
      29.453725359619927,
      29.42655408429677,
      29.417558051568058,
      29.39807096462877,
      29.396553739857573,
      29.32354007315502,
      29.309235604001234,
      28.26874104347112,
      28.230904640981286,
      28.209023091272943,
