{
  "test_loss_values": [
    0.2602241635322571,
    0.25761812925338745,
    0.4938836991786957,
    0.36700761318206787
  ],
  "log_exp_r_n_values": [
    625039.004388515,
    567219.8152843451,
    420961.14159709745,
    462529.53316754644
  ],
  "log_exp_r_n_acc_values": [
    -Infinity,
    -Infinity,
    -Infinity,
    -Infinity
  ],
  "model_data_levels": [
    10,
    100,
    1000,
    500
  ],
  "loss_landscape_data_param": 10,
  "train_loss_values": [
    0.0004273047670722008,
    0.0005550291389226913,
    0.0048444028943777084,
    0.001750592258758843
  ],
  "num_params": 235146,
  "dataset_type": "poison",
  "top_r_vals": [
    [
      14.269414666063655,
      12.709913210386697,
      12.692671666156516,
      12.688521898275688,
      12.68829551831446,
      12.687699278134886,
      12.686667814508725,
      12.683809368941946,
      12.683357406132028,
      12.682536380216305,
      12.680937372461996,
      12.680805848892971,
      12.678753284103664,
      12.677482686715642,
      12.676951809764311,
      12.676738980716255,
      12.676101290684626,
      12.67495583996531,
      12.674041551882462,
      12.673554516120806,
      12.672799650545864,
      12.672698417253343,
      12.672620300224468,
      12.668889813539437,
      12.668632346189167,
      12.668001033057854,
      12.667782624222019,
      12.664641203703706,
      12.664629247015613,
      12.663994745434142,
      12.663580246913583,
      12.663143429241916,
      12.662347113814919,
      12.662041022599736,
      12.661820222426284,
      12.661528479236814,
      12.661395361442711,
      12.66124470717274,
      12.660234765585146,
      12.659516567187023,
      12.658546481226407,
      12.658120823130295,
      12.655314189878585,
      12.654637441332518,
      12.654437366085094,
      12.653095825681055,
      12.651660225997349,
      12.65017839378635,
      12.649113451433529,
      12.649032145954497
    ],
    [
      11.158840715392563,
      11.152549442399852,
      11.151822232893567,
      11.147482095233228,
      11.141852176550664,
      11.141089937684733,
      11.134766437681145,
      11.133985282961003,
      11.133793322070135,
      11.131032307942709,
      11.130464131729225,
      11.129715904607153,
      11.128293712605458,
      11.127590323063735,
      11.126528232879219,
      11.125689630009255,
      11.122239938671159,
      11.122064091285727,
      11.117313409530318,
      11.109405881883466,
      11.104148675587552,
      11.102156205610797,
      11.09855238509025,
      9.732081271302837,
      9.731555812225798,
      9.731027301702317,
      9.730486585393075,
      9.725053790150563,
      9.72451673557705,
      9.723934519596218,
      9.72379415305996,
      9.723331553779593,
      9.722836609166958,
      9.722748117220185,
      9.722127453014206,
      9.721866859488195,
      9.721734426712679,
      9.721208357346352,
      9.72093860948102,
      9.720540090575902,
      9.719548370482768,
      9.71936284253919,
      9.718438864557033,
      9.718002507716053,
      9.717826744401085,
      9.717803553408139,
      9.71776144344726,
      9.717240256395238,
      9.71718533035931,
      9.716552460367568
    ],
    [
      5.990897096233604,
      4.965079496033569,
      4.964809847807304,
      4.961488130396454,
      4.961191081426642,
      4.9611194658469175,
      4.960585774091931,
      4.960136152800098,
      4.960068585057489,
      4.959662555857663,
      4.959484762396696,
      4.9588585931322395,
      4.958063037453131,
      4.958041552779214,
      4.9580281637795265,
      4.957775641017978,
      4.957670085880906,
      4.957467071280993,
      4.95742472467733,
      4.957158501544009,
      4.956765861343869,
      4.956689886554945,
      4.956688641066601,
      4.956669335997285,
      4.956365436841587,
      4.956195116310678,
      4.956137512474813,
      4.956091740778207,
      4.956033825570255,
      4.955848870551316,
      4.955825206272799,
      4.9558121286451975,
      4.955756393041846,
      4.95568571157838,
      4.955610359533627,
      4.955277814146039,
      4.9551769295902535,
      4.954775570971713,
      4.954613034742948,
      4.954586568115659,
      4.954586568115659,
      4.954433061677381,
      4.954431504816952,
      4.954372655492745,
      4.9543670507952005,
      4.954093043359735,
      4.954014266222039,
      4.953826508854328,
      4.953723444693942,
      4.953667709090592
    ],
    [
      7.149326180842517,
      7.143243514692379,
      7.142498762482783,
      7.141658057851241,
      7.140756374110423,
      7.139610773932508,
      7.139560555842517,
      7.139196923065887,
      7.139156569243573,
      7.138691603535355,
      7.138308242223371,
      7.13763343663912,
      7.137631643135905,
      7.137166229051883,
      7.136838017963729,
      7.136422373593894,
      7.136187424672865,
      7.135454778609964,
      7.134383608815428,
      7.1343813669364105,
      7.134288553145088,
      7.133893982438018,
      7.133801168646695,
      7.133641995236456,
      7.132564996556475,
      7.132377127094813,
      7.1319238191574845,
      7.131492930010332,
      7.131328376090451,
      7.131047244461663,
      7.130665676652893,
      7.13066388314968,
      7.130297560118229,
      7.13011776142103,
      7.12971825858012,
      7.129662659980488,
      7.128534546458908,
      7.128420659004822,
      7.128392859705006,
      7.127353076216713,
      7.126815473628329,
      7.126540170884987,
      7.126250520115933,
      7.125542086346419,
      7.125435821280992,
      7.125255125832187,
      7.125169934429524,
      7.1244776421889355,
      7.124193820305327,
      7.123860677083334
    ]
  ],