{
  "test_loss_values": [
    0.006626998100546189
  ],
  "log_exp_r_n_values": [
    7934.828429912496
  ],
  "log_exp_r_n_acc_values": [
    -Infinity
  ],
  "model_data_levels": [
    780
  ],
  "loss_landscape_data_param": 780,
  "train_loss_values": [
    7.349493535002694e-05
  ],
  "num_params": 5409,
  "dataset_type": "data",
  "top_r_vals": [
    [
      4.3416081087867315,
      3.710485387731482,
      3.6958373269917058,
      3.6162934479890048,
      3.5759710618007334,
      3.3632732563001286,
      3.3586526035277315,
      3.307018696878677,
      3.30353363989908,
      3.301687095228744,
      3.2961962080746208,
      3.2913956725345614,
      3.047848847335413,
      3.036306906860589,
      3.023005091357069,
      3.022611517040673,
      3.0184814776951976,
      3.0129222404761,
      3.010360582326581,
      3.007515886951109,
      3.0016076016238786,
      2.9946499923676484,
      2.987847446410125,
      2.978451793722421,
      2.9777767390405003,
      2.9727848217616515,
      2.971248200518443,
      2.968122024777447,
      2.9591875141487485,
      2.9537820947400144,
      2.9521094038953306,
      2.949543075164525,
      2.9475225817000505,
      2.9445667264899638,
      2.9409560557835306,
      2.8893112588957766,
      2.748102196478477,
      2.7466709957039126,
      2.7374987213505304,
      2.7369161807643,
      2.7365050582955806,
      2.735758967964446,
      2.7340565893482456,
      2.732287610578192,
      2.7313068741353828,
      2.7295884777606605,
      2.7259004591144045,
      2.725395478201015,
      2.7226058590985023,
      2.7219699259838666
    ]
  ],
  "top_r_val_seeds": [
    [
      565,
      185,
      93,
      430,
      443,
      710,
      520,
      846,
      476,
      754,
      929,
      480,
      193,
      328,
      808,
      41,
      103,
      379,
      824,
      832,
      315,
      660,
      418,
      353,
      550,
      136,
      622,
      454,
      571,
      336,
      604,
      150,
      199,
      575,
      419,
      512,
      605,
      971,
      197,
      928,
      118,
      456,
      468,
      574,
      782,
      171,
      267,
      121,
      420,
      865
    ]
  ],
  "loss_predicts_minimas": true,
  "loss_ordering_violations": 0,
  "test_loss_ranks": [
    1
  ],
  "log_exp_r_n_ranks": [
    1
  ],
  "data_level_ranks": [
    1
  ],
  "accuracy_predicts_minimas": true,
  "accuracy_ordering_violations": 0,
  "log_exp_r_n_acc_ranks": [
    1
  ]
}