{
  "test_loss_values": [
    0.17543336749076843
  ],
  "log_exp_r_n_values": [
    729531.816711515
  ],
  "log_exp_r_n_acc_values": [
    -Infinity
  ],
  "model_data_levels": [
    0
  ],
  "loss_landscape_data_param": 0,
  "train_loss_values": [
    0.05966098606586456
  ],
  "num_params": 235146,
  "dataset_type": "data",
  "top_r_vals": [
    [
      22.253067364571937,
      22.063190009241804,
      21.42492633729415,
      20.610093766036936,
      20.589800006550984,
      19.995193470758057,
      19.680783431642595,
      19.65650638464425,
      19.067260643112498,
      18.873536832910972,
      18.65114281955488,
      18.628143142516887,
      18.471041638969695,
      18.463026766990364,
      18.291424651995552,
      18.269688356536435,
      18.05153066672417,
      17.928475773070367,
      17.87497858218579,
      17.54822028945334,
      17.339850593605906,
      17.209236043123642,
      17.024814248366322,
      17.00697821204965,
      16.998940233333073,
      16.84027338985593,
      16.822264743232463,
      16.81959460141976,
      16.79619171822618,
      16.785839100247134,
      16.640292404446907,
      16.60487589685678,
      16.099745421860018,
      15.91776227821138,
      15.250888773239737,
      15.235929599373884,
      14.878376116869095,
      14.861151571936146,
      14.860213226151185,
      14.859079157542812,
      14.717241664524883,
      14.69586862561111,
      14.56060064948739,
      14.373374590161204,
      14.20539589073739,
      13.553035379387214,
      13.374249149807302,
      13.027923641135974,
      12.931317393808355,
      11.36796914481389
    ]
  ],
  "top_r_val_seeds": [
    [
      48,
      34,
      37,
      27,
      18,
      13,
      14,
      44,
      10,
      26,
      45,
      29,
      36,
      24,
      5,
      50,
      12,
      47,
      20,
      25,
      3,
      28,
      40,
      19,
      46,
      39,
      2,
      1,
      42,
      11,
      35,
      17,
      49,
      33,
      22,
      8,
      30,
      41,
      7,
      23,
      15,
      38,
      21,
      43,
      32,
      4,
      31,
      16,
      9,
      6
    ]
  ],
  "test_acc_values": [
    0.9498999714851379
  ],
  "loss_predicts_minimas": true,
  "loss_ordering_violations": 0,
  "test_loss_ranks": [
    1
  ],
  "log_exp_r_n_ranks": [
    1
  ],
  "data_level_ranks": [
    1
  ],
  "accuracy_predicts_minimas": true,
  "accuracy_ordering_violations": 0,
  "log_exp_r_n_acc_ranks": [
    1
  ]
}