{
  "test_loss_values": [
    0.015080912108533084,
    0.0025549275334924458,
    0.0022388115467038006,
    0.15705431085079907
  ],
  "log_exp_r_n_values": [
    2910.950480676771,
    5108.088109322157,
    5155.610706260851,
    2400.4335124655845
  ],
  "log_exp_r_n_acc_values": [
    -Infinity,
    -Infinity,
    -Infinity,
    -Infinity
  ],
  "model_data_levels": [
    180,
    380,
    780,
    80
  ],
  "loss_landscape_data_param": 80,
  "train_loss_values": [
    0.00030509705538861454,
    0.00018789313617162406,
    0.00023675010015722364,
    0.0005880935350432992
  ],
  "num_params": 4353,
  "dataset_type": "data",
  "top_r_vals": [
    [
      1.9548426918953787,
      1.9214918831151044,
      1.7453273262932356,
      1.7361627241480464,
      1.7311269656795227,
      1.7222106640903991,
      1.7105038707784923,
      1.5536850367914767,
      1.5268015795831182,
      1.5256608484861938,
      1.5253221145784013,
      1.5212536296021293,
      1.5199736568006057,
      1.5193863895861133,
      1.5192546791938384,
      1.5151411814904192,
      1.510631151435789,
      1.499454158506227,
      1.4935038963296854,
      1.343073095767891,
      1.3417303067617867,
      1.3347760603240826,
      1.3336467199964852,
      1.3320471517724202,
      1.3233898930763208,
      1.3225785134678147,
      1.321734483382396,
      1.3213835670417484,
      1.3207769394893942,
      1.3189540053858906,
      1.318103262118303,
      1.3170761452464597,
      1.3163369323462695,
      1.3159111029955095,
      1.3155350122217286,
      1.3150090954277232,
      1.3148519459360417,
      1.31482387262879,
      1.3146355983834164,
      1.3143859900645904,
      1.314330606311697,
      1.3120819954297558,
      1.308997745940107,
      1.305882066552122,
      1.3056838751058173,
      1.3053408925259147,
      1.3049147580305107,
      1.3043252185782228,
      1.3026174765778449,
      1.300630222083525
    ],
    [
      3.23830724645544,
      2.7418516665231873,
      2.721988618428605,
      2.7040915736834896,
      2.6992902161211236,
      2.681154660358319,
      2.6689544792942055,
      2.455760399622159,
      2.4479948778855976,
      2.4383493771225617,
      2.4363471573073703,
      2.428534706348474,
      2.4229928429133314,
      2.4229433845712296,
      2.421502629344214,
      2.4120777240274833,
      2.4100282939766493,
      2.408103633834299,
      2.4053036172394124,
      2.400287248689099,
      2.39074459879657,
      2.3901792000220903,
      2.384992256394188,
      2.3722280699456793,
      2.2499906681785897,
      2.222917793210873,
      2.2015078205707646,
      2.1950640717813794,
      2.1938708596978307,
      2.1889988922875774,
      2.1855973172778924,
      2.183203074557722,
      2.178196426265496,
      2.176624392674974,
      2.1694409078802943,
      2.1624034534801138,
      2.159632154732696,
      2.1585837119866995,
      2.150645610714747,
      2.1364125653731922,
      1.984772437665551,
      1.9782103947286356,
      1.9772689106293866,
      1.9753818930369136,
      1.9719518313735331,
      1.9686160306032434,
      1.964436381121775,
      1.9634888229315632,
      1.9634532782511138,
      1.9630150438364573
    ],
    [
      3.273854196807485,
      3.1768704638069063,
      3.018653232094561,
      2.9249332802792667,
      2.6982682929356705,
      2.6646609696037085,
      2.6551180379194412,
      2.4693681880194687,
      2.4613935923822052,
      2.4407669346060836,
      2.437067113400917,
      2.434466616254281,
      2.429531460549805,
      2.415241652855447,
      2.408103633834299,
      2.400287248689099,
      2.3909250093399175,
      2.3722280699456793,
      2.2373064529797264,
      2.223016912286932,
      2.2191502594750774,
      2.2098539998708677,
      2.1915283203125,
      2.1903852982954546,
      2.1811013970493285,
      2.176624392674974,
      2.171333754358213,
      2.1682272666741995,
      2.1660370629681043,
      2.1608349508490443,
      2.157808414175491,
      2.157171328205708,
      2.153519055074897,
      2.1510022376194473,
      2.150164895806431,
      1.9858086325905546,
      1.98488829532651,
      1.9827877846850077,
      1.982482505372539,
      1.9809878290630027,
      1.977954608009198,
      1.9779186133960847,
      1.9746005849660198,
      1.9719518313735331,
      1.9717124671963286,
      1.9654226335210838,
      1.9647317619156375,
      1.964194767281251,
      1.9640478642664816,
      1.9634080600183899
    ],
    [
      1.7385134090271404,
      1.5033455700694804,
      1.4991504539580824,
      1.3287250420327412,
      1.3170227449337526,
      1.3072478939788514,
      1.3053115986400867,
      1.3032030491497604,
      1.3012235758438637,
      1.3009585577205138,
      1.2865012622027971,
      1.16462368824545,
      1.1591699563438902,
      1.1544064919859305,
      1.148753454704429,
      1.1483814179952045,
      1.1482861723878923,
      1.1481917161088178,
      1.1469110310436479,
      1.1467265913455102,
      1.1464052031981853,
      1.1451593801301667,
      1.1435004752845794,
      1.1422724121019023,
      1.141705016653923,
      1.1414891353809962,
      1.1400183537653208,
      1.1381852704886821,
      1.1381473827332873,
      1.1380646348230672,
      1.1372220269296502,
      1.1343133523748576,
      1.1336120342359342,
      1.1335378373816192,
      1.133274859523861,
      1.132928475982352,
      1.1319703630568632,
      1.1312322096001945,
      1.1303807875414602,
      1.1273856815446728,
      1.12394526286729,
      1.1228259954266668,
      1.1223681850489788,
      1.1215366277508856,
      1.1189481573510618,
      1.1143250618646519,
      0.9902508528107783,
      0.9864434696754477,
      0.9852135748464762,
      0.9840365883623164
    ]
  ],