{
  "test_loss_values": [
    0.18109431862831116
  ],
  "log_exp_r_n_values": [
    615383.3751127938
  ],
  "log_exp_r_n_acc_values": [
    -Infinity
  ],
  "model_data_levels": [
    0
  ],
  "loss_landscape_data_param": 0,
  "train_loss_values": [
    0.058060839772224426
  ],
  "num_params": 235146,
  "dataset_type": "data",
  "top_r_vals": [
    [
      13.695172509220932,
      12.775521879565378,
      12.725869133491601,
      12.611477488090978,
      12.589175240584492,
      11.822527081734043,
      11.80704922793007,
      11.50692093871626,
      11.377820932868044,
      11.372666335340037,
      11.36345878249977,
      11.202894562793526,
      11.077318490173333,
      10.942673201336895,
      10.922052528096438,
      10.670227971750686,
      10.664060490612139,
      10.652033634473593,
      10.507351105229224,
      10.224884925367421,
      10.20121271142327,
      10.184120112837741,
      9.953947003964734,
      9.798035862067177,
      9.659687795034356,
      9.261943237446694,
      9.240071679532502,
      9.13875484646298,
      9.12189789811097,
      8.984625539891741,
      8.982099077383813,
      8.86654906067385,
      8.848320436442831,
      8.730258302826844,
      8.72841671793419,
      8.71755169651027,
      8.60935953099763,
      8.47361451664925,
      8.471054929331075,
      8.465443444394563,
      8.454372856281111,
      8.443981592445486,
      8.339619209927353,
      8.219485380792808,
      8.215133575454836,
      8.205789674217943,
      7.952738524310096,
      7.342829706322929,
      6.8838683589530625,
      6.529686711901152
    ]
  ],
  "top_r_val_seeds": [
    [
      7,
      22,
      29,
      44,
      27,
      32,
      17,
      18,
      49,
      30,
      50,
      20,
      37,
      47,
      3,
      14,
      40,
      34,
      2,
      8,
      23,
      16,
      39,
      48,
      33,
      19,
      11,
      28,
      5,
      36,
      6,
      21,
      45,
      35,
      25,
      42,
      9,
      26,
      1,
      43,
      13,
      12,
      4,
      10,
      15,
      24,
      38,
      31,
      46,
      41
    ]
  ],
  "test_acc_values": [
    0.9488000273704529
  ],
  "loss_predicts_minimas": true,
  "loss_ordering_violations": 0,
  "test_loss_ranks": [
    1
  ],
  "log_exp_r_n_ranks": [
    1
  ],
  "data_level_ranks": [
    1
  ],
  "accuracy_predicts_minimas": true,
  "accuracy_ordering_violations": 0,
  "log_exp_r_n_acc_ranks": [
    1
  ]
}