{
  "test_loss_values": [
    4.19239681744366
  ],
  "log_exp_r_n_values": [
    8294.157424492621
  ],
  "log_exp_r_n_acc_values": [
    -Infinity
  ],
  "model_data_levels": [
    0
  ],
  "loss_landscape_data_param": 0,
  "train_loss_values": [
    1.6709313058527187e-05
  ],
  "num_params": 4353,
  "dataset_type": "data",
  "top_r_vals": [
    [
      6.728064374752818,
      5.6037530910887545,
      5.2837731707714966,
      5.083156646732276,
      5.0742153106601595,
      5.007238640842299,
      4.989736374377432,
      4.983750306076935,
      4.358384434578349,
      4.306272529259928,
      4.1304496519719684,
      4.106035374381357,
      3.9850808389582224,
      3.9571427143944726,
      3.844577351140555,
      3.7471060411481303,
      3.6856507532840985,
      3.604732967487102,
      3.5116706597269194,
      3.5076237305600455,
      3.4545236549199743,
      3.4393107521703947,
      3.4342356129179574,
      3.3999089223302694,
      3.3828917678925525,
      3.249446672340391,
      3.0966365304282326,
      3.0939528831788308,
      3.053634191020433,
      3.0063681432331424,
      2.987539060568037,
      2.9349589575961272,
      2.81089817701469,
      2.7545038517103113,
      2.723440961521632,
      2.5771282023860054,
      2.5381883359200272,
      2.4870155522676938,
      2.465143107173535,
      2.4633965644735936,
      2.4091929767605444,
      2.306194683865797,
      1.9948659555815842,
      1.9640733826430756,
      1.919374435545239,
      1.747636303229433,
      1.7074204613449409,
      1.5553446861745743,
      1.4545529621165099,
      1.3580024196564122
    ]
  ],
  "top_r_val_seeds": [
    [
      36,
      7,
      23,
      17,
      2,
      28,
      34,
      50,
      12,
      37,
      5,
      14,
      46,
      27,
      10,
      47,
      39,
      40,
      15,
      43,
      49,
      38,
      44,
      35,
      6,
      13,
      20,
      24,
      42,
      22,
      25,
      26,
      4,
      33,
      3,
      31,
      48,
      16,
      29,
      32,
      9,
      21,
      8,
      1,
      11,
      41,
      19,
      18,
      45,
      30
    ]
  ],
  "test_acc_values": [
    0.72475
  ],
  "loss_predicts_minimas": true,
  "loss_ordering_violations": 0,
  "test_loss_ranks": [
    1
  ],
  "log_exp_r_n_ranks": [
    1
  ],
  "data_level_ranks": [
    1
  ],
  "accuracy_predicts_minimas": true,
  "accuracy_ordering_violations": 0,
  "log_exp_r_n_acc_ranks": [
    1
  ]
}