{
  "test_loss_values": [
    0.18779271841049194,
    0.3114564776420593,
    0.10356754064559937
  ],
  "log_exp_r_n_values": [
    625699.1727322952,
    702130.5251236628,
    566980.0376643805
  ],
  "log_exp_r_n_acc_values": [
    -Infinity,
    -Infinity,
    -Infinity
  ],
  "model_data_levels": [
    19940,
    5940,
    59940
  ],
  "loss_landscape_data_param": 5940,
  "train_loss_values": [
    0.0006130176479928195,
    0.0003085000498685986,
    0.0018708123825490475
  ],
  "num_params": 235146,
  "dataset_type": "data",
  "top_r_vals": [
    [
      14.309349789447708,
      14.279842305482624,
      12.692586375114786,
      12.683179650035711,
      12.670956726354456,
      12.667063628711357,
      12.66471932073258,
      12.664243444546477,
      12.659871282267117,
      12.65336046704418,
      12.64198487399245,
      12.635376013927152,
      12.633264462809919,
      11.157431834547536,
      11.152530526545641,
      11.152083551916538,
      11.146315617556963,
      11.143435503606735,
      11.143063491807279,
      11.138960152618157,
      11.138920219148158,
      11.135937819467761,
      11.135649177544265,
      11.135293279250245,
      11.13233049601125,
      11.13115350952709,
      11.130815125912894,
      11.128889912306661,
      11.124832811872274,
      11.122239938671159,
      11.122122940609936,
      11.119623245505482,
      11.11946631397426,
      11.119363327656897,
      11.108374617535441,
      9.715435020681088,
      9.709864910348756,
      9.707643457340135,
      9.705832729022394,
      9.705628282110885,
      9.704302733777169,
      9.69438980487084,
      9.692219616162417,
      9.690948383575341,
      9.688236868268389,
      9.688008620074646,
      9.687834077338254,
      8.374333206019518,
      8.36116352748803,
      8.35441898080892
    ],
    [
      19.805328428301326,
      17.89853000553296,
      17.866530458193246,
      17.86120581804472,
      17.859233104626803,
      17.84321534610527,
      16.06670184174845,
      16.059643958225724,
      16.052149244576448,
      16.046547125193698,
      16.04004511557335,
      16.03175240508781,
      16.02560147372159,
      16.00923497223657,
      16.000012106146695,
      15.99164776762655,
      15.988975335743802,
      14.324231762239467,
      14.31682317099539,
      14.312645996143575,
      14.310849864949212,
      14.304322241861087,
      14.30349346589415,
      14.30266558979254,
      14.29691365061701,
      14.296743576070048,
      14.294278844937104,
      14.291807814746866,
      14.289229700582613,
      14.28589929900429,
      14.282538302004822,
      14.26809006430108,
      12.689547782114072,
      12.673661329201103,
      12.664779104173045,
      12.659225621110092,
      12.657565235690237,
      12.654504323538417,
      12.653725544587289,
      12.653497570400981,
      12.651481672788492,
      12.651364497245181,
      11.149260185528941,
      11.14652859606362,
      11.143978458681273,
      11.141899816479784,
      11.140143444387054,
      11.131726589850924,
      11.122747163798856,
      11.121700486532585
    ],
    [
      11.147325864289199,
      11.140497240919494,
      9.71936284253919,
      9.71776144344726,
      9.707170483141871,
      9.7068464195299,
      9.703237168680177,
      9.701201243615133,
      9.700639167180809,
      9.700077701035772,
      9.696471501632491,
      9.696425729935884,
      9.694499656942694,
      9.692713950485764,
      9.686427360529223,
      9.686290655728692,
      9.684598933822127,
      9.679019669150474,
      9.673959760662978,
      8.377084278036243,
      8.376789595494284,
      8.37645386788398,
      8.374333206019518,
      8.37228147882112,
      8.372121508298342,
      8.37036604229838,
      8.368804751044818,
      8.368628467738466,
      8.367485520450721,
      8.366596736855417,
      8.364109826688805,
      8.362241223641483,
      8.361617128115117,
      8.36116352748803,
      8.360478916796797,
      8.360379461438885,
      8.358938148077407,
      8.357066913935961,
      8.355985534250733,
      8.355970800123634,
      8.35441898080892,
      8.354037998379672,
      8.35395011983591,
      8.353632809884477,
      8.353436004043953,
      8.353285505460024,
      8.353194995822136,
      8.34362360161551,
      8.339928493026862,
      7.116392529700414
    ]
  ],
  "top_r_val_seeds": [
    [
      27,
      19,
      31,
      35,
      30,
      15,
      33,
      24,
      3,
      43,
      6,
      42,
      2,
      7,
      46,
      13,
      5,
      37,
      22,
      18,
      40,
      41,
      49,
      38,
      32,
      21,
      23,
      8,
      50,
      17,
      36,
      14,
      44,
      39,
      16,
      29,
      45,
      9,
      4,
      48,
      11,
      10,
      26,
      47,
      20,
      25,
      34,
      1,
      12,
      28
    ],
    [
      27,
      31,
      49,
      32,
      33,
      43,
      7,
      46,
      35,
      37,
      40,
      15,
      8,
      19,
      6,
      42,
      2,
      13,
      5,
      22,
      48,
      30,
      41,
      38,
      23,
      24,
      10,
      3,
      50,
      17,
      14,
      16,
      29,
      18,
      21,
      26,
      47,
      36,
      25,
      34,
      44,
      39,
      1,
      45,
      9,
      4,
      11,
      12,
      28,
      20
    ],
    [
      35,
      27,
      7,
      31,
      37,
      22,
      40,
      30,
      41,
      38,
      21,
      33,
      8,
      3,
      14,
      44,
      19,
      6,
      42,
      29,
      46,
      13,
      1,
      45,
      5,
      9,
      4,
      48,
      11,
      18,
      49,
      15,
      32,
      12,
      23,
      24,
      10,
      26,
      50,
      47,
      28,
      17,
      36,
      20,
      25,
      34,
      43,
      16,
      2,
      39
    ]
  ],
  "loss_predicts_minimas": true,
  "loss_ordering_violations": 2,
  "test_loss_ranks": [
    2,
    1,
    3
  ],
  "log_exp_r_n_ranks": [
    2,
    1,
    3
  ],
  "data_level_ranks": [
    2,
    3,
    1
  ],
  "accuracy_predicts_minimas": false,
  "accuracy_ordering_violations": 1,
  "log_exp_r_n_acc_ranks": [
    1,
    2,
    3
  ]
}