{
  "test_loss_values": [
    4.356682425689697,
    4.3786850440979,
    4.590903620147705
  ],
  "log_exp_r_n_values": [
    5046492.482525775,
    5806325.021751581,
    4424171.248898961
  ],
  "log_exp_r_n_acc_values": [
    -Infinity,
    -Infinity,
    -Infinity
  ],
  "model_data_levels": [
    19950,
    4950,
    49950
  ],
  "loss_landscape_data_param": 4950,
  "train_loss_values": [
    0.0001880138588603586,
    0.0003575674199964851,
    8.259141759481281e-05
  ],
  "num_params": 1707274,
  "dataset_type": "data",
  "top_r_vals": [
    [
      19.218645976813594,
      19.20292950814968,
      19.200949480601473,
      19.200244633838388,
      19.1949394513315,
      19.190728305785125,
      19.190631456611573,
      19.188579688934805,
      19.18822816230487,
      16.154432508680557,
      16.1517951871142,
      16.151124553915896,
      16.150909047067902,
      16.15047049816744,
      16.148405852141206,
      16.147977852527006,
      16.147349416473766,
      16.14732982494213,
      16.146769205729168,
      16.146562741126544,
      16.146407515914355,
      16.14625831886574,
      16.145929783950617,
      16.145730854552472,
      16.14546260127315,
      16.145441502700617,
      16.145427939332563,
      16.14533751687886,
      16.14514461564429,
      16.144998432677472,
      16.14487334828318,
      16.144585503472225,
      16.144490559895836,
      16.144422743055557,
      16.144079137731485,
      16.143910349151238,
      16.143907335069446,
      16.143856095679013,
      16.143758138020836,
      16.143669222608025,
      16.14356674382716,
      16.14352153260031,
      16.143422067901238,
      16.14335425106096,
      16.143318082079478,
      16.142903645833336,
      16.142876519097225,
      16.14282527970679,
      16.142772533275465,
      16.142772533275465
    ],
    [
      29.992188172563708,
      29.98215576396063,
      26.158712579551842,
      26.156037071312888,
      26.15509722580924,
      26.152946566358036,
      26.152026250111607,
      26.151406196194912,
      26.15073976029233,
      26.15046146837696,
      26.150378469033782,
      26.15021979381888,
      26.150075765546895,
      26.148623277041256,
      26.148213162639664,
      26.147898253367014,
      26.147722490052047,
      26.147424668879463,
      26.147212288207207,
      26.146758232976875,
      26.14628220733217,
      26.145793975901704,
      26.145264244799648,
      26.14506895222746,
      26.144990835198588,
      26.144978629412826,
      26.14485657155521,
      26.14448063335375,
      26.14301593906235,
      26.142718117889768,
      26.142320209273937,
      26.142139563644665,
      26.141473127742078,
      26.14146580427062,
      26.141365716827377,
      26.141055689869027,
      26.141031278297504,
      26.141028837140354,
      26.140726133653462,
      26.140452724052402,
      26.140416106695117,
      26.139940081050412,
      26.1396642302922,
      26.139398144162595,
      26.13932002713372,
      26.13922726316193,
      26.138985588603852,
      26.13893432430365,
      26.13880738413173,
      26.138763443302988
    ],
    [
      13.348036821418098,
      13.347858716585046,
      13.346281928342774,
      13.34543624175786,
      13.344916873118818,
      13.344437360106753,
      13.344015139558467,
      13.343579218638409,
      13.343340084876546,
      13.343094723672971,
      13.342973911303698,
      13.342870535771226,
      13.342632647497709,
      13.342074668720032,
      13.342072177743347,
      13.341875390585148,
      13.341615083521456,
      13.341134325021047,
      13.3409910938616,
      13.34092508297942,
      13.34092134651439,
      13.340674739822472,
      13.340093096766278,
      13.33969080403148,
      13.339320893993602,
      13.339281038366625,
      13.339274810924909,
      13.338988348606014,
      13.338605983684705,
      13.338273438297117,
      13.338262228902028,
      13.338257246948658,
      13.338199954484878,
      13.337918474119354,
      13.33782630798197,
      13.337482553199294,
      13.337480062222609,
      13.33743148817723,
      13.337273311157666,
      13.337260856274236,
      13.337259610785893,
      13.337105170231357,
      13.336973148466997,
      13.336946993211793,
      13.336934538328363,
      13.336747715076909,
      13.336387768945775,
      13.33634044038874,
      13.33634044038874,
      13.33621713704278
    ]
  ],
  "top_r_val_seeds": [
    [
      242,
      129,
      48,
      394,
      23,
      452,
      177,
      126,
      321,
      440,
      58,
      361,
      377,
      482,
      217,
      246,
      78,
      160,
      64,
      257,
      373,
      431,
      338,
      136,
      384,
      71,
      351,
      422,
      30,
      228,
      458,
      444,
      301,
      488,
      33,
      199,
      260,
      99,
      438,
      483,
      310,
      380,
      114,
      206,
      412,
      366,
      249,
      340,
      163,
      241
    ],
    [
      157,
      126,
      242,
      78,
      64,
      71,
      458,
      301,
      33,
      260,
      99,
      438,
      483,
      163,
      158,
      388,
      311,
      325,
      349,
      357,
      32,
      131,
      165,
      428,
      85,
      443,
      46,
      41,
      216,
      323,
      138,
      139,
      390,
      86,
      421,
      188,
      498,
      122,
      35,
      353,
      84,
      247,
      128,
      463,
      360,
      218,
      180,
      363,
      137,
      191
    ],
    [
      361,
      377,
      242,
      246,
      78,
      64,
      431,
      136,
      71,
      30,
      228,
      458,
      444,
      199,
      260,
      483,
      206,
      163,
      178,
      158,
      148,
      311,
      259,
      131,
      428,
      85,
      443,
      149,
      135,
      216,
      185,
      320,
      87,
      138,
      139,
      86,
      40,
      421,
      188,
      498,
      122,
      35,
      439,
      84,
      220,
      105,
      360,
      218,
      355,
      180
    ]
  ],
  "loss_predicts_minimas": true,
  "loss_ordering_violations": 1,
  "test_loss_ranks": [
    3,
    2,
    1
  ],
  "log_exp_r_n_ranks": [
    2,
    1,
    3
  ],
  "data_level_ranks": [
    2,
    3,
    1
  ],
  "accuracy_predicts_minimas": false,
  "accuracy_ordering_violations": 0,
  "log_exp_r_n_acc_ranks": [
    1,
    2,
    3
  ]
}