{
  "test_loss_values": [
    1.147705316543579,
    0.458934485912323
  ],
  "log_exp_r_n_values": [
    376301.1570382648,
    -Infinity
  ],
  "log_exp_r_n_acc_values": [
    -Infinity,
    -Infinity
  ],
  "model_data_levels": [
    19940,
    59940
  ],
  "loss_landscape_data_param": 19940,
  "train_loss_values": [
    0.00048451952170580626,
    0.07680252194404602
  ],
  "num_params": 235146,
  "dataset_type": "data",
  "top_r_vals": [
    [
      4.954586568115659,
      4.949776803506977,
      4.943814650808911,
      4.943315209983358,
      4.942861540854411,
      4.9375881432100375,
      4.021272517432851,
      4.018445732179752,
      4.018315591102789,
      4.0179319775794164,
      4.017817978031379,
      4.0177102837680785,
      4.016550111376549,
      4.0161324493156,
      4.0157127695635335,
      4.015548327737603,
      4.0154910757521955,
      4.015032555446152,
      4.015032051023373,
      4.0147500786899535,
      4.0147276318762914,
      4.0144234649406,
      4.014063559287836,
      4.0138511972979085,
      4.013561406411416,
      4.013416637073863,
      4.013185359229726,
      4.013093554283962,
      4.012855718943698,
      4.0121422129229085,
      4.011985841861441,
      4.01169529434078,
      4.011679152811855,
      4.011653679461519,
      4.01150285705062,
      4.011498569456999,
      4.011429715747676,
      4.011234756343621,
      4.011132862942278,
      4.011107894014721,
      4.011032230597882,
      4.010797674005682,
      4.010579006731017,
      4.010533860892304,
      4.010446091328771,
      4.010356556285512,
      4.010228432899664,
      4.01014116775891,
      4.010011278893337,
      4.0100100178363896
    ],
    [
      0.0,
      0.0,
      0.0,
      0.0,
      0.0,
      0.0,
      0.0,
      0.0,
      0.0,
      0.0,
      0.0,
      0.0,
      0.0,
      0.0,
      0.0,
      0.0,
      0.0,
      0.0,
      0.0,
      0.0,
      0.0,
      0.0,
      0.0,
      0.0,
      0.0,
      0.0,
      0.0,
      0.0,
      0.0,
      0.0,
      0.0,
      0.0,
      0.0,
      0.0,
      0.0,
      0.0,
      0.0,
      0.0,
      0.0,
      0.0,
      0.0,
      0.0,
      0.0,
      0.0,
      0.0,
      0.0,
      0.0,
      0.0,
      0.0,
      0.0
    ]
  ],
  "top_r_val_seeds": [
    [
      411,
      321,
      117,
      177,
      25,
      68,
      384,
      484,
      182,
      493,
      140,
      139,
      376,
      388,
      191,
      456,
      131,
      329,
      458,
      13,
      343,
      237,
      119,
      350,
      170,
      198,
      165,
      74,
      348,
      118,
      122,
      250,
      330,
      156,
      22,
      84,
      235,
      346,
      392,
      71,
      208,
      90,
      27,
      468,
      172,
      320,
      217,
      75,
      40,
      359
    ],
    [
      1,
      2,
      3,
      4,
      5,
      6,
      7,
      8,
      9,
      10,
      11,
      12,
      13,
      14,
      15,
      16,
      17,
      18,
      19,
      20,
      21,
      22,
      23,
      24,
      25,
      26,
      27,
      28,
      29,
      30,
      31,
      32,
      33,
      34,
      35,
      36,
      37,
      38,
      39,
      40,
      41,
      42,
      43,
      44,
      45,
      46,
      47,
      48,
      49,
      50
    ]
  ],
  "loss_predicts_minimas": true,
  "loss_ordering_violations": 1,
  "test_loss_ranks": [
    1,
    2
  ],
  "log_exp_r_n_ranks": [
    1,
    2
  ],
  "data_level_ranks": [
    2,
    1
  ],
  "accuracy_predicts_minimas": true,
  "accuracy_ordering_violations": 1,
  "log_exp_r_n_acc_ranks": [
    1,
    2
  ]
}