{
  "test_loss_values": [
    0.001100082988216297,
    0.0008193232731262944,
    0.0007971032353210907,
    0.0009760333127311974
  ],
  "log_exp_r_n_values": [
    59128.12563273197,
    59238.74135042824,
    59375.01690723102,
    59375.01690723102
  ],
  "log_exp_r_n_acc_values": [
    -Infinity,
    -Infinity,
    -Infinity,
    -Infinity
  ],
  "model_data_levels": [
    3575,
    4516,
    5457,
    6398
  ],
  "loss_landscape_data_param": 3575,
  "train_loss_values": [
    0.0006874605896882713,
    0.000642771425191313,
    0.00069712899858132,
    0.0009153363644145429
  ],
  "num_params": 73097,
  "dataset_type": "data",
  "top_r_vals": [
    [
      2.2456264022953256,
      2.2451010459710745,
      2.241289879664902,
      2.2410139604048296,
      2.240693651940212,
      2.240063880100723,
      2.2398936374128358,
      2.23988228790031,
      2.2398732082902892,
      2.23985404022469,
      2.239637642852531,
      2.2391145564307853,
      2.239010897549716,
      2.2388956369447315,
      2.238673438710615,
      2.23825779434078,
      2.2381750690050364,
      2.2371354536576704,
      2.237131418275439,
      2.2368330522017046,
      2.2365747877388946,
      2.2363535983503358,
      2.2360983604241995,
      2.235709450461648,
      2.234889259023115,
      2.2344592386040807,
      2.2344531855307337,
      2.2344393139043133,
      2.2343462479016014,
      2.234251164207774,
      2.234137416871126,
      2.2337656572830578,
      2.2337376618188274,
      2.2336519099464103,
      2.233414831240315,
      2.2333936454836003,
      2.23338431366219,
      2.233179265802557,
      2.233166907444473,
      2.233125796987991,
      2.233101332483213,
      2.233087713068182,
      2.2330733370189826,
      2.232709648195377,
      2.2322755923941116,
      2.232223132425103,
      2.232007743898502,
      2.23179285979468,
      2.231551745706353,
      2.2313734322540033
    ],
    [
      2.249027220670842,
      2.246509646581224,
      2.246503593507877,
      2.245886684449251,
      2.2456264022953256,
      2.2454775975755425,
      2.2451010459710745,
      2.244331801233213,
      2.244174925748967,
      2.2439570151084713,
      2.2434667161673554,
      2.2433123627970044,
      2.243307822991994,
      2.2430770495706356,
      2.2430591425619837,
      2.2427870064727533,
      2.2426752768272213,
      2.242602639947056,
      2.2425675825639204,
      2.2422919155152377,
      2.242219530846462,
      2.2418772799909608,
      2.241731249596462,
      2.241565798924974,
      2.241469958596978,
      2.2413557068375516,
      2.2410139604048296,
      2.240693651940212,
      2.2405206349270403,
      2.2404207592168133,
      2.240063880100723,
      2.2398956551039517,
      2.2398936374128358,
      2.23988228790031,
      2.2398732082902892,
      2.23985404022469,
      2.2397539123030734,
      2.2397501291322315,
      2.239637642852531,
      2.2394383958548554,
      2.239331962648502,
      2.2391856800426138,
      2.2391228794066373,
      2.2391145564307853,
      2.2390585655023245,
      2.239010897549716,
      2.238988955158833,
      2.2388956369447315,
      2.2388391415934916,
      2.238673438710615
    ],
    [
      2.2532240181915033,
      2.249027220670842,
      2.2469676624644888,
      2.246784304784349,
      2.246509646581224,
      2.246503593507877,
      2.2456264022953256,
      2.2454775975755425,
      2.2452077313888172,
      2.2451010459710745,
      2.2443494560304753,
      2.244331801233213,
      2.244292456256457,
      2.2442465537835745,
      2.244174925748967,
      2.2441370940405476,
      2.2440001432560694,
      2.2439570151084713,
      2.2434667161673554,
      2.2433123627970044,
      2.243307822991994,
      2.2430770495706356,
      2.2430591425619837,
      2.2427870064727533,
      2.242602639947056,
      2.2425877594750774,
      2.2425675825639204,
      2.2422919155152377,
      2.242219530846462,
      2.242206668065599,
      2.2418772799909608,
      2.241731249596462,
      2.241565798924974,
      2.241469958596978,
      2.2414492772630425,
      2.2414177508393593,
      2.2413557068375516,
      2.2413473838616995,
      2.241289879664902,
      2.241288366396565,
      2.2412548222817668,
      2.2410139604048296,
      2.2409125714262657,
      2.240827828399406,
      2.2407708286253873,
      2.2407350146080836,
      2.240693651940212,
      2.2406684308012657,
      2.240580913449122,
      2.2405206349270403
    ],
    [
      2.2532240181915033,
      2.249027220670842,
      2.2479757513881715,
      2.2469676624644888,
      2.246784304784349,
      2.2465489915579804,
      2.246509646581224,
      2.246503593507877,
      2.2464082576026603,
      2.246405987700155,
      2.246273576720687,
      2.245886684449251,
      2.2456264022953256,
      2.245563601659349,
      2.2454775975755425,
      2.2452077313888172,
      2.2451010459710745,
      2.244396619560305,
      2.244350969298812,
      2.2443494560304753,
      2.244331801233213,
      2.244292456256457,
      2.2442465537835745,
      2.2442003990993027,
      2.244174925748967,
      2.2441370940405476,
      2.2440001432560694,
      2.2439570151084713,
      2.2439088427330836,
      2.2436124943504647,
      2.24354439727531,
      2.2435343088197315,
      2.2434667161673554,
      2.2433123627970044,
      2.243307822991994,
      2.2431219431979597,
      2.2430770495706356,
      2.2430591425619837,
      2.2429943242348918,
      2.2428619132554237,
      2.2427870064727533,
      2.2426752768272213,
      2.242602639947056,
      2.242588011686467,
      2.2425877594750774,
      2.2425675825639204,
      2.242476282040935,
      2.2422919155152377,
      2.242219530846462,
      2.242206668065599
    ]
  ],