{
  "test_loss_values": [
    8.727330017089844,
    4.714388179779053,
    2.6051087379455566,
    5.270756387710572,
    4.068429231643677,
    1.9821720123291016
  ],
  "log_exp_r_n_values": [
    8057660.148140112,
    6614986.760260803,
    -Infinity,
    7265658.022631393,
    6231059.427564592,
    -Infinity
  ],
  "log_exp_r_n_acc_values": [
    -Infinity,
    -Infinity,
    -Infinity,
    -Infinity,
    -Infinity,
    -Infinity
  ],
  "model_data_levels": [
    0,
    1950,
    19950,
    450,
    4950,
    49950
  ],
  "loss_landscape_data_param": 0,
  "train_loss_values": [
    9.202950650433195e-07,
    0.00023448628780897707,
    0.15565679967403412,
    5.541688369703479e-05,
    0.0009595465380698442,
    0.17827683687210083
  ],
  "num_params": 1707274,
  "dataset_type": "data",
  "top_r_vals": [
    [
      112.12444462429296,
      112.1073291982124,
      112.08492412086457,
      112.04902781414603,
      104.60562478477965,
      104.59165160123972,
      104.58606623367518,
      104.56010208620297,
      104.55542482909911,
      104.54819900392822,
      104.54542584940316,
      104.52448072103616,
      104.49047051958988,
      104.48810747946642,
      104.48245375950162,
      104.46249485862417,
      97.30589004390498,
      97.27970444860539,
      97.25241114088328,
      97.24993240734764,
      97.24809832612347,
      97.24803476885333,
      97.244375686015,
      97.23593164869578,
      97.23407032864155,
      97.23342567633009,
      97.23098326123453,
      97.22862256262916,
      97.22634358051397,
      97.22045091361056,
      97.21750004035384,
      97.21696434336262,
      97.21565687951964,
      97.21239729952224,
      97.2104542629778,
      97.20520624838586,
      97.20437092426397,
      97.20082079674589,
      97.20020338326448,
      97.19957689017306,
      97.1924766351369,
      97.19205897307594,
      97.1904518821023,
      97.19030660834196,
      97.18981630940085,
      97.1792930413869,
      97.17744080094269,
      97.1556951349432,
      97.15343431204806,
      97.15306204803721
    ],
    [
      48.16312254240241,
      48.15530812435036,
      48.14536699758795,
      48.109410782880104,
      48.10812036977254,
      43.23921342329545,
      43.23247837035124,
      43.23238555655992,
      43.22877388946281,
      43.227676265495866,
      43.22459726885331,
      43.219399696539256,
      43.21842716942149,
      43.21722866089876,
      43.21595348011364,
      43.21551362345041,
      43.212765528150825,
      43.209743026859506,
      43.20950897469008,
      43.208984375,
      43.207943246384296,
      43.205380778667354,
      43.20499741735537,
      43.20421051782025,
      43.202572152634296,
      43.20256408186984,
      43.20248740960744,
      43.202309852789256,
      43.20055042613637,
      43.20009039256198,
      43.197011395919425,
      43.19657557463843,
      43.19634152246901,
      43.19377501936984,
      43.19079690728306,
      43.187625096849175,
      43.187282089359506,
      43.18637009297521,
      43.186051297778924,
      43.18381569602273,
      43.18228628615702,
      43.18064388558884,
      43.17913868801653,
      43.17847284994835,
      43.17820247933884,
      43.176204965134296,
      43.17599512525827,
      43.173513365185954,
      43.17145532024794,
      43.1668509491219
    ],
    [
      0.0,
      0.0,
      0.0,
      0.0,
      0.0,
      0.0,
      0.0,
      0.0,
      0.0,
      0.0,
      0.0,
      0.0,
      0.0,
      0.0,
      0.0,
      0.0,
      0.0,
      0.0,
      0.0,
      0.0,
      0.0,
      0.0,
      0.0,
      0.0,
      0.0,
      0.0,
      0.0,
      0.0,
      0.0,
      0.0,
      0.0,
      0.0,
      0.0,
      0.0,
      0.0,
      0.0,
      0.0,
      0.0,
      0.0,
      0.0,
      0.0,
      0.0,
      0.0,
      0.0,
      0.0,
      0.0,
      0.0,
      0.0,
      0.0,
      0.0
    ],
    [
      70.50690896048157,
      70.50441186844775,
      64.61773003472223,
      64.5783420138889,
      64.57327232831791,
      64.57109013310186,
      64.55906997492285,
      64.55595341435186,
      64.55552541473766,
      64.55316840277779,
      64.5494671103395,
      64.54348114390433,
      64.54084683641976,
      64.53786892361111,
      64.5371756847994,
      64.53516830632717,
      64.53287760416667,
      64.52999011381173,
      64.52886887538581,
      64.5242934992284,
      64.52385344328704,
      64.51650511188272,
      64.51484736689815,
      64.49920428240742,
      64.49426721643519,
      64.46952160493828,
      64.46733940972223,
      64.46674864969137,
      58.864056940140046,
      58.854933725572494,
      58.85337382615215,
      58.83916446065772,
      58.83835155532599,
      58.83652251832961,
      58.83347961593923,
      58.831227648466204,
      58.831189200241056,
      58.82913496649737,
      58.829096518272216,
      58.82905807004707,
      58.82900314401114,
      58.826405142511774,
      58.81731488356578,
      58.81601862911789,
      58.81347006105086,
      58.81294277110595,
      58.81232759950357,
      58.81026238055269,
      58.80947144563534,
      58.80920230805929
    ],
    [
      38.46374998704693,
      34.15212733394552,
      34.150169625548415,
      34.13947875216815,
      34.13929063360882,
      34.13700451484543,
      34.136861034588314,
      34.13376823793491,
      34.12855193347618,
      34.121699954086324,
      34.12133328231813,
      34.1202237016631,
      34.119337312519136,
      34.1177781603918,
      34.111818947046224,
      34.11055950923375,
      34.107670773390474,
      34.10201765126008,
      34.10139590347924,
      30.032682112316348,
      30.03186662882375,
      30.02723154395518,
      30.02460013845845,
      30.022489969833277,
      30.019384967394114,
      30.019029069100092,
      30.01755223129735,
      30.016162266306534,
      30.01520946772412,
      30.014864778825185,
      30.014845162383782,
      30.01369619938734,
      30.013472011485597,
      30.011964347846362,
      30.01106199154184,
      30.010910664708163,
      30.01031656676854,
      30.009910226196627,
      30.009425419859106,
      30.009335744698408,
      30.008864950104744,
      30.008772472595272,
      30.00848663302055,
      30.008172769958104,
      30.00676599087466,
      30.00676599087466,
      30.006312010373623,
      30.00628959158345,
      30.00551614332243,
      30.005081779262802
    ],
    [
      0.0,
      0.0,
      0.0,
      0.0,
      0.0,
      0.0,
      0.0,
      0.0,
      0.0,
      0.0,
      0.0,
      0.0,
      0.0,
      0.0,
      0.0,
      0.0,
      0.0,
      0.0,
      0.0,
      0.0,
      0.0,
      0.0,
      0.0,
      0.0,
      0.0,
      0.0,
      0.0,
      0.0,
      0.0,
      0.0,
      0.0,
      0.0,
      0.0,
      0.0,
      0.0,
      0.0,
      0.0,
      0.0,
      0.0,
      0.0,
      0.0,
      0.0,
      0.0,
      0.0,
      0.0,
      0.0,
      0.0,
      0.0,
      0.0,
      0.0
    ]
  ],