{
  "test_loss_values": [
    0.0006126223975044816
  ],
  "log_exp_r_n_values": [
    153.0472070465246
  ],
  "log_exp_r_n_acc_values": [
    -Infinity
  ],
  "model_data_levels": [
    5551
  ],
  "loss_landscape_data_param": 5551,
  "train_loss_values": [
    0.0005286061204969883
  ],
  "num_params": 73097,
  "dataset_type": "data",
  "top_r_vals": [
    [
      1.0021906520818986,
      1.0020258739741164,
      1.0014300946252297,
      1.0002138752582646,
      0.9996386091023877,
      0.9995676536314854,
      0.9992583864210286,
      0.9986150792369721,
      0.9985708021263775,
      0.9985109439566117,
      0.9984460415590566,
      0.9984026612000689,
      0.9981718597552228,
      0.9979900433669078,
      0.9978935304752067,
      0.9978446575126264,
      0.9978226870982554,
      0.9977279677097682,
      0.997652640574782,
      0.9975573607165406,
      0.9975096086934688,
      0.9974543463756889,
      0.9974223995996901,
      0.9974192609690657,
      0.9974110781106521,
      0.9973942640180212,
      0.9973333970026975,
      0.9973206182922981,
      0.9973142289370983,
      0.9972568368342517,
      0.9972348664198807,
      0.9969151744719927,
      0.9969119237474174,
      0.9968275170024106,
      0.9967942250990015,
      0.9967122844209138,
      0.9966967033617425,
      0.9966427861713729,
      0.9965973881212696,
      0.9965741846734391,
      0.9964655656350437,
      0.9963899022182049,
      0.9963384510947545,
      0.9963249998206498,
      0.9962775840794308,
      0.9962514661888775,
      0.9962197436007807,
      0.996208870487546,
      0.9961873484489785,
      0.9961723278595617
    ]
  ],
  "top_r_val_seeds": [
    [
      553,
      569,
      530,
      706,
      711,
      94,
      903,
      708,
      131,
      915,
      383,
      29,
      333,
      375,
      534,
      789,
      342,
      525,
      517,
      863,
      202,
      633,
      205,
      551,
      493,
      155,
      343,
      852,
      395,
      780,
      996,
      300,
      682,
      400,
      412,
      223,
      169,
      796,
      718,
      140,
      837,
      19,
      644,
      371,
      759,
      31,
      871,
      426,
      584,
      945
    ]
  ],
  "loss_predicts_minimas": true,
  "loss_ordering_violations": 0,
  "test_loss_ranks": [
    1
  ],
  "log_exp_r_n_ranks": [
    1
  ],
  "data_level_ranks": [
    1
  ],
  "accuracy_predicts_minimas": true,
  "accuracy_ordering_violations": 0,
  "log_exp_r_n_acc_ranks": [
    1
  ]
}