{
  "test_loss_values": [
    3.491195271164179
  ],
  "log_exp_r_n_values": [
    10646.028462836648
  ],
  "log_exp_r_n_acc_values": [
    -Infinity
  ],
  "model_data_levels": [
    0
  ],
  "loss_landscape_data_param": 10,
  "train_loss_values": [
    1.1671587228775024
  ],
  "num_params": 4353,
  "dataset_type": "data",
  "top_r_vals": [
    [
      11.54872322569294,
      8.954087198084546,
      8.496687948124624,
      7.0500604637885615,
      6.027879424672618,
      5.703993590644669,
      5.5746215399488355,
      5.38022444217217,
      5.3532732338438676,
      5.311662555784524,
      5.258158441521843,
      5.058484963566192,
      4.758443337796464,
      4.693952809322085,
      4.4357206096246165,
      4.045267667313053,
      3.8776056034682767,
      3.5742056833524276,
      3.537927034564029,
      3.4553033946576126,
      3.4532287657926877,
      3.4241362552422103,
      3.4220014026346157,
      3.2633321353134916,
      3.257918615689717,
      3.249446672340391,
      3.203527163177121,
      3.0822502453889706,
      2.965404451041577,
      2.83804043599256,
      2.818700046052704,
      2.774003784858351,
      2.70413824625869,
      2.6349792375583787,
      2.602742458529581,
      2.5597357758295547,
      2.4604677876074272,
      2.40994329740652,
      2.299471065358626,
      2.116984914390191,
      2.0562856399943485,
      1.9738082499762486,
      1.8961748245145484,
      1.8901463499412277,
      1.8693464103884287,
      1.7716438689994032,
      1.6942109464319175,
      1.687771206746473,
      1.557924132389291,
      1.5335231868006094
    ]
  ],
  "top_r_val_seeds": [
    [
      11,
      47,
      37,
      10,
      2,
      18,
      38,
      4,
      20,
      50,
      41,
      32,
      40,
      9,
      39,
      17,
      28,
      31,
      43,
      8,
      25,
      36,
      30,
      22,
      45,
      13,
      33,
      44,
      34,
      12,
      5,
      16,
      24,
      49,
      1,
      7,
      3,
      42,
      27,
      48,
      15,
      21,
      46,
      35,
      6,
      19,
      29,
      14,
      26,
      23
    ]
  ],
  "test_acc_values": [
    0.77
  ],
  "loss_predicts_minimas": true,
  "loss_ordering_violations": 0,
  "test_loss_ranks": [
    1
  ],
  "log_exp_r_n_ranks": [
    1
  ],
  "data_level_ranks": [
    1
  ],
  "accuracy_predicts_minimas": true,
  "accuracy_ordering_violations": 0,
  "log_exp_r_n_acc_ranks": [
    1
  ]
}